uf;grafia_original;chave_normalizada;cidade_canonica;linhas;regra_aplicada;mudanca
AC;acrelandia;acrelandia;Acrelândia;6;nenhuma;formatacao
AC;acrelândia;acrelandia;Acrelândia;2;acento;formatacao
AC;assis brasil;assis brasil;Assis Brasil;13;nenhuma;formatacao
AC;brasileia;brasileia;Brasiléia;9;nenhuma;formatacao
AC;brasiléia;brasileia;Brasiléia;5;acento;formatacao
AC;bujari;bujari;Bujari;8;nenhuma;formatacao
AC;campinas;campinas;Campinas;1;nenhuma;formatacao
AC;capixaba;capixaba;Capixaba;1;nenhuma;formatacao
AC;cruzeiro do sul;cruzeiro do sul;Cruzeiro do Sul;110;nenhuma;formatacao
AC;epitaciolandia;epitaciolandia;Epitaciolândia;7;nenhuma;formatacao
AC;epitaciolândia;epitaciolandia;Epitaciolândia;6;acento;formatacao
AC;feijo;feijo;Feijó;28;nenhuma;formatacao
AC;feijó;feijo;Feijó;8;acento;formatacao
AC;jordão;jordao;Jordão;2;acento;formatacao
AC;jordao;jordao;Jordão;2;nenhuma;formatacao
AC;manoel urbano;manoel urbano;Manoel Urbano;8;nenhuma;formatacao
AC;marechal thaumaturgo;marechal thaumaturgo;Marechal Thaumaturgo;3;nenhuma;formatacao
AC;mancio lima;mancio lima;Mâncio Lima;5;nenhuma;formatacao
AC;mâncio lima;mancio lima;Mâncio Lima;2;acento;formatacao
AC;placido de castro;placido de castro;Plácido de Castro;11;nenhuma;formatacao
AC;plácido de castro;placido de castro;Plácido de Castro;5;acento;formatacao
AC;porto acre;porto acre;Porto Acre;5;nenhuma;formatacao
AC;porto walter;porto walter;Porto Walter;4;nenhuma;formatacao
AC;rio bracnco;rio bracnco;Rio Bracnco;1;nenhuma;formatacao
AC;rio branco;rio branco;Rio Branco;1021;nenhuma;formatacao
AC;rio de janeiro;rio de janeiro;Rio de Janeiro;2;nenhuma;formatacao
AC;rodrigues alves;rodrigues alves;Rodrigues Alves;4;nenhuma;formatacao
AC;santa rosa do purus;santa rosa do purus;Santa Rosa do Purus;7;nenhuma;formatacao
AC;sao paulo;sao paulo;Sao Paulo;1;nenhuma;formatacao
AC;sena madureira;sena madureira;Sena Madureira;26;nenhuma;formatacao
AC;senador guiomard;senador guiomard;Senador Guiomard;17;nenhuma;formatacao
AC;tarauaca;tarauaca;Tarauacá;20;nenhuma;formatacao
AC;tarauacá;tarauaca;Tarauacá;16;acento;formatacao
AC;xapuri;xapuri;Xapuri;17;nenhuma;formatacao
AL;agua branca;agua branca;Agua Branca;10;nenhuma;formatacao
AL;anadia;anadia;Anadia;6;nenhuma;formatacao
AL;arapiraca;arapiraca;Arapiraca;315;nenhuma;formatacao
AL;atalaia;atalaia;Atalaia;7;nenhuma;formatacao
AL;barra de santo antonio;barra de santo antonio;Barra de Santo Antônio;12;nenhuma;formatacao
AL;barra de santo antônio;barra de santo antonio;Barra de Santo Antônio;1;acento;formatacao
AL;barra de  santo antônio;barra de santo antonio;Barra de Santo Antônio;1;espacos|acento;formatacao
AL;barra de sao miguel;barra de sao miguel;Barra de São Miguel;13;nenhuma;formatacao
AL;barra de são miguel;barra de sao miguel;Barra de São Miguel;2;acento;formatacao
AL;batalha;batalha;Batalha;18;nenhuma;formatacao
AL;belem;belem;Belem;6;nenhuma;formatacao
AL;boca da mata;boca da mata;Boca da Mata;21;nenhuma;formatacao
AL;branquinha;branquinha;Branquinha;6;nenhuma;formatacao
AL;cacimbinhas;cacimbinhas;Cacimbinhas;11;nenhuma;formatacao
AL;cajueiro;cajueiro;Cajueiro;17;nenhuma;formatacao
AL;campestre;campestre;Campestre;12;nenhuma;formatacao
AL;campo alegre;campo alegre;Campo Alegre;26;nenhuma;formatacao
AL;campo grande;campo grande;Campo Grande;3;nenhuma;formatacao
AL;canapi;canapi;Canapi;5;nenhuma;formatacao
AL;capela;capela;Capela;14;nenhuma;formatacao
AL;carneiros;carneiros;Carneiros;4;nenhuma;formatacao
AL;cha preta;cha preta;Chã Preta;10;nenhuma;formatacao
AL;chã preta;cha preta;Chã Preta;3;acento;formatacao
AL;coite do noia;coite do noia;Coite do Noia;6;nenhuma;formatacao
AL;colonia leopoldina;colonia leopoldina;Colônia Leopoldina;12;nenhuma;formatacao
AL;colônia leopoldina;colonia leopoldina;Colônia Leopoldina;4;acento;formatacao
AL;coqueiro seco;coqueiro seco;Coqueiro Seco;1;nenhuma;formatacao
AL;coruripe;coruripe;Coruripe;49;nenhuma;formatacao
AL;craibas;craibas;Craibas;9;nenhuma;formatacao
AL;delmiro gouveia;delmiro gouveia;Delmiro Gouveia;62;nenhuma;formatacao
AL;dois riachos;dois riachos;Dois Riachos;7;nenhuma;formatacao
AL;estrela de alagoas;estrela de alagoas;Estrela de Alagoas;3;nenhuma;formatacao
AL;feira grande;feira grande;Feira Grande;7;nenhuma;formatacao
AL;feliz deserto;feliz deserto;Feliz Deserto;9;nenhuma;formatacao
AL;flexeiras;flexeiras;Flexeiras;3;nenhuma;formatacao
AL;girau do ponciano;girau do ponciano;Girau do Ponciano;10;nenhuma;formatacao
AL;ibateguara;ibateguara;Ibateguara;12;nenhuma;formatacao
AL;igaci;igaci;Igaci;11;nenhuma;formatacao
AL;igreja nova;igreja nova;Igreja Nova;17;nenhuma;formatacao
AL;inhapi;inhapi;Inhapi;14;nenhuma;formatacao
AL;jacare dos homens;jacare dos homens;Jacare dos Homens;3;nenhuma;formatacao
AL;jacuipe;jacuipe;Jacuípe;4;nenhuma;formatacao
AL;jacuípe;jacuipe;Jacuípe;1;acento;formatacao
AL;japaratinga;japaratinga;Japaratinga;9;nenhuma;formatacao
AL;jaramataia;jaramataia;Jaramataia;3;nenhuma;formatacao
AL;jequia da praia;jequia da praia;Jequia da Praia;7;nenhuma;formatacao
AL;joaquim gomes;joaquim gomes;Joaquim Gomes;11;nenhuma;formatacao
AL;jundia;jundia;Jundia;2;nenhuma;formatacao
AL;junqueiro;junqueiro;Junqueiro;4;nenhuma;formatacao
AL;lagoa da canoa;lagoa da canoa;Lagoa da Canoa;6;nenhuma;formatacao
AL;limoeiro de anadia;limoeiro de anadia;Limoeiro de Anadia;3;nenhuma;formatacao
AL;luziapolis;luziapolis;Luziapolis;2;nenhuma;formatacao
AL;maceia³;maceia3;Maceia³;1;acento;formatacao
AL;maceio;maceio;Maceió;2300;nenhuma;formatacao
AL;maceió;maceio;Maceió;315;acento;formatacao
AL;major isidoro;major isidoro;Major Isidoro;5;nenhuma;formatacao
AL;mar vermelho;mar vermelho;Mar Vermelho;3;nenhuma;formatacao
AL;maragogi;maragogi;Maragogi;42;nenhuma;formatacao
AL;maravilha;maravilha;Maravilha;11;nenhuma;formatacao
AL;marechal deodoro;marechal deodoro;Marechal Deodoro;36;nenhuma;formatacao
AL;maribondo;maribondo;Maribondo;13;nenhuma;formatacao
AL;mata grande;mata grande;Mata Grande;30;nenhuma;formatacao
AL;matriz de camaragibe;matriz de camaragibe;Matriz de Camaragibe;23;nenhuma;formatacao
AL;messias;messias;Messias;4;nenhuma;formatacao
AL;monteiropolis;monteiropolis;Monteiropolis;4;nenhuma;formatacao
AL;murici;murici;Murici;15;nenhuma;formatacao
AL;novo lino;novo lino;Novo Lino;15;nenhuma;formatacao
AL;olho d'agua grande;olho d agua grande;Olho D'agua Grande;2;nenhuma;formatacao
AL;olho d'agua das flores;olho d agua das flores;Olho D'água das Flores;18;nenhuma;formatacao
AL;olho d'água das flores;olho d agua das flores;Olho D'água das Flores;7;acento;formatacao
AL;olho d agua das flores;olho d agua das flores;Olho D'água das Flores;4;nenhuma;formatacao
AL;olho d'água do casado;olho d agua do casado;Olho D'água do Casado;2;acento;formatacao
AL;olho dágua grande;olho dagua grande;Olho Dágua Grande;1;acento;formatacao
AL;olivenca;olivenca;Olivenca;5;nenhuma;formatacao
AL;ouro branco;ouro branco;Ouro Branco;12;nenhuma;formatacao
AL;palestina;palestina;Palestina;4;nenhuma;formatacao
AL;palmeira dos indios;palmeira dos indios;Palmeira dos Índios;88;nenhuma;formatacao
AL;palmeira dos índios;palmeira dos indios;Palmeira dos Índios;21;acento;formatacao
AL;pariconha;pariconha;Pariconha;8;nenhuma;formatacao
AL;paripueira;paripueira;Paripueira;10;nenhuma;formatacao
AL;passo de camaragibe;passo de camaragibe;Passo de Camaragibe;13;nenhuma;formatacao
AL;pau d'arco;pau d arco;Pau D'arco;2;nenhuma;formatacao
AL;paulo jacinto;paulo jacinto;Paulo Jacinto;9;nenhuma;formatacao
AL;penedo;penedo;Penedo;100;nenhuma;formatacao
AL;piacabucu;piacabucu;Piaçabuçu;15;nenhuma;formatacao
AL;piaçabuçu;piacabucu;Piaçabuçu;3;acento;formatacao
AL;pilar;pilar;Pilar;37;nenhuma;formatacao
AL;pindoba;pindoba;Pindoba;6;nenhuma;formatacao
AL;piranhas;piranhas;Piranhas;35;nenhuma;formatacao
AL;porto calvo;porto calvo;Porto Calvo;32;nenhuma;formatacao
AL;porto real do colegio;porto real do colegio;Porto Real do Colegio;8;nenhuma;formatacao
AL;porto de pedras;porto de pedras;Porto de Pedras;10;nenhuma;formatacao
AL;poxim;poxim;Poxim;1;nenhuma;formatacao
AL;poco das trincheiras;poco das trincheiras;Poço das Trincheiras;4;nenhuma;formatacao
AL;poço das trincheiras;poco das trincheiras;Poço das Trincheiras;1;acento;formatacao
AL;pao de acucar;pao de acucar;Pão de Açúcar;18;nenhuma;formatacao
AL;pão de açúcar;pao de acucar;Pão de Açúcar;4;acento;formatacao
AL;quebrangulo;quebrangulo;Quebrangulo;1;nenhuma;formatacao
AL;rio largo;rio largo;Rio Largo;70;nenhuma;formatacao
AL;roteiro;roteiro;Roteiro;4;nenhuma;formatacao
AL;santa luzia do norte;santa luzia do norte;Santa Luzia do Norte;8;nenhuma;formatacao
AL;santana do ipanema;santana do ipanema;Santana do Ipanema;42;nenhuma;formatacao
AL;santana do mundau;santana do mundau;Santana do Mundaú;12;nenhuma;formatacao
AL;santana do mundaú;santana do mundau;Santana do Mundaú;2;acento;formatacao
AL;satuba;satuba;Satuba;11;nenhuma;formatacao
AL;senador rui palmeira;senador rui palmeira;Senador Rui Palmeira;6;nenhuma;formatacao
AL;sao bras;sao bras;São Brás;2;nenhuma;formatacao
AL;são brás;sao bras;São Brás;1;acento;formatacao
AL;sao jose da laje;sao jose da laje;São José da Laje;22;nenhuma;formatacao
AL;são josé da laje;sao jose da laje;São José da Laje;8;acento;formatacao
AL;sao jose da tapera;sao jose da tapera;São José da Tapera;20;nenhuma;formatacao
AL;são josé da tapera;sao jose da tapera;São José da Tapera;1;acento;formatacao
AL;sao luis do quitunde;sao luis do quitunde;São Luís do Quitunde;18;nenhuma;formatacao
AL;são luís do quitunde;sao luis do quitunde;São Luís do Quitunde;8;acento;formatacao
AL;sao miguel dos campos;sao miguel dos campos;São Miguel dos Campos;52;nenhuma;formatacao
AL;são miguel dos campos;sao miguel dos campos;São Miguel dos Campos;10;acento;formatacao
AL;sao miguel dos milagres;sao miguel dos milagres;São Miguel dos Milagres;4;nenhuma;formatacao
AL;são miguel dos milagres;sao miguel dos milagres;São Miguel dos Milagres;1;acento;formatacao
AL;sao sebastiao;sao sebastiao;São Sebastião;11;nenhuma;formatacao
AL;são sebastião;sao sebastiao;São Sebastião;1;acento;formatacao
AL;tanque d'arca;tanque d arca;Tanque D'arca;7;nenhuma;formatacao
AL;taquarana;taquarana;Taquarana;6;nenhuma;formatacao
AL;teotonio vilela;teotonio vilela;Teotônio Vilela;41;nenhuma;formatacao
AL;teotônio vilela;teotonio vilela;Teotônio Vilela;12;acento;formatacao
AL;traipu;traipu;Traipu;7;nenhuma;formatacao
AL;uniao dos palmares;uniao dos palmares;União dos Palmares;47;nenhuma;formatacao
AL;união dos palmares;uniao dos palmares;União dos Palmares;15;acento;formatacao
AL;vila sao francisco;vila sao francisco;Vila Sao Francisco;2;nenhuma;formatacao
AL;vicosa;vicosa;Viçosa;30;nenhuma;formatacao
AL;viçosa;vicosa;Viçosa;3;acento;formatacao
AM;alvaraes;alvaraes;Alvaraes;1;nenhuma;formatacao
AM;amatura;amatura;Amaturá;2;nenhuma;formatacao
AM;amaturá;amatura;Amaturá;1;acento;formatacao
AM;anama;anama;Anama;1;nenhuma;formatacao
AM;anori;anori;Anori;4;nenhuma;formatacao
AM;apui;apui;Apuí;7;nenhuma;formatacao
AM;apuí;apui;Apuí;6;acento;formatacao
AM;atalaia do norte;atalaia do norte;Atalaia do Norte;4;nenhuma;formatacao
AM;autazes;autazes;Autazes;7;nenhuma;formatacao
AM;barcelos;barcelos;Barcelos;4;nenhuma;formatacao
AM;benjamin constant;benjamin constant;Benjamin Constant;9;nenhuma;formatacao
AM;boa vista do ramos;boa vista do ramos;Boa Vista do Ramos;3;nenhuma;formatacao
AM;boca do acre;boca do acre;Boca do Acre;19;nenhuma;formatacao
AM;borba;borba;Borba;3;nenhuma;formatacao
AM;caapiranga;caapiranga;Caapiranga;2;nenhuma;formatacao
AM;canutama;canutama;Canutama;1;nenhuma;formatacao
AM;carauari;carauari;Carauari;20;nenhuma;formatacao
AM;careiro;careiro;Careiro;8;nenhuma;formatacao
AM;careiro da varzea;careiro da varzea;Careiro da Varzea;1;nenhuma;formatacao
AM;coari;coari;Coari;22;nenhuma;formatacao
AM;codajas;codajas;Codajás;3;nenhuma;formatacao
AM;codajás;codajas;Codajás;2;acento;formatacao
AM;eirunepé;eirunepe;Eirunepé;3;acento;formatacao
AM;eirunepe;eirunepe;Eirunepé;1;nenhuma;formatacao
AM;envira;envira;Envira;2;nenhuma;formatacao
AM;fonte boa;fonte boa;Fonte Boa;4;nenhuma;formatacao
AM;freguesia do andira;freguesia do andira;Freguesia do Andira;1;nenhuma;formatacao
AM;guajara;guajara;Guajará;3;nenhuma;formatacao
AM;guajará;guajara;Guajará;2;acento;formatacao
AM;humaita;humaita;Humaitá;50;nenhuma;formatacao
AM;humaitá;humaita;Humaitá;10;acento;formatacao
AM;iauarete;iauarete;Iauarete;1;nenhuma;formatacao
AM;ipixuna;ipixuna;Ipixuna;6;nenhuma;formatacao
AM;iranduba;iranduba;Iranduba;6;nenhuma;formatacao
AM;itacoatiara;itacoatiara;Itacoatiara;25;nenhuma;formatacao
AM;itamarati;itamarati;Itamarati;2;nenhuma;formatacao
AM;itapiranga;itapiranga;Itapiranga;1;nenhuma;formatacao
AM;japura;japura;Japura;1;nenhuma;formatacao
AM;jurua;jurua;Jurua;2;nenhuma;formatacao
AM;jutai;jutai;Jutai;2;nenhuma;formatacao
AM;labrea;labrea;Lábrea;7;nenhuma;formatacao
AM;lábrea;labrea;Lábrea;5;acento;formatacao
AM;manacapuru;manacapuru;Manacapuru;20;nenhuma;formatacao
AM;manaquiri;manaquiri;Manaquiri;2;nenhuma;formatacao
AM;manaus;manaus;Manaus;2114;nenhuma;formatacao
AM;manicore;manicore;Manicoré;2;nenhuma;formatacao
AM;manicoré;manicore;Manicoré;1;acento;formatacao
AM;maraã;maraa;Maraã;1;acento;formatacao
AM;maraa;maraa;Maraã;1;nenhuma;formatacao
AM;maues;maues;Maués;11;nenhuma;formatacao
AM;maués;maues;Maués;3;acento;formatacao
AM;nhamunda;nhamunda;Nhamunda;1;nenhuma;formatacao
AM;nova olinda do norte;nova olinda do norte;Nova Olinda do Norte;7;nenhuma;formatacao
AM;novo airão;novo airao;Novo Airão;1;acento;formatacao
AM;novo airao;novo airao;Novo Airão;1;nenhuma;formatacao
AM;novo aripuanã;novo aripuana;Novo Aripuanã;2;acento;formatacao
AM;novo aripuana;novo aripuana;Novo Aripuanã;1;nenhuma;formatacao
AM;parintins;parintins;Parintins;42;nenhuma;formatacao
AM;pauini;pauini;Pauini;10;nenhuma;formatacao
AM;presidente figueiredo;presidente figueiredo;Presidente Figueiredo;16;nenhuma;formatacao
AM;rio preto da eva;rio preto da eva;Rio Preto da Eva;5;nenhuma;formatacao
AM;sao gabriel da cachoeira;sao gabriel da cachoeira;Sao Gabriel da Cachoeira;11;nenhuma;formatacao
AM;sao sebastiao do uatuma;sao sebastiao do uatuma;Sao Sebastiao do Uatuma;1;nenhuma;formatacao
AM;silves;silves;Silves;1;nenhuma;formatacao
AM;são paulo de olivença;sao paulo de olivenca;São Paulo de Olivença;1;acento;formatacao
AM;sao paulo de olivenca;sao paulo de olivenca;São Paulo de Olivença;1;nenhuma;formatacao
AM;tabatinga;tabatinga;Tabatinga;14;nenhuma;formatacao
AM;tapauá;tapaua;Tapauá;3;acento;formatacao
AM;tapaua;tapaua;Tapauá;1;nenhuma;formatacao
AM;tefe;tefe;Tefé;29;nenhuma;formatacao
AM;tefé;tefe;Tefé;3;acento;formatacao
AM;tonantins;tonantins;Tonantins;2;nenhuma;formatacao
AM;urucará;urucara;Urucará;2;acento;formatacao
AM;urucurituba;urucurituba;Urucurituba;7;nenhuma;formatacao
AP;amapa;amapa;Amapa;2;nenhuma;formatacao
AP;amapari;amapari;Amapari;1;nenhuma;formatacao
AP;calcoene;calcoene;Calcoene;2;nenhuma;formatacao
AP;clevelandia do norte;clevelandia do norte;Clevelândia do Norte;2;nenhuma;formatacao
AP;clevelândia do norte;clevelandia do norte;Clevelândia do Norte;1;acento;formatacao
AP;ferreira gomes;ferreira gomes;Ferreira Gomes;6;nenhuma;formatacao
AP;laranjal do jari;laranjal do jari;Laranjal do Jari;57;nenhuma;formatacao
AP;macapa;macapa;Macapá;579;nenhuma;formatacao
AP;macapá;macapa;Macapá;117;acento;formatacao
AP;mazagao;mazagao;Mazagao;2;nenhuma;formatacao
AP;oiapoque;oiapoque;Oiapoque;28;nenhuma;formatacao
AP;pedra branca do amapari;pedra branca do amapari;Pedra Branca do Amapari;4;nenhuma;formatacao
AP;porto grande;porto grande;Porto Grande;9;nenhuma;formatacao
AP;santana;santana;Santana;96;nenhuma;formatacao
AP;serra do navio;serra do navio;Serra do Navio;8;nenhuma;formatacao
AP;vitoria do jari;vitoria do jari;Vitória do Jari;6;nenhuma;formatacao
AP;vitória do jari;vitoria do jari;Vitória do Jari;1;acento;formatacao
BA;abare;abare;Abaré;21;nenhuma;formatacao
BA;abaré;abare;Abaré;4;acento;formatacao
BA;abaira;abaira;Abaíra;11;nenhuma;formatacao
BA;abaíra;abaira;Abaíra;4;acento;formatacao
BA;abrantes;abrantes;Abrantes;47;nenhuma;formatacao
BA;acajutiba;acajutiba;Acajutiba;30;nenhuma;formatacao
BA;acupe;acupe;Acupe;1;nenhuma;formatacao
BA;adustina;adustina;Adustina;26;nenhuma;formatacao
BA;aiquara;aiquara;Aiquara;9;nenhuma;formatacao
BA;alagoinhas;alagoinhas;Alagoinhas;459;nenhuma;formatacao
BA;alcobaca;alcobaca;Alcobaça;34;nenhuma;formatacao
BA;alcobaça;alcobaca;Alcobaça;4;acento;formatacao
BA;algodões;algodoes;Algodões;1;acento;formatacao
BA;almadina;almadina;Almadina;23;nenhuma;formatacao
BA;amargosa;amargosa;Amargosa;83;nenhuma;formatacao
BA;america dourada;america dourada;America Dourada;11;nenhuma;formatacao
BA;amelia rodrigues;amelia rodrigues;Amélia Rodrigues;35;nenhuma;formatacao
BA;amélia rodrigues;amelia rodrigues;Amélia Rodrigues;8;acento;formatacao
BA;anage;anage;Anagé;10;nenhuma;formatacao
BA;anagé;anage;Anagé;1;acento;formatacao
BA;andarai;andarai;Andaraí;16;nenhuma;formatacao
BA;andaraí;andarai;Andaraí;6;acento;formatacao
BA;andorinha;andorinha;Andorinha;36;nenhuma;formatacao
BA;angical;angical;Angical;8;nenhuma;formatacao
BA;anguera;anguera;Anguera;8;nenhuma;formatacao
BA;antas;antas;Antas;31;nenhuma;formatacao
BA;antonio cardoso;antonio cardoso;Antônio Cardoso;8;nenhuma;formatacao
BA;antônio cardoso;antonio cardoso;Antônio Cardoso;2;acento;formatacao
BA;antonio goncalves;antonio goncalves;Antônio Gonçalves;18;nenhuma;formatacao
BA;antônio gonçalves;antonio goncalves;Antônio Gonçalves;1;acento;formatacao
BA;apora;apora;Aporá;19;nenhuma;formatacao
BA;aporá;apora;Aporá;3;acento;formatacao
BA;apuarema;apuarema;Apuarema;12;nenhuma;formatacao
BA;aracatu;aracatu;Aracatu;11;nenhuma;formatacao
BA;araci;araci;Araci;69;nenhuma;formatacao
BA;aramari;aramari;Aramari;15;nenhuma;formatacao
BA;arataca;arataca;Arataca;17;nenhuma;formatacao
BA;aratuipe;aratuipe;Aratuípe;7;nenhuma;formatacao
BA;aratuípe;aratuipe;Aratuípe;3;acento;formatacao
BA;aracas;aracas;Araçás;6;nenhuma;formatacao
BA;araçás;aracas;Araçás;1;acento;formatacao
BA;arembepe;arembepe;Arembepe;3;nenhuma;formatacao
BA;aribice;aribice;Aribice;1;nenhuma;formatacao
BA;arraial d'ajuda;arraial d ajuda;Arraial D'ajuda;79;nenhuma;formatacao
BA;arraial d ajuda;arraial d ajuda;Arraial D'ajuda;6;nenhuma;formatacao
BA;arraial d'ajuda (porto seguro);arraial d ajuda (porto seguro);Arraial D'ajuda (porto Seguro);1;nenhuma;formatacao
BA;aurelino leal;aurelino leal;Aurelino Leal;8;nenhuma;formatacao
BA;açu da torre;acu da torre;Açu da Torre;1;acento;formatacao
BA;bahia;bahia;Bahia;1;nenhuma;formatacao
BA;baianopolis;baianopolis;Baianopolis;8;nenhuma;formatacao
BA;baixa grande;baixa grande;Baixa Grande;27;nenhuma;formatacao
BA;banzae;banzae;Banzaê;12;nenhuma;formatacao
BA;banzaê;banzae;Banzaê;4;acento;formatacao
BA;barra;barra;Barra;77;nenhuma;formatacao
BA;barra da estiva;barra da estiva;Barra da Estiva;59;nenhuma;formatacao
BA;barra do choca;barra do choca;Barra do Choça;43;nenhuma;formatacao
BA;barra do choça;barra do choca;Barra do Choça;12;acento;formatacao
BA;barra do jacuipe;barra do jacuipe;Barra do Jacuipe;3;nenhuma;formatacao
BA;barra do mendes;barra do mendes;Barra do Mendes;22;nenhuma;formatacao
BA;barra do rocha;barra do rocha;Barra do Rocha;5;nenhuma;formatacao
BA;barra do tarrachil;barra do tarrachil;Barra do Tarrachil;4;nenhuma;formatacao
BA;barreiras;barreiras;Barreiras;538;nenhuma;formatacao
BA;barro alto;barro alto;Barro Alto;14;nenhuma;formatacao
BA;barro preto;barro preto;Barro Preto;5;nenhuma;formatacao
BA;barrocas;barrocas;Barrocas;18;nenhuma;formatacao
BA;batinga;batinga;Batinga;1;nenhuma;formatacao
BA;belmonte;belmonte;Belmonte;52;nenhuma;formatacao
BA;belo campo;belo campo;Belo Campo;26;nenhuma;formatacao
BA;biritinga;biritinga;Biritinga;17;nenhuma;formatacao
BA;boa nova;boa nova;Boa Nova;19;nenhuma;formatacao
BA;boa uniao;boa uniao;Boa Uniao;1;nenhuma;formatacao
BA;boa vista do tupim;boa vista do tupim;Boa Vista do Tupim;20;nenhuma;formatacao
BA;bom jesus da lapa;bom jesus da lapa;Bom Jesus da Lapa;203;nenhuma;formatacao
BA;bom jesus da serra;bom jesus da serra;Bom Jesus da Serra;10;nenhuma;formatacao
BA;boninal;boninal;Boninal;17;nenhuma;formatacao
BA;bonito;bonito;Bonito;26;nenhuma;formatacao
BA;boquira;boquira;Boquira;21;nenhuma;formatacao
BA;botupora;botupora;Botuporã;25;nenhuma;formatacao
BA;botuporã;botupora;Botuporã;4;acento;formatacao
BA;brejolandia;brejolandia;Brejolândia;5;nenhuma;formatacao
BA;brejolândia;brejolandia;Brejolândia;1;acento;formatacao
BA;brejoes;brejoes;Brejões;8;nenhuma;formatacao
BA;brejões;brejoes;Brejões;3;acento;formatacao
BA;brotas de macaubas;brotas de macaubas;Brotas de Macaúbas;28;nenhuma;formatacao
BA;brotas de macaúbas;brotas de macaubas;Brotas de Macaúbas;6;acento;formatacao
BA;brumado;brumado;Brumado;250;nenhuma;formatacao
BA;buerarema;buerarema;Buerarema;32;nenhuma;formatacao
BA;buritirama;buritirama;Buritirama;36;nenhuma;formatacao
BA;caatiba;caatiba;Caatiba;8;nenhuma;formatacao
BA;cabaceiras do paraguacu;cabaceiras do paraguacu;Cabaceiras do Paraguaçu;9;nenhuma;formatacao
BA;cabaceiras do paraguaçu;cabaceiras do paraguacu;Cabaceiras do Paraguaçu;1;acento;formatacao
BA;cachoeira;cachoeira;Cachoeira;46;nenhuma;formatacao
BA;cacule;cacule;Caculé;47;nenhuma;formatacao
BA;caculé;cacule;Caculé;10;acento;formatacao
BA;caetanos;caetanos;Caetanos;4;nenhuma;formatacao
BA;caetite;caetite;Caetité;90;nenhuma;formatacao
BA;caetité;caetite;Caetité;32;acento;formatacao
BA;cafarnaum;cafarnaum;Cafarnaum;28;nenhuma;formatacao
BA;cairu;cairu;Cairu;7;nenhuma;formatacao
BA;caldas do jorro;caldas do jorro;Caldas do Jorro;1;nenhuma;formatacao
BA;caldeirao grande;caldeirao grande;Caldeirão Grande;5;nenhuma;formatacao
BA;caldeirão grande;caldeirao grande;Caldeirão Grande;1;acento;formatacao
BA;camacan;camacan;Camacan;78;nenhuma;formatacao
BA;camamu;camamu;Camamu;65;nenhuma;formatacao
BA;camacari;camacari;Camaçari;504;nenhuma;formatacao
BA;camaçari;camacari;Camaçari;67;acento;formatacao
BA;campo alegre de lourdes;campo alegre de lourdes;Campo Alegre de Lourdes;18;nenhuma;formatacao
BA;campo alegre de lourdes, bahia, brasil;campo alegre de lourdes, bahia, brasil;Campo Alegre de Lourdes, Bahia, Brasil;1;nenhuma;formatacao
BA;campo formoso;campo formoso;Campo Formoso;112;nenhuma;formatacao
BA;canarana;canarana;Canarana;24;nenhuma;formatacao
BA;canavieiras;canavieiras;Canavieiras;103;nenhuma;formatacao
BA;candeal;candeal;Candeal;11;nenhuma;formatacao
BA;candeias;candeias;Candeias;192;nenhuma;formatacao
BA;candiba;candiba;Candiba;17;nenhuma;formatacao
BA;cansancao;cansancao;Cansanção;51;nenhuma;formatacao
BA;cansanção;cansancao;Cansanção;10;acento;formatacao
BA;canudos;canudos;Canudos;25;nenhuma;formatacao
BA;canapolis;canapolis;Canápolis;7;nenhuma;formatacao
BA;canápolis;canapolis;Canápolis;2;acento;formatacao
BA;capela do alto alegre;capela do alto alegre;Capela do Alto Alegre;33;nenhuma;formatacao
BA;capim grosso;capim grosso;Capim Grosso;90;nenhuma;formatacao
BA;caravelas;caravelas;Caravelas;33;nenhuma;formatacao
BA;caraibas;caraibas;Caraíbas;6;nenhuma;formatacao
BA;caraíbas;caraibas;Caraíbas;2;acento;formatacao
BA;cardeal da silva;cardeal da silva;Cardeal da Silva;17;nenhuma;formatacao
BA;carinhanha;carinhanha;Carinhanha;43;nenhuma;formatacao
BA;carnaiba do sertao;carnaiba do sertao;Carnaiba do Sertao;2;nenhuma;formatacao
BA;casa nova;casa nova;Casa Nova;99;nenhuma;formatacao
BA;castro alves;castro alves;Castro Alves;30;nenhuma;formatacao
BA;catingal;catingal;Catingal;1;nenhuma;formatacao
BA;catolândia;catolandia;Catolândia;1;acento;formatacao
BA;catu;catu;Catu;131;nenhuma;formatacao
BA;catu de abrantes;catu de abrantes;Catu de Abrantes;20;nenhuma;formatacao
BA;caturama;caturama;Caturama;21;nenhuma;formatacao
BA;caém;caem;Caém;5;acento;formatacao
BA;caem;caem;Caém;4;nenhuma;formatacao
BA;central;central;Central;17;nenhuma;formatacao
BA;chorrocho;chorrocho;Chorrochó;17;nenhuma;formatacao
BA;chorrochó;chorrocho;Chorrochó;3;acento;formatacao
BA;cipo;cipo;Cipó;31;nenhuma;formatacao
BA;cipó;cipo;Cipó;6;acento;formatacao
BA;coaraci;coaraci;Coaraci;45;nenhuma;formatacao
BA;cocos;cocos;Cocos;39;nenhuma;formatacao
BA;conceicao da feira;conceicao da feira;Conceição da Feira;31;nenhuma;formatacao
BA;conceição da feira;conceicao da feira;Conceição da Feira;2;acento;formatacao
BA;conceicao do almeida;conceicao do almeida;Conceição do Almeida;24;nenhuma;formatacao
BA;conceição do almeida;conceicao do almeida;Conceição do Almeida;3;acento;formatacao
BA;conceicao do coite;conceicao do coite;Conceição do Coité;97;nenhuma;formatacao
BA;conceição do coité;conceicao do coite;Conceição do Coité;28;acento;formatacao
BA;conceicao do jacuipe;conceicao do jacuipe;Conceição do Jacuípe;55;nenhuma;formatacao
BA;conceição do jacuípe;conceicao do jacuipe;Conceição do Jacuípe;11;acento;formatacao
BA;conde;conde;Conde;35;nenhuma;formatacao
BA;condeuba;condeuba;Condeúba;18;nenhuma;formatacao
BA;condeúba;condeuba;Condeúba;3;acento;formatacao
BA;contendas do sincora;contendas do sincora;Contendas do Sincorá;8;nenhuma;formatacao
BA;contendas do sincorá;contendas do sincora;Contendas do Sincorá;1;acento;formatacao
BA;coracao de maria;coracao de maria;Coração de Maria;12;nenhuma;formatacao
BA;coração de maria;coracao de maria;Coração de Maria;4;acento;formatacao
BA;cordeiros;cordeiros;Cordeiros;15;nenhuma;formatacao
BA;coribe;coribe;Coribe;46;nenhuma;formatacao
BA;coronel joao sa;coronel joao sa;Coronel João Sá;30;nenhuma;formatacao
BA;coronel joão sá;coronel joao sa;Coronel João Sá;7;acento;formatacao
BA;correntina;correntina;Correntina;44;nenhuma;formatacao
BA;cotegipe;cotegipe;Cotegipe;8;nenhuma;formatacao
BA;cravolandia;cravolandia;Cravolândia;11;nenhuma;formatacao
BA;cravolândia;cravolandia;Cravolândia;1;acento;formatacao
BA;cristopolis;cristopolis;Cristópolis;9;nenhuma;formatacao
BA;cristópolis;cristopolis;Cristópolis;1;acento;formatacao
BA;crisopolis;crisopolis;Crisópolis;36;nenhuma;formatacao
BA;crisópolis;crisopolis;Crisópolis;4;acento;formatacao
BA;cruz das almas;cruz das almas;Cruz das Almas;233;nenhuma;formatacao
BA;cumuruxatiba;cumuruxatiba;Cumuruxatiba;3;nenhuma;formatacao
BA;curaca;curaca;Curaçá;27;nenhuma;formatacao
BA;curaçá;curaca;Curaçá;8;acento;formatacao
BA;candido sales;candido sales;Cândido Sales;35;nenhuma;formatacao
BA;cândido sales;candido sales;Cândido Sales;5;acento;formatacao
BA;cicero dantas;cicero dantas;Cícero Dantas;81;nenhuma;formatacao
BA;cícero dantas;cicero dantas;Cícero Dantas;18;acento;formatacao
BA;dias d'avila;dias d avila;Dias D'ávila;138;nenhuma;formatacao
BA;dias d'ávila;dias d avila;Dias D'ávila;62;acento;formatacao
BA;dias d avila;dias d avila;Dias D'ávila;14;nenhuma;formatacao
BA;dias davila;dias davila;Dias Dávila;6;nenhuma;formatacao
BA;dias dávila;dias davila;Dias Dávila;3;acento;formatacao
BA;dom basilio;dom basilio;Dom Basílio;11;nenhuma;formatacao
BA;dom basílio;dom basilio;Dom Basílio;3;acento;formatacao
BA;dom macedo costa;dom macedo costa;Dom Macedo Costa;4;nenhuma;formatacao
BA;dario meira;dario meira;Dário Meira;12;nenhuma;formatacao
BA;dário meira;dario meira;Dário Meira;4;acento;formatacao
BA;elisio medrado;elisio medrado;Elisio Medrado;8;nenhuma;formatacao
BA;encruzilhada;encruzilhada;Encruzilhada;4;nenhuma;formatacao
BA;engenheiro franca;engenheiro franca;Engenheiro Franca;1;nenhuma;formatacao
BA;entre rios;entre rios;Entre Rios;95;nenhuma;formatacao
BA;esplanada;esplanada;Esplanada;61;nenhuma;formatacao
BA;euclides da cunha;euclides da cunha;Euclides da Cunha;89;nenhuma;formatacao
BA;eunapolis;eunapolis;Eunápolis;344;nenhuma;formatacao
BA;eunápolis;eunapolis;Eunápolis;47;acento;formatacao
BA;feira da mata;feira da mata;Feira da Mata;6;nenhuma;formatacao
BA;feira de santana;feira de santana;Feira de Santana;2032;nenhuma;formatacao
BA;filadelfia;filadelfia;Filadélfia;19;nenhuma;formatacao
BA;filadélfia;filadelfia;Filadélfia;2;acento;formatacao
BA;firmino alves;firmino alves;Firmino Alves;4;nenhuma;formatacao
BA;floresta azul;floresta azul;Floresta Azul;18;nenhuma;formatacao
BA;formosa do rio preto;formosa do rio preto;Formosa do Rio Preto;47;nenhuma;formatacao
BA;fatima;fatima;Fátima;19;nenhuma;formatacao
BA;fátima;fatima;Fátima;8;acento;formatacao
BA;gandu;gandu;Gandu;68;nenhuma;formatacao
BA;gaviao;gaviao;Gaviao;5;nenhuma;formatacao
BA;gentio do ouro;gentio do ouro;Gentio do Ouro;10;nenhuma;formatacao
BA;gloria;gloria;Glória;8;nenhuma;formatacao
BA;glória;gloria;Glória;1;acento;formatacao
BA;gongogi;gongogi;Gongogi;12;nenhuma;formatacao
BA;governador lomanto junior;governador lomanto junior;Governador Lomanto Junior;1;nenhuma;formatacao
BA;governador mangabeira;governador mangabeira;Governador Mangabeira;26;nenhuma;formatacao
BA;guajeru;guajeru;Guajeru;6;nenhuma;formatacao
BA;guanambi;guanambi;Guanambi;341;nenhuma;formatacao
BA;guaratinga;guaratinga;Guaratinga;27;nenhuma;formatacao
BA;heliopolis;heliopolis;Heliópolis;9;nenhuma;formatacao
BA;heliópolis;heliopolis;Heliópolis;6;acento;formatacao
BA;humildes;humildes;Humildes;1;nenhuma;formatacao
BA;iacu;iacu;Iaçu;36;nenhuma;formatacao
BA;iaçu;iacu;Iaçu;5;acento;formatacao
BA;ibiajara;ibiajara;Ibiajara;3;nenhuma;formatacao
BA;ibiassuce;ibiassuce;Ibiassucê;15;nenhuma;formatacao
BA;ibiassucê;ibiassuce;Ibiassucê;6;acento;formatacao
BA;ibicarai;ibicarai;Ibicaraí;37;nenhuma;formatacao
BA;ibicaraí;ibicarai;Ibicaraí;5;acento;formatacao
BA;ibicoara;ibicoara;Ibicoara;20;nenhuma;formatacao
BA;ibicui;ibicui;Ibicuí;18;nenhuma;formatacao
BA;ibicuí;ibicui;Ibicuí;4;acento;formatacao
BA;ibipeba;ibipeba;Ibipeba;14;nenhuma;formatacao
BA;ibipitanga;ibipitanga;Ibipitanga;22;nenhuma;formatacao
BA;ibiquera;ibiquera;Ibiquera;4;nenhuma;formatacao
BA;ibiraja;ibiraja;Ibirajá;7;nenhuma;formatacao
BA;ibirajá;ibiraja;Ibirajá;3;acento;formatacao
BA;ibirapitanga;ibirapitanga;Ibirapitanga;28;nenhuma;formatacao
BA;ibirapua;ibirapua;Ibirapuã;18;nenhuma;formatacao
BA;ibirapuã;ibirapua;Ibirapuã;3;acento;formatacao
BA;ibirataia;ibirataia;Ibirataia;38;nenhuma;formatacao
BA;ibitiara;ibitiara;Ibitiara;14;nenhuma;formatacao
BA;ibitira;ibitira;Ibitira;3;nenhuma;formatacao
BA;ibitita;ibitita;Ibititá;18;nenhuma;formatacao
BA;ibititá;ibitita;Ibititá;4;acento;formatacao
BA;ibo;ibo;Ibo;1;nenhuma;formatacao
BA;ibotirama;ibotirama;Ibotirama;110;nenhuma;formatacao
BA;ichu;ichu;Ichu;10;nenhuma;formatacao
BA;igapora;igapora;Igaporã;24;nenhuma;formatacao
BA;igaporã;igapora;Igaporã;1;acento;formatacao
BA;igrapiuna;igrapiuna;Igrapiúna;10;nenhuma;formatacao
BA;igrapiúna;igrapiuna;Igrapiúna;5;acento;formatacao
BA;iguaibi;iguaibi;Iguaibi;1;nenhuma;formatacao
BA;iguai;iguai;Iguaí;33;nenhuma;formatacao
BA;iguaí;iguai;Iguaí;7;acento;formatacao
BA;ilheus;ilheus;Ilhéus;623;nenhuma;formatacao
BA;ilhéus;ilheus;Ilhéus;89;acento;formatacao
BA;inhambupe;inhambupe;Inhambupe;70;nenhuma;formatacao
BA;inubia;inubia;Inúbia;1;nenhuma;formatacao
BA;inúbia;inubia;Inúbia;1;acento;formatacao
BA;ipecaeta;ipecaeta;Ipecaetá;4;nenhuma;formatacao
BA;ipecaetá;ipecaeta;Ipecaetá;1;acento;formatacao
BA;ipiau;ipiau;Ipiaú;85;nenhuma;formatacao
BA;ipiaú;ipiau;Ipiaú;17;acento;formatacao
BA;ipira;ipira;Ipirá;73;nenhuma;formatacao
BA;ipirá;ipira;Ipirá;11;acento;formatacao
BA;ipupiara;ipupiara;Ipupiara;35;nenhuma;formatacao
BA;irajuba;irajuba;Irajuba;6;nenhuma;formatacao
BA;iramaia;iramaia;Iramaia;16;nenhuma;formatacao
BA;iraporanga;iraporanga;Iraporanga;2;nenhuma;formatacao
BA;iraquara;iraquara;Iraquara;32;nenhuma;formatacao
BA;irara;irara;Irará;19;nenhuma;formatacao
BA;irará;irara;Irará;5;acento;formatacao
BA;irece;irece;Irecê;191;nenhuma;formatacao
BA;irecê;irece;Irecê;40;acento;formatacao
BA;irundiara;irundiara;Irundiara;2;nenhuma;formatacao
BA;itabata;itabata;Itabata;17;nenhuma;formatacao
BA;itabatan;itabatan;Itabatan;15;nenhuma;formatacao
BA;itabatan (mucuri);itabatan (mucuri);Itabatan (mucuri);2;nenhuma;formatacao
BA;itabela;itabela;Itabela;78;nenhuma;formatacao
BA;itaberaba;itaberaba;Itaberaba;158;nenhuma;formatacao
BA;itabuna;itabuna;Itabuna;824;nenhuma;formatacao
BA;itacare;itacare;Itacaré;54;nenhuma;formatacao
BA;itacaré;itacare;Itacaré;15;acento;formatacao
BA;itaete;itaete;Itaeté;11;nenhuma;formatacao
BA;itaeté;itaete;Itaeté;3;acento;formatacao
BA;itagi;itagi;Itagi;35;nenhuma;formatacao
BA;itagiba;itagiba;Itagibá;14;nenhuma;formatacao
BA;itagibá;itagiba;Itagibá;3;acento;formatacao
BA;itagimirim;itagimirim;Itagimirim;20;nenhuma;formatacao
BA;itaguacu da bahia;itaguacu da bahia;Itaguaçu da Bahia;7;nenhuma;formatacao
BA;itaguaçu da bahia;itaguacu da bahia;Itaguaçu da Bahia;1;acento;formatacao
BA;itaju do colonia;itaju do colonia;Itaju do Colônia;7;nenhuma;formatacao
BA;itaju do colônia;itaju do colonia;Itaju do Colônia;1;acento;formatacao
BA;itajuipe;itajuipe;Itajuípe;37;nenhuma;formatacao
BA;itajuípe;itajuipe;Itajuípe;8;acento;formatacao
BA;itamaraju;itamaraju;Itamaraju;192;nenhuma;formatacao
BA;itamari;itamari;Itamari;13;nenhuma;formatacao
BA;itambe;itambe;Itambé;24;nenhuma;formatacao
BA;itambé;itambe;Itambé;5;acento;formatacao
BA;itamira;itamira;Itamira;7;nenhuma;formatacao
BA;itanagra;itanagra;Itanagra;1;nenhuma;formatacao
BA;itanhem;itanhem;Itanhém;27;nenhuma;formatacao
BA;itanhém;itanhem;Itanhém;6;acento;formatacao
BA;itaparica;itaparica;Itaparica;34;nenhuma;formatacao
BA;itapebi;itapebi;Itapebi;14;nenhuma;formatacao
BA;itapetinga;itapetinga;Itapetinga;185;nenhuma;formatacao
BA;itapicuru;itapicuru;Itapicuru;11;nenhuma;formatacao
BA;itapitanga;itapitanga;Itapitanga;23;nenhuma;formatacao
BA;itape;itape;Itapé;6;nenhuma;formatacao
BA;itapé;itape;Itapé;2;acento;formatacao
BA;itaquara;itaquara;Itaquara;11;nenhuma;formatacao
BA;itaquarai;itaquarai;Itaquarai;1;nenhuma;formatacao
BA;itarantim;itarantim;Itarantim;35;nenhuma;formatacao
BA;itatim;itatim;Itatim;30;nenhuma;formatacao
BA;itirucu;itirucu;Itiruçu;28;nenhuma;formatacao
BA;itiruçu;itirucu;Itiruçu;5;acento;formatacao
BA;itiuba;itiuba;Itiúba;41;nenhuma;formatacao
BA;itiúba;itiuba;Itiúba;13;acento;formatacao
BA;itororo;itororo;Itororó;48;nenhuma;formatacao
BA;itororó;itororo;Itororó;7;acento;formatacao
BA;ituacu;ituacu;Ituaçu;21;nenhuma;formatacao
BA;ituaçu;ituacu;Ituaçu;3;acento;formatacao
BA;itubera;itubera;Ituberá;40;nenhuma;formatacao
BA;ituberá;itubera;Ituberá;13;acento;formatacao
BA;itupeva;itupeva;Itupeva;3;nenhuma;formatacao
BA;iuiu;iuiu;Iuiu;7;nenhuma;formatacao
BA;jaborandi;jaborandi;Jaborandi;25;nenhuma;formatacao
BA;jacaraci;jacaraci;Jacaraci;25;nenhuma;formatacao
BA;jacobina;jacobina;Jacobina;262;nenhuma;formatacao
BA;jacuipe;jacuipe;Jacuipe;1;nenhuma;formatacao
BA;jaguaquara;jaguaquara;Jaguaquara;75;nenhuma;formatacao
BA;jaguarari;jaguarari;Jaguarari;37;nenhuma;formatacao
BA;jaguaripe;jaguaripe;Jaguaripe;6;nenhuma;formatacao
BA;jandaira;jandaira;Jandaíra;12;nenhuma;formatacao
BA;jandaíra;jandaira;Jandaíra;3;acento;formatacao
BA;jaua;jaua;Jaua;1;nenhuma;formatacao
BA;jequirica;jequirica;Jequiriçá;9;nenhuma;formatacao
BA;jequiriçá;jequirica;Jequiriçá;1;acento;formatacao
BA;jequie;jequie;Jequié;297;nenhuma;formatacao
BA;jequié;jequie;Jequié;50;acento;formatacao
BA;jeremoabo;jeremoabo;Jeremoabo;79;nenhuma;formatacao
BA;jiquiriçá;jiquirica;Jiquiriçá;8;acento;formatacao
BA;jiquirica;jiquirica;Jiquiriçá;4;nenhuma;formatacao
BA;jitauna;jitauna;Jitaúna;16;nenhuma;formatacao
BA;jitaúna;jitauna;Jitaúna;3;acento;formatacao
BA;joão amaro;joao amaro;João Amaro;1;acento;formatacao
BA;joao dourado;joao dourado;João Dourado;20;nenhuma;formatacao
BA;joão dourado;joao dourado;João Dourado;7;acento;formatacao
BA;juazeiro;juazeiro;Juazeiro;510;nenhuma;formatacao
BA;jucurucu;jucurucu;Jucuruçu;15;nenhuma;formatacao
BA;jucuruçu;jucurucu;Jucuruçu;1;acento;formatacao
BA;jussara;jussara;Jussara;12;nenhuma;formatacao
BA;jussari;jussari;Jussari;14;nenhuma;formatacao
BA;jussiape;jussiape;Jussiape;8;nenhuma;formatacao
BA;lafaiete coutinho;lafaiete coutinho;Lafaiete Coutinho;4;nenhuma;formatacao
BA;lagoa real;lagoa real;Lagoa Real;9;nenhuma;formatacao
BA;laje;laje;Laje;21;nenhuma;formatacao
BA;lajedao;lajedao;Lajedao;5;nenhuma;formatacao
BA;lajedinho;lajedinho;Lajedinho;2;nenhuma;formatacao
BA;lajedo do tabocal;lajedo do tabocal;Lajedo do Tabocal;5;nenhuma;formatacao
BA;lamarao;lamarao;Lamarao;2;nenhuma;formatacao
BA;lapao;lapao;Lapão;13;nenhuma;formatacao
BA;lapão;lapao;Lapão;2;acento;formatacao
BA;lauro de freitas;lauro de freitas;Lauro de Freitas;870;nenhuma;formatacao
BA;lencois;lencois;Lençóis;28;nenhuma;formatacao
BA;lençóis;lencois;Lençóis;5;acento;formatacao
BA;licinio de almeida;licinio de almeida;Licínio de Almeida;12;nenhuma;formatacao
BA;licínio de almeida;licinio de almeida;Licínio de Almeida;6;acento;formatacao
BA;livramento de nossa senhora;livramento de nossa senhora;Livramento de Nossa Senhora;98;nenhuma;formatacao
BA;lucaia;lucaia;Lucaia;2;nenhuma;formatacao
BA;luis eduardo magalhaes;luis eduardo magalhaes;Luís Eduardo Magalhães;371;nenhuma;formatacao
BA;luís eduardo magalhães;luis eduardo magalhaes;Luís Eduardo Magalhães;64;acento;formatacao
BA;macajuba;macajuba;Macajuba;17;nenhuma;formatacao
BA;macarani;macarani;Macarani;33;nenhuma;formatacao
BA;macaubas;macaubas;Macaúbas;72;nenhuma;formatacao
BA;macaúbas;macaubas;Macaúbas;12;acento;formatacao
BA;macururé;macurure;Macururé;4;acento;formatacao
BA;macurure;macurure;Macururé;3;nenhuma;formatacao
BA;madre de deus;madre de deus;Madre de Deus;63;nenhuma;formatacao
BA;maetinga;maetinga;Maetinga;15;nenhuma;formatacao
BA;maiquinique;maiquinique;Maiquinique;17;nenhuma;formatacao
BA;mairi;mairi;Mairi;30;nenhuma;formatacao
BA;malhada;malhada;Malhada;10;nenhuma;formatacao
BA;malhada de pedras;malhada de pedras;Malhada de Pedras;21;nenhuma;formatacao
BA;maniacu;maniacu;Maniacu;1;nenhuma;formatacao
BA;manoel vitorino;manoel vitorino;Manoel Vitorino;6;nenhuma;formatacao
BA;mansidao;mansidao;Mansidão;7;nenhuma;formatacao
BA;mansidão;mansidao;Mansidão;1;acento;formatacao
BA;maracas;maracas;Maracás;59;nenhuma;formatacao
BA;maracás;maracas;Maracás;15;acento;formatacao
BA;maragogipe;maragogipe;Maragogipe;36;nenhuma;formatacao
BA;marau;marau;Maraú;19;nenhuma;formatacao
BA;maraú;marau;Maraú;7;acento;formatacao
BA;marcionilio souza;marcionilio souza;Marcionílio Souza;12;nenhuma;formatacao
BA;marcionílio souza;marcionilio souza;Marcionílio Souza;3;acento;formatacao
BA;mascote;mascote;Mascote;17;nenhuma;formatacao
BA;mata de sao joao;mata de sao joao;Mata de São João;91;nenhuma;formatacao
BA;mata de são joão;mata de sao joao;Mata de São João;11;acento;formatacao
BA;matina;matina;Matina;11;nenhuma;formatacao
BA;medeiros neto;medeiros neto;Medeiros Neto;68;nenhuma;formatacao
BA;menino jesus;menino jesus;Menino Jesus;1;nenhuma;formatacao
BA;miguel calmon;miguel calmon;Miguel Calmon;43;nenhuma;formatacao
BA;milagres;milagres;Milagres;31;nenhuma;formatacao
BA;mirangaba;mirangaba;Mirangaba;12;nenhuma;formatacao
BA;mirante;mirante;Mirante;5;nenhuma;formatacao
BA;monte gordo;monte gordo;Monte Gordo;13;nenhuma;formatacao
BA;monte gordo (camacari) - distrito;monte gordo (camacari) distrito;Monte Gordo (camacari) - Distrito;1;sufixo-uf;formatacao
BA;monte santo;monte santo;Monte Santo;39;nenhuma;formatacao
BA;morpara;morpara;Morpará;11;nenhuma;formatacao
BA;morpará;morpara;Morpará;1;acento;formatacao
BA;morro de sao paulo;morro de sao paulo;Morro de São Paulo;3;nenhuma;formatacao
BA;morro de são paulo;morro de sao paulo;Morro de São Paulo;1;acento;formatacao
BA;morro do chapeu;morro do chapeu;Morro do Chapéu;57;nenhuma;formatacao
BA;morro do chapéu;morro do chapeu;Morro do Chapéu;7;acento;formatacao
BA;mortugaba;mortugaba;Mortugaba;9;nenhuma;formatacao
BA;mucuge;mucuge;Mucugê;28;nenhuma;formatacao
BA;mucugê;mucuge;Mucugê;9;acento;formatacao
BA;mucuri;mucuri;Mucuri;80;nenhuma;formatacao
BA;mulungu do morro;mulungu do morro;Mulungu do Morro;13;nenhuma;formatacao
BA;mundo novo;mundo novo;Mundo Novo;27;nenhuma;formatacao
BA;muniz ferreira;muniz ferreira;Muniz Ferreira;13;nenhuma;formatacao
BA;muquem do sao francisco;muquem do sao francisco;Muquem do Sao Francisco;9;nenhuma;formatacao
BA;muquém de são francisco;muquem de sao francisco;Muquém de São Francisco;1;acento;formatacao
BA;muquem de sao francisco;muquem de sao francisco;Muquém de São Francisco;1;nenhuma;formatacao
BA;muritiba;muritiba;Muritiba;40;nenhuma;formatacao
BA;mutuipe;mutuipe;Mutuípe;42;nenhuma;formatacao
BA;mutuípe;mutuipe;Mutuípe;11;acento;formatacao
BA;nazare;nazare;Nazaré;68;nenhuma;formatacao
BA;nazaré;nazare;Nazaré;13;acento;formatacao
BA;nilo peçanha;nilo pecanha;Nilo Peçanha;2;acento;formatacao
BA;nilo pecanha;nilo pecanha;Nilo Peçanha;1;nenhuma;formatacao
BA;nordestina;nordestina;Nordestina;21;nenhuma;formatacao
BA;nova canaa;nova canaa;Nova Canaã;22;nenhuma;formatacao
BA;nova canaã;nova canaa;Nova Canaã;4;acento;formatacao
BA;nova fatima;nova fatima;Nova Fatima;12;nenhuma;formatacao
BA;nova ibia;nova ibia;Nova Ibia;6;nenhuma;formatacao
BA;nova itarana;nova itarana;Nova Itarana;6;nenhuma;formatacao
BA;nova redencao bahia;nova redencao bahia;Nova Redencao Bahia;1;nenhuma;formatacao
BA;nova redencao;nova redencao;Nova Redenção;19;nenhuma;formatacao
BA;nova redenção;nova redencao;Nova Redenção;5;acento;formatacao
BA;nova soure;nova soure;Nova Soure;38;nenhuma;formatacao
BA;nova vicosa;nova vicosa;Nova Viçosa;29;nenhuma;formatacao
BA;nova viçosa;nova vicosa;Nova Viçosa;6;acento;formatacao
BA;novo horizonte;novo horizonte;Novo Horizonte;21;nenhuma;formatacao
BA;novo triunfo;novo triunfo;Novo Triunfo;25;nenhuma;formatacao
BA;nucleo residencial pilar;nucleo residencial pilar;Nucleo Residencial Pilar;8;nenhuma;formatacao
BA;olindina;olindina;Olindina;25;nenhuma;formatacao
BA;oliveira dos brejinhos;oliveira dos brejinhos;Oliveira dos Brejinhos;38;nenhuma;formatacao
BA;ouricangas;ouricangas;Ouricangas;3;nenhuma;formatacao
BA;ourolandia;ourolandia;Ourolândia;17;nenhuma;formatacao
BA;ourolândia;ourolandia;Ourolândia;4;acento;formatacao
BA;palmas de monte alto;palmas de monte alto;Palmas de Monte Alto;13;nenhuma;formatacao
BA;palmeiras;palmeiras;Palmeiras;18;nenhuma;formatacao
BA;paramirim;paramirim;Paramirim;48;nenhuma;formatacao
BA;paratinga;paratinga;Paratinga;39;nenhuma;formatacao
BA;paripiranga;paripiranga;Paripiranga;39;nenhuma;formatacao
BA;passagem dos teixeiras;passagem dos teixeiras;Passagem dos Teixeiras;2;nenhuma;formatacao
BA;passé;passe;Passé;1;acento;formatacao
BA;pau brasil;pau brasil;Pau Brasil;33;nenhuma;formatacao
BA;paulo afonso;paulo afonso;Paulo Afonso;474;nenhuma;formatacao
BA;pedrao;pedrao;Pedrao;2;nenhuma;formatacao
BA;pedro alexandre;pedro alexandre;Pedro Alexandre;8;nenhuma;formatacao
BA;piata;piata;Piatã;34;nenhuma;formatacao
BA;piatã;piata;Piatã;2;acento;formatacao
BA;pilao arcado;pilao arcado;Pilão Arcado;26;nenhuma;formatacao
BA;pilão arcado;pilao arcado;Pilão Arcado;5;acento;formatacao
BA;pindai;pindai;Pindaí;16;nenhuma;formatacao
BA;pindaí;pindai;Pindaí;1;acento;formatacao
BA;pindobacu;pindobacu;Pindobaçu;18;nenhuma;formatacao
BA;pindobaçu;pindobacu;Pindobaçu;3;acento;formatacao
BA;pintadas;pintadas;Pintadas;36;nenhuma;formatacao
BA;pirai do norte;pirai do norte;Piraí do Norte;8;nenhuma;formatacao
BA;piraí do norte;pirai do norte;Piraí do Norte;6;acento;formatacao
BA;piripa;piripa;Piripá;22;nenhuma;formatacao
BA;piripá;piripa;Piripá;3;acento;formatacao
BA;piritiba;piritiba;Piritiba;37;nenhuma;formatacao
BA;planaltino;planaltino;Planaltino;12;nenhuma;formatacao
BA;planalto;planalto;Planalto;36;nenhuma;formatacao
BA;pojuca;pojuca;Pojuca;82;nenhuma;formatacao
BA;ponto novo;ponto novo;Ponto Novo;19;nenhuma;formatacao
BA;porto seguro;porto seguro;Porto Seguro;455;nenhuma;formatacao
BA;posto da mata;posto da mata;Posto da Mata;42;nenhuma;formatacao
BA;potiragua;potiragua;Potiraguá;30;nenhuma;formatacao
BA;potiraguá;potiragua;Potiraguá;2;acento;formatacao
BA;pocoes;pocoes;Poções;99;nenhuma;formatacao
BA;poções;pocoes;Poções;20;acento;formatacao
BA;prado;prado;Prado;59;nenhuma;formatacao
BA;presidente dutra;presidente dutra;Presidente Dutra;14;nenhuma;formatacao
BA;presidente janio quadros;presidente janio quadros;Presidente Janio Quadros;11;nenhuma;formatacao
BA;presidente tancredo neves;presidente tancredo neves;Presidente Tancredo Neves;48;nenhuma;formatacao
BA;pe de serra;pe de serra;Pé de Serra;11;nenhuma;formatacao
BA;pé de serra;pe de serra;Pé de Serra;3;acento;formatacao
BA;queimadas;queimadas;Queimadas;24;nenhuma;formatacao
BA;quijingue;quijingue;Quijingue;9;nenhuma;formatacao
BA;quixabeira;quixabeira;Quixabeira;25;nenhuma;formatacao
BA;rafael jambeiro;rafael jambeiro;Rafael Jambeiro;7;nenhuma;formatacao
BA;remanso;remanso;Remanso;70;nenhuma;formatacao
BA;retirolandia;retirolandia;Retirolândia;18;nenhuma;formatacao
BA;retirolândia;retirolandia;Retirolândia;5;acento;formatacao
BA;riacho de santana;riacho de santana;Riacho de Santana;52;nenhuma;formatacao
BA;riachao das neves;riachao das neves;Riachão das Neves;11;nenhuma;formatacao
BA;riachão das neves;riachao das neves;Riachão das Neves;2;acento;formatacao
BA;riachao do jacuipe;riachao do jacuipe;Riachão do Jacuípe;59;nenhuma;formatacao
BA;riachão do jacuípe;riachao do jacuipe;Riachão do Jacuípe;8;acento;formatacao
BA;ribeira do amparo;ribeira do amparo;Ribeira do Amparo;8;nenhuma;formatacao
BA;ribeira do pombal;ribeira do pombal;Ribeira do Pombal;117;nenhuma;formatacao
BA;ribeirao do largo;ribeirao do largo;Ribeirao do Largo;2;nenhuma;formatacao
BA;rio real;rio real;Rio Real;46;nenhuma;formatacao
BA;rio de contas;rio de contas;Rio de Contas;24;nenhuma;formatacao
BA;rio do antonio;rio do antonio;Rio do Antônio;19;nenhuma;formatacao
BA;rio do antônio;rio do antonio;Rio do Antônio;1;acento;formatacao
BA;rio do meio;rio do meio;Rio do Meio;1;nenhuma;formatacao
BA;rio do pires;rio do pires;Rio do Pires;32;nenhuma;formatacao
BA;roda velha;roda velha;Roda Velha;1;nenhuma;formatacao
BA;rodelas;rodelas;Rodelas;18;nenhuma;formatacao
BA;ruy barbosa;ruy barbosa;Ruy Barbosa;71;nenhuma;formatacao
BA;salgadalia;salgadalia;Salgadalia;2;nenhuma;formatacao
BA;salinas da margarida;salinas da margarida;Salinas da Margarida;17;nenhuma;formatacao
BA;salobro;salobro;Salobro;3;nenhuma;formatacao
BA;salvador;salvador;Salvador;13117;nenhuma;formatacao
BA;salvador ;salvador;Salvador;1;espacos;formatacao
BA;santa barbara;santa barbara;Santa Barbara;14;nenhuma;formatacao
BA;santa brigida;santa brigida;Santa Brígida;20;nenhuma;formatacao
BA;santa brígida;santa brigida;Santa Brígida;5;acento;formatacao
BA;santa cruz cabralia;santa cruz cabralia;Santa Cruz Cabrália;70;nenhuma;formatacao
BA;santa cruz cabrália;santa cruz cabralia;Santa Cruz Cabrália;18;acento;formatacao
BA;santa cruz da vitoria;santa cruz da vitoria;Santa Cruz da Vitória;8;nenhuma;formatacao
BA;santa cruz da vitória;santa cruz da vitoria;Santa Cruz da Vitória;3;acento;formatacao
BA;santa ines;santa ines;Santa Inês;12;nenhuma;formatacao
BA;santa inês;santa ines;Santa Inês;4;acento;formatacao
BA;santa luzia;santa luzia;Santa Luzia;27;nenhuma;formatacao
BA;santa maria da vitoria;santa maria da vitoria;Santa Maria da Vitória;106;nenhuma;formatacao
BA;santa maria da vitória;santa maria da vitoria;Santa Maria da Vitória;19;acento;formatacao
BA;santa rita de cassia;santa rita de cassia;Santa Rita de Cássia;24;nenhuma;formatacao
BA;santa rita de cássia;santa rita de cassia;Santa Rita de Cássia;10;acento;formatacao
BA;santa teresinha;santa teresinha;Santa Teresinha;10;nenhuma;formatacao
BA;santa terezinha;santa terezinha;Santa Terezinha;6;nenhuma;formatacao
BA;santaluz;santaluz;Santaluz;53;nenhuma;formatacao
BA;santana;santana;Santana;60;nenhuma;formatacao
BA;santana do sobrado;santana do sobrado;Santana do Sobrado;5;nenhuma;formatacao
BA;santanópolis;santanopolis;Santanópolis;3;acento;formatacao
BA;santanopolis;santanopolis;Santanópolis;1;nenhuma;formatacao
BA;santo amaro;santo amaro;Santo Amaro;108;nenhuma;formatacao
BA;santo antonio de jesus;santo antonio de jesus;Santo Antônio de Jesus;314;nenhuma;formatacao
BA;santo antônio de jesus;santo antonio de jesus;Santo Antônio de Jesus;62;acento;formatacao
BA;santo estevao;santo estevao;Santo Estevão;64;nenhuma;formatacao
BA;santo estevão;santo estevao;Santo Estevão;6;acento;formatacao
BA;santo estêvão;santo estevao;Santo Estevão;1;acento;formatacao
BA;sao joao da fortaleza;sao joao da fortaleza;Sao Joao da Fortaleza;1;nenhuma;formatacao
BA;sao roque do paraguacu;sao roque do paraguacu;Sao Roque do Paraguacu;1;nenhuma;formatacao
BA;sapeacu;sapeacu;Sapeaçu;18;nenhuma;formatacao
BA;sapeaçu;sapeacu;Sapeaçu;3;acento;formatacao
BA;saubara;saubara;Saubara;18;nenhuma;formatacao
BA;saude;saude;Saúde;8;nenhuma;formatacao
BA;saúde;saude;Saúde;2;acento;formatacao
BA;seabra;seabra;Seabra;140;nenhuma;formatacao
BA;sebastiao laranjeiras;sebastiao laranjeiras;Sebastião Laranjeiras;9;nenhuma;formatacao
BA;sebastião laranjeiras;sebastiao laranjeiras;Sebastião Laranjeiras;2;acento;formatacao
BA;senhor do bonfim;senhor do bonfim;Senhor do Bonfim;238;nenhuma;formatacao
BA;sento se;sento se;Sento Sé;33;nenhuma;formatacao
BA;sento sé;sento se;Sento Sé;4;acento;formatacao
BA;serra dourada;serra dourada;Serra Dourada;34;nenhuma;formatacao
BA;serra preta;serra preta;Serra Preta;6;nenhuma;formatacao
BA;serra do ramalho;serra do ramalho;Serra do Ramalho;41;nenhuma;formatacao
BA;serrinha;serrinha;Serrinha;160;nenhuma;formatacao
BA;serrolandia;serrolandia;Serrolândia;37;nenhuma;formatacao
BA;serrolândia;serrolandia;Serrolândia;5;acento;formatacao
BA;simoes filho;simoes filho;Simões Filho;246;nenhuma;formatacao
BA;simões filho;simoes filho;Simões Filho;41;acento;formatacao
BA;sobradinho;sobradinho;Sobradinho;66;nenhuma;formatacao
BA;souto soares;souto soares;Souto Soares;15;nenhuma;formatacao
BA;satiro dias;satiro dias;Sátiro Dias;5;nenhuma;formatacao
BA;sátiro dias;satiro dias;Sátiro Dias;4;acento;formatacao
BA;sao desiderio;sao desiderio;São Desidério;20;nenhuma;formatacao
BA;são desidério;sao desiderio;São Desidério;4;acento;formatacao
BA;sao domingos;sao domingos;São Domingos;14;nenhuma;formatacao
BA;são domingos;sao domingos;São Domingos;1;acento;formatacao
BA;sao felipe;sao felipe;São Felipe;25;nenhuma;formatacao
BA;são felipe;sao felipe;São Felipe;8;acento;formatacao
BA;sao francisco do conde;sao francisco do conde;São Francisco do Conde;51;nenhuma;formatacao
BA;são francisco do conde;sao francisco do conde;São Francisco do Conde;9;acento;formatacao
BA;sao felix;sao felix;São Félix;10;nenhuma;formatacao
BA;são félix;sao felix;São Félix;6;acento;formatacao
BA;sao felix do coribe;sao felix do coribe;São Félix do Coribe;26;nenhuma;formatacao
BA;são félix do coribe;sao felix do coribe;São Félix do Coribe;6;acento;formatacao
BA;sao gabriel;sao gabriel;São Gabriel;11;nenhuma;formatacao
BA;são gabriel;sao gabriel;São Gabriel;2;acento;formatacao
BA;sao goncalo dos campos;sao goncalo dos campos;São Gonçalo dos Campos;27;nenhuma;formatacao
BA;são gonçalo dos campos;sao goncalo dos campos;São Gonçalo dos Campos;10;acento;formatacao
BA;sao jose da vitoria;sao jose da vitoria;São José da Vitória;9;nenhuma;formatacao
BA;são josé da vitória;sao jose da vitoria;São José da Vitória;2;acento;formatacao
BA;sao jose do jacuipe;sao jose do jacuipe;São José do Jacuípe;13;nenhuma;formatacao
BA;são josé do jacuípe;sao jose do jacuipe;São José do Jacuípe;4;acento;formatacao
BA;sao miguel das matas;sao miguel das matas;São Miguel das Matas;13;nenhuma;formatacao
BA;são miguel das matas;sao miguel das matas;São Miguel das Matas;3;acento;formatacao
BA;sao sebastiao do passe;sao sebastiao do passe;São Sebastião do Passe;67;nenhuma;formatacao
BA;são sebastião do passe;sao sebastiao do passe;São Sebastião do Passe;9;acento;formatacao
BA;são sebastião do passé;sao sebastiao do passe;São Sebastião do Passe;4;acento;formatacao
BA;sítio grande;sitio grande;Sítio Grande;2;acento;formatacao
BA;sitio do mato;sitio do mato;Sítio do Mato;6;nenhuma;formatacao
BA;sítio do mato;sitio do mato;Sítio do Mato;1;acento;formatacao
BA;sitio do quinto;sitio do quinto;Sítio do Quinto;26;nenhuma;formatacao
BA;sítio do quinto;sitio do quinto;Sítio do Quinto;3;acento;formatacao
BA;tabocas do brejo velho;tabocas do brejo velho;Tabocas do Brejo Velho;27;nenhuma;formatacao
BA;taboquinhas;taboquinhas;Taboquinhas;1;nenhuma;formatacao
BA;tanhacu;tanhacu;Tanhaçu;14;nenhuma;formatacao
BA;tanhaçu;tanhacu;Tanhaçu;3;acento;formatacao
BA;tanque novo;tanque novo;Tanque Novo;27;nenhuma;formatacao
BA;tanquinho;tanquinho;Tanquinho;6;nenhuma;formatacao
BA;taperoa;taperoa;Taperoá;15;nenhuma;formatacao
BA;taperoá;taperoa;Taperoá;3;acento;formatacao
BA;tapiramuta;tapiramuta;Tapiramutá;26;nenhuma;formatacao
BA;tapiramutá;tapiramuta;Tapiramutá;3;acento;formatacao
BA;tauape;tauape;Tauape;1;nenhuma;formatacao
BA;teixeira de freitas;teixeira de freitas;Teixeira de Freitas;431;nenhuma;formatacao
BA;teodoro sampaio;teodoro sampaio;Teodoro Sampaio;5;nenhuma;formatacao
BA;teofilandia;teofilandia;Teofilândia;33;nenhuma;formatacao
BA;teofilândia;teofilandia;Teofilândia;4;acento;formatacao
BA;teolandia;teolandia;Teolândia;11;nenhuma;formatacao
BA;teolândia;teolandia;Teolândia;5;acento;formatacao
BA;terra nova;terra nova;Terra Nova;13;nenhuma;formatacao
BA;trancoso;trancoso;Trancoso;38;nenhuma;formatacao
BA;tremedal;tremedal;Tremedal;12;nenhuma;formatacao
BA;tucano;tucano;Tucano;67;nenhuma;formatacao
BA;uaua;uaua;Uauá;21;nenhuma;formatacao
BA;uauá;uaua;Uauá;4;acento;formatacao
BA;ubaitaba;ubaitaba;Ubaitaba;44;nenhuma;formatacao
BA;ubata;ubata;Ubatã;48;nenhuma;formatacao
BA;ubatã;ubata;Ubatã;10;acento;formatacao
BA;ubaira;ubaira;Ubaíra;23;nenhuma;formatacao
BA;ubaíra;ubaira;Ubaíra;4;acento;formatacao
BA;ubiraita;ubiraita;Ubiraita;1;nenhuma;formatacao
BA;uibai;uibai;Uibaí;26;nenhuma;formatacao
BA;uibaí;uibai;Uibaí;5;acento;formatacao
BA;umburanas;umburanas;Umburanas;10;nenhuma;formatacao
BA;una;una;Una;44;nenhuma;formatacao
BA;urandi;urandi;Urandi;23;nenhuma;formatacao
BA;urucuca;urucuca;Uruçuca;35;nenhuma;formatacao
BA;uruçuca;urucuca;Uruçuca;5;acento;formatacao
BA;utinga;utinga;Utinga;42;nenhuma;formatacao
BA;valente;valente;Valente;60;nenhuma;formatacao
BA;valenca;valenca;Valença;234;nenhuma;formatacao
BA;valença;valenca;Valença;43;acento;formatacao
BA;varzedo;varzedo;Varzedo;8;nenhuma;formatacao
BA;vera cruz;vera cruz;Vera Cruz;66;nenhuma;formatacao
BA;vereda;vereda;Vereda;5;nenhuma;formatacao
BA;vitoria da conquista;vitoria da conquista;Vitória da Conquista;1090;nenhuma;formatacao
BA;vitória da conquista;vitoria da conquista;Vitória da Conquista;197;acento;formatacao
BA;varzea nova;varzea nova;Várzea Nova;18;nenhuma;formatacao
BA;várzea nova;varzea nova;Várzea Nova;4;acento;formatacao
BA;varzea da roca;varzea da roca;Várzea da Roça;15;nenhuma;formatacao
BA;várzea da roça;varzea da roca;Várzea da Roça;4;acento;formatacao
BA;varzea do poco;varzea do poco;Várzea do Poço;13;nenhuma;formatacao
BA;várzea do poço;varzea do poco;Várzea do Poço;2;acento;formatacao
BA;wagner;wagner;Wagner;12;nenhuma;formatacao
BA;wanderley;wanderley;Wanderley;19;nenhuma;formatacao
BA;wenceslau guimaraes;wenceslau guimaraes;Wenceslau Guimarães;12;nenhuma;formatacao
BA;wenceslau guimarães;wenceslau guimaraes;Wenceslau Guimarães;4;acento;formatacao
BA;xique-xique;xique xique;Xique-xique;70;sufixo-uf;formatacao
BA;agua fria;agua fria;Água Fria;9;nenhuma;formatacao
BA;água fria;agua fria;Água Fria;2;acento;formatacao
BA;erico cardoso;erico cardoso;Érico Cardoso;8;nenhuma;formatacao
BA;érico cardoso;erico cardoso;Érico Cardoso;1;acento;formatacao
CE;abaiara;abaiara;Abaiara;8;nenhuma;formatacao
CE;acarape;acarape;Acarape;6;nenhuma;formatacao
CE;acarau;acarau;Acaraú;49;nenhuma;formatacao
CE;acaraú;acarau;Acaraú;3;acento;formatacao
CE;acopiara;acopiara;Acopiara;60;nenhuma;formatacao
CE;aiuaba;aiuaba;Aiuaba;10;nenhuma;formatacao
CE;alcântaras;alcantaras;Alcântaras;2;acento;formatacao
CE;alcantaras;alcantaras;Alcântaras;2;nenhuma;formatacao
CE;altaneira;altaneira;Altaneira;15;nenhuma;formatacao
CE;alto santo;alto santo;Alto Santo;28;nenhuma;formatacao
CE;amanari;amanari;Amanari;2;nenhuma;formatacao
CE;amontada;amontada;Amontada;15;nenhuma;formatacao
CE;antonina do norte;antonina do norte;Antonina do Norte;9;nenhuma;formatacao
CE;apuiares;apuiares;Apuiarés;8;nenhuma;formatacao
CE;apuiarés;apuiares;Apuiarés;1;acento;formatacao
CE;aquiraz;aquiraz;Aquiraz;28;nenhuma;formatacao
CE;aracati;aracati;Aracati;121;nenhuma;formatacao
CE;aracoiaba;aracoiaba;Aracoiaba;9;nenhuma;formatacao
CE;ararenda;ararenda;Ararendá;5;nenhuma;formatacao
CE;ararendá;ararenda;Ararendá;1;acento;formatacao
CE;araripe;araripe;Araripe;20;nenhuma;formatacao
CE;aratuba;aratuba;Aratuba;13;nenhuma;formatacao
CE;arneiroz;arneiroz;Arneiroz;6;nenhuma;formatacao
CE;assare;assare;Assaré;19;nenhuma;formatacao
CE;assaré;assare;Assaré;6;acento;formatacao
CE;aurora;aurora;Aurora;28;nenhuma;formatacao
CE;baixio;baixio;Baixio;8;nenhuma;formatacao
CE;banabuiu;banabuiu;Banabuiú;13;nenhuma;formatacao
CE;banabuiú;banabuiu;Banabuiú;4;acento;formatacao
CE;barbalha;barbalha;Barbalha;73;nenhuma;formatacao
CE;barreira;barreira;Barreira;20;nenhuma;formatacao
CE;barro;barro;Barro;30;nenhuma;formatacao
CE;barroquinha;barroquinha;Barroquinha;3;nenhuma;formatacao
CE;baturite;baturite;Baturité;42;nenhuma;formatacao
CE;baturité;baturite;Baturité;2;acento;formatacao
CE;beberibe;beberibe;Beberibe;27;nenhuma;formatacao
CE;bela cruz;bela cruz;Bela Cruz;58;nenhuma;formatacao
CE;bitupita;bitupita;Bitupita;2;nenhuma;formatacao
CE;boa viagem;boa viagem;Boa Viagem;64;nenhuma;formatacao
CE;brejo santo;brejo santo;Brejo Santo;77;nenhuma;formatacao
CE;caicara;caicara;Caicara;1;nenhuma;formatacao
CE;camocim;camocim;Camocim;97;nenhuma;formatacao
CE;campos sales;campos sales;Campos Sales;30;nenhuma;formatacao
CE;caninde;caninde;Canindé;66;nenhuma;formatacao
CE;canindé;caninde;Canindé;4;acento;formatacao
CE;capistrano;capistrano;Capistrano;17;nenhuma;formatacao
CE;caponga;caponga;Caponga;1;nenhuma;formatacao
CE;caridade;caridade;Caridade;14;nenhuma;formatacao
CE;caririacu;caririacu;Caririaçu;16;nenhuma;formatacao
CE;caririaçu;caririacu;Caririaçu;2;acento;formatacao
CE;carire;carire;Cariré;15;nenhuma;formatacao
CE;cariré;carire;Cariré;5;acento;formatacao
CE;carius;carius;Cariús;12;nenhuma;formatacao
CE;cariús;carius;Cariús;3;acento;formatacao
CE;carnaubal;carnaubal;Carnaubal;22;nenhuma;formatacao
CE;cascavel;cascavel;Cascavel;48;nenhuma;formatacao
CE;catarina;catarina;Catarina;11;nenhuma;formatacao
CE;catunda;catunda;Catunda;9;nenhuma;formatacao
CE;caucaia;caucaia;Caucaia;288;nenhuma;formatacao
CE;cedro;cedro;Cedro;42;nenhuma;formatacao
CE;chaval;chaval;Chaval;13;nenhuma;formatacao
CE;chorozinho;chorozinho;Chorozinho;11;nenhuma;formatacao
CE;coreau;coreau;Coreaú;17;nenhuma;formatacao
CE;coreaú;coreau;Coreaú;3;acento;formatacao
CE;crateus;crateus;Crateús;92;nenhuma;formatacao
CE;crateús;crateus;Crateús;6;acento;formatacao
CE;crato;crato;Crato;202;nenhuma;formatacao
CE;croata;croata;Croatá;9;nenhuma;formatacao
CE;croatá;croata;Croatá;4;acento;formatacao
CE;cruz;cruz;Cruz;70;nenhuma;formatacao
CE;deputado irapuan pinheiro;deputado irapuan pinheiro;Deputado Irapuan Pinheiro;18;nenhuma;formatacao
CE;deserto;deserto;Deserto;1;nenhuma;formatacao
CE;dourado;dourado;Dourado;1;nenhuma;formatacao
CE;erere;erere;Erere;8;nenhuma;formatacao
CE;eusebio;eusebio;Eusébio;94;nenhuma;formatacao
CE;eusébio;eusebio;Eusébio;15;acento;formatacao
CE;farias brito;farias brito;Farias Brito;13;nenhuma;formatacao
CE;feiticeiro;feiticeiro;Feiticeiro;1;nenhuma;formatacao
CE;flores;flores;Flores;4;nenhuma;formatacao
CE;forquilha;forquilha;Forquilha;34;nenhuma;formatacao
CE;fortaleza;fortaleza;Fortaleza;6199;nenhuma;formatacao
CE;fortim;fortim;Fortim;25;nenhuma;formatacao
CE;frecheirinha;frecheirinha;Frecheirinha;21;nenhuma;formatacao
CE;general sampaio;general sampaio;General Sampaio;1;nenhuma;formatacao
CE;graca;graca;Graca;9;nenhuma;formatacao
CE;granja;granja;Granja;49;nenhuma;formatacao
CE;granjeiro;granjeiro;Granjeiro;2;nenhuma;formatacao
CE;groairas;groairas;Groairas;11;nenhuma;formatacao
CE;guaiuba;guaiuba;Guaiuba;11;nenhuma;formatacao
CE;guaraciaba do norte;guaraciaba do norte;Guaraciaba do Norte;52;nenhuma;formatacao
CE;guaramiranga;guaramiranga;Guaramiranga;9;nenhuma;formatacao
CE;guassusse;guassusse;Guassussê;2;nenhuma;formatacao
CE;guassussê;guassusse;Guassussê;1;acento;formatacao
CE;hidrolandia;hidrolandia;Hidrolândia;32;nenhuma;formatacao
CE;hidrolândia;hidrolandia;Hidrolândia;4;acento;formatacao
CE;horizonte;horizonte;Horizonte;67;nenhuma;formatacao
CE;ibaretama;ibaretama;Ibaretama;6;nenhuma;formatacao
CE;ibiapina;ibiapina;Ibiapina;15;nenhuma;formatacao
CE;ibicua;ibicua;Ibicua;1;nenhuma;formatacao
CE;ibicuitinga;ibicuitinga;Ibicuitinga;7;nenhuma;formatacao
CE;icapui;icapui;Icapuí;20;nenhuma;formatacao
CE;icapuí;icapui;Icapuí;6;acento;formatacao
CE;ico;ico;Icó;57;nenhuma;formatacao
CE;icó;ico;Icó;10;acento;formatacao
CE;iguatu;iguatu;Iguatu;142;nenhuma;formatacao
CE;independencia;independencia;Independencia;21;nenhuma;formatacao
CE;ipaporanga;ipaporanga;Ipaporanga;11;nenhuma;formatacao
CE;ipaumirim;ipaumirim;Ipaumirim;9;nenhuma;formatacao
CE;ipu;ipu;Ipu;60;nenhuma;formatacao
CE;ipueiras;ipueiras;Ipueiras;32;nenhuma;formatacao
CE;iracema;iracema;Iracema;19;nenhuma;formatacao
CE;iraucuba;iraucuba;Irauçuba;21;nenhuma;formatacao
CE;irauçuba;iraucuba;Irauçuba;5;acento;formatacao
CE;itaicaba;itaicaba;Itaicaba;10;nenhuma;formatacao
CE;itaitinga;itaitinga;Itaitinga;35;nenhuma;formatacao
CE;itapage;itapage;Itapage;8;nenhuma;formatacao
CE;itapaje;itapaje;Itapajé;39;nenhuma;formatacao
CE;itapajé;itapaje;Itapajé;13;acento;formatacao
CE;itapipoca;itapipoca;Itapipoca;121;nenhuma;formatacao
CE;itapiuna;itapiuna;Itapiúna;11;nenhuma;formatacao
CE;itapiúna;itapiuna;Itapiúna;2;acento;formatacao
CE;itarema;itarema;Itarema;40;nenhuma;formatacao
CE;jaguaretama;jaguaretama;Jaguaretama;6;nenhuma;formatacao
CE;jaguaribara;jaguaribara;Jaguaribara;4;nenhuma;formatacao
CE;jaguaribe;jaguaribe;Jaguaribe;41;nenhuma;formatacao
CE;jaguaruana;jaguaruana;Jaguaruana;47;nenhuma;formatacao
CE;jaibaras;jaibaras;Jaibaras;3;nenhuma;formatacao
CE;jardim;jardim;Jardim;16;nenhuma;formatacao
CE;jati;jati;Jati;5;nenhuma;formatacao
CE;jijoca de jericoacoara;jijoca de jericoacoara;Jijoca de Jericoacoara;107;nenhuma;formatacao
CE;jordao;jordao;Jordao;1;nenhuma;formatacao
CE;juatama;juatama;Juatama;1;nenhuma;formatacao
CE;juazeiro do norte;juazeiro do norte;Juazeiro do Norte;483;nenhuma;formatacao
CE;jucas;jucas;Jucás;7;nenhuma;formatacao
CE;jucás;jucas;Jucás;4;acento;formatacao
CE;juzeiro do norte;juzeiro do norte;Juzeiro do Norte;1;nenhuma;formatacao
CE;lages;lages;Lages;2;nenhuma;formatacao
CE;lagoa do mato;lagoa do mato;Lagoa do Mato;3;nenhuma;formatacao
CE;lagoinha;lagoinha;Lagoinha;1;nenhuma;formatacao
CE;lavras da mangabeira;lavras da mangabeira;Lavras da Mangabeira;21;nenhuma;formatacao
CE;limoeiro do norte;limoeiro do norte;Limoeiro do Norte;141;nenhuma;formatacao
CE;madalena;madalena;Madalena;10;nenhuma;formatacao
CE;mangabeira;mangabeira;Mangabeira;2;nenhuma;formatacao
CE;maracanau;maracanau;Maracanaú;226;nenhuma;formatacao
CE;maracanaú;maracanau;Maracanaú;30;acento;formatacao
CE;maranguape;maranguape;Maranguape;66;nenhuma;formatacao
CE;marco;marco;Marco;29;nenhuma;formatacao
CE;martinopole;martinopole;Martinópole;13;nenhuma;formatacao
CE;martinópole;martinopole;Martinópole;2;acento;formatacao
CE;massape;massape;Massapê;27;nenhuma;formatacao
CE;massapê;massape;Massapê;4;acento;formatacao
CE;mauriti;mauriti;Mauriti;24;nenhuma;formatacao
CE;meruoca;meruoca;Meruoca;9;nenhuma;formatacao
CE;milagres;milagres;Milagres;16;nenhuma;formatacao
CE;milha;milha;Milhã;13;nenhuma;formatacao
CE;milhã;milha;Milhã;1;acento;formatacao
CE;mineirolândia;mineirolandia;Mineirolândia;1;acento;formatacao
CE;miraima;miraima;Miraima;9;nenhuma;formatacao
CE;missi;missi;Missi;1;nenhuma;formatacao
CE;missao velha;missao velha;Missão Velha;13;nenhuma;formatacao
CE;missão velha;missao velha;Missão Velha;1;acento;formatacao
CE;mombaca;mombaca;Mombaça;27;nenhuma;formatacao
CE;mombaça;mombaca;Mombaça;8;acento;formatacao
CE;monsenhor tabosa;monsenhor tabosa;Monsenhor Tabosa;24;nenhuma;formatacao
CE;morada nova;morada nova;Morada Nova;73;nenhuma;formatacao
CE;moraujo;moraujo;Moraujo;3;nenhuma;formatacao
CE;morrinhos;morrinhos;Morrinhos;29;nenhuma;formatacao
CE;mucambo;mucambo;Mucambo;15;nenhuma;formatacao
CE;mulungu;mulungu;Mulungu;5;nenhuma;formatacao
CE;nova floresta;nova floresta;Nova Floresta;2;nenhuma;formatacao
CE;nova olinda;nova olinda;Nova Olinda;15;nenhuma;formatacao
CE;nova russas;nova russas;Nova Russas;42;nenhuma;formatacao
CE;novo oriente;novo oriente;Novo Oriente;27;nenhuma;formatacao
CE;ocara;ocara;Ocara;7;nenhuma;formatacao
CE;oros;oros;Orós;20;nenhuma;formatacao
CE;orós;oros;Orós;4;acento;formatacao
CE;pacajus;pacajus;Pacajus;51;nenhuma;formatacao
CE;pacatuba;pacatuba;Pacatuba;59;nenhuma;formatacao
CE;pacoti;pacoti;Pacoti;11;nenhuma;formatacao
CE;pacuja;pacuja;Pacujá;5;nenhuma;formatacao
CE;pacujá;pacuja;Pacujá;1;acento;formatacao
CE;palhano;palhano;Palhano;10;nenhuma;formatacao
CE;palmacia;palmacia;Palmacia;5;nenhuma;formatacao
CE;paracuru;paracuru;Paracuru;22;nenhuma;formatacao
CE;paraipaba;paraipaba;Paraipaba;38;nenhuma;formatacao
CE;parambu;parambu;Parambu;25;nenhuma;formatacao
CE;paramoti;paramoti;Paramoti;6;nenhuma;formatacao
CE;pecem;pecem;Pecem;4;nenhuma;formatacao
CE;pedra branca;pedra branca;Pedra Branca;38;nenhuma;formatacao
CE;penaforte;penaforte;Penaforte;9;nenhuma;formatacao
CE;pentecoste;pentecoste;Pentecoste;20;nenhuma;formatacao
CE;pereiro;pereiro;Pereiro;23;nenhuma;formatacao
CE;pindoretama;pindoretama;Pindoretama;16;nenhuma;formatacao
CE;piquet carneiro;piquet carneiro;Piquet Carneiro;23;nenhuma;formatacao
CE;pires ferreira;pires ferreira;Pires Ferreira;8;nenhuma;formatacao
CE;poranga;poranga;Poranga;9;nenhuma;formatacao
CE;porteiras;porteiras;Porteiras;15;nenhuma;formatacao
CE;potengi;potengi;Potengi;10;nenhuma;formatacao
CE;potiretama;potiretama;Potiretama;5;nenhuma;formatacao
CE;queimados;queimados;Queimados;1;nenhuma;formatacao
CE;quiterianopolis;quiterianopolis;Quiterianópolis;14;nenhuma;formatacao
CE;quiterianópolis;quiterianopolis;Quiterianópolis;1;acento;formatacao
CE;quixada;quixada;Quixadá;81;nenhuma;formatacao
CE;quixadá;quixada;Quixadá;9;acento;formatacao
CE;quixelo;quixelo;Quixelô;7;nenhuma;formatacao
CE;quixelô;quixelo;Quixelô;4;acento;formatacao
CE;quixeramobim;quixeramobim;Quixeramobim;72;nenhuma;formatacao
CE;quixere;quixere;Quixere;24;nenhuma;formatacao
CE;rafael arruda;rafael arruda;Rafael Arruda;1;nenhuma;formatacao
CE;redencao;redencao;Redenção;17;nenhuma;formatacao
CE;redenção;redencao;Redenção;4;acento;formatacao
CE;reriutaba;reriutaba;Reriutaba;24;nenhuma;formatacao
CE;russas;russas;Russas;98;nenhuma;formatacao
CE;saboeiro;saboeiro;Saboeiro;10;nenhuma;formatacao
CE;salitre;salitre;Salitre;14;nenhuma;formatacao
CE;santa quiteria;santa quiteria;Santa Quitéria;41;nenhuma;formatacao
CE;santa quitéria;santa quiteria;Santa Quitéria;5;acento;formatacao
CE;santana do acarau;santana do acarau;Santana do Acaraú;23;nenhuma;formatacao
CE;santana do acaraú;santana do acarau;Santana do Acaraú;3;acento;formatacao
CE;santana do cariri;santana do cariri;Santana do Cariri;14;nenhuma;formatacao
CE;sao joao de deus;sao joao de deus;Sao Joao de Deus;1;nenhuma;formatacao
CE;sao miguel;sao miguel;Sao Miguel;1;nenhuma;formatacao
CE;sao pedro;sao pedro;Sao Pedro;1;nenhuma;formatacao
CE;sebastiao de abreu;sebastiao de abreu;Sebastiao de Abreu;1;nenhuma;formatacao
CE;senador pompeu;senador pompeu;Senador Pompeu;34;nenhuma;formatacao
CE;senador sa;senador sa;Senador Sa;1;nenhuma;formatacao
CE;sobral;sobral;Sobral;359;nenhuma;formatacao
CE;solonopole;solonopole;Solonópole;13;nenhuma;formatacao
CE;solonópole;solonopole;Solonópole;2;acento;formatacao
CE;sucatinga;sucatinga;Sucatinga;7;nenhuma;formatacao
CE;sucesso;sucesso;Sucesso;6;nenhuma;formatacao
CE;sao benedito;sao benedito;São Benedito;50;nenhuma;formatacao
CE;são benedito;sao benedito;São Benedito;5;acento;formatacao
CE;sao goncalo do amarante;sao goncalo do amarante;São Gonçalo do Amarante;34;nenhuma;formatacao
CE;são gonçalo do amarante;sao goncalo do amarante;São Gonçalo do Amarante;5;acento;formatacao
CE;sao jose do torto;sao jose do torto;São José do Torto;2;nenhuma;formatacao
CE;são josé do torto;sao jose do torto;São José do Torto;1;acento;formatacao
CE;sao joao do jaguaribe;sao joao do jaguaribe;São João do Jaguaribe;12;nenhuma;formatacao
CE;são joão do jaguaribe;sao joao do jaguaribe;São João do Jaguaribe;1;acento;formatacao
CE;sao luis do curu;sao luis do curu;São Luís do Curu;9;nenhuma;formatacao
CE;são luís do curu;sao luis do curu;São Luís do Curu;2;acento;formatacao
CE;tabuleiro do norte;tabuleiro do norte;Tabuleiro do Norte;52;nenhuma;formatacao
CE;tamboril;tamboril;Tamboril;11;nenhuma;formatacao
CE;taperuaba;taperuaba;Taperuaba;6;nenhuma;formatacao
CE;tarrafas;tarrafas;Tarrafas;2;nenhuma;formatacao
CE;taua;taua;Tauá;51;nenhuma;formatacao
CE;tauá;taua;Tauá;1;acento;formatacao
CE;tejucuoca;tejucuoca;Tejuçuoca;5;nenhuma;formatacao
CE;tejuçuoca;tejucuoca;Tejuçuoca;2;acento;formatacao
CE;tiangua;tiangua;Tianguá;96;nenhuma;formatacao
CE;tianguá;tiangua;Tianguá;13;acento;formatacao
CE;trairi;trairi;Trairi;19;nenhuma;formatacao
CE;tururu;tururu;Tururu;8;nenhuma;formatacao
CE;ubajara;ubajara;Ubajara;28;nenhuma;formatacao
CE;umari;umari;Umari;11;nenhuma;formatacao
CE;umirim;umirim;Umirim;3;nenhuma;formatacao
CE;uruburetama;uruburetama;Uruburetama;13;nenhuma;formatacao
CE;uruoca;uruoca;Uruoca;10;nenhuma;formatacao
CE;varjota;varjota;Varjota;40;nenhuma;formatacao
CE;vicosa do ceara;vicosa do ceara;Viçosa do Ceará;39;nenhuma;formatacao
CE;viçosa do ceará;vicosa do ceara;Viçosa do Ceará;7;acento;formatacao
CE;varzea alegre;varzea alegre;Várzea Alegre;45;nenhuma;formatacao
CE;várzea alegre;varzea alegre;Várzea Alegre;10;acento;formatacao
DF;brasilia;brasilia;Brasília;12629;nenhuma;formatacao
DF;brasília;brasilia;Brasília;2180;acento;formatacao
DF;brasilia df;brasilia;Brasília;1;sufixo-uf;estrutural
DF;brazlandia;brazlandia;Brazlândia;3;nenhuma;formatacao
DF;brazlândia;brazlandia;Brazlândia;1;acento;formatacao
DF;candangolândia;candangolandia;Candangolândia;2;acento;formatacao
DF;candangolandia;candangolandia;Candangolândia;1;nenhuma;formatacao
DF;ceilandia norte;ceilandia norte;Ceilandia Norte;1;nenhuma;formatacao
DF;ceilandia;ceilandia;Ceilândia;38;nenhuma;formatacao
DF;ceilândia;ceilandia;Ceilândia;3;acento;formatacao
DF;cruzeiro;cruzeiro;Cruzeiro;47;nenhuma;formatacao
DF;gama;gama;Gama;8;nenhuma;formatacao
DF;guara;guara;Guará;29;nenhuma;formatacao
DF;guará;guara;Guará;2;acento;formatacao
DF;lago norte;lago norte;Lago Norte;9;nenhuma;formatacao
DF;lago sul;lago sul;Lago Sul;22;nenhuma;formatacao
DF;nucleo bandeirante;nucleo bandeirante;Núcleo Bandeirante;8;nenhuma;formatacao
DF;núcleo bandeirante;nucleo bandeirante;Núcleo Bandeirante;3;acento;formatacao
DF;paranoa;paranoa;Paranoa;2;nenhuma;formatacao
DF;planaltina;planaltina;Planaltina;4;nenhuma;formatacao
DF;recanto das emas;recanto das emas;Recanto das Emas;3;nenhuma;formatacao
DF;riacho fundo;riacho fundo;Riacho Fundo;5;nenhuma;formatacao
DF;riacho fundo 2;riacho fundo 2;Riacho Fundo 2;1;nenhuma;formatacao
DF;samambaia;samambaia;Samambaia;19;nenhuma;formatacao
DF;santa maria;santa maria;Santa Maria;14;nenhuma;formatacao
DF;sobradinho;sobradinho;Sobradinho;31;nenhuma;formatacao
DF;sao sebastiao;sao sebastiao;São Sebastião;4;nenhuma;formatacao
DF;são sebastião;sao sebastiao;São Sebastião;1;acento;formatacao
DF;taguatinga;taguatinga;Taguatinga;85;nenhuma;formatacao
ES;acioli;acioli;Acioli;1;nenhuma;formatacao
ES;afonso claudio;afonso claudio;Afonso Cláudio;91;nenhuma;formatacao
ES;afonso cláudio;afonso claudio;Afonso Cláudio;12;acento;formatacao
ES;alegre;alegre;Alegre;148;nenhuma;formatacao
ES;alfredo chaves;alfredo chaves;Alfredo Chaves;57;nenhuma;formatacao
ES;alto calcado;alto calcado;Alto Calcado;1;nenhuma;formatacao
ES;alto mutum preto;alto mutum preto;Alto Mutum Preto;1;nenhuma;formatacao
ES;alto rio novo;alto rio novo;Alto Rio Novo;24;nenhuma;formatacao
ES;anchieta;anchieta;Anchieta;98;nenhuma;formatacao
ES;angelo frechiani;angelo frechiani;Angelo Frechiani;1;nenhuma;formatacao
ES;apiaca;apiaca;Apiacá;40;nenhuma;formatacao
ES;apiacá;apiaca;Apiacá;3;acento;formatacao
ES;arace;arace;Arace;10;nenhuma;formatacao
ES;aracruz;aracruz;Aracruz;326;nenhuma;formatacao
ES;araguaia;araguaia;Araguaia;4;nenhuma;formatacao
ES;atilio vivacqua;atilio vivacqua;Atilio Vivacqua;27;nenhuma;formatacao
ES;baixo guandu;baixo guandu;Baixo Guandu;141;nenhuma;formatacao
ES;barra de sao francisco;barra de sao francisco;Barra de São Francisco;127;nenhuma;formatacao
ES;barra de são francisco;barra de sao francisco;Barra de São Francisco;27;acento;formatacao
ES;boa esperanca;boa esperanca;Boa Esperança;54;nenhuma;formatacao
ES;boa esperança;boa esperanca;Boa Esperança;7;acento;formatacao
ES;bom jesus do norte;bom jesus do norte;Bom Jesus do Norte;44;nenhuma;formatacao
ES;braco do rio;braco do rio;Braço do Rio;8;nenhuma;formatacao
ES;braço do rio;braco do rio;Braço do Rio;5;acento;formatacao
ES;brejetuba;brejetuba;Brejetuba;23;nenhuma;formatacao
ES;burarama;burarama;Burarama;2;nenhuma;formatacao
ES;cachoeiro de itapemirim;cachoeiro de itapemirim;Cachoeiro de Itapemirim;1037;nenhuma;formatacao
ES;cafe;cafe;Cafe;1;nenhuma;formatacao
ES;cariacica;cariacica;Cariacica;1052;nenhuma;formatacao
ES;cariacica / es;cariacica;Cariacica;1;sufixo-uf;estrutural
ES;castelo;castelo;Castelo;190;nenhuma;formatacao
ES;celina;celina;Celina;8;nenhuma;formatacao
ES;colatina;colatina;Colatina;649;nenhuma;formatacao
ES;conceicao da barra;conceicao da barra;Conceição da Barra;51;nenhuma;formatacao
ES;conceição da barra;conceicao da barra;Conceição da Barra;9;acento;formatacao
ES;conceicao do castelo;conceicao do castelo;Conceição do Castelo;43;nenhuma;formatacao
ES;conceição do castelo;conceicao do castelo;Conceição do Castelo;11;acento;formatacao
ES;conduru;conduru;Conduru;2;nenhuma;formatacao
ES;coqueiral;coqueiral;Coqueiral;1;nenhuma;formatacao
ES;cristal do norte;cristal do norte;Cristal do Norte;1;nenhuma;formatacao
ES;córrego dos monos;corrego dos monos;Córrego dos Monos;1;acento;formatacao
ES;corrego dos monos;corrego dos monos;Córrego dos Monos;1;nenhuma;formatacao
ES;divino de sao lourenco;divino de sao lourenco;Divino de São Lourenço;13;nenhuma;formatacao
ES;divino de são lourenço;divino de sao lourenco;Divino de São Lourenço;1;acento;formatacao
ES;domingos martins;domingos martins;Domingos Martins;87;nenhuma;formatacao
ES;dores do rio preto;dores do rio preto;Dores do Rio Preto;30;nenhuma;formatacao
ES;ecoporanga;ecoporanga;Ecoporanga;74;nenhuma;formatacao
ES;fundao;fundao;Fundão;32;nenhuma;formatacao
ES;fundão;fundao;Fundão;4;acento;formatacao
ES;governador lacerda de aguiar;governador lacerda de aguiar;Governador Lacerda de Aguiar;1;nenhuma;formatacao
ES;governador lindenberg;governador lindenberg;Governador Lindenberg;30;nenhuma;formatacao
ES;guarapari;guarapari;Guarapari;553;nenhuma;formatacao
ES;guacui;guacui;Guaçuí;116;nenhuma;formatacao
ES;guaçuí;guacui;Guaçuí;15;acento;formatacao
ES;ibatiba;ibatiba;Ibatiba;100;nenhuma;formatacao
ES;ibiracu;ibiracu;Ibiraçu;33;nenhuma;formatacao
ES;ibiraçu;ibiracu;Ibiraçu;3;acento;formatacao
ES;ibitirama;ibitirama;Ibitirama;11;nenhuma;formatacao
ES;iconha;iconha;Iconha;60;nenhuma;formatacao
ES;irupi;irupi;Irupi;21;nenhuma;formatacao
ES;isabel;isabel;Isabel;4;nenhuma;formatacao
ES;itabaiana;itabaiana;Itabaiana;2;nenhuma;formatacao
ES;itaguacu;itaguacu;Itaguaçu;37;nenhuma;formatacao
ES;itaguaçu;itaguacu;Itaguaçu;5;acento;formatacao
ES;itaimbe;itaimbe;Itaimbe;1;nenhuma;formatacao
ES;itaipava;itaipava;Itaipava;35;nenhuma;formatacao
ES;itaoca;itaoca;Itaoca;8;nenhuma;formatacao
ES;itapemirim;itapemirim;Itapemirim;97;nenhuma;formatacao
ES;itarana;itarana;Itarana;39;nenhuma;formatacao
ES;itaunas;itaunas;Itaunas;1;nenhuma;formatacao
ES;iuna;iuna;Iúna;73;nenhuma;formatacao
ES;iúna;iuna;Iúna;17;acento;formatacao
ES;jacigua;jacigua;Jacigua;6;nenhuma;formatacao
ES;jaguare;jaguare;Jaguaré;89;nenhuma;formatacao
ES;jaguaré;jaguare;Jaguaré;14;acento;formatacao
ES;jeronimo monteiro;jeronimo monteiro;Jerônimo Monteiro;42;nenhuma;formatacao
ES;jerônimo monteiro;jeronimo monteiro;Jerônimo Monteiro;12;acento;formatacao
ES;joao neiva;joao neiva;João Neiva;90;nenhuma;formatacao
ES;joão neiva;joao neiva;João Neiva;12;acento;formatacao
ES;lajinha;lajinha;Lajinha;6;nenhuma;formatacao
ES;laranja da terra;laranja da terra;Laranja da Terra;26;nenhuma;formatacao
ES;linhares;linhares;Linhares;800;nenhuma;formatacao
ES;linharesl;linharesl;Linharesl;1;nenhuma;formatacao
ES;mantenopolis;mantenopolis;Mantenópolis;40;nenhuma;formatacao
ES;mantenópolis;mantenopolis;Mantenópolis;4;acento;formatacao
ES;marataizes;marataizes;Marataízes;235;nenhuma;formatacao
ES;marataízes;marataizes;Marataízes;44;acento;formatacao
ES;marechal floriano;marechal floriano;Marechal Floriano;68;nenhuma;formatacao
ES;marilandia;marilandia;Marilândia;57;nenhuma;formatacao
ES;marilândia;marilandia;Marilândia;11;acento;formatacao
ES;mimoso do sul;mimoso do sul;Mimoso do Sul;91;nenhuma;formatacao
ES;montanha;montanha;Montanha;78;nenhuma;formatacao
ES;monte sinai;monte sinai;Monte Sinai;3;nenhuma;formatacao
ES;mucurici;mucurici;Mucurici;18;nenhuma;formatacao
ES;muniz freire;muniz freire;Muniz Freire;49;nenhuma;formatacao
ES;muqui;muqui;Muqui;67;nenhuma;formatacao
ES;nova venecia;nova venecia;Nova Venécia;181;nenhuma;formatacao
ES;nova venécia;nova venecia;Nova Venécia;39;acento;formatacao
ES;novo brasil;novo brasil;Novo Brasil;8;nenhuma;formatacao
ES;pacotuba;pacotuba;Pacotuba;3;nenhuma;formatacao
ES;pancas;pancas;Pancas;38;nenhuma;formatacao
ES;paraju;paraju;Paraju;2;nenhuma;formatacao
ES;paulista;paulista;Paulista;3;nenhuma;formatacao
ES;pedro canario;pedro canario;Pedro Canário;74;nenhuma;formatacao
ES;pedro canário;pedro canario;Pedro Canário;15;acento;formatacao
ES;piacu;piacu;Piacu;1;nenhuma;formatacao
ES;pinheiros;pinheiros;Pinheiros;102;nenhuma;formatacao
ES;piuma;piuma;Piúma;120;nenhuma;formatacao
ES;piúma;piuma;Piúma;15;acento;formatacao
ES;ponto belo;ponto belo;Ponto Belo;21;nenhuma;formatacao
ES;praia grande;praia grande;Praia Grande;11;nenhuma;formatacao
ES;praia grande (fundão) - distrito;praia grande (fundao) distrito;Praia Grande (fundão) - Distrito;1;sufixo-uf|acento;formatacao
ES;presidente kennedy;presidente kennedy;Presidente Kennedy;29;nenhuma;formatacao
ES;quilometro 14 do mutum;quilometro 14 do mutum;Quilometro 14 do Mutum;3;nenhuma;formatacao
ES;rio bananal;rio bananal;Rio Bananal;68;nenhuma;formatacao
ES;rio novo do sul;rio novo do sul;Rio Novo do Sul;62;nenhuma;formatacao
ES;rive;rive;Rive;6;nenhuma;formatacao
ES;santa leopoldina;santa leopoldina;Santa Leopoldina;23;nenhuma;formatacao
ES;santa luzia de mantenopolis;santa luzia de mantenopolis;Santa Luzia de Mantenopolis;2;nenhuma;formatacao
ES;santa maria de jetiba;santa maria de jetiba;Santa Maria de Jetibá;135;nenhuma;formatacao
ES;santa maria de jetibá;santa maria de jetiba;Santa Maria de Jetibá;30;acento;formatacao
ES;santa teresa;santa teresa;Santa Teresa;113;nenhuma;formatacao
ES;santo agostinho;santo agostinho;Santo Agostinho;1;nenhuma;formatacao
ES;santo antonio do canaa;santo antonio do canaa;Santo Antônio do Canaã;4;nenhuma;formatacao
ES;santo antônio do canaã;santo antonio do canaa;Santo Antônio do Canaã;1;acento;formatacao
ES;sao joao de petropolis;sao joao de petropolis;Sao Joao de Petropolis;2;nenhuma;formatacao
ES;sao joao de vicosa;sao joao de vicosa;Sao Joao de Vicosa;1;nenhuma;formatacao
ES;sao joao do sobrado;sao joao do sobrado;Sao Joao do Sobrado;4;nenhuma;formatacao
ES;sao jorge do tiradentes;sao jorge do tiradentes;Sao Jorge do Tiradentes;3;nenhuma;formatacao
ES;sao jose das torres;sao jose das torres;Sao Jose das Torres;1;nenhuma;formatacao
ES;sao roque do cannaa;sao roque do cannaa;Sao Roque do Cannaa;3;nenhuma;formatacao
ES;serra;serra;Serra;1897;nenhuma;formatacao
ES;sooretama;sooretama;Sooretama;63;nenhuma;formatacao
ES;sao domingos do norte;sao domingos do norte;São Domingos do Norte;30;nenhuma;formatacao
ES;são domingos do norte;sao domingos do norte;São Domingos do Norte;3;acento;formatacao
ES;sao gabriel da palha;sao gabriel da palha;São Gabriel da Palha;141;nenhuma;formatacao
ES;são gabriel da palha;sao gabriel da palha;São Gabriel da Palha;22;acento;formatacao
ES;sao jose do calcado;sao jose do calcado;São José do Calçado;43;nenhuma;formatacao
ES;são josé do calçado;sao jose do calcado;São José do Calçado;2;acento;formatacao
ES;sao mateus;sao mateus;São Mateus;393;nenhuma;formatacao
ES;são mateus;sao mateus;São Mateus;79;acento;formatacao
ES;são pedro de rates;sao pedro de rates;São Pedro de Rates;1;acento;formatacao
ES;sao roque do canaa;sao roque do canaa;São Roque do Canaã;30;nenhuma;formatacao
ES;são roque do canaã;sao roque do canaa;São Roque do Canaã;6;acento;formatacao
ES;vargem alta;vargem alta;Vargem Alta;59;nenhuma;formatacao
ES;vargem grande do soturno;vargem grande do soturno;Vargem Grande do Soturno;5;nenhuma;formatacao
ES;venda nova do imigrante;venda nova do imigrante;Venda Nova do Imigrante;182;nenhuma;formatacao
ES;venda nova do imigrante-es;venda nova do imigrante;Venda Nova do Imigrante;1;sufixo-uf;estrutural
ES;viana;viana;Viana;126;nenhuma;formatacao
ES;vila nelita;vila nelita;Vila Nelita;4;nenhuma;formatacao
ES;vila pavao;vila pavao;Vila Pavão;26;nenhuma;formatacao
ES;vila pavão;vila pavao;Vila Pavão;3;acento;formatacao
ES;vila valerio;vila valerio;Vila Valério;44;nenhuma;formatacao
ES;vila valério;vila valerio;Vila Valério;10;acento;formatacao
ES;vila velha;vila velha;Vila Velha;2386;nenhuma;formatacao
ES;vila verde;vila verde;Vila Verde;2;nenhuma;formatacao
ES;vinhatico;vinhatico;Vinhatico;1;nenhuma;formatacao
ES;vitoria;vitoria;Vitória;3854;nenhuma;formatacao
ES;vitória;vitoria;Vitória;498;acento;formatacao
ES;agua doce do norte;agua doce do norte;Água Doce do Norte;26;nenhuma;formatacao
ES;água doce do norte;agua doce do norte;Água Doce do Norte;6;acento;formatacao
ES;aguia branca;aguia branca;Águia Branca;26;nenhuma;formatacao
ES;águia branca;aguia branca;Águia Branca;4;acento;formatacao
GO;abadia de goias;abadia de goias;Abadia de Goias;9;nenhuma;formatacao
GO;abadiania;abadiania;Abadiânia;18;nenhuma;formatacao
GO;abadiânia;abadiania;Abadiânia;7;acento;formatacao
GO;acreuna;acreuna;Acreúna;50;nenhuma;formatacao
GO;acreúna;acreuna;Acreúna;6;acento;formatacao
GO;adelandia;adelandia;Adelandia;7;nenhuma;formatacao
GO;agua limpa;agua limpa;Agua Limpa;5;nenhuma;formatacao
GO;alexania;alexania;Alexânia;37;nenhuma;formatacao
GO;alexânia;alexania;Alexânia;15;acento;formatacao
GO;aloandia;aloandia;Aloândia;4;nenhuma;formatacao
GO;aloândia;aloandia;Aloândia;1;acento;formatacao
GO;alto horizonte;alto horizonte;Alto Horizonte;22;nenhuma;formatacao
GO;alto paraiso de goias;alto paraiso de goias;Alto Paraíso de Goiás;76;nenhuma;formatacao
GO;alto paraíso de goiás;alto paraiso de goias;Alto Paraíso de Goiás;19;acento;formatacao
GO;alvorada do norte;alvorada do norte;Alvorada do Norte;42;nenhuma;formatacao
GO;amaralina;amaralina;Amaralina;3;nenhuma;formatacao
GO;americano do brasil;americano do brasil;Americano do Brasil;18;nenhuma;formatacao
GO;amorinopolis;amorinopolis;Amorinópolis;5;nenhuma;formatacao
GO;amorinópolis;amorinopolis;Amorinópolis;1;acento;formatacao
GO;anhanguera;anhanguera;Anhanguera;1;nenhuma;formatacao
GO;anicuns;anicuns;Anicuns;59;nenhuma;formatacao
GO;anapolis;anapolis;Anápolis;1054;nenhuma;formatacao
GO;anápolis;anapolis;Anápolis;156;acento;formatacao
GO;aparecida de goiania;aparecida de goiania;Aparecida de Goiânia;966;nenhuma;formatacao
GO;aparecida de goiânia;aparecida de goiania;Aparecida de Goiânia;162;acento;formatacao
GO;aparecida do rio doce;aparecida do rio doce;Aparecida do Rio Doce;14;nenhuma;formatacao
GO;apore;apore;Aporé;5;nenhuma;formatacao
GO;aporé;apore;Aporé;3;acento;formatacao
GO;aragarcas;aragarcas;Aragarças;58;nenhuma;formatacao
GO;aragarças;aragarcas;Aragarças;12;acento;formatacao
GO;aragoiania;aragoiania;Aragoiânia;10;nenhuma;formatacao
GO;aragoiânia;aragoiania;Aragoiânia;2;acento;formatacao
GO;araguapaz;araguapaz;Araguapaz;25;nenhuma;formatacao
GO;aracu;aracu;Araçu;3;nenhuma;formatacao
GO;araçu;aracu;Araçu;1;acento;formatacao
GO;arenopolis;arenopolis;Arenopolis;11;nenhuma;formatacao
GO;aruana;aruana;Aruanã;13;nenhuma;formatacao
GO;aruanã;aruana;Aruanã;3;acento;formatacao
GO;aurilandia;aurilandia;Aurilandia;9;nenhuma;formatacao
GO;avelinopolis;avelinopolis;Avelinopolis;5;nenhuma;formatacao
GO;baliza;baliza;Baliza;2;nenhuma;formatacao
GO;barro alto;barro alto;Barro Alto;31;nenhuma;formatacao
GO;bela vista de goias;bela vista de goias;Bela Vista de Goiás;47;nenhuma;formatacao
GO;bela vista de goiás;bela vista de goias;Bela Vista de Goiás;13;acento;formatacao
GO;bom jardim de goias;bom jardim de goias;Bom Jardim de Goiás;21;nenhuma;formatacao
GO;bom jardim de goiás;bom jardim de goias;Bom Jardim de Goiás;7;acento;formatacao
GO;bom jesus;bom jesus;Bom Jesus;75;nenhuma;formatacao
GO;bom jesus de goias;bom jesus de goias;Bom Jesus de Goias;10;nenhuma;formatacao
GO;bonfinopolis;bonfinopolis;Bonfinópolis;9;nenhuma;formatacao
GO;bonfinópolis;bonfinopolis;Bonfinópolis;2;acento;formatacao
GO;bonopolis;bonopolis;Bonópolis;5;nenhuma;formatacao
GO;bonópolis;bonopolis;Bonópolis;1;acento;formatacao
GO;brazabrantes;brazabrantes;Brazabrantes;15;nenhuma;formatacao
GO;britania;britania;Britânia;23;nenhuma;formatacao
GO;britânia;britania;Britânia;9;acento;formatacao
GO;buriti alegre;buriti alegre;Buriti Alegre;29;nenhuma;formatacao
GO;buriti de goias;buriti de goias;Buriti de Goiás;5;nenhuma;formatacao
GO;buriti de goiás;buriti de goias;Buriti de Goiás;2;acento;formatacao
GO;buritinopolis;buritinopolis;Buritinópolis;1;nenhuma;formatacao
GO;buritinópolis;buritinopolis;Buritinópolis;1;acento;formatacao
GO;cabeceiras;cabeceiras;Cabeceiras;18;nenhuma;formatacao
GO;cachoeira alta;cachoeira alta;Cachoeira Alta;57;nenhuma;formatacao
GO;cachoeira dourada;cachoeira dourada;Cachoeira Dourada;23;nenhuma;formatacao
GO;cachoeira de goias;cachoeira de goias;Cachoeira de Goiás;2;nenhuma;formatacao
GO;cachoeira de goiás;cachoeira de goias;Cachoeira de Goiás;1;acento;formatacao
GO;caiaponia;caiaponia;Caiapônia;67;nenhuma;formatacao
GO;caiapônia;caiaponia;Caiapônia;6;acento;formatacao
GO;caldas novas;caldas novas;Caldas Novas;371;nenhuma;formatacao
GO;caldazinha;caldazinha;Caldazinha;6;nenhuma;formatacao
GO;campestre de goias;campestre de goias;Campestre de Goias;2;nenhuma;formatacao
GO;campinacu;campinacu;Campinaçu;7;nenhuma;formatacao
GO;campinaçu;campinacu;Campinaçu;2;acento;formatacao
GO;campinorte;campinorte;Campinorte;58;nenhuma;formatacao
GO;campo alegre de goias;campo alegre de goias;Campo Alegre de Goias;25;nenhuma;formatacao
GO;campo limpo de goias;campo limpo de goias;Campo Limpo de Goias;4;nenhuma;formatacao
GO;campos belos;campos belos;Campos Belos;93;nenhuma;formatacao
GO;campos verdes;campos verdes;Campos Verdes;12;nenhuma;formatacao
GO;carmo do rio verde;carmo do rio verde;Carmo do Rio Verde;28;nenhuma;formatacao
GO;castelandia;castelandia;Castelândia;27;nenhuma;formatacao
GO;castelândia;castelandia;Castelândia;3;acento;formatacao
GO;catalao;catalao;Catalão;354;nenhuma;formatacao
GO;catalão;catalao;Catalão;76;acento;formatacao
GO;caturai;caturai;Caturaí;4;nenhuma;formatacao
GO;caturaí;caturai;Caturaí;1;acento;formatacao
GO;cavalcante;cavalcante;Cavalcante;26;nenhuma;formatacao
GO;cacu;cacu;Caçu;41;nenhuma;formatacao
GO;caçu;cacu;Caçu;8;acento;formatacao
GO;ceres;ceres;Ceres;118;nenhuma;formatacao
GO;cezarina;cezarina;Cezarina;16;nenhuma;formatacao
GO;chapadao do ceu;chapadao do ceu;Chapadão do Céu;75;nenhuma;formatacao
GO;chapadão do céu;chapadao do ceu;Chapadão do Céu;10;acento;formatacao
GO;cidade ocidental;cidade ocidental;Cidade Ocidental;41;nenhuma;formatacao
GO;cocalzinho de goias;cocalzinho de goias;Cocalzinho de Goiás;22;nenhuma;formatacao
GO;cocalzinho de goiás;cocalzinho de goias;Cocalzinho de Goiás;3;acento;formatacao
GO;colinas do sul;colinas do sul;Colinas do Sul;12;nenhuma;formatacao
GO;corumbaiba;corumbaiba;Corumbaíba;52;nenhuma;formatacao
GO;corumbaíba;corumbaiba;Corumbaíba;6;acento;formatacao
GO;corumba de goias;corumba de goias;Corumbá de Goiás;19;nenhuma;formatacao
GO;corumbá de goiás;corumba de goias;Corumbá de Goiás;4;acento;formatacao
GO;cristalina;cristalina;Cristalina;190;nenhuma;formatacao
GO;cristianopolis;cristianopolis;Cristianópolis;5;nenhuma;formatacao
GO;cristianópolis;cristianopolis;Cristianópolis;2;acento;formatacao
GO;crixas;crixas;Crixás;61;nenhuma;formatacao
GO;crixás;crixas;Crixás;10;acento;formatacao
GO;crominia;crominia;Cromínia;9;nenhuma;formatacao
GO;cromínia;crominia;Cromínia;1;acento;formatacao
GO;cumari;cumari;Cumari;9;nenhuma;formatacao
GO;corrego do ouro;corrego do ouro;Córrego do Ouro;4;nenhuma;formatacao
GO;córrego do ouro;corrego do ouro;Córrego do Ouro;4;acento;formatacao
GO;damianopolis;damianopolis;Damianópolis;20;nenhuma;formatacao
GO;damianópolis;damianopolis;Damianópolis;2;acento;formatacao
GO;damolandia;damolandia;Damolandia;3;nenhuma;formatacao
GO;davinopolis;davinopolis;Davinópolis;3;nenhuma;formatacao
GO;davinópolis;davinopolis;Davinópolis;1;acento;formatacao
GO;diorama;diorama;Diorama;9;nenhuma;formatacao
GO;divinopolis de goias;divinopolis de goias;Divinópolis de Goiás;14;nenhuma;formatacao
GO;divinópolis de goiás;divinopolis de goias;Divinópolis de Goiás;1;acento;formatacao
GO;domiciano ribeiro;domiciano ribeiro;Domiciano Ribeiro;2;nenhuma;formatacao
GO;doverlandia;doverlandia;Doverlândia;29;nenhuma;formatacao
GO;doverlândia;doverlandia;Doverlândia;5;acento;formatacao
GO;edealina;edealina;Edealina;20;nenhuma;formatacao
GO;edeia;edeia;Edéia;35;nenhuma;formatacao
GO;edéia;edeia;Edéia;4;acento;formatacao
GO;estrela do norte;estrela do norte;Estrela do Norte;10;nenhuma;formatacao
GO;faina;faina;Faina;11;nenhuma;formatacao
GO;fazenda nova;fazenda nova;Fazenda Nova;29;nenhuma;formatacao
GO;firminopolis;firminopolis;Firminópolis;30;nenhuma;formatacao
GO;firminópolis;firminopolis;Firminópolis;4;acento;formatacao
GO;flores de goias;flores de goias;Flores de Goiás;12;nenhuma;formatacao
GO;flores de goiás;flores de goias;Flores de Goiás;3;acento;formatacao
GO;formosa;formosa;Formosa;445;nenhuma;formatacao
GO;formoso;formoso;Formoso;21;nenhuma;formatacao
GO;gameleira de goias;gameleira de goias;Gameleira de Goias;5;nenhuma;formatacao
GO;goiandira;goiandira;Goiandira;16;nenhuma;formatacao
GO;goianira;goianira;Goianira;64;nenhuma;formatacao
GO;goianapolis;goianapolis;Goianápolis;26;nenhuma;formatacao
GO;goianápolis;goianapolis;Goianápolis;5;acento;formatacao
GO;goianesia;goianesia;Goianésia;138;nenhuma;formatacao
GO;goianésia;goianesia;Goianésia;21;acento;formatacao
GO;goiatuba;goiatuba;Goiatuba;152;nenhuma;formatacao
GO;goias;goias;Goiás;78;nenhuma;formatacao
GO;goiás;goias;Goiás;9;acento;formatacao
GO;goiania;goiania;Goiânia;6376;nenhuma;formatacao
GO;goiânia;goiania;Goiânia;1069;acento;formatacao
GO;gouvelandia;gouvelandia;Gouvelândia;15;nenhuma;formatacao
GO;gouvelândia;gouvelandia;Gouvelândia;2;acento;formatacao
GO;guapo;guapo;Guapó;24;nenhuma;formatacao
GO;guapó;guapo;Guapó;3;acento;formatacao
GO;guarani de goias;guarani de goias;Guarani de Goias;2;nenhuma;formatacao
GO;guaraita;guaraita;Guaraíta;4;nenhuma;formatacao
GO;guaraíta;guaraita;Guaraíta;2;acento;formatacao
GO;guarinos;guarinos;Guarinos;6;nenhuma;formatacao
GO;heitorai;heitorai;Heitoraí;2;nenhuma;formatacao
GO;heitoraí;heitorai;Heitoraí;1;acento;formatacao
GO;hidrolina;hidrolina;Hidrolina;21;nenhuma;formatacao
GO;hidrolandia;hidrolandia;Hidrolândia;27;nenhuma;formatacao
GO;hidrolândia;hidrolandia;Hidrolândia;2;acento;formatacao
GO;iaciara;iaciara;Iaciara;49;nenhuma;formatacao
GO;inaciolandia;inaciolandia;Inaciolândia;19;nenhuma;formatacao
GO;inaciolândia;inaciolandia;Inaciolândia;3;acento;formatacao
GO;indiara;indiara;Indiara;34;nenhuma;formatacao
GO;inhumas;inhumas;Inhumas;124;nenhuma;formatacao
GO;ipameri;ipameri;Ipameri;104;nenhuma;formatacao
GO;ipiranga de goias;ipiranga de goias;Ipiranga de Goiás;10;nenhuma;formatacao
GO;ipiranga de goiás;ipiranga de goias;Ipiranga de Goiás;2;acento;formatacao
GO;ipora;ipora;Iporá;154;nenhuma;formatacao
GO;iporá;ipora;Iporá;19;acento;formatacao
GO;israelandia;israelandia;Israelandia;4;nenhuma;formatacao
GO;itaberai;itaberai;Itaberaí;75;nenhuma;formatacao
GO;itaberaí;itaberai;Itaberaí;14;acento;formatacao
GO;itaguacu;itaguacu;Itaguacu;6;nenhuma;formatacao
GO;itaguari;itaguari;Itaguari;10;nenhuma;formatacao
GO;itaguaru;itaguaru;Itaguaru;12;nenhuma;formatacao
GO;itaja;itaja;Itajá;9;nenhuma;formatacao
GO;itajá;itaja;Itajá;1;acento;formatacao
GO;itapaci;itapaci;Itapaci;68;nenhuma;formatacao
GO;itapirapua;itapirapua;Itapirapuã;22;nenhuma;formatacao
GO;itapirapuã;itapirapua;Itapirapuã;5;acento;formatacao
GO;itapuranga;itapuranga;Itapuranga;81;nenhuma;formatacao
GO;itaruma;itaruma;Itarumã;25;nenhuma;formatacao
GO;itarumã;itaruma;Itarumã;5;acento;formatacao
GO;itaucu;itaucu;Itauçu;14;nenhuma;formatacao
GO;itauçu;itaucu;Itauçu;3;acento;formatacao
GO;itumbiara;itumbiara;Itumbiara;392;nenhuma;formatacao
GO;ivolandia;ivolandia;Ivolândia;2;nenhuma;formatacao
GO;ivolândia;ivolandia;Ivolândia;1;acento;formatacao
GO;jacilandia;jacilandia;Jacilandia;1;nenhuma;formatacao
GO;jandaia;jandaia;Jandaia;14;nenhuma;formatacao
GO;jaragua;jaragua;Jaraguá;86;nenhuma;formatacao
GO;jaraguá;jaragua;Jaraguá;17;acento;formatacao
GO;jardim abc de goias;jardim abc de goias;Jardim Abc de Goias;2;nenhuma;formatacao
GO;jatai;jatai;Jataí;391;nenhuma;formatacao
GO;jataí;jatai;Jataí;76;acento;formatacao
GO;jaupaci;jaupaci;Jaupaci;7;nenhuma;formatacao
GO;jesupolis;jesupolis;Jesúpolis;5;nenhuma;formatacao
GO;jesúpolis;jesupolis;Jesúpolis;2;acento;formatacao
GO;joviania;joviania;Joviânia;41;nenhuma;formatacao
GO;joviânia;joviania;Joviânia;9;acento;formatacao
GO;jussara;jussara;Jussara;72;nenhuma;formatacao
GO;lagoa santa;lagoa santa;Lagoa Santa;4;nenhuma;formatacao
GO;leopoldo de bulhoes;leopoldo de bulhoes;Leopoldo de Bulhões;13;nenhuma;formatacao
GO;leopoldo de bulhões;leopoldo de bulhoes;Leopoldo de Bulhões;3;acento;formatacao
GO;luziania;luziania;Luziânia;266;nenhuma;formatacao
GO;luziânia;luziania;Luziânia;36;acento;formatacao
GO;mairipotaba;mairipotaba;Mairipotaba;9;nenhuma;formatacao
GO;mambai;mambai;Mambaí;51;nenhuma;formatacao
GO;mambaí;mambai;Mambaí;8;acento;formatacao
GO;mara rosa;mara rosa;Mara Rosa;35;nenhuma;formatacao
GO;marzagao;marzagao;Marzagão;6;nenhuma;formatacao
GO;marzagão;marzagao;Marzagão;2;acento;formatacao
GO;matrincha;matrincha;Matrinchã;21;nenhuma;formatacao
GO;matrinchã;matrincha;Matrinchã;1;acento;formatacao
GO;maurilandia;maurilandia;Maurilândia;36;nenhuma;formatacao
GO;maurilândia;maurilandia;Maurilândia;2;acento;formatacao
GO;mimoso de goias;mimoso de goias;Mimoso de Goiás;5;nenhuma;formatacao
GO;mimoso de goiás;mimoso de goias;Mimoso de Goiás;2;acento;formatacao
GO;minacu;minacu;Minaçu;105;nenhuma;formatacao
GO;minaçu;minacu;Minaçu;13;acento;formatacao
GO;mineiros;mineiros;Mineiros;265;nenhuma;formatacao
GO;moipora;moipora;Moipora;4;nenhuma;formatacao
GO;monte alegre de goias;monte alegre de goias;Monte Alegre de Goiás;13;nenhuma;formatacao
GO;monte alegre de goiás;monte alegre de goias;Monte Alegre de Goiás;3;acento;formatacao
GO;montes claros de goias;montes claros de goias;Montes Claros de Goiás;28;nenhuma;formatacao
GO;montes claros de goiás;montes claros de goias;Montes Claros de Goiás;4;acento;formatacao
GO;montividiu;montividiu;Montividiu;29;nenhuma;formatacao
GO;montividiu do norte;montividiu do norte;Montividiu do Norte;6;nenhuma;formatacao
GO;morrinhos;morrinhos;Morrinhos;183;nenhuma;formatacao
GO;morro agudo de goias;morro agudo de goias;Morro Agudo de Goiás;11;nenhuma;formatacao
GO;morro agudo de goiás;morro agudo de goias;Morro Agudo de Goiás;1;acento;formatacao
GO;mossamedes;mossamedes;Mossâmedes;8;nenhuma;formatacao
GO;mossâmedes;mossamedes;Mossâmedes;2;acento;formatacao
GO;mozarlandia;mozarlandia;Mozarlândia;45;nenhuma;formatacao
GO;mozarlândia;mozarlandia;Mozarlândia;8;acento;formatacao
GO;mundo novo;mundo novo;Mundo Novo;16;nenhuma;formatacao
GO;mutunopolis;mutunopolis;Mutunópolis;10;nenhuma;formatacao
GO;mutunópolis;mutunopolis;Mutunópolis;2;acento;formatacao
GO;nazario;nazario;Nazário;18;nenhuma;formatacao
GO;nazário;nazario;Nazário;3;acento;formatacao
GO;neropolis;neropolis;Nerópolis;45;nenhuma;formatacao
GO;nerópolis;neropolis;Nerópolis;14;acento;formatacao
GO;niquelandia;niquelandia;Niquelândia;119;nenhuma;formatacao
GO;niquelândia;niquelandia;Niquelândia;25;acento;formatacao
GO;nova america;nova america;Nova América;4;nenhuma;formatacao
GO;nova américa;nova america;Nova América;2;acento;formatacao
GO;nova aurora;nova aurora;Nova Aurora;8;nenhuma;formatacao
GO;nova crixas;nova crixas;Nova Crixás;29;nenhuma;formatacao
GO;nova crixás;nova crixas;Nova Crixás;11;acento;formatacao
GO;nova gloria;nova gloria;Nova Glória;8;nenhuma;formatacao
GO;nova glória;nova gloria;Nova Glória;3;acento;formatacao
GO;nova iguacu de goias;nova iguacu de goias;Nova Iguacu de Goias;9;nenhuma;formatacao
GO;nova roma;nova roma;Nova Roma;11;nenhuma;formatacao
GO;nova veneza;nova veneza;Nova Veneza;12;nenhuma;formatacao
GO;novo brasil;novo brasil;Novo Brasil;11;nenhuma;formatacao
GO;novo gama;novo gama;Novo Gama;76;nenhuma;formatacao
GO;novo planalto;novo planalto;Novo Planalto;9;nenhuma;formatacao
GO;orizona;orizona;Orizona;35;nenhuma;formatacao
GO;ouro verde de goias;ouro verde de goias;Ouro Verde de Goias;6;nenhuma;formatacao
GO;ouroana;ouroana;Ouroana;1;nenhuma;formatacao
GO;ouvidor;ouvidor;Ouvidor;12;nenhuma;formatacao
GO;padre bernardo;padre bernardo;Padre Bernardo;56;nenhuma;formatacao
GO;palestina de goias;palestina de goias;Palestina de Goiás;2;nenhuma;formatacao
GO;palestina de goiás;palestina de goias;Palestina de Goiás;1;acento;formatacao
GO;palmeiras de goias;palmeiras de goias;Palmeiras de Goiás;50;nenhuma;formatacao
GO;palmeiras de goiás;palmeiras de goias;Palmeiras de Goiás;10;acento;formatacao
GO;palmelo;palmelo;Palmelo;9;nenhuma;formatacao
GO;palminopolis;palminopolis;Palminópolis;10;nenhuma;formatacao
GO;palminópolis;palminopolis;Palminópolis;3;acento;formatacao
GO;panama;panama;Panama;4;nenhuma;formatacao
GO;paranaiguara;paranaiguara;Paranaiguara;35;nenhuma;formatacao
GO;parauna;parauna;Paraúna;36;nenhuma;formatacao
GO;paraúna;parauna;Paraúna;5;acento;formatacao
GO;perolandia;perolandia;Perolandia;4;nenhuma;formatacao
GO;petrolina de goias;petrolina de goias;Petrolina de Goiás;14;nenhuma;formatacao
GO;petrolina de goiás;petrolina de goias;Petrolina de Goiás;5;acento;formatacao
GO;pilar de goias;pilar de goias;Pilar de Goias;2;nenhuma;formatacao
GO;piracanjuba;piracanjuba;Piracanjuba;82;nenhuma;formatacao
GO;piranhas;piranhas;Piranhas;74;nenhuma;formatacao
GO;pirenopolis;pirenopolis;Pirenópolis;63;nenhuma;formatacao
GO;pirenópolis;pirenopolis;Pirenópolis;11;acento;formatacao
GO;pires do rio;pires do rio;Pires do Rio;89;nenhuma;formatacao
GO;planaltina;planaltina;Planaltina;49;nenhuma;formatacao
GO;planaltina de goias;planaltina de goias;Planaltina de Goias;4;nenhuma;formatacao
GO;pontalina;pontalina;Pontalina;60;nenhuma;formatacao
GO;porangatu;porangatu;Porangatu;151;nenhuma;formatacao
GO;porteirao;porteirao;Porteirão;15;nenhuma;formatacao
GO;porteirão;porteirao;Porteirão;4;acento;formatacao
GO;portelandia;portelandia;Portelandia;23;nenhuma;formatacao
GO;posse;posse;Posse;170;nenhuma;formatacao
GO;professor jamil;professor jamil;Professor Jamil;4;nenhuma;formatacao
GO;quirinopolis;quirinopolis;Quirinópolis;197;nenhuma;formatacao
GO;quirinópolis;quirinopolis;Quirinópolis;27;acento;formatacao
GO;rialma;rialma;Rialma;22;nenhuma;formatacao
GO;rianapolis;rianapolis;Rianápolis;19;nenhuma;formatacao
GO;rianápolis;rianapolis;Rianápolis;1;acento;formatacao
GO;rio quente;rio quente;Rio Quente;13;nenhuma;formatacao
GO;rio verde;rio verde;Rio Verde;770;nenhuma;formatacao
GO;riverlandia;riverlandia;Riverlandia;1;nenhuma;formatacao
GO;rubiataba;rubiataba;Rubiataba;102;nenhuma;formatacao
GO;sanclerlandia;sanclerlandia;Sanclerlândia;40;nenhuma;formatacao
GO;sanclerlândia;sanclerlandia;Sanclerlândia;4;acento;formatacao
GO;santa barbara de goias;santa barbara de goias;Santa Barbara de Goias;7;nenhuma;formatacao
GO;santa cruz de goias;santa cruz de goias;Santa Cruz de Goias;6;nenhuma;formatacao
GO;santa fe de goias;santa fe de goias;Santa Fé de Goiás;23;nenhuma;formatacao
GO;santa fé de goiás;santa fe de goias;Santa Fé de Goiás;4;acento;formatacao
GO;santa helena de goias;santa helena de goias;Santa Helena de Goiás;131;nenhuma;formatacao
GO;santa helena de goiás;santa helena de goias;Santa Helena de Goiás;20;acento;formatacao
GO;santa isabel;santa isabel;Santa Isabel;4;nenhuma;formatacao
GO;santa rita do araguaia;santa rita do araguaia;Santa Rita do Araguaia;63;nenhuma;formatacao
GO;santa rita do novo destino;santa rita do novo destino;Santa Rita do Novo Destino;1;nenhuma;formatacao
GO;santa rosa de goias;santa rosa de goias;Santa Rosa de Goiás;3;nenhuma;formatacao
GO;santa rosa de goiás;santa rosa de goias;Santa Rosa de Goiás;2;acento;formatacao
GO;santa tereza de goias;santa tereza de goias;Santa Tereza de Goiás;15;nenhuma;formatacao
GO;santa tereza de goiás;santa tereza de goias;Santa Tereza de Goiás;3;acento;formatacao
GO;santa terezinha de goias;santa terezinha de goias;Santa Terezinha de Goiás;16;nenhuma;formatacao
GO;santa terezinha de goiás;santa terezinha de goias;Santa Terezinha de Goiás;5;acento;formatacao
GO;santo antonio da barra;santo antonio da barra;Santo Antônio da Barra;4;nenhuma;formatacao
GO;santo antônio da barra;santo antonio da barra;Santo Antônio da Barra;3;acento;formatacao
GO;santo antonio de goias;santo antonio de goias;Santo Antônio de Goiás;12;nenhuma;formatacao
GO;santo antônio de goiás;santo antonio de goias;Santo Antônio de Goiás;1;acento;formatacao
GO;santo antonio do descoberto;santo antonio do descoberto;Santo Antônio do Descoberto;66;nenhuma;formatacao
GO;santo antônio do descoberto;santo antonio do descoberto;Santo Antônio do Descoberto;13;acento;formatacao
GO;santo antônio do rio verde;santo antonio do rio verde;Santo Antônio do Rio Verde;2;acento;formatacao
GO;santo antonio do rio verde;santo antonio do rio verde;Santo Antônio do Rio Verde;2;nenhuma;formatacao
GO;sao joao dalianca;sao joao dalianca;Sao Joao Dalianca;1;nenhuma;formatacao
GO;sao joao da parauna;sao joao da parauna;Sao Joao da Parauna;5;nenhuma;formatacao
GO;sao patricio;sao patricio;Sao Patricio;8;nenhuma;formatacao
GO;senador canedo;senador canedo;Senador Canedo;126;nenhuma;formatacao
GO;serranopolis;serranopolis;Serranópolis;24;nenhuma;formatacao
GO;serranópolis;serranopolis;Serranópolis;6;acento;formatacao
GO;silvania;silvania;Silvânia;56;nenhuma;formatacao
GO;silvânia;silvania;Silvânia;11;acento;formatacao
GO;simolandia;simolandia;Simolândia;31;nenhuma;formatacao
GO;simolândia;simolandia;Simolândia;5;acento;formatacao
GO;sitio d'abadia;sitio d abadia;Sitio D'abadia;1;nenhuma;formatacao
GO;sousania;sousania;Sousania;2;nenhuma;formatacao
GO;sao domingos;sao domingos;São Domingos;28;nenhuma;formatacao
GO;são domingos;sao domingos;São Domingos;3;acento;formatacao
GO;sao francisco de goias;sao francisco de goias;São Francisco de Goiás;11;nenhuma;formatacao
GO;são francisco de goiás;sao francisco de goias;São Francisco de Goiás;1;acento;formatacao
GO;sao joao d'alianca;sao joao d alianca;São João D'aliança;18;nenhuma;formatacao
GO;são joão d'aliança;sao joao d alianca;São João D'aliança;10;acento;formatacao
GO;sao joao d alianca;sao joao d alianca;São João D'aliança;2;nenhuma;formatacao
GO;sao luiz do norte;sao luiz do norte;São Luiz do Norte;21;nenhuma;formatacao
GO;são luiz do norte;sao luiz do norte;São Luiz do Norte;3;acento;formatacao
GO;sao luis de montes belos;sao luis de montes belos;São Luís de Montes Belos;113;nenhuma;formatacao
GO;são luís de montes belos;sao luis de montes belos;São Luís de Montes Belos;19;acento;formatacao
GO;sao miguel do araguaia;sao miguel do araguaia;São Miguel do Araguaia;67;nenhuma;formatacao
GO;são miguel do araguaia;sao miguel do araguaia;São Miguel do Araguaia;14;acento;formatacao
GO;sao miguel do passa quatro;sao miguel do passa quatro;São Miguel do Passa Quatro;3;nenhuma;formatacao
GO;são miguel do passa quatro;sao miguel do passa quatro;São Miguel do Passa Quatro;2;acento;formatacao
GO;sao simao;sao simao;São Simão;71;nenhuma;formatacao
GO;são simão;sao simao;São Simão;3;acento;formatacao
GO;taquaral de goias;taquaral de goias;Taquaral de Goiás;7;nenhuma;formatacao
GO;taquaral de goiás;taquaral de goias;Taquaral de Goiás;1;acento;formatacao
GO;teresina de goias;teresina de goias;Teresina de Goiás;7;nenhuma;formatacao
GO;teresina de goiás;teresina de goias;Teresina de Goiás;2;acento;formatacao
GO;terezópolis de goiás;terezopolis de goias;Terezópolis de Goiás;2;acento;formatacao
GO;terezopolis de goias;terezopolis de goias;Terezópolis de Goiás;2;nenhuma;formatacao
GO;trindade;trindade;Trindade;213;nenhuma;formatacao
GO;trombas;trombas;Trombas;15;nenhuma;formatacao
GO;tres ranchos;tres ranchos;Três Ranchos;7;nenhuma;formatacao
GO;três ranchos;tres ranchos;Três Ranchos;5;acento;formatacao
GO;turvania;turvania;Turvania;9;nenhuma;formatacao
GO;turvelandia;turvelandia;Turvelândia;11;nenhuma;formatacao
GO;turvelândia;turvelandia;Turvelândia;2;acento;formatacao
GO;uirapuru;uirapuru;Uirapuru;2;nenhuma;formatacao
GO;uruana;uruana;Uruana;29;nenhuma;formatacao
GO;uruacu;uruacu;Uruaçu;133;nenhuma;formatacao
GO;uruaçu;uruacu;Uruaçu;20;acento;formatacao
GO;urutai;urutai;Urutaí;20;nenhuma;formatacao
GO;urutaí;urutai;Urutaí;2;acento;formatacao
GO;valparaiso de goias;valparaiso de goias;Valparaíso de Goiás;321;nenhuma;formatacao
GO;valparaíso de goiás;valparaiso de goias;Valparaíso de Goiás;85;acento;formatacao
GO;varjao;varjao;Varjao;3;nenhuma;formatacao
GO;vianopolis;vianopolis;Vianópolis;25;nenhuma;formatacao
GO;vianópolis;vianopolis;Vianópolis;7;acento;formatacao
GO;vicentinopolis;vicentinopolis;Vicentinópolis;29;nenhuma;formatacao
GO;vicentinópolis;vicentinopolis;Vicentinópolis;7;acento;formatacao
GO;vila boa;vila boa;Vila Boa;12;nenhuma;formatacao
GO;vila propicio;vila propicio;Vila Propício;6;nenhuma;formatacao
GO;vila propício;vila propicio;Vila Propício;1;acento;formatacao
GO;agua fria de goias;agua fria de goias;Água Fria de Goiás;8;nenhuma;formatacao
GO;água fria de goiás;agua fria de goias;Água Fria de Goiás;2;acento;formatacao
GO;aguas lindas de goias;aguas lindas de goias;Águas Lindas de Goiás;138;nenhuma;formatacao
GO;águas lindas de goiás;aguas lindas de goias;Águas Lindas de Goiás;34;acento;formatacao
MA;afonso cunha;afonso cunha;Afonso Cunha;6;nenhuma;formatacao
MA;alcantara;alcantara;Alcântara;12;nenhuma;formatacao
MA;alcântara;alcantara;Alcântara;6;acento;formatacao
MA;aldeias altas;aldeias altas;Aldeias Altas;10;nenhuma;formatacao
MA;altamira do maranhao;altamira do maranhao;Altamira do Maranhao;5;nenhuma;formatacao
MA;alto alegre do maranhao;alto alegre do maranhao;Alto Alegre do Maranhao;11;nenhuma;formatacao
MA;alto alegre do pindare;alto alegre do pindare;Alto Alegre do Pindaré;19;nenhuma;formatacao
MA;alto alegre do pindaré;alto alegre do pindare;Alto Alegre do Pindaré;3;acento;formatacao
MA;alto parnaiba;alto parnaiba;Alto Parnaíba;29;nenhuma;formatacao
MA;alto parnaíba;alto parnaiba;Alto Parnaíba;4;acento;formatacao
MA;amapa do maranhao;amapa do maranhao;Amapá do Maranhão;2;nenhuma;formatacao
MA;amapá do maranhão;amapa do maranhao;Amapá do Maranhão;1;acento;formatacao
MA;amarante do maranhao;amarante do maranhao;Amarante do Maranhao;20;nenhuma;formatacao
MA;anajatuba;anajatuba;Anajatuba;17;nenhuma;formatacao
MA;anapurus;anapurus;Anapurus;14;nenhuma;formatacao
MA;apicum-acu;apicum acu;Apicum-acu;3;sufixo-uf;formatacao
MA;araguana;araguana;Araguana;3;nenhuma;formatacao
MA;araioses;araioses;Araióses;21;nenhuma;formatacao
MA;araióses;araioses;Araióses;3;acento;formatacao
MA;arame;arame;Arame;31;nenhuma;formatacao
MA;arari;arari;Arari;43;nenhuma;formatacao
MA;axixa;axixa;Axixa;6;nenhuma;formatacao
MA;acailandia;acailandia;Açailândia;102;nenhuma;formatacao
MA;açailândia;acailandia;Açailândia;19;acento;formatacao
MA;bacabal;bacabal;Bacabal;161;nenhuma;formatacao
MA;bacabeira;bacabeira;Bacabeira;10;nenhuma;formatacao
MA;bacuri;bacuri;Bacuri;18;nenhuma;formatacao
MA;bacurituba;bacurituba;Bacurituba;1;nenhuma;formatacao
MA;balsas;balsas;Balsas;192;nenhuma;formatacao
MA;barra do corda;barra do corda;Barra do Corda;111;nenhuma;formatacao
MA;barreirinhas;barreirinhas;Barreirinhas;72;nenhuma;formatacao
MA;barro duro;barro duro;Barro Duro;2;nenhuma;formatacao
MA;barao de grajau;barao de grajau;Barão de Grajaú;10;nenhuma;formatacao
MA;barão de grajaú;barao de grajau;Barão de Grajaú;1;acento;formatacao
MA;bela vista do maranhao;bela vista do maranhao;Bela Vista do Maranhao;7;nenhuma;formatacao
MA;belagua;belagua;Belágua;1;nenhuma;formatacao
MA;belágua;belagua;Belágua;1;acento;formatacao
MA;benedito leite;benedito leite;Benedito Leite;4;nenhuma;formatacao
MA;bequimao;bequimao;Bequimão;13;nenhuma;formatacao
MA;bequimão;bequimao;Bequimão;1;acento;formatacao
MA;bernardo do mearim;bernardo do mearim;Bernardo do Mearim;3;nenhuma;formatacao
MA;boa vista do gurupi;boa vista do gurupi;Boa Vista do Gurupi;13;nenhuma;formatacao
MA;bom jardim;bom jardim;Bom Jardim;16;nenhuma;formatacao
MA;bom jesus das selvas;bom jesus das selvas;Bom Jesus das Selvas;23;nenhuma;formatacao
MA;bom lugar;bom lugar;Bom Lugar;7;nenhuma;formatacao
MA;brejo;brejo;Brejo;30;nenhuma;formatacao
MA;brejo de areia;brejo de areia;Brejo de Areia;2;nenhuma;formatacao
MA;buriti;buriti;Buriti;16;nenhuma;formatacao
MA;buriti bravo;buriti bravo;Buriti Bravo;22;nenhuma;formatacao
MA;buriticupu;buriticupu;Buriticupu;81;nenhuma;formatacao
MA;buritirama;buritirama;Buritirama;1;nenhuma;formatacao
MA;buritirana;buritirana;Buritirana;4;nenhuma;formatacao
MA;cajapio;cajapio;Cajapio;5;nenhuma;formatacao
MA;cajari;cajari;Cajari;7;nenhuma;formatacao
MA;campestre do maranhao;campestre do maranhao;Campestre do Maranhão;19;nenhuma;formatacao
MA;campestre do maranhão;campestre do maranhao;Campestre do Maranhão;4;acento;formatacao
MA;cantanhede;cantanhede;Cantanhede;17;nenhuma;formatacao
MA;capinzal do norte;capinzal do norte;Capinzal do Norte;14;nenhuma;formatacao
MA;carolina;carolina;Carolina;41;nenhuma;formatacao
MA;carutapera;carutapera;Carutapera;22;nenhuma;formatacao
MA;caxias;caxias;Caxias;199;nenhuma;formatacao
MA;cedral;cedral;Cedral;7;nenhuma;formatacao
MA;central do maranhao;central do maranhao;Central do Maranhao;2;nenhuma;formatacao
MA;centro novo do maranhao;centro novo do maranhao;Centro Novo do Maranhão;11;nenhuma;formatacao
MA;centro novo do maranhão;centro novo do maranhao;Centro Novo do Maranhão;3;acento;formatacao
MA;centro do guilherme;centro do guilherme;Centro do Guilherme;10;nenhuma;formatacao
MA;chapadinha;chapadinha;Chapadinha;95;nenhuma;formatacao
MA;cidelandia;cidelandia;Cidelandia;7;nenhuma;formatacao
MA;codo;codo;Codó;80;nenhuma;formatacao
MA;codó;codo;Codó;15;acento;formatacao
MA;coelho neto;coelho neto;Coelho Neto;40;nenhuma;formatacao
MA;colinas;colinas;Colinas;35;nenhuma;formatacao
MA;conceicao do lago-acu;conceicao do lago acu;Conceição do Lago-açu;6;sufixo-uf;formatacao
MA;conceição do lago-açu;conceicao do lago acu;Conceição do Lago-açu;3;sufixo-uf|acento;formatacao
MA;coroata;coroata;Coroatá;66;nenhuma;formatacao
MA;coroatá;coroata;Coroatá;7;acento;formatacao
MA;cururupu;cururupu;Cururupu;27;nenhuma;formatacao
MA;candido mendes;candido mendes;Cândido Mendes;16;nenhuma;formatacao
MA;cândido mendes;candido mendes;Cândido Mendes;3;acento;formatacao
MA;davinopolis;davinopolis;Davinopolis;2;nenhuma;formatacao
MA;dom pedro;dom pedro;Dom Pedro;34;nenhuma;formatacao
MA;duque bacelar;duque bacelar;Duque Bacelar;3;nenhuma;formatacao
MA;esperantinopolis;esperantinopolis;Esperantinópolis;24;nenhuma;formatacao
MA;esperantinópolis;esperantinopolis;Esperantinópolis;5;acento;formatacao
MA;estreito;estreito;Estreito;55;nenhuma;formatacao
MA;fatimarmnte dutra;fatimarmnte dutra;Fatimarmnte Dutra;1;nenhuma;formatacao
MA;feira nova do maranhao;feira nova do maranhao;Feira Nova do Maranhão;4;nenhuma;formatacao
MA;feira nova do maranhão;feira nova do maranhao;Feira Nova do Maranhão;2;acento;formatacao
MA;formosa da serra negra;formosa da serra negra;Formosa da Serra Negra;13;nenhuma;formatacao
MA;fortaleza dos nogueiras;fortaleza dos nogueiras;Fortaleza dos Nogueiras;16;nenhuma;formatacao
MA;fortuna;fortuna;Fortuna;19;nenhuma;formatacao
MA;godofredo viana;godofredo viana;Godofredo Viana;12;nenhuma;formatacao
MA;goncalves dias;goncalves dias;Gonçalves Dias;17;nenhuma;formatacao
MA;gonçalves dias;goncalves dias;Gonçalves Dias;2;acento;formatacao
MA;governador archer;governador archer;Governador Archer;15;nenhuma;formatacao
MA;governador edison lobao;governador edison lobao;Governador Edison Lobão;1;nenhuma;formatacao
MA;governador edison lobão;governador edison lobao;Governador Edison Lobão;1;acento;formatacao
MA;governador eugenio barros;governador eugenio barros;Governador Eugênio Barros;11;nenhuma;formatacao
MA;governador eugênio barros;governador eugenio barros;Governador Eugênio Barros;1;acento;formatacao
MA;governador luiz rocha;governador luiz rocha;Governador Luiz Rocha;3;nenhuma;formatacao
MA;governador newton bello;governador newton bello;Governador Newton Bello;7;nenhuma;formatacao
MA;governador nunes freire;governador nunes freire;Governador Nunes Freire;27;nenhuma;formatacao
MA;graca aranha;graca aranha;Graca Aranha;5;nenhuma;formatacao
MA;grajau;grajau;Grajaú;70;nenhuma;formatacao
MA;grajaú;grajau;Grajaú;7;acento;formatacao
MA;guimaraes;guimaraes;Guimaraes;9;nenhuma;formatacao
MA;humberto de campos;humberto de campos;Humberto de Campos;7;nenhuma;formatacao
MA;icatu;icatu;Icatu;13;nenhuma;formatacao
MA;igarape do meio;igarape do meio;Igarape do Meio;7;nenhuma;formatacao
MA;igarape grande;igarape grande;Igarapé Grande;12;nenhuma;formatacao
MA;igarapé grande;igarape grande;Igarapé Grande;3;acento;formatacao
MA;imperatriz;imperatriz;Imperatriz;549;nenhuma;formatacao
MA;itaipava do grajau;itaipava do grajau;Itaipava do Grajau;5;nenhuma;formatacao
MA;itapecuru mirim;itapecuru mirim;Itapecuru Mirim;40;nenhuma;formatacao
MA;itapecuru-mirim;itapecuru mirim;Itapecuru Mirim;2;sufixo-uf;formatacao
MA;itinga do maranhao;itinga do maranhao;Itinga do Maranhão;24;nenhuma;formatacao
MA;itinga do maranhão;itinga do maranhao;Itinga do Maranhão;4;acento;formatacao
MA;jatoba;jatoba;Jatobá;6;nenhuma;formatacao
MA;jatobá;jatoba;Jatobá;2;acento;formatacao
MA;jenipapo dos vieiras;jenipapo dos vieiras;Jenipapo dos Vieiras;9;nenhuma;formatacao
MA;joao lisboa;joao lisboa;Joao Lisboa;22;nenhuma;formatacao
MA;joselandia;joselandia;Joselândia;6;nenhuma;formatacao
MA;joselândia;joselandia;Joselândia;1;acento;formatacao
MA;junco do maranhao;junco do maranhao;Junco do Maranhão;6;nenhuma;formatacao
MA;junco do maranhão;junco do maranhao;Junco do Maranhão;2;acento;formatacao
MA;lago verde;lago verde;Lago Verde;9;nenhuma;formatacao
MA;lago da pedra;lago da pedra;Lago da Pedra;47;nenhuma;formatacao
MA;lago do junco;lago do junco;Lago do Junco;8;nenhuma;formatacao
MA;lago dos rodrigues;lago dos rodrigues;Lago dos Rodrigues;10;nenhuma;formatacao
MA;lagoa grande do maranhao;lagoa grande do maranhao;Lagoa Grande do Maranhão;12;nenhuma;formatacao
MA;lagoa grande do maranhão;lagoa grande do maranhao;Lagoa Grande do Maranhão;1;acento;formatacao
MA;lagoa do mato;lagoa do mato;Lagoa do Mato;6;nenhuma;formatacao
MA;lajeado novo;lajeado novo;Lajeado Novo;5;nenhuma;formatacao
MA;lima campos;lima campos;Lima Campos;12;nenhuma;formatacao
MA;loreto;loreto;Loreto;18;nenhuma;formatacao
MA;luis domingues;luis domingues;Luís Domingues;8;nenhuma;formatacao
MA;luís domingues;luis domingues;Luís Domingues;2;acento;formatacao
MA;magalhaes de almeida;magalhaes de almeida;Magalhães de Almeida;9;nenhuma;formatacao
MA;magalhães de almeida;magalhaes de almeida;Magalhães de Almeida;4;acento;formatacao
MA;maioba;maioba;Maioba;3;nenhuma;formatacao
MA;maracacume;maracacume;Maracaçumé;30;nenhuma;formatacao
MA;maracaçumé;maracacume;Maracaçumé;3;acento;formatacao
MA;maraja do sena;maraja do sena;Maraja do Sena;1;nenhuma;formatacao
MA;maranhaozinho;maranhaozinho;Maranhãozinho;11;nenhuma;formatacao
MA;maranhãozinho;maranhaozinho;Maranhãozinho;4;acento;formatacao
MA;mata roma;mata roma;Mata Roma;15;nenhuma;formatacao
MA;matinha;matinha;Matinha;10;nenhuma;formatacao
MA;matoes do norte;matoes do norte;Matoes do Norte;5;nenhuma;formatacao
MA;matoes;matoes;Matões;22;nenhuma;formatacao
MA;matões;matoes;Matões;2;acento;formatacao
MA;milagres do maranhao;milagres do maranhao;Milagres do Maranhão;6;nenhuma;formatacao
MA;milagres do maranhão;milagres do maranhao;Milagres do Maranhão;2;acento;formatacao
MA;mirador;mirador;Mirador;15;nenhuma;formatacao
MA;miranda do norte;miranda do norte;Miranda do Norte;27;nenhuma;formatacao
MA;mirinzal;mirinzal;Mirinzal;22;nenhuma;formatacao
MA;montes altos;montes altos;Montes Altos;2;nenhuma;formatacao
MA;moncao;moncao;Monção;16;nenhuma;formatacao
MA;monção;moncao;Monção;2;acento;formatacao
MA;morros;morros;Morros;9;nenhuma;formatacao
MA;nina rodrigues;nina rodrigues;Nina Rodrigues;4;nenhuma;formatacao
MA;nova colinas;nova colinas;Nova Colinas;3;nenhuma;formatacao
MA;nova iorque;nova iorque;Nova Iorque;1;nenhuma;formatacao
MA;nova olinda do maranhao;nova olinda do maranhao;Nova Olinda do Maranhão;16;nenhuma;formatacao
MA;nova olinda do maranhão;nova olinda do maranhao;Nova Olinda do Maranhão;1;acento;formatacao
MA;olho d'agua das cunhas;olho d agua das cunhas;Olho D'água das Cunhãs;12;nenhuma;formatacao
MA;olho d'água das cunhãs;olho d agua das cunhas;Olho D'água das Cunhãs;6;acento;formatacao
MA;olho d agua das cunhas;olho d agua das cunhas;Olho D'água das Cunhãs;2;nenhuma;formatacao
MA;olho dágua das cunhãs;olho dagua das cunhas;Olho Dágua das Cunhãs;1;acento;formatacao
MA;olinda nova do maranhão;olinda nova do maranhao;Olinda Nova do Maranhão;3;acento;formatacao
MA;olinda nova do maranhao;olinda nova do maranhao;Olinda Nova do Maranhão;2;nenhuma;formatacao
MA;palmeirandia;palmeirandia;Palmeirandia;3;nenhuma;formatacao
MA;paraibano;paraibano;Paraibano;26;nenhuma;formatacao
MA;parnarama;parnarama;Parnarama;11;nenhuma;formatacao
MA;passagem franca;passagem franca;Passagem Franca;19;nenhuma;formatacao
MA;pastos bons;pastos bons;Pastos Bons;13;nenhuma;formatacao
MA;paulino neves;paulino neves;Paulino Neves;8;nenhuma;formatacao
MA;paulo ramos;paulo ramos;Paulo Ramos;7;nenhuma;formatacao
MA;paco do lumiar;paco do lumiar;Paço do Lumiar;59;nenhuma;formatacao
MA;paço do lumiar;paco do lumiar;Paço do Lumiar;10;acento;formatacao
MA;pedreiras;pedreiras;Pedreiras;83;nenhuma;formatacao
MA;pedro do rosário;pedro do rosario;Pedro do Rosário;1;acento;formatacao
MA;penalva;penalva;Penalva;13;nenhuma;formatacao
MA;peri mirim;peri mirim;Peri Mirim;6;nenhuma;formatacao
MA;peritoro;peritoro;Peritoró;6;nenhuma;formatacao
MA;peritoró;peritoro;Peritoró;1;acento;formatacao
MA;pindare mirim;pindare mirim;Pindaré-mirim;22;nenhuma;formatacao
MA;pindaré-mirim;pindare mirim;Pindaré-mirim;3;sufixo-uf|acento;formatacao
MA;pindaré mirim;pindare mirim;Pindaré-mirim;2;acento;formatacao
MA;pinheiro;pinheiro;Pinheiro;79;nenhuma;formatacao
MA;pio xii;pio xii;Pio Xii;16;nenhuma;formatacao
MA;pirapemas;pirapemas;Pirapemas;6;nenhuma;formatacao
MA;porto franco;porto franco;Porto Franco;51;nenhuma;formatacao
MA;porto rico do maranhao;porto rico do maranhao;Porto Rico do Maranhao;4;nenhuma;formatacao
MA;pocao de pedras;pocao de pedras;Poção de Pedras;19;nenhuma;formatacao
MA;poção de pedras;pocao de pedras;Poção de Pedras;4;acento;formatacao
MA;presidente dutra;presidente dutra;Presidente Dutra;85;nenhuma;formatacao
MA;presidente juscelino;presidente juscelino;Presidente Juscelino;2;nenhuma;formatacao
MA;presidente medici;presidente medici;Presidente Médici;11;nenhuma;formatacao
MA;presidente médici;presidente medici;Presidente Médici;2;acento;formatacao
MA;presidente sarney;presidente sarney;Presidente Sarney;7;nenhuma;formatacao
MA;presidente vargas;presidente vargas;Presidente Vargas;3;nenhuma;formatacao
MA;primeira cruz;primeira cruz;Primeira Cruz;4;nenhuma;formatacao
MA;raposa;raposa;Raposa;10;nenhuma;formatacao
MA;riachao;riachao;Riachão;20;nenhuma;formatacao
MA;riachão;riachao;Riachão;1;acento;formatacao
MA;ribamar fiquene;ribamar fiquene;Ribamar Fiquene;1;nenhuma;formatacao
MA;rosario;rosario;Rosário;24;nenhuma;formatacao
MA;rosário;rosario;Rosário;3;acento;formatacao
MA;sambaiba;sambaiba;Sambaiba;1;nenhuma;formatacao
MA;santa filomena do maranhao;santa filomena do maranhao;Santa Filomena do Maranhao;1;nenhuma;formatacao
MA;santa helena;santa helena;Santa Helena;35;nenhuma;formatacao
MA;santa ines;santa ines;Santa Inês;118;nenhuma;formatacao
MA;santa inês;santa ines;Santa Inês;26;acento;formatacao
MA;santa luzia;santa luzia;Santa Luzia;41;nenhuma;formatacao
MA;santa luzia do parua;santa luzia do parua;Santa Luzia do Paruá;17;nenhuma;formatacao
MA;santa luzia do paruá;santa luzia do parua;Santa Luzia do Paruá;3;acento;formatacao
MA;santa quiteria do maranhao;santa quiteria do maranhao;Santa Quitéria do Maranhão;23;nenhuma;formatacao
MA;santa quitéria do maranhão;santa quiteria do maranhao;Santa Quitéria do Maranhão;2;acento;formatacao
MA;santa rita;santa rita;Santa Rita;19;nenhuma;formatacao
MA;santana do maranhao;santana do maranhao;Santana do Maranhão;5;nenhuma;formatacao
MA;santana do maranhão;santana do maranhao;Santana do Maranhão;1;acento;formatacao
MA;santo amaro;santo amaro;Santo Amaro;3;nenhuma;formatacao
MA;santo antonio dos lopes;santo antonio dos lopes;Santo Antônio dos Lopes;19;nenhuma;formatacao
MA;santo antônio dos lopes;santo antonio dos lopes;Santo Antônio dos Lopes;4;acento;formatacao
MA;sao domingos do azeitao;sao domingos do azeitao;Sao Domingos do Azeitao;7;nenhuma;formatacao
MA;sao jose dos basilios;sao jose dos basilios;Sao Jose dos Basilios;3;nenhuma;formatacao
MA;sao pedro dos crentes;sao pedro dos crentes;Sao Pedro dos Crentes;1;nenhuma;formatacao
MA;satubinha;satubinha;Satubinha;6;nenhuma;formatacao
MA;senador alexandre costa;senador alexandre costa;Senador Alexandre Costa;5;nenhuma;formatacao
MA;senador la rocque;senador la rocque;Senador La Rocque;13;nenhuma;formatacao
MA;senador la roque;senador la roque;Senador La Roque;2;nenhuma;formatacao
MA;serrano do maranhao;serrano do maranhao;Serrano do Maranhao;3;nenhuma;formatacao
MA;sitio novo;sitio novo;Sitio Novo;13;nenhuma;formatacao
MA;sucupira do norte;sucupira do norte;Sucupira do Norte;10;nenhuma;formatacao
MA;sucupira do riachao;sucupira do riachao;Sucupira do Riachao;2;nenhuma;formatacao
MA;sao benedito do rio preto;sao benedito do rio preto;São Benedito do Rio Preto;11;nenhuma;formatacao
MA;são benedito do rio preto;sao benedito do rio preto;São Benedito do Rio Preto;3;acento;formatacao
MA;sao bento;sao bento;São Bento;38;nenhuma;formatacao
MA;são bento;sao bento;São Bento;9;acento;formatacao
MA;sao bernardo;sao bernardo;São Bernardo;20;nenhuma;formatacao
MA;são bernardo;sao bernardo;São Bernardo;2;acento;formatacao
MA;sao domingos do maranhao;sao domingos do maranhao;São Domingos do Maranhão;28;nenhuma;formatacao
MA;são domingos do maranhão;sao domingos do maranhao;São Domingos do Maranhão;5;acento;formatacao
MA;sao francisco do brejao;sao francisco do brejao;São Francisco do Brejão;6;nenhuma;formatacao
MA;são francisco do brejão;sao francisco do brejao;São Francisco do Brejão;1;acento;formatacao
MA;sao francisco do maranhao;sao francisco do maranhao;São Francisco do Maranhão;1;nenhuma;formatacao
MA;são francisco do maranhão;sao francisco do maranhao;São Francisco do Maranhão;1;acento;formatacao
MA;são félix de balsas;sao felix de balsas;São Félix de Balsas;1;acento;formatacao
MA;sao felix de balsas;sao felix de balsas;São Félix de Balsas;1;nenhuma;formatacao
MA;sao jose de ribamar;sao jose de ribamar;São José de Ribamar;109;nenhuma;formatacao
MA;são josé de ribamar;sao jose de ribamar;São José de Ribamar;23;acento;formatacao
MA;sao joao batista;sao joao batista;São João Batista;5;nenhuma;formatacao
MA;são joão batista;sao joao batista;São João Batista;3;acento;formatacao
MA;sao joao do caru;sao joao do caru;São João do Carú;8;nenhuma;formatacao
MA;são joão do carú;sao joao do caru;São João do Carú;1;acento;formatacao
MA;sao joao do paraiso;sao joao do paraiso;São João do Paraíso;8;nenhuma;formatacao
MA;são joão do paraíso;sao joao do paraiso;São João do Paraíso;4;acento;formatacao
MA;são joão do soter;sao joao do soter;São João do Soter;2;acento;formatacao
MA;sao joao do soter;sao joao do soter;São João do Soter;1;nenhuma;formatacao
MA;sao joao dos patos;sao joao dos patos;São João dos Patos;44;nenhuma;formatacao
MA;são joão dos patos;sao joao dos patos;São João dos Patos;8;acento;formatacao
MA;sao luis;sao luis;São Luís;2860;nenhuma;formatacao
MA;são luís;sao luis;São Luís;288;acento;formatacao
MA;são luís gonzaga do maranhão;sao luis gonzaga do maranhao;São Luís Gonzaga do Maranhão;2;acento;formatacao
MA;sao luis gonzaga do maranhao;sao luis gonzaga do maranhao;São Luís Gonzaga do Maranhão;1;nenhuma;formatacao
MA;sao mateus do maranhao;sao mateus do maranhao;São Mateus do Maranhão;27;nenhuma;formatacao
MA;são mateus do maranhão;sao mateus do maranhao;São Mateus do Maranhão;4;acento;formatacao
MA;sao pedro da agua branca;sao pedro da agua branca;São Pedro da Água Branca;17;nenhuma;formatacao
MA;são pedro da água branca;sao pedro da agua branca;São Pedro da Água Branca;3;acento;formatacao
MA;sao raimundo das mangabeiras;sao raimundo das mangabeiras;São Raimundo das Mangabeiras;20;nenhuma;formatacao
MA;são raimundo das mangabeiras;sao raimundo das mangabeiras;São Raimundo das Mangabeiras;5;acento;formatacao
MA;sao raimundo do doca bezerra;sao raimundo do doca bezerra;São Raimundo do Doca Bezerra;4;nenhuma;formatacao
MA;são raimundo do doca bezerra;sao raimundo do doca bezerra;São Raimundo do Doca Bezerra;2;acento;formatacao
MA;sao roberto;sao roberto;São Roberto;3;nenhuma;formatacao
MA;são roberto;sao roberto;São Roberto;3;acento;formatacao
MA;sao vicente ferrer;sao vicente ferrer;São Vicente Ferrer;12;nenhuma;formatacao
MA;são vicente ferrer;sao vicente ferrer;São Vicente Ferrer;1;acento;formatacao
MA;tasso fragoso;tasso fragoso;Tasso Fragoso;8;nenhuma;formatacao
MA;timbiras;timbiras;Timbiras;12;nenhuma;formatacao
MA;timon;timon;Timon;131;nenhuma;formatacao
MA;trizidela do vale;trizidela do vale;Trizidela do Vale;14;nenhuma;formatacao
MA;tufilândia;tufilandia;Tufilândia;1;acento;formatacao
MA;tufilandia;tufilandia;Tufilândia;1;nenhuma;formatacao
MA;tuntum;tuntum;Tuntum;32;nenhuma;formatacao
MA;turiacu;turiacu;Turiaçu;16;nenhuma;formatacao
MA;turiaçu;turiacu;Turiaçu;3;acento;formatacao
MA;turilandia;turilandia;Turilandia;3;nenhuma;formatacao
MA;tutoia;tutoia;Tutóia;41;nenhuma;formatacao
MA;tutóia;tutoia;Tutóia;6;acento;formatacao
MA;urbano santos;urbano santos;Urbano Santos;27;nenhuma;formatacao
MA;vargem grande;vargem grande;Vargem Grande;31;nenhuma;formatacao
MA;viana;viana;Viana;44;nenhuma;formatacao
MA;vila nova dos martirios;vila nova dos martirios;Vila Nova dos Martírios;4;nenhuma;formatacao
MA;vila nova dos martírios;vila nova dos martirios;Vila Nova dos Martírios;4;acento;formatacao
MA;vitorino freire;vitorino freire;Vitorino Freire;40;nenhuma;formatacao
MA;vitoria do mearim;vitoria do mearim;Vitória do Mearim;28;nenhuma;formatacao
MA;vitória do mearim;vitoria do mearim;Vitória do Mearim;8;acento;formatacao
MA;ze doca;ze doca;Zé Doca;47;nenhuma;formatacao
MA;zé doca;ze doca;Zé Doca;4;acento;formatacao
MA;agua doce do maranhao;agua doce do maranhao;Água Doce do Maranhão;3;nenhuma;formatacao
MA;água doce do maranhão;agua doce do maranhao;Água Doce do Maranhão;1;acento;formatacao
MG;abadia dos dourados;abadia dos dourados;Abadia dos Dourados;29;nenhuma;formatacao
MG;abaete;abaete;Abaeté;118;nenhuma;formatacao
MG;abaeté;abaete;Abaeté;20;acento;formatacao
MG;abre campo;abre campo;Abre Campo;45;nenhuma;formatacao
MG;abreus;abreus;Abreus;1;nenhuma;formatacao
MG;acaiaca;acaiaca;Acaiaca;22;nenhuma;formatacao
MG;adao colares;adao colares;Adao Colares;1;nenhuma;formatacao
MG;agua branca de minas;agua branca de minas;Agua Branca de Minas;1;nenhuma;formatacao
MG;aguanil;aguanil;Aguanil;14;nenhuma;formatacao
MG;aguas ferreas;aguas ferreas;Aguas Ferreas;2;nenhuma;formatacao
MG;aimores;aimores;Aimorés;129;nenhuma;formatacao
MG;aimorés;aimores;Aimorés;21;acento;formatacao
MG;aiuruoca;aiuruoca;Aiuruoca;29;nenhuma;formatacao
MG;alagoa;alagoa;Alagoa;16;nenhuma;formatacao
MG;albertina;albertina;Albertina;5;nenhuma;formatacao
MG;alberto isaacson;alberto isaacson;Alberto Isaacson;5;nenhuma;formatacao
MG;aldeia;aldeia;Aldeia;1;nenhuma;formatacao
MG;alegria;alegria;Alegria;4;nenhuma;formatacao
MG;alexandrita;alexandrita;Alexandrita;13;nenhuma;formatacao
MG;alfenas;alfenas;Alfenas;650;nenhuma;formatacao
MG;alfredo vasconcelos;alfredo vasconcelos;Alfredo Vasconcelos;16;nenhuma;formatacao
MG;almenara;almenara;Almenara;250;nenhuma;formatacao
MG;alpercata;alpercata;Alpercata;17;nenhuma;formatacao
MG;alpinopolis;alpinopolis;Alpinópolis;98;nenhuma;formatacao
MG;alpinópolis;alpinopolis;Alpinópolis;13;acento;formatacao
MG;alterosa;alterosa;Alterosa;44;nenhuma;formatacao
MG;alto caparao;alto caparao;Alto Caparaó;28;nenhuma;formatacao
MG;alto caparaó;alto caparao;Alto Caparaó;2;acento;formatacao
MG;alto jequitiba;alto jequitiba;Alto Jequitibá;30;nenhuma;formatacao
MG;alto jequitibá;alto jequitiba;Alto Jequitibá;4;acento;formatacao
MG;alto maranhao;alto maranhao;Alto Maranhao;1;nenhuma;formatacao
MG;alto rio doce;alto rio doce;Alto Rio Doce;25;nenhuma;formatacao
MG;alvacao;alvacao;Alvacao;2;nenhuma;formatacao
MG;alvarenga;alvarenga;Alvarenga;30;nenhuma;formatacao
MG;alvinopolis;alvinopolis;Alvinópolis;60;nenhuma;formatacao
MG;alvinópolis;alvinopolis;Alvinópolis;9;acento;formatacao
MG;alvorada;alvorada;Alvorada;2;nenhuma;formatacao
MG;alvorada de minas;alvorada de minas;Alvorada de Minas;7;nenhuma;formatacao
MG;alem paraiba;alem paraiba;Além Paraíba;310;nenhuma;formatacao
MG;além paraíba;alem paraiba;Além Paraíba;47;acento;formatacao
MG;amanhece;amanhece;Amanhece;1;nenhuma;formatacao
MG;amarantina;amarantina;Amarantina;12;nenhuma;formatacao
MG;amparo da serra;amparo da serra;Amparo da Serra;15;nenhuma;formatacao
MG;andradas;andradas;Andradas;202;nenhuma;formatacao
MG;andrelandia;andrelandia;Andrelândia;69;nenhuma;formatacao
MG;andrelândia;andrelandia;Andrelândia;7;acento;formatacao
MG;andrequice;andrequice;Andrequice;2;nenhuma;formatacao
MG;angelandia;angelandia;Angelândia;12;nenhuma;formatacao
MG;angelândia;angelandia;Angelândia;4;acento;formatacao
MG;anguereta;anguereta;Anguereta;1;nenhuma;formatacao
MG;angustura;angustura;Angustura;3;nenhuma;formatacao
MG;antunes;antunes;Antunes;4;nenhuma;formatacao
MG;antunes (igaratinga);antunes (igaratinga);Antunes (igaratinga);1;nenhuma;formatacao
MG;antonio carlos;antonio carlos;Antônio Carlos;19;nenhuma;formatacao
MG;antônio carlos;antonio carlos;Antônio Carlos;4;acento;formatacao
MG;antonio dias;antonio dias;Antônio Dias;15;nenhuma;formatacao
MG;antônio dias;antonio dias;Antônio Dias;6;acento;formatacao
MG;antonio pereira;antonio pereira;Antônio Pereira;17;nenhuma;formatacao
MG;antônio pereira;antonio pereira;Antônio Pereira;2;acento;formatacao
MG;antonio prado de minas;antonio prado de minas;Antônio Prado de Minas;17;nenhuma;formatacao
MG;antônio prado de minas;antonio prado de minas;Antônio Prado de Minas;3;acento;formatacao
MG;aparecida de minas;aparecida de minas;Aparecida de Minas;1;nenhuma;formatacao
MG;aracitaba;aracitaba;Aracitaba;11;nenhuma;formatacao
MG;araguari;araguari;Araguari;604;nenhuma;formatacao
MG;arantina;arantina;Arantina;20;nenhuma;formatacao
MG;araponga;araponga;Araponga;20;nenhuma;formatacao
MG;arapora;arapora;Araporã;44;nenhuma;formatacao
MG;araporã;arapora;Araporã;6;acento;formatacao
MG;arapua;arapua;Arapuá;13;nenhuma;formatacao
MG;arapuá;arapua;Arapuá;2;acento;formatacao
MG;araxa;araxa;Araxá;745;nenhuma;formatacao
MG;araxá;araxa;Araxá;107;acento;formatacao
MG;aracai;aracai;Araçaí;6;nenhuma;formatacao
MG;araçaí;aracai;Araçaí;1;acento;formatacao
MG;aracuai;aracuai;Araçuaí;136;nenhuma;formatacao
MG;araçuaí;aracuai;Araçuaí;30;acento;formatacao
MG;araujos;araujos;Araújos;50;nenhuma;formatacao
MG;araújos;araujos;Araújos;10;acento;formatacao
MG;arceburgo;arceburgo;Arceburgo;33;nenhuma;formatacao
MG;arcos;arcos;Arcos;286;nenhuma;formatacao
MG;areado;areado;Areado;99;nenhuma;formatacao
MG;argirita;argirita;Argirita;8;nenhuma;formatacao
MG;aricanduva;aricanduva;Aricanduva;5;nenhuma;formatacao
MG;arinos;arinos;Arinos;98;nenhuma;formatacao
MG;astolfo dutra;astolfo dutra;Astolfo Dutra;86;nenhuma;formatacao
MG;ataleia;ataleia;Ataléia;29;nenhuma;formatacao
MG;ataléia;ataleia;Ataléia;2;acento;formatacao
MG;augusto de lima;augusto de lima;Augusto de Lima;16;nenhuma;formatacao
MG;avaí do jacinto;avai do jacinto;Avaí do Jacinto;1;acento;formatacao
MG;azurita;azurita;Azurita;23;nenhuma;formatacao
MG;acucena;acucena;Açucena;16;nenhuma;formatacao
MG;açucena;acucena;Açucena;2;acento;formatacao
MG;baependi;baependi;Baependi;126;nenhuma;formatacao
MG;baguari;baguari;Baguari;2;nenhuma;formatacao
MG;baldim;baldim;Baldim;13;nenhuma;formatacao
MG;bambui;bambui;Bambuí;177;nenhuma;formatacao
MG;bambuí;bambui;Bambuí;21;acento;formatacao
MG;bandeira;bandeira;Bandeira;16;nenhuma;formatacao
MG;bandeira do sul;bandeira do sul;Bandeira do Sul;20;nenhuma;formatacao
MG;bandeirantes;bandeirantes;Bandeirantes;1;nenhuma;formatacao
MG;barbacena;barbacena;Barbacena;994;nenhuma;formatacao
MG;barbacena/ minas gerais;barbacena;Barbacena;1;sufixo-uf;estrutural
MG;barra feliz;barra feliz;Barra Feliz;1;nenhuma;formatacao
MG;barra longa;barra longa;Barra Longa;27;nenhuma;formatacao
MG;barra do ariranha;barra do ariranha;Barra do Ariranha;2;nenhuma;formatacao
MG;barra do cuiete;barra do cuiete;Barra do Cuiete;2;nenhuma;formatacao
MG;barreiro branco;barreiro branco;Barreiro Branco;1;nenhuma;formatacao
MG;barroso;barroso;Barroso;128;nenhuma;formatacao
MG;barao de cocais;barao de cocais;Barão de Cocais;246;nenhuma;formatacao
MG;barão de cocais;barao de cocais;Barão de Cocais;33;acento;formatacao
MG;barao de monte alto;barao de monte alto;Barão de Monte Alto;11;nenhuma;formatacao
MG;barão de monte alto;barao de monte alto;Barão de Monte Alto;1;acento;formatacao
MG;bela vista de minas;bela vista de minas;Bela Vista de Minas;51;nenhuma;formatacao
MG;belmiro braga;belmiro braga;Belmiro Braga;5;nenhuma;formatacao
MG;belo horizont;belo horizont;Belo Horizont;1;nenhuma;formatacao
MG;belo horizonta;belo horizonta;Belo Horizonta;1;nenhuma;formatacao
MG;belo horizonte;belo horizonte;Belo Horizonte;30644;nenhuma;formatacao
MG;bh;belo horizonte;Belo Horizonte;1;nenhuma;estrutural
MG;belo oriente;belo oriente;Belo Oriente;73;nenhuma;formatacao
MG;belo vale;belo vale;Belo Vale;29;nenhuma;formatacao
MG;bentópolis de minas;bentopolis de minas;Bentópolis de Minas;1;acento;formatacao
MG;berilo;berilo;Berilo;35;nenhuma;formatacao
MG;berizal;berizal;Berizal;12;nenhuma;formatacao
MG;bertopolis;bertopolis;Bertópolis;13;nenhuma;formatacao
MG;bertópolis;bertopolis;Bertópolis;3;acento;formatacao
MG;betim;betim;Betim;2384;nenhuma;formatacao
MG;bias fortes;bias fortes;Bias Fortes;8;nenhuma;formatacao
MG;bicas;bicas;Bicas;117;nenhuma;formatacao
MG;bicuiba;bicuiba;Bicuiba;1;nenhuma;formatacao
MG;biquinhas;biquinhas;Biquinhas;13;nenhuma;formatacao
MG;boa esperanca;boa esperanca;Boa Esperança;190;nenhuma;formatacao
MG;boa esperança;boa esperanca;Boa Esperança;27;acento;formatacao
MG;boa união de itabirinha;boa uniao de itabirinha;Boa União de Itabirinha;2;acento;formatacao
MG;boa uniao de itabirinha;boa uniao de itabirinha;Boa União de Itabirinha;2;nenhuma;formatacao
MG;boa vista de minas;boa vista de minas;Boa Vista de Minas;2;nenhuma;formatacao
MG;bocaina de minas;bocaina de minas;Bocaina de Minas;7;nenhuma;formatacao
MG;bocaiuva;bocaiuva;Bocaiúva;112;nenhuma;formatacao
MG;bocaiúva;bocaiuva;Bocaiúva;21;acento;formatacao
MG;bom despacho;bom despacho;Bom Despacho;398;nenhuma;formatacao
MG;bom jardim de minas;bom jardim de minas;Bom Jardim de Minas;64;nenhuma;formatacao
MG;bom jesus da penha;bom jesus da penha;Bom Jesus da Penha;19;nenhuma;formatacao
MG;bom jesus do amparo;bom jesus do amparo;Bom Jesus do Amparo;7;nenhuma;formatacao
MG;bom jesus do galho;bom jesus do galho;Bom Jesus do Galho;49;nenhuma;formatacao
MG;bom repouso;bom repouso;Bom Repouso;57;nenhuma;formatacao
MG;bom sucesso;bom sucesso;Bom Sucesso;80;nenhuma;formatacao
MG;bonfim;bonfim;Bonfim;35;nenhuma;formatacao
MG;bonfinopolis de minas;bonfinopolis de minas;Bonfinópolis de Minas;36;nenhuma;formatacao
MG;bonfinópolis de minas;bonfinopolis de minas;Bonfinópolis de Minas;7;acento;formatacao
MG;bonito de minas;bonito de minas;Bonito de Minas;17;nenhuma;formatacao
MG;borda da mata;borda da mata;Borda da Mata;81;nenhuma;formatacao
MG;botelhos;botelhos;Botelhos;69;nenhuma;formatacao
MG;botumirim;botumirim;Botumirim;9;nenhuma;formatacao
MG;brasilandia de minas;brasilandia de minas;Brasilândia de Minas;52;nenhuma;formatacao
MG;brasilândia de minas;brasilandia de minas;Brasilândia de Minas;14;acento;formatacao
MG;brasilia de minas;brasilia de minas;Brasília de Minas;95;nenhuma;formatacao
MG;brasília de minas;brasilia de minas;Brasília de Minas;13;acento;formatacao
MG;brasopolis;brasopolis;Brasópolis;45;nenhuma;formatacao
MG;brasópolis;brasopolis;Brasópolis;13;acento;formatacao
MG;brazopolis;brazopolis;Brazópolis;21;nenhuma;formatacao
MG;brazópolis;brazopolis;Brazópolis;5;acento;formatacao
MG;braunas;braunas;Braúnas;9;nenhuma;formatacao
MG;braúnas;braunas;Braúnas;2;acento;formatacao
MG;brejo bonito;brejo bonito;Brejo Bonito;2;nenhuma;formatacao
MG;brumadinho;brumadinho;Brumadinho;246;nenhuma;formatacao
MG;bras pires;bras pires;Brás Pires;13;nenhuma;formatacao
MG;brás pires;bras pires;Brás Pires;1;acento;formatacao
MG;bueno brandao;bueno brandao;Bueno Brandão;40;nenhuma;formatacao
MG;bueno brandão;bueno brandao;Bueno Brandão;9;acento;formatacao
MG;buenopolis;buenopolis;Buenópolis;44;nenhuma;formatacao
MG;buenópolis;buenopolis;Buenópolis;9;acento;formatacao
MG;bugre;bugre;Bugre;7;nenhuma;formatacao
MG;buritis;buritis;Buritis;127;nenhuma;formatacao
MG;buritizeiro;buritizeiro;Buritizeiro;100;nenhuma;formatacao
MG;cabeceira grande;cabeceira grande;Cabeceira Grande;33;nenhuma;formatacao
MG;cabo verde;cabo verde;Cabo Verde;32;nenhuma;formatacao
MG;cacaratiba;cacaratiba;Cacaratiba;1;nenhuma;formatacao
MG;cachoeira alegre;cachoeira alegre;Cachoeira Alegre;1;nenhuma;formatacao
MG;cachoeira dourada;cachoeira dourada;Cachoeira Dourada;21;nenhuma;formatacao
MG;cachoeira da prata;cachoeira da prata;Cachoeira da Prata;22;nenhuma;formatacao
MG;cachoeira de minas;cachoeira de minas;Cachoeira de Minas;62;nenhuma;formatacao
MG;cachoeira de pajeu;cachoeira de pajeu;Cachoeira de Pajeú;29;nenhuma;formatacao
MG;cachoeira de pajeú;cachoeira de pajeu;Cachoeira de Pajeú;7;acento;formatacao
MG;cachoeira de santa cruz;cachoeira de santa cruz;Cachoeira de Santa Cruz;1;nenhuma;formatacao
MG;cachoeira do brumado;cachoeira do brumado;Cachoeira do Brumado;8;nenhuma;formatacao
MG;cachoeira do campo;cachoeira do campo;Cachoeira do Campo;70;nenhuma;formatacao
MG;caetanopolis;caetanopolis;Caetanópolis;51;nenhuma;formatacao
MG;caetanópolis;caetanopolis;Caetanópolis;6;acento;formatacao
MG;caete;caete;Caeté;291;nenhuma;formatacao
MG;caeté;caete;Caeté;45;acento;formatacao
MG;caiana;caiana;Caiana;16;nenhuma;formatacao
MG;cajuri;cajuri;Cajuri;6;nenhuma;formatacao
MG;caldas;caldas;Caldas;36;nenhuma;formatacao
MG;calixto;calixto;Calixto;2;nenhuma;formatacao
MG;camacho;camacho;Camacho;15;nenhuma;formatacao
MG;camanducaia;camanducaia;Camanducaia;107;nenhuma;formatacao
MG;cambuquira;cambuquira;Cambuquira;77;nenhuma;formatacao
MG;cambui;cambui;Cambuí;196;nenhuma;formatacao
MG;cambuí;cambui;Cambuí;22;acento;formatacao
MG;campanha;campanha;Campanha;110;nenhuma;formatacao
MG;campanario;campanario;Campanário;11;nenhuma;formatacao
MG;campanário;campanario;Campanário;2;acento;formatacao
MG;campestre;campestre;Campestre;80;nenhuma;formatacao
MG;campina verde;campina verde;Campina Verde;105;nenhuma;formatacao
MG;campo alegre de minas;campo alegre de minas;Campo Alegre de Minas;3;nenhuma;formatacao
MG;campo azul;campo azul;Campo Azul;5;nenhuma;formatacao
MG;campo belo;campo belo;Campo Belo;301;nenhuma;formatacao
MG;campo florido;campo florido;Campo Florido;35;nenhuma;formatacao
MG;campo do meio;campo do meio;Campo do Meio;64;nenhuma;formatacao
MG;campos altos;campos altos;Campos Altos;72;nenhuma;formatacao
MG;campos gerais;campos gerais;Campos Gerais;106;nenhuma;formatacao
MG;cana verde;cana verde;Cana Verde;9;nenhuma;formatacao
MG;canabrava;canabrava;Canabrava;1;nenhuma;formatacao
MG;canaa;canaa;Canaã;10;nenhuma;formatacao
MG;canaã;canaa;Canaã;3;acento;formatacao
MG;candeias;candeias;Candeias;64;nenhuma;formatacao
MG;cantagalo;cantagalo;Cantagalo;11;nenhuma;formatacao
MG;canapolis;canapolis;Canápolis;48;nenhuma;formatacao
MG;canápolis;canapolis;Canápolis;7;acento;formatacao
MG;caparao;caparao;Caparaó;9;nenhuma;formatacao
MG;caparaó;caparao;Caparaó;2;acento;formatacao
MG;capela nova;capela nova;Capela Nova;15;nenhuma;formatacao
MG;capelinha;capelinha;Capelinha;208;nenhuma;formatacao
MG;capetinga;capetinga;Capetinga;17;nenhuma;formatacao
MG;capim branco;capim branco;Capim Branco;36;nenhuma;formatacao
MG;capinopolis;capinopolis;Capinópolis;85;nenhuma;formatacao
MG;capinópolis;capinopolis;Capinópolis;10;acento;formatacao
MG;capitao andrade;capitao andrade;Capitão Andrade;12;nenhuma;formatacao
MG;capitão andrade;capitao andrade;Capitão Andrade;5;acento;formatacao
MG;capitao eneas;capitao eneas;Capitão Enéas;17;nenhuma;formatacao
MG;capitão enéas;capitao eneas;Capitão Enéas;3;acento;formatacao
MG;capitolio;capitolio;Capitólio;100;nenhuma;formatacao
MG;capitólio;capitolio;Capitólio;18;acento;formatacao
MG;caputira;caputira;Caputira;22;nenhuma;formatacao
MG;caranaiba;caranaiba;Caranaíba;4;nenhuma;formatacao
MG;caranaíba;caranaiba;Caranaíba;1;acento;formatacao
MG;carandai;carandai;Carandaí;125;nenhuma;formatacao
MG;carandaí;carandai;Carandaí;19;acento;formatacao
MG;carangola;carangola;Carangola;282;nenhuma;formatacao
MG;caratinga;caratinga;Caratinga;567;nenhuma;formatacao
MG;carai;carai;Caraí;31;nenhuma;formatacao
MG;caraí;carai;Caraí;11;acento;formatacao
MG;carbonita;carbonita;Carbonita;50;nenhuma;formatacao
MG;careacu;careacu;Careaçu;16;nenhuma;formatacao
MG;careaçu;careacu;Careaçu;4;acento;formatacao
MG;carlos chagas;carlos chagas;Carlos Chagas;82;nenhuma;formatacao
MG;carmo da cachoeira;carmo da cachoeira;Carmo da Cachoeira;53;nenhuma;formatacao
MG;carmo da mata;carmo da mata;Carmo da Mata;72;nenhuma;formatacao
MG;carmo de minas;carmo de minas;Carmo de Minas;43;nenhuma;formatacao
MG;carmo do cajuru;carmo do cajuru;Carmo do Cajuru;120;nenhuma;formatacao
MG;carmo do paranaiba;carmo do paranaiba;Carmo do Paranaíba;178;nenhuma;formatacao
MG;carmo do paranaíba;carmo do paranaiba;Carmo do Paranaíba;24;acento;formatacao
MG;carmo do rio claro;carmo do rio claro;Carmo do Rio Claro;104;nenhuma;formatacao
MG;carmesia;carmesia;Carmésia;18;nenhuma;formatacao
MG;carmésia;carmesia;Carmésia;2;acento;formatacao
MG;carmopolis de minas;carmopolis de minas;Carmópolis de Minas;56;nenhuma;formatacao
MG;carmópolis de minas;carmopolis de minas;Carmópolis de Minas;12;acento;formatacao
MG;carneirinho;carneirinho;Carneirinho;46;nenhuma;formatacao
MG;carrancas;carrancas;Carrancas;16;nenhuma;formatacao
MG;carvalhos;carvalhos;Carvalhos;23;nenhuma;formatacao
MG;carvalhopolis;carvalhopolis;Carvalhópolis;23;nenhuma;formatacao
MG;carvalhópolis;carvalhopolis;Carvalhópolis;2;acento;formatacao
MG;casa grande;casa grande;Casa Grande;7;nenhuma;formatacao
MG;cascalho rico;cascalho rico;Cascalho Rico;7;nenhuma;formatacao
MG;castro pires;castro pires;Castro Pires;1;nenhuma;formatacao
MG;cataguarino;cataguarino;Cataguarino;1;nenhuma;formatacao
MG;cataguases;cataguases;Cataguases;477;nenhuma;formatacao
MG;catas altas;catas altas;Catas Altas;40;nenhuma;formatacao
MG;catas altas da noruega;catas altas da noruega;Catas Altas da Noruega;5;nenhuma;formatacao
MG;catuji;catuji;Catuji;10;nenhuma;formatacao
MG;catune;catune;Catune;1;nenhuma;formatacao
MG;catuni;catuni;Catuni;1;nenhuma;formatacao
MG;catuti;catuti;Catuti;11;nenhuma;formatacao
MG;caxambu;caxambu;Caxambu;221;nenhuma;formatacao
MG;cacarema;cacarema;Caçarema;1;nenhuma;formatacao
MG;caçarema;cacarema;Caçarema;1;acento;formatacao
MG;cedro do abaete;cedro do abaete;Cedro do Abaete;3;nenhuma;formatacao
MG;central de minas;central de minas;Central de Minas;30;nenhuma;formatacao
MG;central de santa helena;central de santa helena;Central de Santa Helena;5;nenhuma;formatacao
MG;centralina;centralina;Centralina;35;nenhuma;formatacao
MG;centro;centro;Centro;1;nenhuma;formatacao
MG;chale;chale;Chalé;14;nenhuma;formatacao
MG;chalé;chale;Chalé;4;acento;formatacao
MG;chapada gaucha;chapada gaucha;Chapada Gaúcha;52;nenhuma;formatacao
MG;chapada gaúcha;chapada gaucha;Chapada Gaúcha;7;acento;formatacao
MG;chapada do norte;chapada do norte;Chapada do Norte;24;nenhuma;formatacao
MG;chaveslandia;chaveslandia;Chaveslandia;3;nenhuma;formatacao
MG;chiador;chiador;Chiador;1;nenhuma;formatacao
MG;chonim;chonim;Chonim;2;nenhuma;formatacao
MG;chacara;chacara;Chácara;17;nenhuma;formatacao
MG;chácara;chacara;Chácara;4;acento;formatacao
MG;cipotanea;cipotanea;Cipotânea;9;nenhuma;formatacao
MG;cipotânea;cipotanea;Cipotânea;4;acento;formatacao
MG;cisneiros;cisneiros;Cisneiros;1;nenhuma;formatacao
MG;claraval;claraval;Claraval;8;nenhuma;formatacao
MG;claro dos pocoes;claro dos pocoes;Claro dos Poções;12;nenhuma;formatacao
MG;claro dos poções;claro dos pocoes;Claro dos Poções;1;acento;formatacao
MG;claudio manuel;claudio manuel;Claudio Manuel;2;nenhuma;formatacao
MG;claudio;claudio;Cláudio;170;nenhuma;formatacao
MG;cláudio;claudio;Cláudio;25;acento;formatacao
MG;cocais;cocais;Cocais;8;nenhuma;formatacao
MG;coimbra;coimbra;Coimbra;35;nenhuma;formatacao
MG;coluna;coluna;Coluna;33;nenhuma;formatacao
MG;comendador gomes;comendador gomes;Comendador Gomes;8;nenhuma;formatacao
MG;comercinho;comercinho;Comercinho;21;nenhuma;formatacao
MG;conceicao da ibitipoca;conceicao da ibitipoca;Conceicao da Ibitipoca;5;nenhuma;formatacao
MG;conceicao de ipanema;conceicao de ipanema;Conceicao de Ipanema;2;nenhuma;formatacao
MG;conceicao do formoso;conceicao do formoso;Conceicao do Formoso;1;nenhuma;formatacao
MG;conceicao da aparecida;conceicao da aparecida;Conceição da Aparecida;56;nenhuma;formatacao
MG;conceição da aparecida;conceicao da aparecida;Conceição da Aparecida;9;acento;formatacao
MG;conceicao da barra de minas;conceicao da barra de minas;Conceição da Barra de Minas;10;nenhuma;formatacao
MG;conceição da barra de minas;conceicao da barra de minas;Conceição da Barra de Minas;1;acento;formatacao
MG;conceicao das alagoas;conceicao das alagoas;Conceição das Alagoas;99;nenhuma;formatacao
MG;conceição das alagoas;conceicao das alagoas;Conceição das Alagoas;20;acento;formatacao
MG;conceicao das pedras;conceicao das pedras;Conceição das Pedras;16;nenhuma;formatacao
MG;conceição das pedras;conceicao das pedras;Conceição das Pedras;1;acento;formatacao
MG;conceição de tronqueiras;conceicao de tronqueiras;Conceição de Tronqueiras;1;acento;formatacao
MG;conceicao do capim;conceicao do capim;Conceição do Capim;4;nenhuma;formatacao
MG;conceição do capim;conceicao do capim;Conceição do Capim;1;acento;formatacao
MG;conceicao do mato dentro;conceicao do mato dentro;Conceição do Mato Dentro;167;nenhuma;formatacao
MG;conceição do mato dentro;conceicao do mato dentro;Conceição do Mato Dentro;18;acento;formatacao
MG;conceicao do para;conceicao do para;Conceição do Pará;20;nenhuma;formatacao
MG;conceição do pará;conceicao do para;Conceição do Pará;2;acento;formatacao
MG;conceicao do rio verde;conceicao do rio verde;Conceição do Rio Verde;68;nenhuma;formatacao
MG;conceição do rio verde;conceicao do rio verde;Conceição do Rio Verde;7;acento;formatacao
MG;conceicao dos ouros;conceicao dos ouros;Conceição dos Ouros;63;nenhuma;formatacao
MG;conceição dos ouros;conceicao dos ouros;Conceição dos Ouros;14;acento;formatacao
MG;concordia de mucuri;concordia de mucuri;Concordia de Mucuri;1;nenhuma;formatacao
MG;conego marinho;conego marinho;Conego Marinho;3;nenhuma;formatacao
MG;confins;confins;Confins;38;nenhuma;formatacao
MG;congonhal;congonhal;Congonhal;54;nenhuma;formatacao
MG;congonhas;congonhas;Congonhas;439;nenhuma;formatacao
MG;congonhas do norte;congonhas do norte;Congonhas do Norte;27;nenhuma;formatacao
MG;conquista;conquista;Conquista;47;nenhuma;formatacao
MG;conselheiro lafaiete;conselheiro lafaiete;Conselheiro Lafaiete;1052;nenhuma;formatacao
MG;conselheiro pena;conselheiro pena;Conselheiro Pena;129;nenhuma;formatacao
MG;consolacao;consolacao;Consolacao;3;nenhuma;formatacao
MG;contagem;contagem;Contagem;4833;nenhuma;formatacao
MG;coqueiral;coqueiral;Coqueiral;31;nenhuma;formatacao
MG;coracao de jesus;coracao de jesus;Coração de Jesus;31;nenhuma;formatacao
MG;coração de jesus;coracao de jesus;Coração de Jesus;6;acento;formatacao
MG;cordisburgo;cordisburgo;Cordisburgo;23;nenhuma;formatacao
MG;cordislandia;cordislandia;Cordislandia;10;nenhuma;formatacao
MG;corinto;corinto;Corinto;100;nenhuma;formatacao
MG;coroaci;coroaci;Coroaci;34;nenhuma;formatacao
MG;coromandel;coromandel;Coromandel;186;nenhuma;formatacao
MG;coronel fabriciano;coronel fabriciano;Coronel Fabriciano;674;nenhuma;formatacao
MG;coronel murta;coronel murta;Coronel Murta;41;nenhuma;formatacao
MG;coronel pacheco;coronel pacheco;Coronel Pacheco;10;nenhuma;formatacao
MG;coronel xavier chaves;coronel xavier chaves;Coronel Xavier Chaves;24;nenhuma;formatacao
MG;corrego fundo;corrego fundo;Corrego Fundo;8;nenhuma;formatacao
MG;correia de almeida;correia de almeida;Correia de Almeida;8;nenhuma;formatacao
MG;correntinho;correntinho;Correntinho;4;nenhuma;formatacao
MG;costas da mantiqueira;costas da mantiqueira;Costas da Mantiqueira;4;nenhuma;formatacao
MG;couto de magalhaes de minas;couto de magalhaes de minas;Couto de Magalhães de Minas;18;nenhuma;formatacao
MG;couto de magalhães de minas;couto de magalhaes de minas;Couto de Magalhães de Minas;2;acento;formatacao
MG;crisolia;crisolia;Crisolia;3;nenhuma;formatacao
MG;crisolita;crisolita;Crisolita;15;nenhuma;formatacao
MG;cristais;cristais;Cristais;33;nenhuma;formatacao
MG;cristiano otoni;cristiano otoni;Cristiano Otoni;21;nenhuma;formatacao
MG;cristina;cristina;Cristina;48;nenhuma;formatacao
MG;cristalia;cristalia;Cristália;13;nenhuma;formatacao
MG;cristália;cristalia;Cristália;3;acento;formatacao
MG;crucilandia;crucilandia;Crucilândia;24;nenhuma;formatacao
MG;crucilândia;crucilandia;Crucilândia;2;acento;formatacao
MG;cruzeiro da fortaleza;cruzeiro da fortaleza;Cruzeiro da Fortaleza;19;nenhuma;formatacao
MG;cruzilia;cruzilia;Cruzília;78;nenhuma;formatacao
MG;cruzília;cruzilia;Cruzília;7;acento;formatacao
MG;cuite velho;cuite velho;Cuite Velho;1;nenhuma;formatacao
MG;cuparaque;cuparaque;Cuparaque;28;nenhuma;formatacao
MG;curral de dentro;curral de dentro;Curral de Dentro;21;nenhuma;formatacao
MG;curvelo;curvelo;Curvelo;525;nenhuma;formatacao
MG;cassia;cassia;Cássia;61;nenhuma;formatacao
MG;cássia;cassia;Cássia;13;acento;formatacao
MG;corrego danta;corrego danta;Córrego Danta;11;nenhuma;formatacao
MG;córrego danta;corrego danta;Córrego Danta;1;acento;formatacao
MG;corrego novo;corrego novo;Córrego Novo;9;nenhuma;formatacao
MG;córrego novo;corrego novo;Córrego Novo;1;acento;formatacao
MG;corrego do bom jesus;corrego do bom jesus;Córrego do Bom Jesus;6;nenhuma;formatacao
MG;córrego do bom jesus;corrego do bom jesus;Córrego do Bom Jesus;4;acento;formatacao
MG;corrego do ouro;corrego do ouro;Córrego do Ouro;8;nenhuma;formatacao
MG;córrego do ouro;corrego do ouro;Córrego do Ouro;1;acento;formatacao
MG;datas;datas;Datas;29;nenhuma;formatacao
MG;delfim moreira;delfim moreira;Delfim Moreira;13;nenhuma;formatacao
MG;delfinopolis;delfinopolis;Delfinópolis;25;nenhuma;formatacao
MG;delfinópolis;delfinopolis;Delfinópolis;4;acento;formatacao
MG;delta;delta;Delta;8;nenhuma;formatacao
MG;descoberto;descoberto;Descoberto;23;nenhuma;formatacao
MG;desembargador otoni;desembargador otoni;Desembargador Otoni;6;nenhuma;formatacao
MG;desterro de entre rios;desterro de entre rios;Desterro de Entre Rios;48;nenhuma;formatacao
MG;desterro do melo;desterro do melo;Desterro do Melo;6;nenhuma;formatacao
MG;diamantina;diamantina;Diamantina;428;nenhuma;formatacao
MG;diogo de vasconcelos;diogo de vasconcelos;Diogo de Vasconcelos;11;nenhuma;formatacao
MG;dionisio;dionisio;Dionísio;24;nenhuma;formatacao
MG;dionísio;dionisio;Dionísio;4;acento;formatacao
MG;divino;divino;Divino;110;nenhuma;formatacao
MG;divino espirito santo;divino espirito santo;Divino Espírito Santo;4;nenhuma;formatacao
MG;divino espírito santo;divino espirito santo;Divino Espírito Santo;2;acento;formatacao
MG;divino das laranjeiras;divino das laranjeiras;Divino das Laranjeiras;19;nenhuma;formatacao
MG;divinolandia de minas;divinolandia de minas;Divinolândia de Minas;44;nenhuma;formatacao
MG;divinolândia de minas;divinolandia de minas;Divinolândia de Minas;6;acento;formatacao
MG;divinesia;divinesia;Divinésia;11;nenhuma;formatacao
MG;divinésia;divinesia;Divinésia;3;acento;formatacao
MG;divinopolis;divinopolis;Divinópolis;1457;nenhuma;formatacao
MG;divinópolis;divinopolis;Divinópolis;203;acento;formatacao
MG;divisa alegre;divisa alegre;Divisa Alegre;12;nenhuma;formatacao
MG;divisa nova;divisa nova;Divisa Nova;22;nenhuma;formatacao
MG;divisopolis;divisopolis;Divisópolis;14;nenhuma;formatacao
MG;divisópolis;divisopolis;Divisópolis;4;acento;formatacao
MG;dois de abril;dois de abril;Dois de Abril;2;nenhuma;formatacao
MG;dom bosco;dom bosco;Dom Bosco;23;nenhuma;formatacao
MG;dom cavati;dom cavati;Dom Cavati;43;nenhuma;formatacao
MG;dom joaquim;dom joaquim;Dom Joaquim;27;nenhuma;formatacao
MG;dom silverio;dom silverio;Dom Silvério;29;nenhuma;formatacao
MG;dom silvério;dom silverio;Dom Silvério;3;acento;formatacao
MG;dom vicoso;dom vicoso;Dom Vicoso;10;nenhuma;formatacao
MG;dona euzebia;dona euzebia;Dona Euzébia;21;nenhuma;formatacao
MG;dona euzébia;dona euzebia;Dona Euzébia;3;acento;formatacao
MG;dores de campos;dores de campos;Dores de Campos;87;nenhuma;formatacao
MG;dores de guanhães;dores de guanhaes;Dores de Guanhães;6;acento;formatacao
MG;dores de guanhaes;dores de guanhaes;Dores de Guanhães;6;nenhuma;formatacao
MG;dores do indaia;dores do indaia;Dores do Indaiá;93;nenhuma;formatacao
MG;dores do indaiá;dores do indaia;Dores do Indaiá;7;acento;formatacao
MG;dores do paraibuna;dores do paraibuna;Dores do Paraibuna;2;nenhuma;formatacao
MG;dores do turvo;dores do turvo;Dores do Turvo;13;nenhuma;formatacao
MG;doresopolis;doresopolis;Doresópolis;6;nenhuma;formatacao
MG;doresópolis;doresopolis;Doresópolis;1;acento;formatacao
MG;douradoquara;douradoquara;Douradoquara;7;nenhuma;formatacao
MG;durande;durande;Durandé;28;nenhuma;formatacao
MG;durandé;durande;Durandé;5;acento;formatacao
MG;eloi mendes;eloi mendes;Elói Mendes;96;nenhuma;formatacao
MG;elói mendes;eloi mendes;Elói Mendes;13;acento;formatacao
MG;engenheiro caldas;engenheiro caldas;Engenheiro Caldas;34;nenhuma;formatacao
MG;engenheiro navarro;engenheiro navarro;Engenheiro Navarro;18;nenhuma;formatacao
MG;engenheiro schnoor;engenheiro schnoor;Engenheiro Schnoor;1;nenhuma;formatacao
MG;engenho do ribeiro;engenho do ribeiro;Engenho do Ribeiro;1;nenhuma;formatacao
MG;entre folhas;entre folhas;Entre Folhas;17;nenhuma;formatacao
MG;entre rios de minas;entre rios de minas;Entre Rios de Minas;89;nenhuma;formatacao
MG;epaminondas otoni;epaminondas otoni;Epaminondas Otoni;1;nenhuma;formatacao
MG;ervalia;ervalia;Ervália;81;nenhuma;formatacao
MG;ervália;ervalia;Ervália;19;acento;formatacao
MG;esmeraldas;esmeraldas;Esmeraldas;212;nenhuma;formatacao
MG;esmeraldas de ferros;esmeraldas de ferros;Esmeraldas de Ferros;1;nenhuma;formatacao
MG;espera feliz;espera feliz;Espera Feliz;129;nenhuma;formatacao
MG;espinosa;espinosa;Espinosa;121;nenhuma;formatacao
MG;espirito santo do dourado;espirito santo do dourado;Espírito Santo do Dourado;9;nenhuma;formatacao
MG;espírito santo do dourado;espirito santo do dourado;Espírito Santo do Dourado;2;acento;formatacao
MG;esteios;esteios;Esteios;2;nenhuma;formatacao
MG;estevao de araujo;estevao de araujo;Estevao de Araujo;1;nenhuma;formatacao
MG;estiva;estiva;Estiva;34;nenhuma;formatacao
MG;estrela dalva;estrela dalva;Estrela Dalva;15;nenhuma;formatacao
MG;estrela da barra;estrela da barra;Estrela da Barra;1;nenhuma;formatacao
MG;estrela de jordânia;estrela de jordania;Estrela de Jordânia;1;acento;formatacao
MG;estrela de jordania;estrela de jordania;Estrela de Jordânia;1;nenhuma;formatacao
MG;estrela do indaia;estrela do indaia;Estrela do Indaiá;15;nenhuma;formatacao
MG;estrela do indaiá;estrela do indaia;Estrela do Indaiá;4;acento;formatacao
MG;estrela do sul;estrela do sul;Estrela do Sul;17;nenhuma;formatacao
MG;eugenopolis;eugenopolis;Eugenópolis;43;nenhuma;formatacao
MG;eugenópolis;eugenopolis;Eugenópolis;5;acento;formatacao
MG;ewbank da camara;ewbank da camara;Ewbank da Camara;16;nenhuma;formatacao
MG;extrema;extrema;Extrema;285;nenhuma;formatacao
MG;fama;fama;Fama;11;nenhuma;formatacao
MG;faria lemos;faria lemos;Faria Lemos;19;nenhuma;formatacao
MG;felisburgo;felisburgo;Felisburgo;28;nenhuma;formatacao
MG;felixlandia;felixlandia;Felixlândia;47;nenhuma;formatacao
MG;felixlândia;felixlandia;Felixlândia;9;acento;formatacao
MG;felicio dos santos;felicio dos santos;Felício dos Santos;15;nenhuma;formatacao
MG;felício dos santos;felicio dos santos;Felício dos Santos;4;acento;formatacao
MG;fernandes tourinho;fernandes tourinho;Fernandes Tourinho;5;nenhuma;formatacao
MG;ferros;ferros;Ferros;33;nenhuma;formatacao
MG;ferruginha;ferruginha;Ferruginha;1;nenhuma;formatacao
MG;fervedouro;fervedouro;Fervedouro;37;nenhuma;formatacao
MG;floresta;floresta;Floresta;5;nenhuma;formatacao
MG;florestal;florestal;Florestal;55;nenhuma;formatacao
MG;fonseca;fonseca;Fonseca;2;nenhuma;formatacao
MG;formiga;formiga;Formiga;481;nenhuma;formatacao
MG;formoso;formoso;Formoso;39;nenhuma;formatacao
MG;fortaleza de minas;fortaleza de minas;Fortaleza de Minas;7;nenhuma;formatacao
MG;fortuna de minas;fortuna de minas;Fortuna de Minas;6;nenhuma;formatacao
MG;francisco badaro;francisco badaro;Francisco Badaró;27;nenhuma;formatacao
MG;francisco badaró;francisco badaro;Francisco Badaró;5;acento;formatacao
MG;francisco dumont;francisco dumont;Francisco Dumont;12;nenhuma;formatacao
MG;francisco sa;francisco sa;Francisco Sá;39;nenhuma;formatacao
MG;francisco sá;francisco sa;Francisco Sá;7;acento;formatacao
MG;franciscopolis;franciscopolis;Franciscópolis;13;nenhuma;formatacao
MG;franciscópolis;franciscopolis;Franciscópolis;2;acento;formatacao
MG;frei gaspar;frei gaspar;Frei Gaspar;9;nenhuma;formatacao
MG;frei inocencio;frei inocencio;Frei Inocêncio;41;nenhuma;formatacao
MG;frei inocêncio;frei inocencio;Frei Inocêncio;5;acento;formatacao
MG;frei lagonegro;frei lagonegro;Frei Lagonegro;15;nenhuma;formatacao
MG;fronteira;fronteira;Fronteira;60;nenhuma;formatacao
MG;fronteira dos vales;fronteira dos vales;Fronteira dos Vales;24;nenhuma;formatacao
MG;fruta de leite;fruta de leite;Fruta de Leite;13;nenhuma;formatacao
MG;frutal;frutal;Frutal;286;nenhuma;formatacao
MG;funilandia;funilandia;Funilândia;7;nenhuma;formatacao
MG;funilândia;funilandia;Funilândia;2;acento;formatacao
MG;furquim;furquim;Furquim;1;nenhuma;formatacao
MG;galileia;galileia;Galiléia;19;nenhuma;formatacao
MG;galiléia;galileia;Galiléia;1;acento;formatacao
MG;gameleiras;gameleiras;Gameleiras;13;nenhuma;formatacao
MG;glaucilandia;glaucilandia;Glaucilandia;2;nenhuma;formatacao
MG;glaura;glaura;Glaura;1;nenhuma;formatacao
MG;goiabal;goiabal;Goiabal;2;nenhuma;formatacao
MG;goiabeira;goiabeira;Goiabeira;16;nenhuma;formatacao
MG;goiana;goiana;Goianá;20;nenhuma;formatacao
MG;goianá;goiana;Goianá;5;acento;formatacao
MG;gonzaga;gonzaga;Gonzaga;16;nenhuma;formatacao
MG;goncalves;goncalves;Gonçalves;26;nenhuma;formatacao
MG;gonçalves;goncalves;Gonçalves;5;acento;formatacao
MG;gororos;gororos;Gororós;1;nenhuma;formatacao
MG;gororós;gororos;Gororós;1;acento;formatacao
MG;gouvea;gouvea;Gouvea;10;nenhuma;formatacao
MG;gouveia;gouveia;Gouveia;38;nenhuma;formatacao
MG;governador valadares;governador valadares;Governador Valadares;1965;nenhuma;formatacao
MG;granada;granada;Granada;2;nenhuma;formatacao
MG;grota;grota;Grota;1;nenhuma;formatacao
MG;grupiara;grupiara;Grupiara;10;nenhuma;formatacao
MG;grao mogol;grao mogol;Grão Mogol;27;nenhuma;formatacao
MG;grão mogol;grao mogol;Grão Mogol;3;acento;formatacao
MG;guaicui;guaicui;Guaicui;1;nenhuma;formatacao
MG;guanhaes;guanhaes;Guanhães;188;nenhuma;formatacao
MG;guanhães;guanhaes;Guanhães;26;acento;formatacao
MG;guape;guape;Guapé;46;nenhuma;formatacao
MG;guapé;guape;Guapé;12;acento;formatacao
MG;guaraciaba;guaraciaba;Guaraciaba;21;nenhuma;formatacao
MG;guaraciama;guaraciama;Guaraciama;6;nenhuma;formatacao
MG;guarani;guarani;Guarani;59;nenhuma;formatacao
MG;guaranesia;guaranesia;Guaranésia;92;nenhuma;formatacao
MG;guaranésia;guaranesia;Guaranésia;8;acento;formatacao
MG;guarara;guarara;Guarará;16;nenhuma;formatacao
MG;guarará;guarara;Guarará;1;acento;formatacao
MG;guarda dos ferreiros;guarda dos ferreiros;Guarda dos Ferreiros;7;nenhuma;formatacao
MG;guarda-mor;guarda mor;Guarda-mor;38;sufixo-uf;formatacao
MG;guardinha;guardinha;Guardinha;2;nenhuma;formatacao
MG;guaxima;guaxima;Guaxima;1;nenhuma;formatacao
MG;guaxupe;guaxupe;Guaxupé;357;nenhuma;formatacao
MG;guaxupé;guaxupe;Guaxupé;36;acento;formatacao
MG;guidoval;guidoval;Guidoval;30;nenhuma;formatacao
MG;guimarania;guimarania;Guimarânia;31;nenhuma;formatacao
MG;guimarânia;guimarania;Guimarânia;7;acento;formatacao
MG;guinda;guinda;Guinda;1;nenhuma;formatacao
MG;guiricema;guiricema;Guiricema;23;nenhuma;formatacao
MG;gurinhata;gurinhata;Gurinhatã;9;nenhuma;formatacao
MG;gurinhatã;gurinhata;Gurinhatã;4;acento;formatacao
MG;heliodora;heliodora;Heliodora;26;nenhuma;formatacao
MG;honorópolis;honoropolis;Honorópolis;2;acento;formatacao
MG;iapu;iapu;Iapu;34;nenhuma;formatacao
MG;ibertioga;ibertioga;Ibertioga;12;nenhuma;formatacao
MG;ibiai;ibiai;Ibiaí;23;nenhuma;formatacao
MG;ibiaí;ibiai;Ibiaí;4;acento;formatacao
MG;ibiracatu;ibiracatu;Ibiracatu;10;nenhuma;formatacao
MG;ibiraci;ibiraci;Ibiraci;33;nenhuma;formatacao
MG;ibirite;ibirite;Ibirité;483;nenhuma;formatacao
MG;ibirité;ibirite;Ibirité;80;acento;formatacao
MG;ibitira;ibitira;Ibitira;12;nenhuma;formatacao
MG;ibitiura de minas;ibitiura de minas;Ibitiúra de Minas;9;nenhuma;formatacao
MG;ibitiúra de minas;ibitiura de minas;Ibitiúra de Minas;4;acento;formatacao
MG;ibituruna;ibituruna;Ibituruna;7;nenhuma;formatacao
MG;ibia;ibia;Ibiá;116;nenhuma;formatacao
MG;ibiá;ibia;Ibiá;12;acento;formatacao
MG;icarai de minas;icarai de minas;Icaraí de Minas;9;nenhuma;formatacao
MG;icaraí de minas;icarai de minas;Icaraí de Minas;4;acento;formatacao
MG;igarape;igarape;Igarapé;177;nenhuma;formatacao
MG;igarapé;igarape;Igarapé;28;acento;formatacao
MG;igaratinga;igaratinga;Igaratinga;25;nenhuma;formatacao
MG;iguatama;iguatama;Iguatama;58;nenhuma;formatacao
MG;ijaci;ijaci;Ijaci;15;nenhuma;formatacao
MG;ilicinea;ilicinea;Ilicínea;45;nenhuma;formatacao
MG;ilicínea;ilicinea;Ilicínea;7;acento;formatacao
MG;imbe de minas;imbe de minas;Imbé de Minas;9;nenhuma;formatacao
MG;imbé de minas;imbe de minas;Imbé de Minas;2;acento;formatacao
MG;inconfidentes;inconfidentes;Inconfidentes;42;nenhuma;formatacao
MG;indaiabira;indaiabira;Indaiabira;5;nenhuma;formatacao
MG;independencia;independencia;Independencia;1;nenhuma;formatacao
MG;indianopolis;indianopolis;Indianópolis;24;nenhuma;formatacao
MG;indianópolis;indianopolis;Indianópolis;2;acento;formatacao
MG;ingai;ingai;Ingaí;6;nenhuma;formatacao
MG;ingaí;ingai;Ingaí;2;acento;formatacao
MG;inhapim;inhapim;Inhapim;99;nenhuma;formatacao
MG;inhauma;inhauma;Inhaúma;17;nenhuma;formatacao
MG;inhaúma;inhauma;Inhaúma;2;acento;formatacao
MG;inimutaba;inimutaba;Inimutaba;20;nenhuma;formatacao
MG;ipaba;ipaba;Ipaba;77;nenhuma;formatacao
MG;ipanema;ipanema;Ipanema;140;nenhuma;formatacao
MG;ipatinga;ipatinga;Ipatinga;1858;nenhuma;formatacao
MG;ipiacu;ipiacu;Ipiaçu;28;nenhuma;formatacao
MG;ipiaçu;ipiacu;Ipiaçu;8;acento;formatacao
MG;ipoema;ipoema;Ipoema;2;nenhuma;formatacao
MG;ipuiuna;ipuiuna;Ipuiúna;40;nenhuma;formatacao
MG;ipuiúna;ipuiuna;Ipuiúna;2;acento;formatacao
MG;irai de minas;irai de minas;Iraí de Minas;33;nenhuma;formatacao
MG;iraí de minas;irai de minas;Iraí de Minas;7;acento;formatacao
MG;itabira;itabira;Itabira;916;nenhuma;formatacao
MG;itabirinha;itabirinha;Itabirinha;39;nenhuma;formatacao
MG;itabirinha de mantena;itabirinha de mantena;Itabirinha de Mantena;6;nenhuma;formatacao
MG;itabirito;itabirito;Itabirito;436;nenhuma;formatacao
MG;itacambira;itacambira;Itacambira;7;nenhuma;formatacao
MG;itacarambi;itacarambi;Itacarambi;68;nenhuma;formatacao
MG;itaguara;itaguara;Itaguara;60;nenhuma;formatacao
MG;itaim;itaim;Itaim;1;nenhuma;formatacao
MG;itaipe;itaipe;Itaipé;34;nenhuma;formatacao
MG;itaipé;itaipe;Itaipé;6;acento;formatacao
MG;itajuba;itajuba;Itajubá;819;nenhuma;formatacao
MG;itajubá;itajuba;Itajubá;138;acento;formatacao
MG;itamarandiba;itamarandiba;Itamarandiba;128;nenhuma;formatacao
MG;itamarati de minas;itamarati de minas;Itamarati de Minas;13;nenhuma;formatacao
MG;itambacuri;itambacuri;Itambacuri;95;nenhuma;formatacao
MG;itambe do mato dentro;itambe do mato dentro;Itambé do Mato Dentro;4;nenhuma;formatacao
MG;itambé do mato dentro;itambe do mato dentro;Itambé do Mato Dentro;1;acento;formatacao
MG;itamogi;itamogi;Itamogi;25;nenhuma;formatacao
MG;itamonte;itamonte;Itamonte;107;nenhuma;formatacao
MG;itanhandu;itanhandu;Itanhandu;167;nenhuma;formatacao
MG;itanhomi;itanhomi;Itanhomi;59;nenhuma;formatacao
MG;itaobim;itaobim;Itaobim;105;nenhuma;formatacao
MG;itapagipe;itapagipe;Itapagipe;89;nenhuma;formatacao
MG;itapecerica;itapecerica;Itapecerica;119;nenhuma;formatacao
MG;itapeva;itapeva;Itapeva;49;nenhuma;formatacao
MG;itapiru;itapiru;Itapiru;2;nenhuma;formatacao
MG;itapirucu;itapirucu;Itapirucu;1;nenhuma;formatacao
MG;itatiaiucu;itatiaiucu;Itatiaiuçu;42;nenhuma;formatacao
MG;itatiaiuçu;itatiaiucu;Itatiaiuçu;3;acento;formatacao
MG;itaverava;itaverava;Itaverava;7;nenhuma;formatacao
MG;itau de minas;itau de minas;Itaú de Minas;66;nenhuma;formatacao
MG;itaú de minas;itau de minas;Itaú de Minas;21;acento;formatacao
MG;itauna;itauna;Itaúna;556;nenhuma;formatacao
MG;itaúna;itauna;Itaúna;97;acento;formatacao
MG;itinga;itinga;Itinga;25;nenhuma;formatacao
MG;itueta;itueta;Itueta;31;nenhuma;formatacao
MG;ituiutaba;ituiutaba;Ituiutaba;652;nenhuma;formatacao
MG;itumirim;itumirim;Itumirim;9;nenhuma;formatacao
MG;iturama;iturama;Iturama;213;nenhuma;formatacao
MG;itutinga;itutinga;Itutinga;14;nenhuma;formatacao
MG;jaboticatubas;jaboticatubas;Jaboticatubas;38;nenhuma;formatacao
MG;jacinto;jacinto;Jacinto;34;nenhuma;formatacao
MG;jacutinga;jacutinga;Jacutinga;155;nenhuma;formatacao
MG;jacui;jacui;Jacuí;23;nenhuma;formatacao
MG;jacuí;jacui;Jacuí;4;acento;formatacao
MG;jaguaracu;jaguaracu;Jaguaracu;5;nenhuma;formatacao
MG;jampruca;jampruca;Jampruca;13;nenhuma;formatacao
MG;janauba;janauba;Janaúba;266;nenhuma;formatacao
MG;janaúba;janauba;Janaúba;44;acento;formatacao
MG;januaria;januaria;Januária;240;nenhuma;formatacao
MG;januária;januaria;Januária;36;acento;formatacao
MG;japaraiba;japaraiba;Japaraíba;6;nenhuma;formatacao
MG;japaraíba;japaraiba;Japaraíba;1;acento;formatacao
MG;japonvar;japonvar;Japonvar;15;nenhuma;formatacao
MG;jaiba;jaiba;Jaíba;93;nenhuma;formatacao
MG;jaíba;jaiba;Jaíba;14;acento;formatacao
MG;jeceaba;jeceaba;Jeceaba;43;nenhuma;formatacao
MG;jenipapo de minas;jenipapo de minas;Jenipapo de Minas;30;nenhuma;formatacao
MG;jequeri;jequeri;Jequeri;34;nenhuma;formatacao
MG;jequitai;jequitai;Jequitaí;18;nenhuma;formatacao
MG;jequitaí;jequitai;Jequitaí;2;acento;formatacao
MG;jequitiba;jequitiba;Jequitibá;12;nenhuma;formatacao
MG;jequitibá;jequitiba;Jequitibá;1;acento;formatacao
MG;jequitinhonha;jequitinhonha;Jequitinhonha;105;nenhuma;formatacao
MG;jesuania;jesuania;Jesuânia;27;nenhuma;formatacao
MG;jesuânia;jesuania;Jesuânia;2;acento;formatacao
MG;joanesia;joanesia;Joanésia;4;nenhuma;formatacao
MG;joanésia;joanesia;Joanésia;1;acento;formatacao
MG;joaquim felicio;joaquim felicio;Joaquim Felício;11;nenhuma;formatacao
MG;joaquim felício;joaquim felicio;Joaquim Felício;3;acento;formatacao
MG;joaima;joaima;Joaíma;39;nenhuma;formatacao
MG;joaíma;joaima;Joaíma;10;acento;formatacao
MG;jordania;jordania;Jordânia;42;nenhuma;formatacao
MG;jordânia;jordania;Jordânia;5;acento;formatacao
MG;josenopolis;josenopolis;Josenopolis;5;nenhuma;formatacao
MG;jose goncalves de minas;jose goncalves de minas;José Gonçalves de Minas;13;nenhuma;formatacao
MG;josé gonçalves de minas;jose goncalves de minas;José Gonçalves de Minas;1;acento;formatacao
MG;jose raydan;jose raydan;José Raydan;7;nenhuma;formatacao
MG;josé raydan;jose raydan;José Raydan;2;acento;formatacao
MG;joao monlevade;joao monlevade;João Monlevade;538;nenhuma;formatacao
MG;joão monlevade;joao monlevade;João Monlevade;70;acento;formatacao
MG;joao pinheiro;joao pinheiro;João Pinheiro;171;nenhuma;formatacao
MG;joão pinheiro;joao pinheiro;João Pinheiro;32;acento;formatacao
MG;juatuba;juatuba;Juatuba;116;nenhuma;formatacao
MG;juramento;juramento;Juramento;3;nenhuma;formatacao
MG;juruaia;juruaia;Juruaia;52;nenhuma;formatacao
MG;juvenilia;juvenilia;Juvenília;16;nenhuma;formatacao
MG;juvenília;juvenilia;Juvenília;1;acento;formatacao
MG;juiz de fora;juiz de fora;Juíz de Fora;5115;nenhuma;formatacao
MG;juíz de fora;juiz de fora;Juíz de Fora;1;acento;formatacao
MG;ladainha;ladainha;Ladainha;34;nenhuma;formatacao
MG;lagamar;lagamar;Lagamar;37;nenhuma;formatacao
MG;lagoa dourada;lagoa dourada;Lagoa Dourada;54;nenhuma;formatacao
MG;lagoa formosa;lagoa formosa;Lagoa Formosa;87;nenhuma;formatacao
MG;lagoa grande;lagoa grande;Lagoa Grande;53;nenhuma;formatacao
MG;lagoa santa;lagoa santa;Lagoa Santa;584;nenhuma;formatacao
MG;lagoa da prata;lagoa da prata;Lagoa da Prata;260;nenhuma;formatacao
MG;lagoa dos patos;lagoa dos patos;Lagoa dos Patos;9;nenhuma;formatacao
MG;lajinha;lajinha;Lajinha;88;nenhuma;formatacao
MG;lambari;lambari;Lambari;119;nenhuma;formatacao
MG;lamim;lamim;Lamim;8;nenhuma;formatacao
MG;lamounier;lamounier;Lamounier;4;nenhuma;formatacao
MG;laranjal;laranjal;Laranjal;34;nenhuma;formatacao
MG;lassance;lassance;Lassance;14;nenhuma;formatacao
MG;lavras;lavras;Lavras;778;nenhuma;formatacao
MG;lavras mg;lavras;Lavras;1;sufixo-uf;estrutural
MG;lavras novas;lavras novas;Lavras Novas;1;nenhuma;formatacao
MG;leandro ferreira;leandro ferreira;Leandro Ferreira;16;nenhuma;formatacao
MG;leme do prado;leme do prado;Leme do Prado;16;nenhuma;formatacao
MG;leopoldina;leopoldina;Leopoldina;323;nenhuma;formatacao
MG;liberdade;liberdade;Liberdade;29;nenhuma;formatacao
MG;lima duarte;lima duarte;Lima Duarte;94;nenhuma;formatacao
MG;limeira d oeste;limeira d oeste;Limeira d Oeste;2;nenhuma;formatacao
MG;limeira de mantena;limeira de mantena;Limeira de Mantena;3;nenhuma;formatacao
MG;limeira do oeste;limeira do oeste;Limeira do Oeste;41;nenhuma;formatacao
MG;limeira do oeste mg;limeira do oeste;Limeira do Oeste;1;sufixo-uf;estrutural
MG;lontra;lontra;Lontra;29;nenhuma;formatacao
MG;luisburgo;luisburgo;Luisburgo;13;nenhuma;formatacao
MG;luislandia;luislandia;Luislândia;3;nenhuma;formatacao
MG;luislândia;luislandia;Luislândia;1;acento;formatacao
MG;luiz pires de minas;luiz pires de minas;Luiz Pires de Minas;1;nenhuma;formatacao
MG;luizlandia do oeste;luizlandia do oeste;Luizlândia do Oeste;13;nenhuma;formatacao
MG;luizlândia do oeste;luizlandia do oeste;Luizlândia do Oeste;4;acento;formatacao
MG;luminosa;luminosa;Luminosa;2;nenhuma;formatacao
MG;luminarias;luminarias;Luminárias;25;nenhuma;formatacao
MG;luminárias;luminarias;Luminárias;4;acento;formatacao
MG;luz;luz;Luz;114;nenhuma;formatacao
MG;machacalis;machacalis;Machacalis;51;nenhuma;formatacao
MG;machado;machado;Machado;265;nenhuma;formatacao
MG;macuco;macuco;Macuco;1;nenhuma;formatacao
MG;macuco de minas;macuco de minas;Macuco de Minas;7;nenhuma;formatacao
MG;madre de deus de minas;madre de deus de minas;Madre de Deus de Minas;38;nenhuma;formatacao
MG;major porto;major porto;Major Porto;1;nenhuma;formatacao
MG;malacacheta;malacacheta;Malacacheta;88;nenhuma;formatacao
MG;mamonas;mamonas;Mamonas;11;nenhuma;formatacao
MG;manga;manga;Manga;57;nenhuma;formatacao
MG;manhuacu;manhuacu;Manhuaçu;560;nenhuma;formatacao
MG;manhuaçu;manhuacu;Manhuaçu;82;acento;formatacao
MG;manhumirim;manhumirim;Manhumirim;139;nenhuma;formatacao
MG;mantena;mantena;Mantena;135;nenhuma;formatacao
MG;mantiqueira do palmital;mantiqueira do palmital;Mantiqueira do Palmital;1;nenhuma;formatacao
MG;mar de espanha;mar de espanha;Mar de Espanha;94;nenhuma;formatacao
MG;marambainha;marambainha;Marambainha;1;nenhuma;formatacao
MG;maravilhas;maravilhas;Maravilhas;36;nenhuma;formatacao
MG;maria da fe;maria da fe;Maria da Fé;48;nenhuma;formatacao
MG;maria da fé;maria da fe;Maria da Fé;5;acento;formatacao
MG;mariana;mariana;Mariana;535;nenhuma;formatacao
MG;marilac;marilac;Marilac;20;nenhuma;formatacao
MG;maripa de minas;maripa de minas;Maripa de Minas;15;nenhuma;formatacao
MG;marlieria;marlieria;Marliéria;6;nenhuma;formatacao
MG;marliéria;marlieria;Marliéria;1;acento;formatacao
MG;marmelopolis;marmelopolis;Marmelópolis;8;nenhuma;formatacao
MG;marmelópolis;marmelopolis;Marmelópolis;1;acento;formatacao
MG;martinesia;martinesia;Martinesia;2;nenhuma;formatacao
MG;martinho campos;martinho campos;Martinho Campos;51;nenhuma;formatacao
MG;martins guimaraes;martins guimaraes;Martins Guimaraes;1;nenhuma;formatacao
MG;martins soares;martins soares;Martins Soares;36;nenhuma;formatacao
MG;mata verde;mata verde;Mata Verde;50;nenhuma;formatacao
MG;materlandia;materlandia;Materlândia;14;nenhuma;formatacao
MG;materlândia;materlandia;Materlândia;2;acento;formatacao
MG;mateus leme;mateus leme;Mateus Leme;132;nenhuma;formatacao
MG;mathias lobato;mathias lobato;Mathias Lobato;13;nenhuma;formatacao
MG;matias barbosa;matias barbosa;Matias Barbosa;83;nenhuma;formatacao
MG;matias cardoso;matias cardoso;Matias Cardoso;9;nenhuma;formatacao
MG;matipo;matipo;Matipó;57;nenhuma;formatacao
MG;matipó;matipo;Matipó;11;acento;formatacao
MG;mato verde;mato verde;Mato Verde;47;nenhuma;formatacao
MG;matozinhos;matozinhos;Matozinhos;195;nenhuma;formatacao
MG;matutina;matutina;Matutina;35;nenhuma;formatacao
MG;medeiros;medeiros;Medeiros;23;nenhuma;formatacao
MG;medina;medina;Medina;102;nenhuma;formatacao
MG;melo viana;melo viana;Melo Viana;1;nenhuma;formatacao
MG;mendes pimentel;mendes pimentel;Mendes Pimentel;35;nenhuma;formatacao
MG;mendonca;mendonca;Mendonca;2;nenhuma;formatacao
MG;merces;merces;Mercês;33;nenhuma;formatacao
MG;mercês;merces;Mercês;3;acento;formatacao
MG;merces de agua limpa;merces de agua limpa;Mercês de Água Limpa;7;nenhuma;formatacao
MG;mercês de água limpa;merces de agua limpa;Mercês de Água Limpa;1;acento;formatacao
MG;mesquita;mesquita;Mesquita;22;nenhuma;formatacao
MG;milho verde;milho verde;Milho Verde;4;nenhuma;formatacao
MG;minas gerais;minas gerais;Minas Gerais;1;nenhuma;formatacao
MG;minas novas;minas novas;Minas Novas;73;nenhuma;formatacao
MG;minduri;minduri;Minduri;20;nenhuma;formatacao
MG;mirabela;mirabela;Mirabela;18;nenhuma;formatacao
MG;miradouro;miradouro;Miradouro;41;nenhuma;formatacao
MG;miravania;miravania;Miravania;5;nenhuma;formatacao
MG;mirai;mirai;Miraí;64;nenhuma;formatacao
MG;miraí;mirai;Miraí;8;acento;formatacao
MG;mocambeiro;mocambeiro;Mocambeiro;2;nenhuma;formatacao
MG;moeda;moeda;Moeda;26;nenhuma;formatacao
MG;moema;moema;Moema;42;nenhuma;formatacao
MG;monjolos;monjolos;Monjolos;2;nenhuma;formatacao
MG;monsenhor horta;monsenhor horta;Monsenhor Horta;4;nenhuma;formatacao
MG;monsenhor joao alexandre;monsenhor joao alexandre;Monsenhor Joao Alexandre;3;nenhuma;formatacao
MG;monsenhor paulo;monsenhor paulo;Monsenhor Paulo;26;nenhuma;formatacao
MG;montalvania;montalvania;Montalvânia;47;nenhuma;formatacao
MG;montalvânia;montalvania;Montalvânia;5;acento;formatacao
MG;monte alegre de minas;monte alegre de minas;Monte Alegre de Minas;78;nenhuma;formatacao
MG;monte azul;monte azul;Monte Azul;58;nenhuma;formatacao
MG;monte belo;monte belo;Monte Belo;50;nenhuma;formatacao
MG;monte carmelo;monte carmelo;Monte Carmelo;323;nenhuma;formatacao
MG;monte formoso;monte formoso;Monte Formoso;17;nenhuma;formatacao
MG;monte santo de minas;monte santo de minas;Monte Santo de Minas;103;nenhuma;formatacao
MG;monte siao;monte siao;Monte Sião;157;nenhuma;formatacao
MG;monte sião;monte siao;Monte Sião;19;acento;formatacao
MG;monte verde;monte verde;Monte Verde;39;nenhuma;formatacao
MG;montes claros;montes claros;Montes Claros;2443;nenhuma;formatacao
MG;montezuma;montezuma;Montezuma;23;nenhuma;formatacao
MG;morada nova de minas;morada nova de minas;Morada Nova de Minas;71;nenhuma;formatacao
MG;morro vermelho;morro vermelho;Morro Vermelho;4;nenhuma;formatacao
MG;morro da garca;morro da garca;Morro da Garca;8;nenhuma;formatacao
MG;morro do ferro;morro do ferro;Morro do Ferro;8;nenhuma;formatacao
MG;morro do pilar;morro do pilar;Morro do Pilar;7;nenhuma;formatacao
MG;mucuri;mucuri;Mucuri;1;nenhuma;formatacao
MG;munhoz;munhoz;Munhoz;26;nenhuma;formatacao
MG;muriae;muriae;Muriaé;496;nenhuma;formatacao
MG;muriaé;muriae;Muriaé;100;acento;formatacao
MG;mutum;mutum;Mutum;142;nenhuma;formatacao
MG;muzambinho;muzambinho;Muzambinho;112;nenhuma;formatacao
MG;mario campos;mario campos;Mário Campos;46;nenhuma;formatacao
MG;mário campos;mario campos;Mário Campos;13;acento;formatacao
MG;nacip raydan;nacip raydan;Nacip Raydan;18;nenhuma;formatacao
MG;nanuque;nanuque;Nanuque;301;nenhuma;formatacao
MG;naque;naque;Naque;21;nenhuma;formatacao
MG;naque-nanuque;naque nanuque;Naque-nanuque;2;sufixo-uf;formatacao
MG;natalandia;natalandia;Natalândia;17;nenhuma;formatacao
MG;natalândia;natalandia;Natalândia;1;acento;formatacao
MG;natercia;natercia;Natércia;15;nenhuma;formatacao
MG;natércia;natercia;Natércia;1;acento;formatacao
MG;nazareno;nazareno;Nazareno;38;nenhuma;formatacao
MG;nelson de sena;nelson de sena;Nelson de Sena;1;nenhuma;formatacao
MG;neolandia;neolandia;Neolândia;2;nenhuma;formatacao
MG;neolândia;neolandia;Neolândia;1;acento;formatacao
MG;nepomuceno;nepomuceno;Nepomuceno;105;nenhuma;formatacao
MG;ninheira;ninheira;Ninheira;20;nenhuma;formatacao
MG;nova belem;nova belem;Nova Belem;3;nenhuma;formatacao
MG;nova era;nova era;Nova Era;141;nenhuma;formatacao
MG;nova esperanca;nova esperanca;Nova Esperanca;5;nenhuma;formatacao
MG;nova lima;nova lima;Nova Lima;1168;nenhuma;formatacao
MG;nova modica;nova modica;Nova Módica;12;nenhuma;formatacao
MG;nova módica;nova modica;Nova Módica;2;acento;formatacao
MG;nova ponte;nova ponte;Nova Ponte;26;nenhuma;formatacao
MG;nova porteirinha;nova porteirinha;Nova Porteirinha;9;nenhuma;formatacao
MG;nova resende;nova resende;Nova Resende;55;nenhuma;formatacao
MG;nova santa luzia;nova santa luzia;Nova Santa Luzia;1;nenhuma;formatacao
MG;nova serrana;nova serrana;Nova Serrana;487;nenhuma;formatacao
MG;nova uniao;nova uniao;Nova União;20;nenhuma;formatacao
MG;nova união;nova uniao;Nova União;4;acento;formatacao
MG;novo cruzeiro;novo cruzeiro;Novo Cruzeiro;87;nenhuma;formatacao
MG;novo oriente de minas;novo oriente de minas;Novo Oriente de Minas;31;nenhuma;formatacao
MG;novorizonte;novorizonte;Novorizonte;9;nenhuma;formatacao
MG;olaria;olaria;Olaria;3;nenhuma;formatacao
MG;olhos d'agua do oeste;olhos d agua do oeste;Olhos D'agua do Oeste;1;nenhuma;formatacao
MG;olhos d'agua;olhos d agua;Olhos D'água;8;nenhuma;formatacao
MG;olhos d'água;olhos d agua;Olhos D'água;6;acento;formatacao
MG;olhos-d agua;olhos d agua;Olhos D'água;4;sufixo-uf;formatacao
MG;oliveira;oliveira;Oliveira;210;nenhuma;formatacao
MG;oliveira fortes;oliveira fortes;Oliveira Fortes;5;nenhuma;formatacao
MG;olimpio noronha;olimpio noronha;Olímpio Noronha;15;nenhuma;formatacao
MG;olímpio noronha;olimpio noronha;Olímpio Noronha;2;acento;formatacao
MG;onca de pitangui;onca de pitangui;Onca de Pitangui;9;nenhuma;formatacao
MG;oratorios;oratorios;Oratórios;13;nenhuma;formatacao
MG;oratórios;oratorios;Oratórios;4;acento;formatacao
MG;orizania;orizania;Orizânia;14;nenhuma;formatacao
MG;orizânia;orizania;Orizânia;1;acento;formatacao
MG;ouro branco;ouro branco;Ouro Branco;433;nenhuma;formatacao
MG;ouro fino;ouro fino;Ouro Fino;204;nenhuma;formatacao
MG;ouro preto;ouro preto;Ouro Preto;604;nenhuma;formatacao
MG;ouro verde de minas;ouro verde de minas;Ouro Verde de Minas;14;nenhuma;formatacao
MG;padre carvalho;padre carvalho;Padre Carvalho;13;nenhuma;formatacao
MG;padre fialho;padre fialho;Padre Fialho;3;nenhuma;formatacao
MG;padre paraiso;padre paraiso;Padre Paraíso;66;nenhuma;formatacao
MG;padre paraíso;padre paraiso;Padre Paraíso;11;acento;formatacao
MG;pai pedro;pai pedro;Pai Pedro;5;nenhuma;formatacao
MG;paineiras;paineiras;Paineiras;32;nenhuma;formatacao
MG;pains;pains;Pains;50;nenhuma;formatacao
MG;paiva;paiva;Paiva;9;nenhuma;formatacao
MG;palma;palma;Palma;39;nenhuma;formatacao
MG;palmeiral;palmeiral;Palmeiral;1;nenhuma;formatacao
MG;palmital de minas;palmital de minas;Palmital de Minas;1;nenhuma;formatacao
MG;palmopolis;palmopolis;Palmópolis;28;nenhuma;formatacao
MG;palmópolis;palmopolis;Palmópolis;2;acento;formatacao
MG;papagaios;papagaios;Papagaios;59;nenhuma;formatacao
MG;paracatu;paracatu;Paracatu;731;nenhuma;formatacao
MG;paraguacu;paraguacu;Paraguaçu;141;nenhuma;formatacao
MG;paraguaçu;paraguacu;Paraguaçu;20;acento;formatacao
MG;paraisopolis;paraisopolis;Paraisópolis;149;nenhuma;formatacao
MG;paraisópolis;paraisopolis;Paraisópolis;23;acento;formatacao
MG;paraopeba;paraopeba;Paraopeba;118;nenhuma;formatacao
MG;para de minas;para de minas;Pará de Minas;449;nenhuma;formatacao
MG;pará de minas;para de minas;Pará de Minas;73;acento;formatacao
MG;passa quatro;passa quatro;Passa Quatro;103;nenhuma;formatacao
MG;passa tempo;passa tempo;Passa Tempo;34;nenhuma;formatacao
MG;passa vinte;passa vinte;Passa Vinte;8;nenhuma;formatacao
MG;passabém;passabem;Passabém;2;acento;formatacao
MG;passabem;passabem;Passabém;2;nenhuma;formatacao
MG;passagem de mariana;passagem de mariana;Passagem de Mariana;9;nenhuma;formatacao
MG;passos;passos;Passos;617;nenhuma;formatacao
MG;patis;patis;Patis;7;nenhuma;formatacao
MG;patos de minas;patos de minas;Patos de Minas;1243;nenhuma;formatacao
MG;patrocinio;patrocinio;Patrocínio;468;nenhuma;formatacao
MG;patrocínio;patrocinio;Patrocínio;75;acento;formatacao
MG;patrocinio do muriae;patrocinio do muriae;Patrocínio do Muriaé;31;nenhuma;formatacao
MG;patrocínio do muriaé;patrocinio do muriae;Patrocínio do Muriaé;7;acento;formatacao
MG;paula candido;paula candido;Paula Candido;23;nenhuma;formatacao
MG;paulistas;paulistas;Paulistas;13;nenhuma;formatacao
MG;pavao;pavao;Pavão;23;nenhuma;formatacao
MG;pavão;pavao;Pavão;3;acento;formatacao
MG;pedra azul;pedra azul;Pedra Azul;102;nenhuma;formatacao
MG;pedra bonita;pedra bonita;Pedra Bonita;15;nenhuma;formatacao
MG;pedra dourada;pedra dourada;Pedra Dourada;8;nenhuma;formatacao
MG;pedra menina;pedra menina;Pedra Menina;2;nenhuma;formatacao
MG;pedra do anta;pedra do anta;Pedra do Anta;7;nenhuma;formatacao
MG;pedra do indaia;pedra do indaia;Pedra do Indaiá;9;nenhuma;formatacao
MG;pedra do indaiá;pedra do indaia;Pedra do Indaiá;2;acento;formatacao
MG;pedralva;pedralva;Pedralva;52;nenhuma;formatacao
MG;pedras de maria da cruz;pedras de maria da cruz;Pedras de Maria da Cruz;18;nenhuma;formatacao
MG;pedrinopolis;pedrinopolis;Pedrinópolis;18;nenhuma;formatacao
MG;pedrinópolis;pedrinopolis;Pedrinópolis;2;acento;formatacao
MG;pedro leopoldo;pedro leopoldo;Pedro Leopoldo;417;nenhuma;formatacao
MG;pedro teixeira;pedro teixeira;Pedro Teixeira;1;nenhuma;formatacao
MG;pedro versiani;pedro versiani;Pedro Versiani;1;nenhuma;formatacao
MG;penha do capim;penha do capim;Penha do Capim;2;nenhuma;formatacao
MG;pequeri;pequeri;Pequeri;21;nenhuma;formatacao
MG;pequi;pequi;Pequi;14;nenhuma;formatacao
MG;perdigao;perdigao;Perdigão;45;nenhuma;formatacao
MG;perdigão;perdigao;Perdigão;9;acento;formatacao
MG;perdilandia;perdilandia;Perdilandia;1;nenhuma;formatacao
MG;perdizes;perdizes;Perdizes;77;nenhuma;formatacao
MG;perdoes;perdoes;Perdões;98;nenhuma;formatacao
MG;perdões;perdoes;Perdões;21;acento;formatacao
MG;periquito;periquito;Periquito;27;nenhuma;formatacao
MG;perpetuo socorro;perpetuo socorro;Perpétuo Socorro;23;nenhuma;formatacao
MG;perpétuo socorro;perpetuo socorro;Perpétuo Socorro;2;acento;formatacao
MG;pescador;pescador;Pescador;21;nenhuma;formatacao
MG;petunia;petunia;Petunia;1;nenhuma;formatacao
MG;pecanha;pecanha;Peçanha;54;nenhuma;formatacao
MG;peçanha;pecanha;Peçanha;7;acento;formatacao
MG;piacatuba;piacatuba;Piacatuba;2;nenhuma;formatacao
MG;piau;piau;Piau;10;nenhuma;formatacao
MG;piedade de caratinga;piedade de caratinga;Piedade de Caratinga;38;nenhuma;formatacao
MG;piedade de ponte nova;piedade de ponte nova;Piedade de Ponte Nova;23;nenhuma;formatacao
MG;piedade do paraopeba;piedade do paraopeba;Piedade do Paraopeba;1;nenhuma;formatacao
MG;piedade do rio grande;piedade do rio grande;Piedade do Rio Grande;18;nenhuma;formatacao
MG;piedade dos gerais;piedade dos gerais;Piedade dos Gerais;27;nenhuma;formatacao
MG;pilar;pilar;Pilar;2;nenhuma;formatacao
MG;pimenta;pimenta;Pimenta;46;nenhuma;formatacao
MG;pingo-d'agua;pingo d agua;Pingo-d'agua;7;sufixo-uf;formatacao
MG;pingo-d agua;pingo d agua;Pingo-d'agua;6;sufixo-uf;formatacao
MG;pinheiro grosso;pinheiro grosso;Pinheiro Grosso;1;nenhuma;formatacao
MG;pinheiros altos;pinheiros altos;Pinheiros Altos;1;nenhuma;formatacao
MG;pinhotiba;pinhotiba;Pinhotiba;1;nenhuma;formatacao
MG;pintopolis;pintopolis;Pintópolis;5;nenhuma;formatacao
MG;pintópolis;pintopolis;Pintópolis;1;acento;formatacao
MG;piracema;piracema;Piracema;19;nenhuma;formatacao
MG;pirajuba;pirajuba;Pirajuba;28;nenhuma;formatacao
MG;piranga;piranga;Piranga;49;nenhuma;formatacao
MG;pirangucu;pirangucu;Pirangucu;7;nenhuma;formatacao
MG;piranguinho;piranguinho;Piranguinho;55;nenhuma;formatacao
MG;pirapetinga;pirapetinga;Pirapetinga;105;nenhuma;formatacao
MG;pirapora;pirapora;Pirapora;393;nenhuma;formatacao
MG;pirauba;pirauba;Piraúba;45;nenhuma;formatacao
MG;piraúba;pirauba;Piraúba;2;acento;formatacao
MG;pitangui;pitangui;Pitangui;191;nenhuma;formatacao
MG;piumhi;piumhi;Piumhi;140;nenhuma;formatacao
MG;piumhii;piumhii;Piumhii;135;nenhuma;formatacao
MG;planura;planura;Planura;57;nenhuma;formatacao
MG;pocoes de paineiras;pocoes de paineiras;Pocoes de Paineiras;3;nenhuma;formatacao
MG;pocrane;pocrane;Pocrane;41;nenhuma;formatacao
MG;pompeu;pompeu;Pompéu;127;nenhuma;formatacao
MG;pompéu;pompeu;Pompéu;19;acento;formatacao
MG;ponte alta;ponte alta;Ponte Alta;5;nenhuma;formatacao
MG;ponte alta de minas;ponte alta de minas;Ponte Alta de Minas;1;nenhuma;formatacao
MG;ponte nova;ponte nova;Ponte Nova;524;nenhuma;formatacao
MG;ponto chique;ponto chique;Ponto Chique;13;nenhuma;formatacao
MG;ponto do marambaia;ponto do marambaia;Ponto do Marambaia;3;nenhuma;formatacao
MG;ponto dos volantes;ponto dos volantes;Ponto dos Volantes;32;nenhuma;formatacao
MG;porteirinha;porteirinha;Porteirinha;94;nenhuma;formatacao
MG;porto firme;porto firme;Porto Firme;37;nenhuma;formatacao
MG;pote;pote;Poté;34;nenhuma;formatacao
MG;poté;pote;Poté;5;acento;formatacao
MG;pouso alegre;pouso alegre;Pouso Alegre;1277;nenhuma;formatacao
MG;pouso alto;pouso alto;Pouso Alto;24;nenhuma;formatacao
MG;poco fundo;poco fundo;Poço Fundo;64;nenhuma;formatacao
MG;poço fundo;poco fundo;Poço Fundo;21;acento;formatacao
MG;pocos de caldas;pocos de caldas;Poços de Caldas;1180;nenhuma;formatacao
MG;poços de caldas;pocos de caldas;Poços de Caldas;184;acento;formatacao
MG;prados;prados;Prados;44;nenhuma;formatacao
MG;prata;prata;Prata;113;nenhuma;formatacao
MG;pratinha;pratinha;Pratinha;18;nenhuma;formatacao
MG;pratapolis;pratapolis;Pratápolis;22;nenhuma;formatacao
MG;pratápolis;pratapolis;Pratápolis;10;acento;formatacao
MG;presidente bernardes;presidente bernardes;Presidente Bernardes;7;nenhuma;formatacao
MG;presidente juscelino;presidente juscelino;Presidente Juscelino;4;nenhuma;formatacao
MG;presidente kubitschek;presidente kubitschek;Presidente Kubitschek;12;nenhuma;formatacao
MG;presidente olegario;presidente olegario;Presidente Olegário;71;nenhuma;formatacao
MG;presidente olegário;presidente olegario;Presidente Olegário;17;acento;formatacao
MG;presidente pena;presidente pena;Presidente Pena;1;nenhuma;formatacao
MG;prudente de morais;prudente de morais;Prudente de Morais;40;nenhuma;formatacao
MG;quartel geral;quartel geral;Quartel Geral;13;nenhuma;formatacao
MG;quatituba;quatituba;Quatituba;9;nenhuma;formatacao
MG;queixada;queixada;Queixada;3;nenhuma;formatacao
MG;queluzito;queluzito;Queluzito;9;nenhuma;formatacao
MG;quintinos;quintinos;Quintinos;1;nenhuma;formatacao
MG;raposos;raposos;Raposos;94;nenhuma;formatacao
MG;raul soares;raul soares;Raul Soares;99;nenhuma;formatacao
MG;ravena;ravena;Ravena;6;nenhuma;formatacao
MG;realeza;realeza;Realeza;7;nenhuma;formatacao
MG;realeza (manhuacu);realeza (manhuacu);Realeza (manhuacu);1;nenhuma;formatacao
MG;recreio;recreio;Recreio;48;nenhuma;formatacao
MG;reduto;reduto;Reduto;9;nenhuma;formatacao
MG;resende costa;resende costa;Resende Costa;58;nenhuma;formatacao
MG;resplendor;resplendor;Resplendor;104;nenhuma;formatacao
MG;ressaquinha;ressaquinha;Ressaquinha;10;nenhuma;formatacao
MG;riachinho;riachinho;Riachinho;33;nenhuma;formatacao
MG;riacho dos machados;riacho dos machados;Riacho dos Machados;28;nenhuma;formatacao
MG;ribeiro junqueira;ribeiro junqueira;Ribeiro Junqueira;2;nenhuma;formatacao
MG;ribeirao vermelho;ribeirao vermelho;Ribeirão Vermelho;19;nenhuma;formatacao
MG;ribeirão vermelho;ribeirao vermelho;Ribeirão Vermelho;4;acento;formatacao
MG;ribeirao das neves;ribeirao das neves;Ribeirão das Neves;1047;nenhuma;formatacao
MG;ribeirão das neves;ribeirao das neves;Ribeirão das Neves;174;acento;formatacao
MG;ribeirao de sao domingos;ribeirao de sao domingos;Ribeirão de São Domingos;1;nenhuma;formatacao
MG;ribeirão de são domingos;ribeirao de sao domingos;Ribeirão de São Domingos;1;acento;formatacao
MG;rio acima;rio acima;Rio Acima;83;nenhuma;formatacao
MG;rio casca;rio casca;Rio Casca;79;nenhuma;formatacao
MG;rio doce;rio doce;Rio Doce;15;nenhuma;formatacao
MG;rio espera;rio espera;Rio Espera;14;nenhuma;formatacao
MG;rio manso;rio manso;Rio Manso;20;nenhuma;formatacao
MG;rio melo;rio melo;Rio Melo;1;nenhuma;formatacao
MG;rio novo;rio novo;Rio Novo;53;nenhuma;formatacao
MG;rio paranaiba;rio paranaiba;Rio Paranaíba;72;nenhuma;formatacao
MG;rio paranaíba;rio paranaiba;Rio Paranaíba;9;acento;formatacao
MG;rio pardo de minas;rio pardo de minas;Rio Pardo de Minas;70;nenhuma;formatacao
MG;rio piracicaba;rio piracicaba;Rio Piracicaba;66;nenhuma;formatacao
MG;rio pomba;rio pomba;Rio Pomba;121;nenhuma;formatacao
MG;rio preto;rio preto;Rio Preto;25;nenhuma;formatacao
MG;rio vermelho;rio vermelho;Rio Vermelho;32;nenhuma;formatacao
MG;rio das mortes;rio das mortes;Rio das Mortes;2;nenhuma;formatacao
MG;rio do prado;rio do prado;Rio do Prado;18;nenhuma;formatacao
MG;ritapolis;ritapolis;Ritápolis;14;nenhuma;formatacao
MG;ritápolis;ritapolis;Ritápolis;2;acento;formatacao
MG;rocas novas;rocas novas;Rocas Novas;3;nenhuma;formatacao
MG;rochedo de minas;rochedo de minas;Rochedo de Minas;12;nenhuma;formatacao
MG;rodeiro;rodeiro;Rodeiro;39;nenhuma;formatacao
MG;rodrigo silva;rodrigo silva;Rodrigo Silva;2;nenhuma;formatacao
MG;romaria;romaria;Romaria;12;nenhuma;formatacao
MG;rosario de minas;rosario de minas;Rosario de Minas;1;nenhuma;formatacao
MG;rosario do pontal;rosario do pontal;Rosario do Pontal;1;nenhuma;formatacao
MG;roseiral;roseiral;Roseiral;1;nenhuma;formatacao
MG;rosario da limeira;rosario da limeira;Rosário da Limeira;9;nenhuma;formatacao
MG;rosário da limeira;rosario da limeira;Rosário da Limeira;4;acento;formatacao
MG;rubelita;rubelita;Rubelita;20;nenhuma;formatacao
MG;rubim;rubim;Rubim;34;nenhuma;formatacao
MG;sabara;sabara;Sabará;547;nenhuma;formatacao
MG;sabará;sabara;Sabará;100;acento;formatacao
MG;sabinopolis;sabinopolis;Sabinópolis;64;nenhuma;formatacao
MG;sabinópolis;sabinopolis;Sabinópolis;7;acento;formatacao
MG;sacramento;sacramento;Sacramento;129;nenhuma;formatacao
MG;salinas;salinas;Salinas;193;nenhuma;formatacao
MG;salto da divisa;salto da divisa;Salto da Divisa;46;nenhuma;formatacao
MG;santa barbara do monte verde;santa barbara do monte verde;Santa Barbara do Monte Verde;9;nenhuma;formatacao
MG;santa barbara;santa barbara;Santa Bárbara;233;nenhuma;formatacao
MG;santa bárbara;santa barbara;Santa Bárbara;18;acento;formatacao
MG;santa barbara do leste;santa barbara do leste;Santa Bárbara do Leste;32;nenhuma;formatacao
MG;santa bárbara do leste;santa barbara do leste;Santa Bárbara do Leste;6;acento;formatacao
MG;santa barbara do tugurio;santa barbara do tugurio;Santa Bárbara do Tugúrio;13;nenhuma;formatacao
MG;santa bárbara do tugúrio;santa barbara do tugurio;Santa Bárbara do Tugúrio;1;acento;formatacao
MG;santa cruz de minas;santa cruz de minas;Santa Cruz de Minas;49;nenhuma;formatacao
MG;santa cruz de salinas;santa cruz de salinas;Santa Cruz de Salinas;16;nenhuma;formatacao
MG;santa cruz do escalvado;santa cruz do escalvado;Santa Cruz do Escalvado;3;nenhuma;formatacao
MG;santa cruz do prata;santa cruz do prata;Santa Cruz do Prata;4;nenhuma;formatacao
MG;santa efigenia;santa efigenia;Santa Efigenia;2;nenhuma;formatacao
MG;santa efigenia de minas;santa efigenia de minas;Santa Efigênia de Minas;10;nenhuma;formatacao
MG;santa efigênia de minas;santa efigenia de minas;Santa Efigênia de Minas;2;acento;formatacao
MG;santa fe de minas;santa fe de minas;Santa Fé de Minas;19;nenhuma;formatacao
MG;santa fé de minas;santa fe de minas;Santa Fé de Minas;2;acento;formatacao
MG;santa helena de minas;santa helena de minas;Santa Helena de Minas;26;nenhuma;formatacao
MG;santa juliana;santa juliana;Santa Juliana;88;nenhuma;formatacao
MG;santa luzia;santa luzia;Santa Luzia;1020;nenhuma;formatacao
MG;santa luzia de caratinga;santa luzia de caratinga;Santa Luzia de Caratinga;1;nenhuma;formatacao
MG;santa margarida;santa margarida;Santa Margarida;43;nenhuma;formatacao
MG;santa maria de itabira;santa maria de itabira;Santa Maria de Itabira;51;nenhuma;formatacao
MG;santa maria do salto;santa maria do salto;Santa Maria do Salto;21;nenhuma;formatacao
MG;santa maria do suacui;santa maria do suacui;Santa Maria do Suaçuí;46;nenhuma;formatacao
MG;santa maria do suaçuí;santa maria do suacui;Santa Maria do Suaçuí;8;acento;formatacao
MG;santa rita durao;santa rita durao;Santa Rita Durão;6;nenhuma;formatacao
MG;santa rita durão;santa rita durao;Santa Rita Durão;1;acento;formatacao
MG;santa rita de caldas;santa rita de caldas;Santa Rita de Caldas;43;nenhuma;formatacao
MG;santa rita de jacutinga;santa rita de jacutinga;Santa Rita de Jacutinga;31;nenhuma;formatacao
MG;santa rita de minas;santa rita de minas;Santa Rita de Minas;32;nenhuma;formatacao
MG;santa rita de ouro preto;santa rita de ouro preto;Santa Rita de Ouro Preto;6;nenhuma;formatacao
MG;santa rita do cedro;santa rita do cedro;Santa Rita do Cedro;1;nenhuma;formatacao
MG;santa rita do ibitipoca;santa rita do ibitipoca;Santa Rita do Ibitipoca;9;nenhuma;formatacao
MG;santa rita do itueto;santa rita do itueto;Santa Rita do Itueto;27;nenhuma;formatacao
MG;santa rita do sapucai;santa rita do sapucai;Santa Rita do Sapucaí;355;nenhuma;formatacao
MG;santa rita do sapucaí;santa rita do sapucai;Santa Rita do Sapucaí;53;acento;formatacao
MG;santa rosa da serra;santa rosa da serra;Santa Rosa da Serra;30;nenhuma;formatacao
MG;santa terezinha de minas;santa terezinha de minas;Santa Terezinha de Minas;3;nenhuma;formatacao
MG;santa vitoria;santa vitoria;Santa Vitória;154;nenhuma;formatacao
MG;santa vitória;santa vitoria;Santa Vitória;21;acento;formatacao
MG;santana da vargem;santana da vargem;Santana da Vargem;44;nenhuma;formatacao
MG;santana de caldas;santana de caldas;Santana de Caldas;1;nenhuma;formatacao
MG;santana de cataguases;santana de cataguases;Santana de Cataguases;19;nenhuma;formatacao
MG;santana de patos;santana de patos;Santana de Patos;2;nenhuma;formatacao
MG;santana de pirapama;santana de pirapama;Santana de Pirapama;21;nenhuma;formatacao
MG;santana do capivari;santana do capivari;Santana do Capivari;5;nenhuma;formatacao
MG;santana do deserto;santana do deserto;Santana do Deserto;7;nenhuma;formatacao
MG;santana do garambeu;santana do garambeu;Santana do Garambeu;4;nenhuma;formatacao
MG;santana do jacare;santana do jacare;Santana do Jacaré;22;nenhuma;formatacao
MG;santana do jacaré;santana do jacare;Santana do Jacaré;3;acento;formatacao
MG;santana do manhuacu;santana do manhuacu;Santana do Manhuaçu;24;nenhuma;formatacao
MG;santana do manhuaçu;santana do manhuacu;Santana do Manhuaçu;7;acento;formatacao
MG;santana do paraopeba;santana do paraopeba;Santana do Paraopeba;1;nenhuma;formatacao
MG;santana do paraiso;santana do paraiso;Santana do Paraíso;101;nenhuma;formatacao
MG;santana do paraíso;santana do paraiso;Santana do Paraíso;10;acento;formatacao
MG;santana do riacho;santana do riacho;Santana do Riacho;7;nenhuma;formatacao
MG;santana do tabuleiro;santana do tabuleiro;Santana do Tabuleiro;1;nenhuma;formatacao
MG;santana dos montes;santana dos montes;Santana dos Montes;17;nenhuma;formatacao
MG;santo antonio do manhuacu;santo antonio do manhuacu;Santo Antonio do Manhuacu;1;nenhuma;formatacao
MG;santo antonio do norte;santo antonio do norte;Santo Antonio do Norte;1;nenhuma;formatacao
MG;santo antonio do pirapetinga;santo antonio do pirapetinga;Santo Antonio do Pirapetinga;1;nenhuma;formatacao
MG;santo antonio do amparo;santo antonio do amparo;Santo Antônio do Amparo;41;nenhuma;formatacao
MG;santo antônio do amparo;santo antonio do amparo;Santo Antônio do Amparo;12;acento;formatacao
MG;santo antonio do aventureiro;santo antonio do aventureiro;Santo Antônio do Aventureiro;14;nenhuma;formatacao
MG;santo antônio do aventureiro;santo antonio do aventureiro;Santo Antônio do Aventureiro;5;acento;formatacao
MG;santo antonio do grama;santo antonio do grama;Santo Antônio do Grama;26;nenhuma;formatacao
MG;santo antônio do grama;santo antonio do grama;Santo Antônio do Grama;6;acento;formatacao
MG;santo antonio do itambe;santo antonio do itambe;Santo Antônio do Itambé;17;nenhuma;formatacao
MG;santo antônio do itambé;santo antonio do itambe;Santo Antônio do Itambé;2;acento;formatacao
MG;santo antonio do jacinto;santo antonio do jacinto;Santo Antônio do Jacinto;67;nenhuma;formatacao
MG;santo antônio do jacinto;santo antonio do jacinto;Santo Antônio do Jacinto;11;acento;formatacao
MG;santo antonio do leite;santo antonio do leite;Santo Antônio do Leite;5;nenhuma;formatacao
MG;santo antônio do leite;santo antonio do leite;Santo Antônio do Leite;1;acento;formatacao
MG;santo antonio do monte;santo antonio do monte;Santo Antônio do Monte;167;nenhuma;formatacao
MG;santo antônio do monte;santo antonio do monte;Santo Antônio do Monte;16;acento;formatacao
MG;santo antonio do retiro;santo antonio do retiro;Santo Antônio do Retiro;4;nenhuma;formatacao
MG;santo antônio do retiro;santo antonio do retiro;Santo Antônio do Retiro;1;acento;formatacao
MG;santo antonio do rio abaixo;santo antonio do rio abaixo;Santo Antônio do Rio Abaixo;13;nenhuma;formatacao
MG;santo antônio do rio abaixo;santo antonio do rio abaixo;Santo Antônio do Rio Abaixo;2;acento;formatacao
MG;santo antonio dos campos;santo antonio dos campos;Santo Antônio dos Campos;15;nenhuma;formatacao
MG;santo antônio dos campos;santo antonio dos campos;Santo Antônio dos Campos;2;acento;formatacao
MG;santo hipolito;santo hipolito;Santo Hipólito;4;nenhuma;formatacao
MG;santo hipólito;santo hipolito;Santo Hipólito;3;acento;formatacao
MG;santos dumont;santos dumont;Santos Dumont;311;nenhuma;formatacao
MG;sao bartolomeu;sao bartolomeu;Sao Bartolomeu;1;nenhuma;formatacao
MG;sao benedito;sao benedito;Sao Benedito;1;nenhuma;formatacao
MG;sao domingos;sao domingos;Sao Domingos;5;nenhuma;formatacao
MG;sao francisco do gloria;sao francisco do gloria;Sao Francisco do Gloria;20;nenhuma;formatacao
MG;sao francisco do humaita;sao francisco do humaita;Sao Francisco do Humaita;1;nenhuma;formatacao
MG;sao geraldo do baguari;sao geraldo do baguari;Sao Geraldo do Baguari;4;nenhuma;formatacao
MG;sao goncalo do rio preto;sao goncalo do rio preto;Sao Goncalo do Rio Preto;23;nenhuma;formatacao
MG;sao goncalo do rio das pedras;sao goncalo do rio das pedras;Sao Goncalo do Rio das Pedras;4;nenhuma;formatacao
MG;sao joao da chapada;sao joao da chapada;Sao Joao da Chapada;1;nenhuma;formatacao
MG;sao joao da lagoa;sao joao da lagoa;Sao Joao da Lagoa;6;nenhuma;formatacao
MG;sao joao da serra;sao joao da serra;Sao Joao da Serra;1;nenhuma;formatacao
MG;sao joao da serra negra;sao joao da serra negra;Sao Joao da Serra Negra;4;nenhuma;formatacao
MG;sao joao do jacutinga;sao joao do jacutinga;Sao Joao do Jacutinga;2;nenhuma;formatacao
MG;sao joao do pacui;sao joao do pacui;Sao Joao do Pacui;3;nenhuma;formatacao
MG;sao jose do acacio;sao jose do acacio;Sao Jose do Acacio;1;nenhuma;formatacao
MG;sao jose dos salgados;sao jose dos salgados;Sao Jose dos Salgados;1;nenhuma;formatacao
MG;sao manoel do guaiacu;sao manoel do guaiacu;Sao Manoel do Guaiacu;1;nenhuma;formatacao
MG;sao mateus de minas;sao mateus de minas;Sao Mateus de Minas;2;nenhuma;formatacao
MG;sao sebastiao da barra;sao sebastiao da barra;Sao Sebastiao da Barra;2;nenhuma;formatacao
MG;sao sebastiao da vargem alegre;sao sebastiao da vargem alegre;Sao Sebastiao da Vargem Alegre;8;nenhuma;formatacao
MG;sao sebastiao de braunas;sao sebastiao de braunas;Sao Sebastiao de Braunas;3;nenhuma;formatacao
MG;sao sebastiao do rio preto;sao sebastiao do rio preto;Sao Sebastiao do Rio Preto;5;nenhuma;formatacao
MG;sao sebastiao dos pocoes;sao sebastiao dos pocoes;Sao Sebastiao dos Pocoes;1;nenhuma;formatacao
MG;sao vicente da estrela;sao vicente da estrela;Sao Vicente da Estrela;1;nenhuma;formatacao
MG;sao vicente do grama;sao vicente do grama;Sao Vicente do Grama;1;nenhuma;formatacao
MG;sao vicente do rio doce;sao vicente do rio doce;Sao Vicente do Rio Doce;2;nenhuma;formatacao
MG;sao vitor;sao vitor;Sao Vitor;1;nenhuma;formatacao
MG;sapucaia;sapucaia;Sapucaia;4;nenhuma;formatacao
MG;sapucaia de guanhaes;sapucaia de guanhaes;Sapucaia de Guanhaes;2;nenhuma;formatacao
MG;sapucaia do norte;sapucaia do norte;Sapucaia do Norte;2;nenhuma;formatacao
MG;sapucai-mirim;sapucai mirim;Sapucaí-mirim;31;sufixo-uf;formatacao
MG;sapucaí-mirim;sapucai mirim;Sapucaí-mirim;6;sufixo-uf|acento;formatacao
MG;sarandira;sarandira;Sarandira;1;nenhuma;formatacao
MG;sardoa;sardoa;Sardoá;11;nenhuma;formatacao
MG;sardoá;sardoa;Sardoá;5;acento;formatacao
MG;sarzedo;sarzedo;Sarzedo;179;nenhuma;formatacao
MG;sem peixe;sem peixe;Sem Peixe;6;nenhuma;formatacao
MG;senador amaral;senador amaral;Senador Amaral;20;nenhuma;formatacao
MG;senador cortes;senador cortes;Senador Cortes;8;nenhuma;formatacao
MG;senador firmino;senador firmino;Senador Firmino;30;nenhuma;formatacao
MG;senador jose bento;senador jose bento;Senador José Bento;4;nenhuma;formatacao
MG;senador josé bento;senador jose bento;Senador José Bento;2;acento;formatacao
MG;senador modestino goncalves;senador modestino goncalves;Senador Modestino Gonçalves;16;nenhuma;formatacao
MG;senador modestino gonçalves;senador modestino goncalves;Senador Modestino Gonçalves;3;acento;formatacao
MG;senador mourao;senador mourao;Senador Mourao;4;nenhuma;formatacao
MG;senhora das dores;senhora das dores;Senhora das Dores;10;nenhuma;formatacao
MG;senhora de oliveira;senhora de oliveira;Senhora de Oliveira;23;nenhuma;formatacao
MG;senhora do carmo;senhora do carmo;Senhora do Carmo;1;nenhuma;formatacao
MG;senhora do porto;senhora do porto;Senhora do Porto;5;nenhuma;formatacao
MG;senhora dos remedios;senhora dos remedios;Senhora dos Remédios;26;nenhuma;formatacao
MG;senhora dos remédios;senhora dos remedios;Senhora dos Remédios;4;acento;formatacao
MG;sereno;sereno;Sereno;4;nenhuma;formatacao
MG;sericita;sericita;Sericita;38;nenhuma;formatacao
MG;seritinga;seritinga;Seritinga;8;nenhuma;formatacao
MG;serra azul;serra azul;Serra Azul;1;nenhuma;formatacao
MG;serra azul de minas;serra azul de minas;Serra Azul de Minas;16;nenhuma;formatacao
MG;serra bonita;serra bonita;Serra Bonita;3;nenhuma;formatacao
MG;serra da saudade;serra da saudade;Serra da Saudade;5;nenhuma;formatacao
MG;serra do salitre;serra do salitre;Serra do Salitre;57;nenhuma;formatacao
MG;serra dos aimores;serra dos aimores;Serra dos Aimorés;39;nenhuma;formatacao
MG;serra dos aimorés;serra dos aimores;Serra dos Aimorés;6;acento;formatacao
MG;serrania;serrania;Serrania;26;nenhuma;formatacao
MG;serranopolis de minas;serranopolis de minas;Serranopolis de Minas;8;nenhuma;formatacao
MG;serranos;serranos;Serranos;11;nenhuma;formatacao
MG;serro;serro;Serro;79;nenhuma;formatacao
MG;sete lagoas;sete lagoas;Sete Lagoas;1374;nenhuma;formatacao
MG;setubinha;setubinha;Setubinha;26;nenhuma;formatacao
MG;silvano;silvano;Silvano;2;nenhuma;formatacao
MG;silveira carvalho;silveira carvalho;Silveira Carvalho;2;nenhuma;formatacao
MG;silveirania;silveirania;Silveirania;5;nenhuma;formatacao
MG;silvianopolis;silvianopolis;Silvianópolis;15;nenhuma;formatacao
MG;silvianópolis;silvianopolis;Silvianópolis;1;acento;formatacao
MG;simao pereira;simao pereira;Simao Pereira;7;nenhuma;formatacao
MG;simonesia;simonesia;Simonésia;52;nenhuma;formatacao
MG;simonésia;simonesia;Simonésia;14;acento;formatacao
MG;sobralia;sobralia;Sobrália;17;nenhuma;formatacao
MG;sobrália;sobralia;Sobrália;4;acento;formatacao
MG;soledade de minas;soledade de minas;Soledade de Minas;27;nenhuma;formatacao
MG;sao bento abade;sao bento abade;São Bento Abade;13;nenhuma;formatacao
MG;são bento abade;sao bento abade;São Bento Abade;2;acento;formatacao
MG;sao bras do suacui;sao bras do suacui;São Brás do Suaçuí;25;nenhuma;formatacao
MG;são brás do suaçuí;sao bras do suacui;São Brás do Suaçuí;3;acento;formatacao
MG;sao domingos das dores;sao domingos das dores;São Domingos das Dores;28;nenhuma;formatacao
MG;são domingos das dores;sao domingos das dores;São Domingos das Dores;3;acento;formatacao
MG;sao domingos do prata;sao domingos do prata;São Domingos do Prata;61;nenhuma;formatacao
MG;são domingos do prata;sao domingos do prata;São Domingos do Prata;11;acento;formatacao
MG;sao francisco;sao francisco;São Francisco;108;nenhuma;formatacao
MG;são francisco;sao francisco;São Francisco;12;acento;formatacao
MG;sao francisco de paula;sao francisco de paula;São Francisco de Paula;19;nenhuma;formatacao
MG;são francisco de paula;sao francisco de paula;São Francisco de Paula;3;acento;formatacao
MG;sao francisco de sales;sao francisco de sales;São Francisco de Sales;20;nenhuma;formatacao
MG;são francisco de sales;sao francisco de sales;São Francisco de Sales;8;acento;formatacao
MG;sao felix de minas;sao felix de minas;São Félix de Minas;10;nenhuma;formatacao
MG;são félix de minas;sao felix de minas;São Félix de Minas;2;acento;formatacao
MG;sao geraldo;sao geraldo;São Geraldo;38;nenhuma;formatacao
MG;são geraldo;sao geraldo;São Geraldo;7;acento;formatacao
MG;sao geraldo da piedade;sao geraldo da piedade;São Geraldo da Piedade;10;nenhuma;formatacao
MG;são geraldo da piedade;sao geraldo da piedade;São Geraldo da Piedade;1;acento;formatacao
MG;sao geraldo do baixio;sao geraldo do baixio;São Geraldo do Baixio;6;nenhuma;formatacao
MG;são geraldo do baixio;sao geraldo do baixio;São Geraldo do Baixio;2;acento;formatacao
MG;são gonçalo de botelhos;sao goncalo de botelhos;São Gonçalo de Botelhos;1;acento;formatacao
MG;sao goncalo de botelhos;sao goncalo de botelhos;São Gonçalo de Botelhos;1;nenhuma;formatacao
MG;sao goncalo do abaete;sao goncalo do abaete;São Gonçalo do Abaeté;26;nenhuma;formatacao
MG;são gonçalo do abaeté;sao goncalo do abaete;São Gonçalo do Abaeté;6;acento;formatacao
MG;sao goncalo do para;sao goncalo do para;São Gonçalo do Pará;45;nenhuma;formatacao
MG;são gonçalo do pará;sao goncalo do para;São Gonçalo do Pará;14;acento;formatacao
MG;sao goncalo do rio abaixo;sao goncalo do rio abaixo;São Gonçalo do Rio Abaixo;68;nenhuma;formatacao
MG;são gonçalo do rio abaixo;sao goncalo do rio abaixo;São Gonçalo do Rio Abaixo;9;acento;formatacao
MG;sao goncalo do sapucai;sao goncalo do sapucai;São Gonçalo do Sapucaí;98;nenhuma;formatacao
MG;são gonçalo do sapucaí;sao goncalo do sapucai;São Gonçalo do Sapucaí;9;acento;formatacao
MG;sao gotardo;sao gotardo;São Gotardo;303;nenhuma;formatacao
MG;são gotardo;sao gotardo;São Gotardo;42;acento;formatacao
MG;sao joaquim de bicas;sao joaquim de bicas;São Joaquim de Bicas;98;nenhuma;formatacao
MG;são joaquim de bicas;sao joaquim de bicas;São Joaquim de Bicas;16;acento;formatacao
MG;sao jose da barra;sao jose da barra;São José da Barra;32;nenhuma;formatacao
MG;são josé da barra;sao jose da barra;São José da Barra;6;acento;formatacao
MG;sao jose da lapa;sao jose da lapa;São José da Lapa;97;nenhuma;formatacao
MG;são josé da lapa;sao jose da lapa;São José da Lapa;13;acento;formatacao
MG;sao jose da safira;sao jose da safira;São José da Safira;10;nenhuma;formatacao
MG;são josé da safira;sao jose da safira;São José da Safira;1;acento;formatacao
MG;sao jose da varginha;sao jose da varginha;São José da Varginha;6;nenhuma;formatacao
MG;são josé da varginha;sao jose da varginha;São José da Varginha;1;acento;formatacao
MG;sao jose do alegre;sao jose do alegre;São José do Alegre;12;nenhuma;formatacao
MG;são josé do alegre;sao jose do alegre;São José do Alegre;1;acento;formatacao
MG;são josé do barreiro;sao jose do barreiro;São José do Barreiro;1;acento;formatacao
MG;sao jose do divino;sao jose do divino;São José do Divino;9;nenhuma;formatacao
MG;são josé do divino;sao jose do divino;São José do Divino;1;acento;formatacao
MG;sao jose do goiabal;sao jose do goiabal;São José do Goiabal;24;nenhuma;formatacao
MG;são josé do goiabal;sao jose do goiabal;São José do Goiabal;3;acento;formatacao
MG;são josé do itueto;sao jose do itueto;São José do Itueto;5;acento;formatacao
MG;sao jose do itueto;sao jose do itueto;São José do Itueto;3;nenhuma;formatacao
MG;sao jose do jacuri;sao jose do jacuri;São José do Jacuri;16;nenhuma;formatacao
MG;são josé do jacuri;sao jose do jacuri;São José do Jacuri;2;acento;formatacao
MG;sao jose do mantimento;sao jose do mantimento;São José do Mantimento;10;nenhuma;formatacao
MG;são josé do mantimento;sao jose do mantimento;São José do Mantimento;2;acento;formatacao
MG;sao joao batista do gloria;sao joao batista do gloria;São João Batista do Glória;25;nenhuma;formatacao
MG;são joão batista do glória;sao joao batista do gloria;São João Batista do Glória;8;acento;formatacao
MG;sao joao del rei;sao joao del rei;São João Del Rei;698;nenhuma;formatacao
MG;são joão del rei;sao joao del rei;São João Del Rei;114;acento;formatacao
MG;sao joao evangelista;sao joao evangelista;São João Evangelista;83;nenhuma;formatacao
MG;são joão evangelista;sao joao evangelista;São João Evangelista;10;acento;formatacao
MG;sao joao nepomuceno;sao joao nepomuceno;São João Nepomuceno;165;nenhuma;formatacao
MG;são joão nepomuceno;sao joao nepomuceno;São João Nepomuceno;19;acento;formatacao
MG;sao joao da mata;sao joao da mata;São João da Mata;10;nenhuma;formatacao
MG;são joão da mata;sao joao da mata;São João da Mata;3;acento;formatacao
MG;sao joao da ponte;sao joao da ponte;São João da Ponte;27;nenhuma;formatacao
MG;são joão da ponte;sao joao da ponte;São João da Ponte;7;acento;formatacao
MG;sao joao das missoes;sao joao das missoes;São João das Missões;14;nenhuma;formatacao
MG;são joão das missões;sao joao das missoes;São João das Missões;1;acento;formatacao
MG;sao joao do manhuacu;sao joao do manhuacu;São João do Manhuaçu;32;nenhuma;formatacao
MG;são joão do manhuaçu;sao joao do manhuacu;São João do Manhuaçu;8;acento;formatacao
MG;sao joao do manteninha;sao joao do manteninha;São João do Manteninha;30;nenhuma;formatacao
MG;são joão do manteninha;sao joao do manteninha;São João do Manteninha;7;acento;formatacao
MG;sao joao do oriente;sao joao do oriente;São João do Oriente;33;nenhuma;formatacao
MG;são joão do oriente;sao joao do oriente;São João do Oriente;3;acento;formatacao
MG;sao joao do paraiso;sao joao do paraiso;São João do Paraíso;45;nenhuma;formatacao
MG;são joão do paraíso;sao joao do paraiso;São João do Paraíso;7;acento;formatacao
MG;sao lourenco;sao lourenco;São Lourenço;331;nenhuma;formatacao
MG;são lourenço;sao lourenco;São Lourenço;66;acento;formatacao
MG;sao miguel do anta;sao miguel do anta;São Miguel do Anta;18;nenhuma;formatacao
MG;são miguel do anta;sao miguel do anta;São Miguel do Anta;6;acento;formatacao
MG;sao pedro da uniao;sao pedro da uniao;São Pedro da União;20;nenhuma;formatacao
MG;são pedro da união;sao pedro da uniao;São Pedro da União;6;acento;formatacao
MG;sao pedro do avai;sao pedro do avai;São Pedro do Avaí;8;nenhuma;formatacao
MG;são pedro do avaí;sao pedro do avai;São Pedro do Avaí;1;acento;formatacao
MG;sao pedro do suacui;sao pedro do suacui;São Pedro do Suaçuí;19;nenhuma;formatacao
MG;são pedro do suaçuí;sao pedro do suacui;São Pedro do Suaçuí;1;acento;formatacao
MG;sao pedro dos ferros;sao pedro dos ferros;São Pedro dos Ferros;42;nenhuma;formatacao
MG;são pedro dos ferros;sao pedro dos ferros;São Pedro dos Ferros;6;acento;formatacao
MG;sao romao;sao romao;São Romão;32;nenhuma;formatacao
MG;são romão;sao romao;São Romão;4;acento;formatacao
MG;sao roque de minas;sao roque de minas;São Roque de Minas;62;nenhuma;formatacao
MG;são roque de minas;sao roque de minas;São Roque de Minas;15;acento;formatacao
MG;sao sebastiao da bela vista;sao sebastiao da bela vista;São Sebastião da Bela Vista;16;nenhuma;formatacao
MG;são sebastião da bela vista;sao sebastiao da bela vista;São Sebastião da Bela Vista;3;acento;formatacao
MG;são sebastião da vala;sao sebastiao da vala;São Sebastião da Vala;2;acento;formatacao
MG;sao sebastiao da vala;sao sebastiao da vala;São Sebastião da Vala;1;nenhuma;formatacao
MG;sao sebastiao da vitoria;sao sebastiao da vitoria;São Sebastião da Vitória;2;nenhuma;formatacao
MG;são sebastião da vitória;sao sebastiao da vitoria;São Sebastião da Vitória;1;acento;formatacao
MG;sao sebastiao do anta;sao sebastiao do anta;São Sebastião do Anta;12;nenhuma;formatacao
MG;são sebastião do anta;sao sebastiao do anta;São Sebastião do Anta;3;acento;formatacao
MG;sao sebastiao do maranhao;sao sebastiao do maranhao;São Sebastião do Maranhão;21;nenhuma;formatacao
MG;são sebastião do maranhão;sao sebastiao do maranhao;São Sebastião do Maranhão;2;acento;formatacao
MG;sao sebastiao do oeste;sao sebastiao do oeste;São Sebastião do Oeste;20;nenhuma;formatacao
MG;são sebastião do oeste;sao sebastiao do oeste;São Sebastião do Oeste;3;acento;formatacao
MG;sao sebastiao do paraiso;sao sebastiao do paraiso;São Sebastião do Paraíso;376;nenhuma;formatacao
MG;são sebastião do paraíso;sao sebastiao do paraiso;São Sebastião do Paraíso;47;acento;formatacao
MG;sao sebastiao do pontal;sao sebastiao do pontal;São Sebastião do Pontal;4;nenhuma;formatacao
MG;são sebastião do pontal;sao sebastiao do pontal;São Sebastião do Pontal;3;acento;formatacao
MG;sao sebastiao do rio verde;sao sebastiao do rio verde;São Sebastião do Rio Verde;14;nenhuma;formatacao
MG;são sebastião do rio verde;sao sebastiao do rio verde;São Sebastião do Rio Verde;2;acento;formatacao
MG;sao sebastiao do sacramento;sao sebastiao do sacramento;São Sebastião do Sacramento;8;nenhuma;formatacao
MG;são sebastião do sacramento;sao sebastiao do sacramento;São Sebastião do Sacramento;2;acento;formatacao
MG;são sebastião dos torres;sao sebastiao dos torres;São Sebastião dos Torres;1;acento;formatacao
MG;sao thome das letras;sao thome das letras;São Thomé das Letras;14;nenhuma;formatacao
MG;são thomé das letras;sao thome das letras;São Thomé das Letras;8;acento;formatacao
MG;sao tiago;sao tiago;São Tiago;43;nenhuma;formatacao
MG;são tiago;sao tiago;São Tiago;10;acento;formatacao
MG;sao tomas de aquino;sao tomas de aquino;São Tomás de Aquino;25;nenhuma;formatacao
MG;são tomás de aquino;sao tomas de aquino;São Tomás de Aquino;3;acento;formatacao
MG;são vicente;sao vicente;São Vicente;3;acento;formatacao
MG;sao vicente;sao vicente;São Vicente;2;nenhuma;formatacao
MG;sao vicente de minas;sao vicente de minas;São Vicente de Minas;44;nenhuma;formatacao
MG;são vicente de minas;sao vicente de minas;São Vicente de Minas;6;acento;formatacao
MG;tabuao;tabuao;Tabuao;1;nenhuma;formatacao
MG;tabuleiro;tabuleiro;Tabuleiro;14;nenhuma;formatacao
MG;taiobeiras;taiobeiras;Taiobeiras;145;nenhuma;formatacao
MG;taparuba;taparuba;Taparuba;10;nenhuma;formatacao
MG;tapira;tapira;Tapira;20;nenhuma;formatacao
MG;tapirai;tapirai;Tapirai;3;nenhuma;formatacao
MG;tapuirama;tapuirama;Tapuirama;1;nenhuma;formatacao
MG;taquaracu de minas;taquaracu de minas;Taquaraçu de Minas;10;nenhuma;formatacao
MG;taquaraçu de minas;taquaracu de minas;Taquaraçu de Minas;2;acento;formatacao
MG;tarumirim;tarumirim;Tarumirim;62;nenhuma;formatacao
MG;tebas;tebas;Tebas;2;nenhuma;formatacao
MG;teixeiras;teixeiras;Teixeiras;43;nenhuma;formatacao
MG;teofilo otoni;teofilo otoni;Teófilo Otoni;832;nenhuma;formatacao
MG;teófilo otoni;teofilo otoni;Teófilo Otoni;122;acento;formatacao
MG;timoteo;timoteo;Timóteo;544;nenhuma;formatacao
MG;timóteo;timoteo;Timóteo;88;acento;formatacao
MG;tiradentes;tiradentes;Tiradentes;59;nenhuma;formatacao
MG;tiros;tiros;Tiros;48;nenhuma;formatacao
MG;tocandira;tocandira;Tocandira;1;nenhuma;formatacao
MG;tocantins;tocantins;Tocantins;74;nenhuma;formatacao
MG;tocos do moji;tocos do moji;Tocos do Moji;10;nenhuma;formatacao
MG;toledo;toledo;Toledo;17;nenhuma;formatacao
MG;tombos;tombos;Tombos;51;nenhuma;formatacao
MG;topazio;topazio;Topazio;1;nenhuma;formatacao
MG;torneiros;torneiros;Torneiros;1;nenhuma;formatacao
MG;tres coracoes;tres coracoes;Três Corações;380;nenhuma;formatacao
MG;três corações;tres coracoes;Três Corações;64;acento;formatacao
MG;tres marias;tres marias;Três Marias;181;nenhuma;formatacao
MG;três marias;tres marias;Três Marias;36;acento;formatacao
MG;tres pontas;tres pontas;Três Pontas;263;nenhuma;formatacao
MG;três pontas;tres pontas;Três Pontas;42;acento;formatacao
MG;tumiritinga;tumiritinga;Tumiritinga;20;nenhuma;formatacao
MG;tupaciguara;tupaciguara;Tupaciguara;120;nenhuma;formatacao
MG;tuparece;tuparece;Tuparece;2;nenhuma;formatacao
MG;turmalina;turmalina;Turmalina;116;nenhuma;formatacao
MG;turvolandia;turvolandia;Turvolândia;16;nenhuma;formatacao
MG;turvolândia;turvolandia;Turvolândia;4;acento;formatacao
MG;ubaporanga;ubaporanga;Ubaporanga;46;nenhuma;formatacao
MG;ubai;ubai;Ubaí;11;nenhuma;formatacao
MG;ubaí;ubai;Ubaí;2;acento;formatacao
MG;uberaba;uberaba;Uberaba;2298;nenhuma;formatacao
MG;uberlandia;uberlandia;Uberlândia;3906;nenhuma;formatacao
MG;uberlândia;uberlandia;Uberlândia;666;acento;formatacao
MG;uba;uba;Ubá;470;nenhuma;formatacao
MG;ubá;uba;Ubá;64;acento;formatacao
MG;umburatiba;umburatiba;Umburatiba;17;nenhuma;formatacao
MG;unai;unai;Unaí;586;nenhuma;formatacao
MG;unaí;unai;Unaí;82;acento;formatacao
MG;uniao de minas;uniao de minas;União de Minas;17;nenhuma;formatacao
MG;união de minas;uniao de minas;União de Minas;1;acento;formatacao
MG;uruana de minas;uruana de minas;Uruana de Minas;16;nenhuma;formatacao
MG;urucuia;urucuia;Urucuia;24;nenhuma;formatacao
MG;urucania;urucania;Urucânia;40;nenhuma;formatacao
MG;urucânia;urucania;Urucânia;5;acento;formatacao
MG;vargem alegre;vargem alegre;Vargem Alegre;33;nenhuma;formatacao
MG;vargem bonita;vargem bonita;Vargem Bonita;12;nenhuma;formatacao
MG;vargem grande do rio pardo;vargem grande do rio pardo;Vargem Grande do Rio Pardo;12;nenhuma;formatacao
MG;varginha;varginha;Varginha;1006;nenhuma;formatacao
MG;varjao de minas;varjao de minas;Varjão de Minas;19;nenhuma;formatacao
MG;varjão de minas;varjao de minas;Varjão de Minas;6;acento;formatacao
MG;varzelandia;varzelandia;Varzelândia;29;nenhuma;formatacao
MG;varzelândia;varzelandia;Varzelândia;14;acento;formatacao
MG;vau-acu;vau acu;Vau-acu;2;sufixo-uf;formatacao
MG;vazante;vazante;Vazante;173;nenhuma;formatacao
MG;vera cruz de minas;vera cruz de minas;Vera Cruz de Minas;1;nenhuma;formatacao
MG;verdelandia;verdelandia;Verdelândia;4;nenhuma;formatacao
MG;verdelândia;verdelandia;Verdelândia;1;acento;formatacao
MG;veredas;veredas;Veredas;1;nenhuma;formatacao
MG;veredinha;veredinha;Veredinha;30;nenhuma;formatacao
MG;vermelho;vermelho;Vermelho;2;nenhuma;formatacao
MG;vermelho novo;vermelho novo;Vermelho Novo;19;nenhuma;formatacao
MG;vermelho velho;vermelho velho;Vermelho Velho;2;nenhuma;formatacao
MG;verissimo;verissimo;Veríssimo;9;nenhuma;formatacao
MG;veríssimo;verissimo;Veríssimo;2;acento;formatacao
MG;vespasiano;vespasiano;Vespasiano;543;nenhuma;formatacao
MG;vieiras;vieiras;Vieiras;12;nenhuma;formatacao
MG;vila nova de minas;vila nova de minas;Vila Nova de Minas;1;nenhuma;formatacao
MG;vila pereira;vila pereira;Vila Pereira;9;nenhuma;formatacao
MG;virgem da lapa;virgem da lapa;Virgem da Lapa;48;nenhuma;formatacao
MG;virginopolis;virginopolis;Virginópolis;63;nenhuma;formatacao
MG;virginópolis;virginopolis;Virginópolis;10;acento;formatacao
MG;virgolandia;virgolandia;Virgolândia;23;nenhuma;formatacao
MG;virgolândia;virgolandia;Virgolândia;6;acento;formatacao
MG;virginia;virginia;Virgínia;39;nenhuma;formatacao
MG;virgínia;virginia;Virgínia;3;acento;formatacao
MG;visconde do rio branco;visconde do rio branco;Visconde do Rio Branco;237;nenhuma;formatacao
MG;vista alegre;vista alegre;Vista Alegre;5;nenhuma;formatacao
MG;vitorinos;vitorinos;Vitorinos;2;nenhuma;formatacao
MG;vitorinos - alto rio doce;vitorinos alto rio doce;Vitorinos - Alto Rio Doce;1;sufixo-uf;formatacao
MG;vicosa;vicosa;Viçosa;737;nenhuma;formatacao
MG;viçosa;vicosa;Viçosa;80;acento;formatacao
MG;volta grande;volta grande;Volta Grande;39;nenhuma;formatacao
MG;varzea da palma;varzea da palma;Várzea da Palma;137;nenhuma;formatacao
MG;várzea da palma;varzea da palma;Várzea da Palma;20;acento;formatacao
MG;wenceslau braz;wenceslau braz;Wenceslau Braz;5;nenhuma;formatacao
MG;agua boa;agua boa;Água Boa;23;nenhuma;formatacao
MG;água boa;agua boa;Água Boa;5;acento;formatacao
MG;agua comprida;agua comprida;Água Comprida;6;nenhuma;formatacao
MG;água comprida;agua comprida;Água Comprida;2;acento;formatacao
MG;aguas formosas;aguas formosas;Águas Formosas;88;nenhuma;formatacao
MG;águas formosas;aguas formosas;Águas Formosas;16;acento;formatacao
MG;aguas vermelhas;aguas vermelhas;Águas Vermelhas;54;nenhuma;formatacao
MG;águas vermelhas;aguas vermelhas;Águas Vermelhas;9;acento;formatacao
MS;alcinopolis;alcinopolis;Alcinópolis;32;nenhuma;formatacao
MS;alcinópolis;alcinopolis;Alcinópolis;5;acento;formatacao
MS;amambai;amambai;Amambaí;108;nenhuma;formatacao
MS;amambaí;amambai;Amambaí;17;acento;formatacao
MS;amandina;amandina;Amandina;1;nenhuma;formatacao
MS;anastacio;anastacio;Anastácio;41;nenhuma;formatacao
MS;anastácio;anastacio;Anastácio;8;acento;formatacao
MS;anaurilandia;anaurilandia;Anaurilândia;19;nenhuma;formatacao
MS;anaurilândia;anaurilandia;Anaurilândia;10;acento;formatacao
MS;angelica;angelica;Angélica;34;nenhuma;formatacao
MS;angélica;angelica;Angélica;9;acento;formatacao
MS;anhandui;anhandui;Anhandui;4;nenhuma;formatacao
MS;antônio joão;antonio joao;Antônio João;9;acento;formatacao
MS;antonio joao;antonio joao;Antônio João;9;nenhuma;formatacao
MS;aparecida do taboado;aparecida do taboado;Aparecida do Taboado;65;nenhuma;formatacao
MS;aquidauana;aquidauana;Aquidauana;137;nenhuma;formatacao
MS;aral moreira;aral moreira;Aral Moreira;23;nenhuma;formatacao
MS;arapua;arapua;Arapua;2;nenhuma;formatacao
MS;bandeirantes;bandeirantes;Bandeirantes;25;nenhuma;formatacao
MS;bataguassu;bataguassu;Bataguassu;86;nenhuma;formatacao
MS;bataipora;bataipora;Bataipora;3;nenhuma;formatacao
MS;bataypora;bataypora;Batayporã;18;nenhuma;formatacao
MS;batayporã;bataypora;Batayporã;12;acento;formatacao
MS;bela vista;bela vista;Bela Vista;57;nenhuma;formatacao
MS;bodoquena;bodoquena;Bodoquena;40;nenhuma;formatacao
MS;bonito;bonito;Bonito;126;nenhuma;formatacao
MS;brasilandia;brasilandia;Brasilândia;38;nenhuma;formatacao
MS;brasilândia;brasilandia;Brasilândia;6;acento;formatacao
MS;caarapo;caarapo;Caarapó;87;nenhuma;formatacao
MS;caarapó;caarapo;Caarapó;20;acento;formatacao
MS;camapua;camapua;Camapuã;50;nenhuma;formatacao
MS;camapuã;camapua;Camapuã;6;acento;formatacao
MS;campo grande;campo grande;Campo Grande;4646;nenhuma;formatacao
MS;caracol;caracol;Caracol;13;nenhuma;formatacao
MS;cassilandia;cassilandia;Cassilândia;62;nenhuma;formatacao
MS;cassilândia;cassilandia;Cassilândia;7;acento;formatacao
MS;chapadao do sul;chapadao do sul;Chapadão do Sul;233;nenhuma;formatacao
MS;chapadão do sul;chapadao do sul;Chapadão do Sul;55;acento;formatacao
MS;cipolandia;cipolandia;Cipolandia;1;nenhuma;formatacao
MS;corguinho;corguinho;Corguinho;16;nenhuma;formatacao
MS;coronel sapucaia;coronel sapucaia;Coronel Sapucaia;41;nenhuma;formatacao
MS;corumba;corumba;Corumbá;404;nenhuma;formatacao
MS;corumbá;corumba;Corumbá;74;acento;formatacao
MS;costa rica;costa rica;Costa Rica;147;nenhuma;formatacao
MS;coxim;coxim;Coxim;183;nenhuma;formatacao
MS;cristalina;cristalina;Cristalina;2;nenhuma;formatacao
MS;deodapolis;deodapolis;Deodápolis;14;nenhuma;formatacao
MS;deodápolis;deodapolis;Deodápolis;7;acento;formatacao
MS;dois irmaos do buriti;dois irmaos do buriti;Dois Irmãos do Buriti;24;nenhuma;formatacao
MS;dois irmãos do buriti;dois irmaos do buriti;Dois Irmãos do Buriti;4;acento;formatacao
MS;douradina;douradina;Douradina;4;nenhuma;formatacao
MS;dourados;dourados;Dourados;795;nenhuma;formatacao
MS;eldorado;eldorado;Eldorado;39;nenhuma;formatacao
MS;figueirao;figueirao;Figueirão;21;nenhuma;formatacao
MS;figueirão;figueirao;Figueirão;4;acento;formatacao
MS;fatima do sul;fatima do sul;Fátima do Sul;47;nenhuma;formatacao
MS;fátima do sul;fatima do sul;Fátima do Sul;7;acento;formatacao
MS;gloria de dourados;gloria de dourados;Glória de Dourados;34;nenhuma;formatacao
MS;glória de dourados;gloria de dourados;Glória de Dourados;7;acento;formatacao
MS;guia lopes da laguna;guia lopes da laguna;Guia Lopes da Laguna;27;nenhuma;formatacao
MS;iguatemi;iguatemi;Iguatemi;55;nenhuma;formatacao
MS;inocencia;inocencia;Inocência;18;nenhuma;formatacao
MS;inocência;inocencia;Inocência;2;acento;formatacao
MS;itahum;itahum;Itahum;1;nenhuma;formatacao
MS;itapora;itapora;Itaporã;28;nenhuma;formatacao
MS;itaporã;itapora;Itaporã;6;acento;formatacao
MS;itaquirai;itaquirai;Itaquiraí;42;nenhuma;formatacao
MS;itaquiraí;itaquirai;Itaquiraí;6;acento;formatacao
MS;ivinhema;ivinhema;Ivinhema;104;nenhuma;formatacao
MS;japora;japora;Japorã;3;nenhuma;formatacao
MS;japorã;japora;Japorã;1;acento;formatacao
MS;jaraguari;jaraguari;Jaraguari;7;nenhuma;formatacao
MS;jardim;jardim;Jardim;85;nenhuma;formatacao
MS;jatei;jatei;Jateí;5;nenhuma;formatacao
MS;jateí;jatei;Jateí;1;acento;formatacao
MS;juti;juti;Jutí;21;nenhuma;formatacao
MS;jutí;juti;Jutí;4;acento;formatacao
MS;ladario;ladario;Ladário;65;nenhuma;formatacao
MS;ladário;ladario;Ladário;19;acento;formatacao
MS;lagoa bonita;lagoa bonita;Lagoa Bonita;7;nenhuma;formatacao
MS;laguna carapa;laguna carapa;Laguna Carapã;16;nenhuma;formatacao
MS;laguna carapã;laguna carapa;Laguna Carapã;1;acento;formatacao
MS;maracaju;maracaju;Maracaju;153;nenhuma;formatacao
MS;miranda;miranda;Miranda;61;nenhuma;formatacao
MS;montese;montese;Montese;2;nenhuma;formatacao
MS;mundo novo;mundo novo;Mundo Novo;46;nenhuma;formatacao
MS;navirai;navirai;Naviraí;144;nenhuma;formatacao
MS;naviraí;navirai;Naviraí;44;acento;formatacao
MS;nioaque;nioaque;Nioaque;33;nenhuma;formatacao
MS;nova alvorada do sul;nova alvorada do sul;Nova Alvorada do Sul;70;nenhuma;formatacao
MS;nova andradina;nova andradina;Nova Andradina;190;nenhuma;formatacao
MS;nova casa verde;nova casa verde;Nova Casa Verde;4;nenhuma;formatacao
MS;novo horizonte do sul;novo horizonte do sul;Novo Horizonte do Sul;13;nenhuma;formatacao
MS;paranaiba;paranaiba;Paranaíba;118;nenhuma;formatacao
MS;paranaíba;paranaiba;Paranaíba;25;acento;formatacao
MS;paranhos;paranhos;Paranhos;23;nenhuma;formatacao
MS;paraiso das aguas;paraiso das aguas;Paraíso das Águas;17;nenhuma;formatacao
MS;paraíso das águas;paraiso das aguas;Paraíso das Águas;6;acento;formatacao
MS;pedro gomes;pedro gomes;Pedro Gomes;42;nenhuma;formatacao
MS;pirapora;pirapora;Pirapora;1;nenhuma;formatacao
MS;ponta pora;ponta pora;Ponta Porã;169;nenhuma;formatacao
MS;ponta porã;ponta pora;Ponta Porã;43;acento;formatacao
MS;pontinha do cocho;pontinha do cocho;Pontinha do Cocho;2;nenhuma;formatacao
MS;porto murtinho;porto murtinho;Porto Murtinho;33;nenhuma;formatacao
MS;prudencio thomaz;prudencio thomaz;Prudêncio Thomaz;2;nenhuma;formatacao
MS;prudêncio thomaz;prudencio thomaz;Prudêncio Thomaz;2;acento;formatacao
MS;ribas do rio pardo;ribas do rio pardo;Ribas do Rio Pardo;33;nenhuma;formatacao
MS;rio brilhante;rio brilhante;Rio Brilhante;108;nenhuma;formatacao
MS;rio negro;rio negro;Rio Negro;21;nenhuma;formatacao
MS;rio verde de mato grosso;rio verde de mato grosso;Rio Verde de Mato Grosso;83;nenhuma;formatacao
MS;rochedo;rochedo;Rochedo;24;nenhuma;formatacao
MS;sanga puita;sanga puita;Sanga Puita;3;nenhuma;formatacao
MS;santa rita do pardo;santa rita do pardo;Santa Rita do Pardo;21;nenhuma;formatacao
MS;sao jose;sao jose;Sao Jose;1;nenhuma;formatacao
MS;sao pedro;sao pedro;Sao Pedro;3;nenhuma;formatacao
MS;selviria;selviria;Selviria;12;nenhuma;formatacao
MS;sete quedas;sete quedas;Sete Quedas;39;nenhuma;formatacao
MS;sidrolandia;sidrolandia;Sidrolândia;96;nenhuma;formatacao
MS;sidrolândia;sidrolandia;Sidrolândia;17;acento;formatacao
MS;sonora;sonora;Sonora;65;nenhuma;formatacao
MS;sao gabriel do oeste;sao gabriel do oeste;São Gabriel do Oeste;170;nenhuma;formatacao
MS;são gabriel do oeste;sao gabriel do oeste;São Gabriel do Oeste;31;acento;formatacao
MS;tacuru;tacuru;Tacuru;15;nenhuma;formatacao
MS;taquarussu;taquarussu;Taquarussu;11;nenhuma;formatacao
MS;terenos;terenos;Terenos;21;nenhuma;formatacao
MS;tres lagoas;tres lagoas;Três Lagoas;456;nenhuma;formatacao
MS;três lagoas;tres lagoas;Três Lagoas;79;acento;formatacao
MS;vicentina;vicentina;Vicentina;26;nenhuma;formatacao
MS;vila marques;vila marques;Vila Marques;1;nenhuma;formatacao
MS;vila vargas;vila vargas;Vila Vargas;2;nenhuma;formatacao
MS;vista alegre;vista alegre;Vista Alegre;1;nenhuma;formatacao
MS;agua clara;agua clara;Água Clara;37;nenhuma;formatacao
MS;água clara;agua clara;Água Clara;10;acento;formatacao
MT;acorizal;acorizal;Acorizal;2;nenhuma;formatacao
MT;alta floresta;alta floresta;Alta Floresta;210;nenhuma;formatacao
MT;alto araguaia;alto araguaia;Alto Araguaia;84;nenhuma;formatacao
MT;alto boa vista;alto boa vista;Alto Boa Vista;35;nenhuma;formatacao
MT;alto garcas;alto garcas;Alto Garças;57;nenhuma;formatacao
MT;alto garças;alto garcas;Alto Garças;8;acento;formatacao
MT;alto paraguai;alto paraguai;Alto Paraguai;8;nenhuma;formatacao
MT;alto taquari;alto taquari;Alto Taquari;45;nenhuma;formatacao
MT;apiacas;apiacas;Apiacás;39;nenhuma;formatacao
MT;apiacás;apiacas;Apiacás;6;acento;formatacao
MT;araguaiana;araguaiana;Araguaiana;4;nenhuma;formatacao
MT;araguainha;araguainha;Araguainha;5;nenhuma;formatacao
MT;araputanga;araputanga;Araputanga;85;nenhuma;formatacao
MT;arenapolis;arenapolis;Arenápolis;31;nenhuma;formatacao
MT;arenápolis;arenapolis;Arenápolis;4;acento;formatacao
MT;aripuana;aripuana;Aripuanã;57;nenhuma;formatacao
MT;aripuanã;aripuana;Aripuanã;17;acento;formatacao
MT;barao de melgaco;barao de melgaco;Barao de Melgaco;1;nenhuma;formatacao
MT;barra do bugres;barra do bugres;Barra do Bugres;98;nenhuma;formatacao
MT;barra do garcas;barra do garcas;Barra do Garças;224;nenhuma;formatacao
MT;barra do garças;barra do garcas;Barra do Garças;73;acento;formatacao
MT;boa esperanca;boa esperanca;Boa Esperança;4;nenhuma;formatacao
MT;boa esperança;boa esperanca;Boa Esperança;1;acento;formatacao
MT;boa vista;boa vista;Boa Vista;1;nenhuma;formatacao
MT;bom jesus do araguaia;bom jesus do araguaia;Bom Jesus do Araguaia;14;nenhuma;formatacao
MT;brasnorte;brasnorte;Brasnorte;49;nenhuma;formatacao
MT;campinapolis;campinapolis;Campinápolis;30;nenhuma;formatacao
MT;campinápolis;campinapolis;Campinápolis;4;acento;formatacao
MT;campo novo do parecis;campo novo do parecis;Campo Novo do Parecis;204;nenhuma;formatacao
MT;campo verde;campo verde;Campo Verde;187;nenhuma;formatacao
MT;campos de julio;campos de julio;Campos de Júlio;35;nenhuma;formatacao
MT;campos de júlio;campos de julio;Campos de Júlio;4;acento;formatacao
MT;canabrava do norte;canabrava do norte;Canabrava do Norte;23;nenhuma;formatacao
MT;canarana;canarana;Canarana;145;nenhuma;formatacao
MT;cangas;cangas;Cangas;4;nenhuma;formatacao
MT;carlinda;carlinda;Carlinda;14;nenhuma;formatacao
MT;castanheira;castanheira;Castanheira;14;nenhuma;formatacao
MT;chapada dos guimaraes;chapada dos guimaraes;Chapada dos Guimarães;46;nenhuma;formatacao
MT;chapada dos guimarães;chapada dos guimaraes;Chapada dos Guimarães;15;acento;formatacao
MT;claudia;claudia;Cláudia;38;nenhuma;formatacao
MT;cláudia;claudia;Cláudia;8;acento;formatacao
MT;cocalinho;cocalinho;Cocalinho;19;nenhuma;formatacao
MT;colniza;colniza;Colniza;85;nenhuma;formatacao
MT;colorado do norte;colorado do norte;Colorado do Norte;1;nenhuma;formatacao
MT;colider;colider;Colíder;84;nenhuma;formatacao
MT;colíder;colider;Colíder;16;acento;formatacao
MT;comodoro;comodoro;Comodoro;82;nenhuma;formatacao
MT;confresa;confresa;Confresa;109;nenhuma;formatacao
MT;conquista d'oeste;conquista d oeste;Conquista D'oeste;20;nenhuma;formatacao
MT;cotriguacu;cotriguacu;Cotriguaçu;36;nenhuma;formatacao
MT;cotriguaçu;cotriguacu;Cotriguaçu;8;acento;formatacao
MT;cuiaba;cuiaba;Cuiabá;2392;nenhuma;formatacao
MT;cuiabá;cuiaba;Cuiabá;406;acento;formatacao
MT;curvelandia;curvelandia;Curvelândia;19;nenhuma;formatacao
MT;curvelândia;curvelandia;Curvelândia;2;acento;formatacao
MT;caceres;caceres;Cáceres;272;nenhuma;formatacao
MT;cáceres;caceres;Cáceres;53;acento;formatacao
MT;denise;denise;Denise;24;nenhuma;formatacao
MT;diamantino;diamantino;Diamantino;56;nenhuma;formatacao
MT;dom aquino;dom aquino;Dom Aquino;30;nenhuma;formatacao
MT;feliz natal;feliz natal;Feliz Natal;36;nenhuma;formatacao
MT;figueiropolis d'oeste;figueiropolis d oeste;Figueirópolis D'oeste;27;nenhuma;formatacao
MT;figueirópolis d'oeste;figueiropolis d oeste;Figueirópolis D'oeste;4;acento;formatacao
MT;figueiropolis d oeste;figueiropolis d oeste;Figueirópolis D'oeste;2;nenhuma;formatacao
MT;figueiropolis doeste;figueiropolis doeste;Figueirópolis Doeste;2;nenhuma;formatacao
MT;figueirópolis doeste;figueiropolis doeste;Figueirópolis Doeste;1;acento;formatacao
MT;gaucha do norte;gaucha do norte;Gaúcha do Norte;47;nenhuma;formatacao
MT;gaúcha do norte;gaucha do norte;Gaúcha do Norte;9;acento;formatacao
MT;general carneiro;general carneiro;General Carneiro;7;nenhuma;formatacao
MT;gloria d'oeste;gloria d oeste;Gloria D'oeste;4;nenhuma;formatacao
MT;guaranta do norte;guaranta do norte;Guarantã do Norte;109;nenhuma;formatacao
MT;guarantã do norte;guaranta do norte;Guarantã do Norte;19;acento;formatacao
MT;guiratinga;guiratinga;Guiratinga;30;nenhuma;formatacao
MT;indiavai;indiavai;Indiavai;4;nenhuma;formatacao
MT;ipiranga do norte;ipiranga do norte;Ipiranga do Norte;28;nenhuma;formatacao
MT;itamarati norte;itamarati norte;Itamarati Norte;1;nenhuma;formatacao
MT;itanhanga;itanhanga;Itanhangá;12;nenhuma;formatacao
MT;itanhangá;itanhanga;Itanhangá;5;acento;formatacao
MT;itauba;itauba;Itaúba;24;nenhuma;formatacao
MT;itaúba;itauba;Itaúba;1;acento;formatacao
MT;itiquira;itiquira;Itiquira;11;nenhuma;formatacao
MT;jaciara;jaciara;Jaciara;104;nenhuma;formatacao
MT;jangada;jangada;Jangada;11;nenhuma;formatacao
MT;jauru;jauru;Jauru;48;nenhuma;formatacao
MT;juara;juara;Juara;142;nenhuma;formatacao
MT;juruena;juruena;Juruena;31;nenhuma;formatacao
MT;juscimeira;juscimeira;Juscimeira;22;nenhuma;formatacao
MT;juina;juina;Juína;149;nenhuma;formatacao
MT;juína;juina;Juína;24;acento;formatacao
MT;lambari d%26apos%3boeste;lambari d%26apos%3boeste;Lambari D%26apos%3boeste;1;nenhuma;formatacao
MT;lambari d'oeste;lambari d oeste;Lambari D'oeste;18;nenhuma;formatacao
MT;lambari doeste;lambari doeste;Lambari Doeste;1;nenhuma;formatacao
MT;lucas do rio verde;lucas do rio verde;Lucas do Rio Verde;333;nenhuma;formatacao
MT;luciara;luciara;Luciara;6;nenhuma;formatacao
MT;marcelandia;marcelandia;Marcelândia;25;nenhuma;formatacao
MT;marcelândia;marcelandia;Marcelândia;5;acento;formatacao
MT;matupa;matupa;Matupá;59;nenhuma;formatacao
MT;matupá;matupa;Matupá;7;acento;formatacao
MT;mirassol d'oeste;mirassol d oeste;Mirassol D'oeste;111;nenhuma;formatacao
MT;mirassol d oeste;mirassol d oeste;Mirassol D'oeste;5;nenhuma;formatacao
MT;mirassol doeste;mirassol doeste;Mirassol Doeste;4;nenhuma;formatacao
MT;nobres;nobres;Nobres;31;nenhuma;formatacao
MT;nortelandia;nortelandia;Nortelândia;18;nenhuma;formatacao
MT;nortelândia;nortelandia;Nortelândia;2;acento;formatacao
MT;nossa senhora da guia;nossa senhora da guia;Nossa Senhora da Guia;1;nenhuma;formatacao
MT;nossa senhora do livramento;nossa senhora do livramento;Nossa Senhora do Livramento;6;nenhuma;formatacao
MT;nova bandeirantes;nova bandeirantes;Nova Bandeirantes;27;nenhuma;formatacao
MT;nova brasilandia;nova brasilandia;Nova Brasilandia;7;nenhuma;formatacao
MT;nova canaa do norte;nova canaa do norte;Nova Canaã do Norte;41;nenhuma;formatacao
MT;nova canaã do norte;nova canaa do norte;Nova Canaã do Norte;11;acento;formatacao
MT;nova guarita;nova guarita;Nova Guarita;24;nenhuma;formatacao
MT;nova lacerda;nova lacerda;Nova Lacerda;12;nenhuma;formatacao
MT;nova marilandia;nova marilandia;Nova Marilândia;4;nenhuma;formatacao
MT;nova marilândia;nova marilandia;Nova Marilândia;2;acento;formatacao
MT;nova maringa;nova maringa;Nova Maringá;11;nenhuma;formatacao
MT;nova maringá;nova maringa;Nova Maringá;2;acento;formatacao
MT;nova monte verde;nova monte verde;Nova Monte Verde;33;nenhuma;formatacao
MT;nova mutum;nova mutum;Nova Mutum;192;nenhuma;formatacao
MT;nova nazaré;nova nazare;Nova Nazaré;2;acento;formatacao
MT;nova olimpia;nova olimpia;Nova Olímpia;38;nenhuma;formatacao
MT;nova olímpia;nova olimpia;Nova Olímpia;9;acento;formatacao
MT;nova santa helena;nova santa helena;Nova Santa Helena;8;nenhuma;formatacao
MT;nova ubirata;nova ubirata;Nova Ubiratã;8;nenhuma;formatacao
MT;nova ubiratã;nova ubirata;Nova Ubiratã;4;acento;formatacao
MT;nova xavantina;nova xavantina;Nova Xavantina;129;nenhuma;formatacao
MT;novo diamantino;novo diamantino;Novo Diamantino;5;nenhuma;formatacao
MT;novo horizonte do norte;novo horizonte do norte;Novo Horizonte do Norte;11;nenhuma;formatacao
MT;novo mundo;novo mundo;Novo Mundo;16;nenhuma;formatacao
MT;novo santo antonio;novo santo antonio;Novo Santo Antonio;8;nenhuma;formatacao
MT;novo sao joaquim;novo sao joaquim;Novo São Joaquim;21;nenhuma;formatacao
MT;novo são joaquim;novo sao joaquim;Novo São Joaquim;1;acento;formatacao
MT;paranatinga;paranatinga;Paranatinga;69;nenhuma;formatacao
MT;paranaita;paranaita;Paranaíta;33;nenhuma;formatacao
MT;paranaíta;paranaita;Paranaíta;4;acento;formatacao
MT;pedra preta;pedra preta;Pedra Preta;43;nenhuma;formatacao
MT;peixoto de azevedo;peixoto de azevedo;Peixoto de Azevedo;85;nenhuma;formatacao
MT;planalto da serra;planalto da serra;Planalto da Serra;7;nenhuma;formatacao
MT;pocone;pocone;Poconé;21;nenhuma;formatacao
MT;poconé;pocone;Poconé;10;acento;formatacao
MT;pontal do araguaia;pontal do araguaia;Pontal do Araguaia;8;nenhuma;formatacao
MT;ponte branca;ponte branca;Ponte Branca;12;nenhuma;formatacao
MT;pontes e lacerda;pontes e lacerda;Pontes e Lacerda;195;nenhuma;formatacao
MT;porto alegre do norte;porto alegre do norte;Porto Alegre do Norte;63;nenhuma;formatacao
MT;porto esperidiao;porto esperidiao;Porto Esperidião;27;nenhuma;formatacao
MT;porto esperidião;porto esperidiao;Porto Esperidião;4;acento;formatacao
MT;porto estrela;porto estrela;Porto Estrela;10;nenhuma;formatacao
MT;porto dos gauchos;porto dos gauchos;Porto dos Gaúchos;24;nenhuma;formatacao
MT;porto dos gaúchos;porto dos gauchos;Porto dos Gaúchos;3;acento;formatacao
MT;poxoreu;poxoreu;Poxoréu;30;nenhuma;formatacao
MT;poxoréu;poxoreu;Poxoréu;13;acento;formatacao
MT;primavera do leste;primavera do leste;Primavera do Leste;474;nenhuma;formatacao
MT;querencia;querencia;Querência;87;nenhuma;formatacao
MT;querência;querencia;Querência;15;acento;formatacao
MT;reserva do cabacal;reserva do cabacal;Reserva do Cabacal;15;nenhuma;formatacao
MT;ribeirao cascalheira;ribeirao cascalheira;Ribeirão Cascalheira;18;nenhuma;formatacao
MT;ribeirão cascalheira;ribeirao cascalheira;Ribeirão Cascalheira;8;acento;formatacao
MT;ribeiraozinho;ribeiraozinho;Ribeirãozinho;15;nenhuma;formatacao
MT;ribeirãozinho;ribeiraozinho;Ribeirãozinho;2;acento;formatacao
MT;rio branco;rio branco;Rio Branco;36;nenhuma;formatacao
MT;rondolandia;rondolandia;Rondolandia;3;nenhuma;formatacao
MT;rondonopolis;rondonopolis;Rondonópolis;681;nenhuma;formatacao
MT;rondonópolis;rondonopolis;Rondonópolis;134;acento;formatacao
MT;rosario oeste;rosario oeste;Rosário Oeste;9;nenhuma;formatacao
MT;rosário oeste;rosario oeste;Rosário Oeste;3;acento;formatacao
MT;salto do ceu;salto do ceu;Salto do Céu;20;nenhuma;formatacao
MT;salto do céu;salto do ceu;Salto do Céu;5;acento;formatacao
MT;santa carmem;santa carmem;Santa Carmem;28;nenhuma;formatacao
MT;santa cruz do xingu;santa cruz do xingu;Santa Cruz do Xingu;22;nenhuma;formatacao
MT;santa elvira;santa elvira;Santa Elvira;1;nenhuma;formatacao
MT;santa rita do trivelato;santa rita do trivelato;Santa Rita do Trivelato;12;nenhuma;formatacao
MT;santa terezinha;santa terezinha;Santa Terezinha;16;nenhuma;formatacao
MT;santo afonso;santo afonso;Santo Afonso;8;nenhuma;formatacao
MT;santo antonio do leste;santo antonio do leste;Santo Antônio do Leste;9;nenhuma;formatacao
MT;santo antônio do leste;santo antonio do leste;Santo Antônio do Leste;3;acento;formatacao
MT;santo antonio do leverger;santo antonio do leverger;Santo Antônio do Leverger;13;nenhuma;formatacao
MT;santo antônio do leverger;santo antonio do leverger;Santo Antônio do Leverger;2;acento;formatacao
MT;sao pedro da cipa;sao pedro da cipa;Sao Pedro da Cipa;8;nenhuma;formatacao
MT;sapezal;sapezal;Sapezal;103;nenhuma;formatacao
MT;serra nova dourada;serra nova dourada;Serra Nova Dourada;6;nenhuma;formatacao
MT;sinop;sinop;Sinop;679;nenhuma;formatacao
MT;sonho azul;sonho azul;Sonho Azul;1;nenhuma;formatacao
MT;sorriso;sorriso;Sorriso;495;nenhuma;formatacao
MT;sao felix do araguaia;sao felix do araguaia;São Félix do Araguaia;45;nenhuma;formatacao
MT;são félix do araguaia;sao felix do araguaia;São Félix do Araguaia;14;acento;formatacao
MT;são josé do povo;sao jose do povo;São José do Povo;1;acento;formatacao
MT;sao jose do povo;sao jose do povo;São José do Povo;1;nenhuma;formatacao
MT;sao jose do rio claro;sao jose do rio claro;São José do Rio Claro;47;nenhuma;formatacao
MT;são josé do rio claro;sao jose do rio claro;São José do Rio Claro;17;acento;formatacao
MT;sao jose do xingu;sao jose do xingu;São José do Xingu;25;nenhuma;formatacao
MT;são josé do xingu;sao jose do xingu;São José do Xingu;1;acento;formatacao
MT;sao jose dos quatro marcos;sao jose dos quatro marcos;São José dos Quatro Marcos;63;nenhuma;formatacao
MT;são josé dos quatro marcos;sao jose dos quatro marcos;São José dos Quatro Marcos;17;acento;formatacao
MT;tabapora;tabapora;Tabaporã;14;nenhuma;formatacao
MT;tabaporã;tabapora;Tabaporã;4;acento;formatacao
MT;tangara da serra;tangara da serra;Tangará da Serra;269;nenhuma;formatacao
MT;tangará da serra;tangara da serra;Tangará da Serra;65;acento;formatacao
MT;tapurah;tapurah;Tapurah;62;nenhuma;formatacao
MT;terra nova do norte;terra nova do norte;Terra Nova do Norte;29;nenhuma;formatacao
MT;tesouro;tesouro;Tesouro;7;nenhuma;formatacao
MT;torixoreu;torixoreu;Torixoreu;7;nenhuma;formatacao
MT;uniao do sul;uniao do sul;União do Sul;18;nenhuma;formatacao
MT;união do sul;uniao do sul;União do Sul;1;acento;formatacao
MT;vale de sao domingos;vale de sao domingos;Vale de São Domingos;5;nenhuma;formatacao
MT;vale de são domingos;vale de sao domingos;Vale de São Domingos;2;acento;formatacao
MT;vera;vera;Vera;45;nenhuma;formatacao
MT;vila bela da santssima trindade;vila bela da santssima trindade;Vila Bela da Santssima Trindade;1;nenhuma;formatacao
MT;vila bela da santissima trindade;vila bela da santissima trindade;Vila Bela da Santíssima Trindade;20;nenhuma;formatacao
MT;vila bela da santíssima trindade;vila bela da santissima trindade;Vila Bela da Santíssima Trindade;3;acento;formatacao
MT;vila rica;vila rica;Vila Rica;95;nenhuma;formatacao
MT;varzea grande;varzea grande;Várzea Grande;409;nenhuma;formatacao
MT;várzea grande;varzea grande;Várzea Grande;72;acento;formatacao
MT;agua boa;agua boa;Água Boa;153;nenhuma;formatacao
MT;água boa;agua boa;Água Boa;18;acento;formatacao
PA;abaetetuba;abaetetuba;Abaetetuba;171;nenhuma;formatacao
PA;abel figueiredo;abel figueiredo;Abel Figueiredo;16;nenhuma;formatacao
PA;acará;acara;Acará;5;acento;formatacao
PA;acara;acara;Acará;3;nenhuma;formatacao
PA;afuá;afua;Afuá;2;acento;formatacao
PA;afua;afua;Afuá;1;nenhuma;formatacao
PA;agua azul do norte;agua azul do norte;Agua Azul do Norte;9;nenhuma;formatacao
PA;alenquer;alenquer;Alenquer;21;nenhuma;formatacao
PA;almeirim;almeirim;Almeirim;15;nenhuma;formatacao
PA;altamira;altamira;Altamira;276;nenhuma;formatacao
PA;americano;americano;Americano;2;nenhuma;formatacao
PA;anajas;anajas;Anajás;9;nenhuma;formatacao
PA;anajás;anajas;Anajás;3;acento;formatacao
PA;ananindeua;ananindeua;Ananindeua;678;nenhuma;formatacao
PA;anapu;anapu;Anapu;47;nenhuma;formatacao
PA;apeu;apeu;Apeu;1;nenhuma;formatacao
PA;augusto correa;augusto correa;Augusto Corrêa;18;nenhuma;formatacao
PA;augusto corrêa;augusto correa;Augusto Corrêa;8;acento;formatacao
PA;aurora do para;aurora do para;Aurora do Para;11;nenhuma;formatacao
PA;bagre;bagre;Bagre;7;nenhuma;formatacao
PA;baiao;baiao;Baião;4;nenhuma;formatacao
PA;baião;baiao;Baião;2;acento;formatacao
PA;bannach;bannach;Bannach;3;nenhuma;formatacao
PA;barcarena;barcarena;Barcarena;55;nenhuma;formatacao
PA;belterra;belterra;Belterra;8;nenhuma;formatacao
PA;belem;belem;Belém;4209;nenhuma;formatacao
PA;belém;belem;Belém;435;acento;formatacao
PA;benevides;benevides;Benevides;33;nenhuma;formatacao
PA;benfica;benfica;Benfica;2;nenhuma;formatacao
PA;bom jesus do tocantins;bom jesus do tocantins;Bom Jesus do Tocantins;23;nenhuma;formatacao
PA;bonito;bonito;Bonito;11;nenhuma;formatacao
PA;braganca;braganca;Bragança;141;nenhuma;formatacao
PA;bragança;braganca;Bragança;11;acento;formatacao
PA;brasil novo;brasil novo;Brasil Novo;34;nenhuma;formatacao
PA;brejo grande do araguaia;brejo grande do araguaia;Brejo Grande do Araguaia;7;nenhuma;formatacao
PA;breu branco;breu branco;Breu Branco;36;nenhuma;formatacao
PA;breves;breves;Breves;95;nenhuma;formatacao
PA;bujaru;bujaru;Bujaru;9;nenhuma;formatacao
PA;cachoeira de piria;cachoeira de piria;Cachoeira de Piria;1;nenhuma;formatacao
PA;cachoeira do arari;cachoeira do arari;Cachoeira do Arari;2;nenhuma;formatacao
PA;cachoeira do piriá;cachoeira do piria;Cachoeira do Piriá;2;acento;formatacao
PA;cachoeira do piria;cachoeira do piria;Cachoeira do Piriá;2;nenhuma;formatacao
PA;cameta;cameta;Cametá;89;nenhuma;formatacao
PA;cametá;cameta;Cametá;15;acento;formatacao
PA;canaa dos carajas;canaa dos carajas;Canaã dos Carajás;98;nenhuma;formatacao
PA;canaã dos carajás;canaa dos carajas;Canaã dos Carajás;25;acento;formatacao
PA;capanema;capanema;Capanema;105;nenhuma;formatacao
PA;capitao poco;capitao poco;Capitão Poço;39;nenhuma;formatacao
PA;capitão poço;capitao poco;Capitão Poço;8;acento;formatacao
PA;carajas;carajas;Carajas;5;nenhuma;formatacao
PA;castanhal;castanhal;Castanhal;342;nenhuma;formatacao
PA;castelo dos sonhos;castelo dos sonhos;Castelo dos Sonhos;2;nenhuma;formatacao
PA;colares;colares;Colares;6;nenhuma;formatacao
PA;conceicao do araguaia;conceicao do araguaia;Conceição do Araguaia;100;nenhuma;formatacao
PA;conceição do araguaia;conceicao do araguaia;Conceição do Araguaia;17;acento;formatacao
PA;concordia do para;concordia do para;Concórdia do Pará;26;nenhuma;formatacao
PA;concórdia do pará;concordia do para;Concórdia do Pará;5;acento;formatacao
PA;cumaru do norte;cumaru do norte;Cumaru do Norte;6;nenhuma;formatacao
PA;curionopolis;curionopolis;Curionópolis;17;nenhuma;formatacao
PA;curionópolis;curionopolis;Curionópolis;6;acento;formatacao
PA;curralinho;curralinho;Curralinho;15;nenhuma;formatacao
PA;curua;curua;Curua;2;nenhuma;formatacao
PA;curuca;curuca;Curuçá;15;nenhuma;formatacao
PA;curuçá;curuca;Curuçá;2;acento;formatacao
PA;dom eliseu;dom eliseu;Dom Eliseu;59;nenhuma;formatacao
PA;eldorado dos carajas;eldorado dos carajas;Eldorado dos Carajás;21;nenhuma;formatacao
PA;eldorado dos carajás;eldorado dos carajas;Eldorado dos Carajás;5;acento;formatacao
PA;faro;faro;Faro;2;nenhuma;formatacao
PA;floresta do araguaia;floresta do araguaia;Floresta do Araguaia;20;nenhuma;formatacao
PA;garrafao do norte;garrafao do norte;Garrafão do Norte;25;nenhuma;formatacao
PA;garrafão do norte;garrafao do norte;Garrafão do Norte;5;acento;formatacao
PA;goianesia do para;goianesia do para;Goianésia do Pará;38;nenhuma;formatacao
PA;goianésia do pará;goianesia do para;Goianésia do Pará;4;acento;formatacao
PA;gurupa;gurupa;Gurupá;7;nenhuma;formatacao
PA;gurupá;gurupa;Gurupá;5;acento;formatacao
PA;hidreletrica tucurui;hidreletrica tucurui;Hidrelétrica Tucuruí;8;nenhuma;formatacao
PA;hidrelétrica tucuruí;hidreletrica tucurui;Hidrelétrica Tucuruí;3;acento;formatacao
PA;igarape-acu;igarape acu;Igarapé-açu;21;sufixo-uf;formatacao
PA;igarapé-açu;igarape acu;Igarapé-açu;1;sufixo-uf|acento;formatacao
PA;igarape-miri;igarape miri;Igarapé-miri;35;sufixo-uf;formatacao
PA;igarapé-miri;igarape miri;Igarapé-miri;3;sufixo-uf|acento;formatacao
PA;ipixuna do para;ipixuna do para;Ipixuna do Pará;24;nenhuma;formatacao
PA;ipixuna do pará;ipixuna do para;Ipixuna do Pará;5;acento;formatacao
PA;irituia;irituia;Irituia;6;nenhuma;formatacao
PA;itaituba;itaituba;Itaituba;143;nenhuma;formatacao
PA;itupiranga;itupiranga;Itupiranga;25;nenhuma;formatacao
PA;jacareacanga;jacareacanga;Jacareacanga;13;nenhuma;formatacao
PA;jacunda;jacunda;Jacundá;63;nenhuma;formatacao
PA;jacundá;jacunda;Jacundá;8;acento;formatacao
PA;juruti;juruti;Juruti;36;nenhuma;formatacao
PA;limoeiro do ajuru;limoeiro do ajuru;Limoeiro do Ajuru;6;nenhuma;formatacao
PA;magalhaes barata;magalhaes barata;Magalhaes Barata;1;nenhuma;formatacao
PA;maiauata;maiauata;Maiauata;1;nenhuma;formatacao
PA;maraba;maraba;Marabá;204;nenhuma;formatacao
PA;marabá;maraba;Marabá;30;acento;formatacao
PA;maracana;maracana;Maracanã;7;nenhuma;formatacao
PA;maracanã;maracana;Maracanã;1;acento;formatacao
PA;marapanim;marapanim;Marapanim;6;nenhuma;formatacao
PA;marechal candido rondon;marechal candido rondon;Marechal Candido Rondon;1;nenhuma;formatacao
PA;marituba;marituba;Marituba;97;nenhuma;formatacao
PA;medicilandia;medicilandia;Medicilândia;27;nenhuma;formatacao
PA;medicilândia;medicilandia;Medicilândia;5;acento;formatacao
PA;melgaco;melgaco;Melgaço;5;nenhuma;formatacao
PA;melgaço;melgaco;Melgaço;2;acento;formatacao
PA;mocajuba;mocajuba;Mocajuba;24;nenhuma;formatacao
PA;moju;moju;Moju;49;nenhuma;formatacao
PA;mojui dos campos;mojui dos campos;Mojuí dos Campos;9;nenhuma;formatacao
PA;mojuí dos campos;mojui dos campos;Mojuí dos Campos;6;acento;formatacao
PA;monte alegre;monte alegre;Monte Alegre;50;nenhuma;formatacao
PA;morada nova;morada nova;Morada Nova;1;nenhuma;formatacao
PA;muana;muana;Muaná;8;nenhuma;formatacao
PA;muaná;muana;Muaná;5;acento;formatacao
PA;mujui dos campos;mujui dos campos;Mujui dos Campos;1;nenhuma;formatacao
PA;murucupi;murucupi;Murucupi;11;nenhuma;formatacao
PA;mae do rio;mae do rio;Mãe do Rio;33;nenhuma;formatacao
PA;mãe do rio;mae do rio;Mãe do Rio;7;acento;formatacao
PA;nova esperanca do piria;nova esperanca do piria;Nova Esperança do Piriá;20;nenhuma;formatacao
PA;nova esperança do piriá;nova esperanca do piria;Nova Esperança do Piriá;3;acento;formatacao
PA;nova ipixuna;nova ipixuna;Nova Ipixuna;14;nenhuma;formatacao
PA;nova timboteua;nova timboteua;Nova Timboteua;7;nenhuma;formatacao
PA;novo progresso;novo progresso;Novo Progresso;70;nenhuma;formatacao
PA;novo repartimento;novo repartimento;Novo Repartimento;42;nenhuma;formatacao
PA;oeiras do para;oeiras do para;Oeiras do Pará;17;nenhuma;formatacao
PA;oeiras do pará;oeiras do para;Oeiras do Pará;4;acento;formatacao
PA;oriximina;oriximina;Oriximiná;53;nenhuma;formatacao
PA;oriximiná;oriximina;Oriximiná;17;acento;formatacao
PA;ourilandia do norte;ourilandia do norte;Ourilândia do Norte;66;nenhuma;formatacao
PA;ourilândia do norte;ourilandia do norte;Ourilândia do Norte;9;acento;formatacao
PA;ourem;ourem;Ourém;10;nenhuma;formatacao
PA;ourém;ourem;Ourém;2;acento;formatacao
PA;pacaja;pacaja;Pacajá;64;nenhuma;formatacao
PA;pacajá;pacaja;Pacajá;15;acento;formatacao
PA;palestina do para;palestina do para;Palestina do Pará;2;nenhuma;formatacao
PA;palestina do pará;palestina do para;Palestina do Pará;1;acento;formatacao
PA;paragominas;paragominas;Paragominas;211;nenhuma;formatacao
PA;parauapebas;parauapebas;Parauapebas;388;nenhuma;formatacao
PA;pau d'arco;pau d arco;Pau D'arco;5;nenhuma;formatacao
PA;pau d  arco;pau d arco;Pau D'arco;1;espacos;formatacao
PA;peixe-boi;peixe boi;Peixe-boi;3;sufixo-uf;formatacao
PA;picarra;picarra;Piçarra;10;nenhuma;formatacao
PA;piçarra;picarra;Piçarra;3;acento;formatacao
PA;placas;placas;Placas;26;nenhuma;formatacao
PA;ponta de pedras;ponta de pedras;Ponta de Pedras;9;nenhuma;formatacao
PA;portel;portel;Portel;19;nenhuma;formatacao
PA;porto trombetas;porto trombetas;Porto Trombetas;10;nenhuma;formatacao
PA;porto de moz;porto de moz;Porto de Moz;29;nenhuma;formatacao
PA;prainha;prainha;Prainha;5;nenhuma;formatacao
PA;primavera;primavera;Primavera;4;nenhuma;formatacao
PA;quatipuru;quatipuru;Quatipuru;4;nenhuma;formatacao
PA;quatro bocas;quatro bocas;Quatro Bocas;11;nenhuma;formatacao
PA;redencao;redencao;Redenção;186;nenhuma;formatacao
PA;redenção;redencao;Redenção;15;acento;formatacao
PA;rio maria;rio maria;Rio Maria;49;nenhuma;formatacao
PA;rondon do para;rondon do para;Rondon do Pará;84;nenhuma;formatacao
PA;rondon do pará;rondon do para;Rondon do Pará;7;acento;formatacao
PA;ruropolis;ruropolis;Rurópolis;20;nenhuma;formatacao
PA;rurópolis;ruropolis;Rurópolis;5;acento;formatacao
PA;salinopolis;salinopolis;Salinópolis;16;nenhuma;formatacao
PA;salinópolis;salinopolis;Salinópolis;4;acento;formatacao
PA;salvaterra;salvaterra;Salvaterra;3;nenhuma;formatacao
PA;santa barbara do para;santa barbara do para;Santa Barbara do Para;5;nenhuma;formatacao
PA;santa cruz do arari;santa cruz do arari;Santa Cruz do Arari;4;nenhuma;formatacao
PA;santa isabel do para;santa isabel do para;Santa Isabel do Pará;60;nenhuma;formatacao
PA;santa isabel do pará;santa isabel do para;Santa Isabel do Pará;7;acento;formatacao
PA;santa luzia do para;santa luzia do para;Santa Luzia do Para;9;nenhuma;formatacao
PA;santa maria das barreiras;santa maria das barreiras;Santa Maria das Barreiras;2;nenhuma;formatacao
PA;santa maria do para;santa maria do para;Santa Maria do Pará;21;nenhuma;formatacao
PA;santa maria do pará;santa maria do para;Santa Maria do Pará;4;acento;formatacao
PA;santana do araguaia;santana do araguaia;Santana do Araguaia;53;nenhuma;formatacao
PA;santarem novo;santarem novo;Santarem Novo;1;nenhuma;formatacao
PA;santarem;santarem;Santarém;545;nenhuma;formatacao
PA;santarém;santarem;Santarém;72;acento;formatacao
PA;santo antonio do taua;santo antonio do taua;Santo Antônio do Tauá;9;nenhuma;formatacao
PA;santo antônio do tauá;santo antonio do taua;Santo Antônio do Tauá;3;acento;formatacao
PA;sapucaia;sapucaia;Sapucaia;5;nenhuma;formatacao
PA;senador jose porfirio;senador jose porfirio;Senador Jose Porfirio;18;nenhuma;formatacao
PA;soure;soure;Soure;5;nenhuma;formatacao
PA;sao domingos do araguaia;sao domingos do araguaia;São Domingos do Araguaia;22;nenhuma;formatacao
PA;são domingos do araguaia;sao domingos do araguaia;São Domingos do Araguaia;1;acento;formatacao
PA;sao domingos do capim;sao domingos do capim;São Domingos do Capim;8;nenhuma;formatacao
PA;são domingos do capim;sao domingos do capim;São Domingos do Capim;1;acento;formatacao
PA;sao francisco do para;sao francisco do para;São Francisco do Pará;4;nenhuma;formatacao
PA;são francisco do pará;sao francisco do para;São Francisco do Pará;1;acento;formatacao
PA;sao felix do xingu;sao felix do xingu;São Félix do Xingu;93;nenhuma;formatacao
PA;são félix do xingu;sao felix do xingu;São Félix do Xingu;10;acento;formatacao
PA;sao geraldo do araguaia;sao geraldo do araguaia;São Geraldo do Araguaia;15;nenhuma;formatacao
PA;são geraldo do araguaia;sao geraldo do araguaia;São Geraldo do Araguaia;3;acento;formatacao
PA;sao joao de pirabas;sao joao de pirabas;São João de Pirabas;8;nenhuma;formatacao
PA;são joão de pirabas;sao joao de pirabas;São João de Pirabas;1;acento;formatacao
PA;sao miguel do guama;sao miguel do guama;São Miguel do Guamá;37;nenhuma;formatacao
PA;são miguel do guamá;sao miguel do guama;São Miguel do Guamá;7;acento;formatacao
PA;sao sebastiao da boa vista;sao sebastiao da boa vista;São Sebastião da Boa Vista;14;nenhuma;formatacao
PA;são sebastião da boa vista;sao sebastiao da boa vista;São Sebastião da Boa Vista;8;acento;formatacao
PA;tailandia;tailandia;Tailândia;53;nenhuma;formatacao
PA;tailândia;tailandia;Tailândia;16;acento;formatacao
PA;taliandia;taliandia;Taliandia;1;nenhuma;formatacao
PA;terra alta;terra alta;Terra Alta;1;nenhuma;formatacao
PA;terra santa;terra santa;Terra Santa;12;nenhuma;formatacao
PA;tome-acu;tome acu;Tomé-açú;12;sufixo-uf;formatacao
PA;tomé-açú;tome acu;Tomé-açú;2;sufixo-uf|acento;formatacao
PA;tomé-açu;tome acu;Tomé-açú;1;sufixo-uf|acento;formatacao
PA;tracuateua;tracuateua;Tracuateua;5;nenhuma;formatacao
PA;trairao;trairao;Trairão;18;nenhuma;formatacao
PA;trairão;trairao;Trairão;4;acento;formatacao
PA;trairâo;trairao;Trairão;1;acento;formatacao
PA;tucuma;tucuma;Tucumã;59;nenhuma;formatacao
PA;tucumã;tucuma;Tucumã;13;acento;formatacao
PA;tucurui;tucurui;Tucuruí;157;nenhuma;formatacao
PA;tucuruí;tucurui;Tucuruí;28;acento;formatacao
PA;ulianopolis;ulianopolis;Ulianópolis;31;nenhuma;formatacao
PA;ulianópolis;ulianopolis;Ulianópolis;2;acento;formatacao
PA;uruara;uruara;Uruará;49;nenhuma;formatacao
PA;uruará;uruara;Uruará;4;acento;formatacao
PA;vigia;vigia;Vigia;33;nenhuma;formatacao
PA;vila dos cabanos;vila dos cabanos;Vila dos Cabanos;6;nenhuma;formatacao
PA;viseu;viseu;Viseu;20;nenhuma;formatacao
PA;vitória do xingu;vitoria do xingu;Vitória do Xingu;3;acento;formatacao
PA;vitoria do xingu;vitoria do xingu;Vitória do Xingu;2;nenhuma;formatacao
PA;xinguara;xinguara;Xinguara;110;nenhuma;formatacao
PA;obidos;obidos;Óbidos;21;nenhuma;formatacao
PA;óbidos;obidos;Óbidos;11;acento;formatacao
PB;aguiar;aguiar;Aguiar;8;nenhuma;formatacao
PB;alagoa grande;alagoa grande;Alagoa Grande;18;nenhuma;formatacao
PB;alagoa nova;alagoa nova;Alagoa Nova;9;nenhuma;formatacao
PB;alagoinha;alagoinha;Alagoinha;8;nenhuma;formatacao
PB;alcantil;alcantil;Alcantil;1;nenhuma;formatacao
PB;algodão de jandaíra;algodao de jandaira;Algodão de Jandaíra;1;acento;formatacao
PB;alhandra;alhandra;Alhandra;8;nenhuma;formatacao
PB;amparo;amparo;Amparo;2;nenhuma;formatacao
PB;aparecida;aparecida;Aparecida;5;nenhuma;formatacao
PB;arara;arara;Arara;9;nenhuma;formatacao
PB;araruna;araruna;Araruna;9;nenhuma;formatacao
PB;aracagi;aracagi;Araçagi;7;nenhuma;formatacao
PB;araçagi;aracagi;Araçagi;1;acento;formatacao
PB;areia;areia;Areia;23;nenhuma;formatacao
PB;areia de baraunas;areia de baraunas;Areia de Baraunas;1;nenhuma;formatacao
PB;areial;areial;Areial;10;nenhuma;formatacao
PB;aroeiras;aroeiras;Aroeiras;12;nenhuma;formatacao
PB;assuncao;assuncao;Assuncao;3;nenhuma;formatacao
PB;bananeiras;bananeiras;Bananeiras;21;nenhuma;formatacao
PB;barauna;barauna;Barauna;1;nenhuma;formatacao
PB;barra de santa rosa;barra de santa rosa;Barra de Santa Rosa;14;nenhuma;formatacao
PB;barra de santana;barra de santana;Barra de Santana;2;nenhuma;formatacao
PB;barra de sao miguel;barra de sao miguel;Barra de Sao Miguel;3;nenhuma;formatacao
PB;bayeux;bayeux;Bayeux;91;nenhuma;formatacao
PB;belem do brejo do cruz;belem do brejo do cruz;Belem do Brejo do Cruz;3;nenhuma;formatacao
PB;belem;belem;Belém;21;nenhuma;formatacao
PB;belém;belem;Belém;1;acento;formatacao
PB;bernardino batista;bernardino batista;Bernardino Batista;4;nenhuma;formatacao
PB;boa ventura;boa ventura;Boa Ventura;3;nenhuma;formatacao
PB;boa vista;boa vista;Boa Vista;8;nenhuma;formatacao
PB;bom jesus;bom jesus;Bom Jesus;2;nenhuma;formatacao
PB;bom sucesso;bom sucesso;Bom Sucesso;2;nenhuma;formatacao
PB;bonito de santa fe;bonito de santa fe;Bonito de Santa Fe;7;nenhuma;formatacao
PB;boqueirao;boqueirao;Boqueirao;8;nenhuma;formatacao
PB;brejo do cruz;brejo do cruz;Brejo do Cruz;18;nenhuma;formatacao
PB;brejo dos santos;brejo dos santos;Brejo dos Santos;11;nenhuma;formatacao
PB;caapora;caapora;Caaporã;8;nenhuma;formatacao
PB;caaporã;caapora;Caaporã;2;acento;formatacao
PB;cabaceiras;cabaceiras;Cabaceiras;4;nenhuma;formatacao
PB;cabedelo;cabedelo;Cabedelo;94;nenhuma;formatacao
PB;cachoeira dos indios;cachoeira dos indios;Cachoeira dos Índios;8;nenhuma;formatacao
PB;cachoeira dos índios;cachoeira dos indios;Cachoeira dos Índios;1;acento;formatacao
PB;cacimba de dentro;cacimba de dentro;Cacimba de Dentro;5;nenhuma;formatacao
PB;cacimbas;cacimbas;Cacimbas;1;nenhuma;formatacao
PB;caicara;caicara;Caicara;5;nenhuma;formatacao
PB;cajazeiras;cajazeiras;Cajazeiras;131;nenhuma;formatacao
PB;caldas brandao;caldas brandao;Caldas Brandao;5;nenhuma;formatacao
PB;camalau;camalau;Camalaú;3;nenhuma;formatacao
PB;camalaú;camalau;Camalaú;1;acento;formatacao
PB;campina grande;campina grande;Campina Grande;924;nenhuma;formatacao
PB;capim;capim;Capim;3;nenhuma;formatacao
PB;carrapateira;carrapateira;Carrapateira;2;nenhuma;formatacao
PB;casserengue;casserengue;Casserengue;1;nenhuma;formatacao
PB;catingueira;catingueira;Catingueira;1;nenhuma;formatacao
PB;catole do rocha;catole do rocha;Catolé do Rocha;66;nenhuma;formatacao
PB;catolé do rocha;catole do rocha;Catolé do Rocha;15;acento;formatacao
PB;conceicao;conceicao;Conceição;24;nenhuma;formatacao
PB;conceição;conceicao;Conceição;3;acento;formatacao
PB;condado;condado;Condado;7;nenhuma;formatacao
PB;conde;conde;Conde;7;nenhuma;formatacao
PB;congo;congo;Congo;1;nenhuma;formatacao
PB;coremas;coremas;Coremas;28;nenhuma;formatacao
PB;coxixola;coxixola;Coxixola;2;nenhuma;formatacao
PB;cruz do espirito santo;cruz do espirito santo;Cruz do Espírito Santo;1;nenhuma;formatacao
PB;cruz do espírito santo;cruz do espirito santo;Cruz do Espírito Santo;1;acento;formatacao
PB;cubati;cubati;Cubati;10;nenhuma;formatacao
PB;cuite de mamanguape;cuite de mamanguape;Cuite de Mamanguape;3;nenhuma;formatacao
PB;cuitegi;cuitegi;Cuitegi;2;nenhuma;formatacao
PB;cuite;cuite;Cuité;29;nenhuma;formatacao
PB;cuité;cuite;Cuité;6;acento;formatacao
PB;curral de cima;curral de cima;Curral de Cima;2;nenhuma;formatacao
PB;damiao;damiao;Damião;6;nenhuma;formatacao
PB;damião;damiao;Damião;1;acento;formatacao
PB;desterro;desterro;Desterro;10;nenhuma;formatacao
PB;diamante;diamante;Diamante;3;nenhuma;formatacao
PB;dona inês;dona ines;Dona Inês;3;acento;formatacao
PB;dona ines;dona ines;Dona Inês;2;nenhuma;formatacao
PB;duas estradas;duas estradas;Duas Estradas;5;nenhuma;formatacao
PB;esperanca;esperanca;Esperança;42;nenhuma;formatacao
PB;esperança;esperanca;Esperança;4;acento;formatacao
PB;fagundes;fagundes;Fagundes;7;nenhuma;formatacao
PB;frei martinho;frei martinho;Frei Martinho;9;nenhuma;formatacao
PB;guarabira;guarabira;Guarabira;109;nenhuma;formatacao
PB;gurinhem;gurinhem;Gurinhem;4;nenhuma;formatacao
PB;gurjao;gurjao;Gurjao;2;nenhuma;formatacao
PB;ibiara;ibiara;Ibiara;8;nenhuma;formatacao
PB;igaracy;igaracy;Igaracy;4;nenhuma;formatacao
PB;imaculada;imaculada;Imaculada;6;nenhuma;formatacao
PB;inga;inga;Ingá;5;nenhuma;formatacao
PB;ingá;inga;Ingá;2;acento;formatacao
PB;itabaiana;itabaiana;Itabaiana;17;nenhuma;formatacao
PB;itaporanga;itaporanga;Itaporanga;38;nenhuma;formatacao
PB;itapororoca;itapororoca;Itapororoca;7;nenhuma;formatacao
PB;itatuba;itatuba;Itatuba;2;nenhuma;formatacao
PB;jacarau;jacarau;Jacaraú;8;nenhuma;formatacao
PB;jacaraú;jacarau;Jacaraú;2;acento;formatacao
PB;jerico;jerico;Jericó;8;nenhuma;formatacao
PB;jericó;jerico;Jericó;3;acento;formatacao
PB;joca claudino;joca claudino;Joca Claudino;1;nenhuma;formatacao
PB;joao pessoa;joao pessoa;João Pessoa;2174;nenhuma;formatacao
PB;joão pessoa;joao pessoa;João Pessoa;253;acento;formatacao
PB;juarez tavora;juarez tavora;Juarez Tavora;2;nenhuma;formatacao
PB;juazeirinho;juazeirinho;Juazeirinho;9;nenhuma;formatacao
PB;junco do serido;junco do serido;Junco do Seridó;8;nenhuma;formatacao
PB;junco do seridó;junco do serido;Junco do Seridó;3;acento;formatacao
PB;juripiranga;juripiranga;Juripiranga;7;nenhuma;formatacao
PB;juru;juru;Juru;16;nenhuma;formatacao
PB;lagoa;lagoa;Lagoa;6;nenhuma;formatacao
PB;lagoa seca;lagoa seca;Lagoa Seca;13;nenhuma;formatacao
PB;lagoa de dentro;lagoa de dentro;Lagoa de Dentro;4;nenhuma;formatacao
PB;lastro;lastro;Lastro;1;nenhuma;formatacao
PB;livramento;livramento;Livramento;7;nenhuma;formatacao
PB;logradouro;logradouro;Logradouro;3;nenhuma;formatacao
PB;lucena;lucena;Lucena;10;nenhuma;formatacao
PB;malta;malta;Malta;2;nenhuma;formatacao
PB;mamanguape;mamanguape;Mamanguape;55;nenhuma;formatacao
PB;manaira;manaira;Manaíra;15;nenhuma;formatacao
PB;manaíra;manaira;Manaíra;4;acento;formatacao
PB;mari;mari;Mari;17;nenhuma;formatacao
PB;marizopolis;marizopolis;Marizopolis;2;nenhuma;formatacao
PB;massaranduba;massaranduba;Massaranduba;5;nenhuma;formatacao
PB;mataraca;mataraca;Mataraca;5;nenhuma;formatacao
PB;matinhas;matinhas;Matinhas;2;nenhuma;formatacao
PB;mato grosso;mato grosso;Mato Grosso;1;nenhuma;formatacao
PB;matureia;matureia;Matureia;3;nenhuma;formatacao
PB;mogeiro;mogeiro;Mogeiro;5;nenhuma;formatacao
PB;montadas;montadas;Montadas;8;nenhuma;formatacao
PB;monte horebe;monte horebe;Monte Horebe;2;nenhuma;formatacao
PB;monteiro;monteiro;Monteiro;43;nenhuma;formatacao
PB;mulungu;mulungu;Mulungu;6;nenhuma;formatacao
PB;mae d'agua;mae d agua;Mãe D'água;5;nenhuma;formatacao
PB;mãe d'água;mae d agua;Mãe D'água;2;acento;formatacao
PB;natuba;natuba;Natuba;4;nenhuma;formatacao
PB;nazarezinho;nazarezinho;Nazarezinho;4;nenhuma;formatacao
PB;nova floresta;nova floresta;Nova Floresta;12;nenhuma;formatacao
PB;nova olinda;nova olinda;Nova Olinda;9;nenhuma;formatacao
PB;nova palmeira;nova palmeira;Nova Palmeira;3;nenhuma;formatacao
PB;olho d'agua;olho d agua;Olho D'água;3;nenhuma;formatacao
PB;olho d'água;olho d agua;Olho D'água;1;acento;formatacao
PB;ouro velho;ouro velho;Ouro Velho;2;nenhuma;formatacao
PB;parari;parari;Parari;1;nenhuma;formatacao
PB;passagem;passagem;Passagem;1;nenhuma;formatacao
PB;patos;patos;Patos;172;nenhuma;formatacao
PB;paulista;paulista;Paulista;10;nenhuma;formatacao
PB;pedra branca;pedra branca;Pedra Branca;7;nenhuma;formatacao
PB;pedra lavrada;pedra lavrada;Pedra Lavrada;7;nenhuma;formatacao
PB;pedras de fogo;pedras de fogo;Pedras de Fogo;22;nenhuma;formatacao
PB;pedro regis;pedro regis;Pedro Regis;3;nenhuma;formatacao
PB;pianco;pianco;Piancó;16;nenhuma;formatacao
PB;piancó;pianco;Piancó;1;acento;formatacao
PB;picui;picui;Picuí;24;nenhuma;formatacao
PB;picuí;picui;Picuí;6;acento;formatacao
PB;pilar;pilar;Pilar;3;nenhuma;formatacao
PB;piloes;piloes;Pilões;3;nenhuma;formatacao
PB;pilões;piloes;Pilões;2;acento;formatacao
PB;piloezinhos;piloezinhos;Pilõezinhos;1;nenhuma;formatacao
PB;pilõezinhos;piloezinhos;Pilõezinhos;1;acento;formatacao
PB;pindurão;pindurao;Pindurão;1;acento;formatacao
PB;pirpirituba;pirpirituba;Pirpirituba;5;nenhuma;formatacao
PB;pitanga de estrada;pitanga de estrada;Pitanga de Estrada;1;nenhuma;formatacao
PB;pitimbu;pitimbu;Pitimbu;5;nenhuma;formatacao
PB;pocinhos;pocinhos;Pocinhos;12;nenhuma;formatacao
PB;poco dantas;poco dantas;Poco Dantas;1;nenhuma;formatacao
PB;poco de jose de moura;poco de jose de moura;Poco de Jose de Moura;2;nenhuma;formatacao
PB;pombal;pombal;Pombal;56;nenhuma;formatacao
PB;prata;prata;Prata;10;nenhuma;formatacao
PB;princesa isabel;princesa isabel;Princesa Isabel;38;nenhuma;formatacao
PB;puxinana;puxinana;Puxinana;4;nenhuma;formatacao
PB;queimadas;queimadas;Queimadas;40;nenhuma;formatacao
PB;remigio;remigio;Remígio;8;nenhuma;formatacao
PB;remígio;remigio;Remígio;3;acento;formatacao
PB;riacho de santo antonio;riacho de santo antonio;Riacho de Santo Antonio;3;nenhuma;formatacao
PB;riacho dos cavalos;riacho dos cavalos;Riacho dos Cavalos;18;nenhuma;formatacao
PB;riachao do bacamarte;riachao do bacamarte;Riachão do Bacamarte;2;nenhuma;formatacao
PB;riachão do bacamarte;riachao do bacamarte;Riachão do Bacamarte;1;acento;formatacao
PB;rio tinto;rio tinto;Rio Tinto;22;nenhuma;formatacao
PB;salgado de sao felix;salgado de sao felix;Salgado de Sao Felix;4;nenhuma;formatacao
PB;santa cecilia de umbuzeiro;santa cecilia de umbuzeiro;Santa Cecilia de Umbuzeiro;37;nenhuma;formatacao
PB;santa cecilia;santa cecilia;Santa Cecília;4;nenhuma;formatacao
PB;santa cecília;santa cecilia;Santa Cecília;1;acento;formatacao
PB;santa cruz;santa cruz;Santa Cruz;3;nenhuma;formatacao
PB;santa helena;santa helena;Santa Helena;2;nenhuma;formatacao
PB;santa ines;santa ines;Santa Inês;1;nenhuma;formatacao
PB;santa inês;santa ines;Santa Inês;1;acento;formatacao
PB;santa luzia;santa luzia;Santa Luzia;38;nenhuma;formatacao
PB;santa luzia do cariri;santa luzia do cariri;Santa Luzia do Cariri;1;nenhuma;formatacao
PB;santa rita;santa rita;Santa Rita;94;nenhuma;formatacao
PB;santa teresinha;santa teresinha;Santa Teresinha;2;nenhuma;formatacao
PB;santana de mangueira;santana de mangueira;Santana de Mangueira;3;nenhuma;formatacao
PB;santana dos garrotes;santana dos garrotes;Santana dos Garrotes;2;nenhuma;formatacao
PB;santo andre;santo andre;Santo Andre;3;nenhuma;formatacao
PB;sao domingos do cariri;sao domingos do cariri;Sao Domingos do Cariri;1;nenhuma;formatacao
PB;sao francisco;sao francisco;Sao Francisco;4;nenhuma;formatacao
PB;sao joao do tigre;sao joao do tigre;Sao Joao do Tigre;1;nenhuma;formatacao
PB;sao jose de espinharas;sao jose de espinharas;Sao Jose de Espinharas;3;nenhuma;formatacao
PB;sao jose de princesa;sao jose de princesa;Sao Jose de Princesa;1;nenhuma;formatacao
PB;sao jose do brejo do cruz;sao jose do brejo do cruz;Sao Jose do Brejo do Cruz;3;nenhuma;formatacao
PB;sao jose dos cordeiros;sao jose dos cordeiros;Sao Jose dos Cordeiros;6;nenhuma;formatacao
PB;sao miguel de taipu;sao miguel de taipu;Sao Miguel de Taipu;5;nenhuma;formatacao
PB;sao sebastiao de lagoa de roca;sao sebastiao de lagoa de roca;Sao Sebastiao de Lagoa de Roca;7;nenhuma;formatacao
PB;sape;sape;Sapé;35;nenhuma;formatacao
PB;sapé;sape;Sapé;11;acento;formatacao
PB;serra branca;serra branca;Serra Branca;20;nenhuma;formatacao
PB;serra grande;serra grande;Serra Grande;3;nenhuma;formatacao
PB;serra redonda;serra redonda;Serra Redonda;5;nenhuma;formatacao
PB;serra da raiz;serra da raiz;Serra da Raiz;2;nenhuma;formatacao
PB;serraria;serraria;Serraria;3;nenhuma;formatacao
PB;sertaozinho;sertaozinho;Sertaozinho;4;nenhuma;formatacao
PB;sobrado;sobrado;Sobrado;2;nenhuma;formatacao
PB;soledade;soledade;Soledade;19;nenhuma;formatacao
PB;solanea;solanea;Solânea;21;nenhuma;formatacao
PB;solânea;solanea;Solânea;7;acento;formatacao
PB;sossego;sossego;Sossego;1;nenhuma;formatacao
PB;sousa;sousa;Sousa;99;nenhuma;formatacao
PB;sume;sume;Sumé;40;nenhuma;formatacao
PB;sumé;sume;Sumé;6;acento;formatacao
PB;sao bentinho;sao bentinho;São Bentinho;5;nenhuma;formatacao
PB;são bentinho;sao bentinho;São Bentinho;1;acento;formatacao
PB;sao bento;sao bento;São Bento;54;nenhuma;formatacao
PB;são bento;sao bento;São Bento;4;acento;formatacao
PB;sao jose da lagoa tapada;sao jose da lagoa tapada;São José da Lagoa Tapada;4;nenhuma;formatacao
PB;são josé da lagoa tapada;sao jose da lagoa tapada;São José da Lagoa Tapada;3;acento;formatacao
PB;são josé da mata;sao jose da mata;São José da Mata;2;acento;formatacao
PB;sao jose da mata;sao jose da mata;São José da Mata;1;nenhuma;formatacao
PB;sao jose de caiana;sao jose de caiana;São José de Caiana;4;nenhuma;formatacao
PB;são josé de caiana;sao jose de caiana;São José de Caiana;1;acento;formatacao
PB;sao jose de piranhas;sao jose de piranhas;São José de Piranhas;17;nenhuma;formatacao
PB;são josé de piranhas;sao jose de piranhas;São José de Piranhas;1;acento;formatacao
PB;sao jose do bonfim;sao jose do bonfim;São José do Bonfim;2;nenhuma;formatacao
PB;são josé do bonfim;sao jose do bonfim;São José do Bonfim;1;acento;formatacao
PB;sao jose do sabugi;sao jose do sabugi;São José do Sabugi;1;nenhuma;formatacao
PB;são josé do sabugi;sao jose do sabugi;São José do Sabugi;1;acento;formatacao
PB;são josé dos ramos;sao jose dos ramos;São José dos Ramos;2;acento;formatacao
PB;são joão do cariri;sao joao do cariri;São João do Cariri;3;acento;formatacao
PB;sao joao do cariri;sao joao do cariri;São João do Cariri;3;nenhuma;formatacao
PB;sao joao do rio do peixe;sao joao do rio do peixe;São João do Rio do Peixe;15;nenhuma;formatacao
PB;são joão do rio do peixe;sao joao do rio do peixe;São João do Rio do Peixe;5;acento;formatacao
PB;são mamede;sao mamede;São Mamede;6;acento;formatacao
PB;sao mamede;sao mamede;São Mamede;4;nenhuma;formatacao
PB;taperoa;taperoa;Taperoá;12;nenhuma;formatacao
PB;taperoá;taperoa;Taperoá;1;acento;formatacao
PB;tavares;tavares;Tavares;20;nenhuma;formatacao
PB;teixeira;teixeira;Teixeira;15;nenhuma;formatacao
PB;tenorio;tenorio;Tenorio;3;nenhuma;formatacao
PB;triunfo;triunfo;Triunfo;3;nenhuma;formatacao
PB;uirauna;uirauna;Uiraúna;14;nenhuma;formatacao
PB;uiraúna;uirauna;Uiraúna;4;acento;formatacao
PB;umbuzeiro;umbuzeiro;Umbuzeiro;7;nenhuma;formatacao
PB;vista serrana;vista serrana;Vista Serrana;1;nenhuma;formatacao
PB;varzea;varzea;Várzea;5;nenhuma;formatacao
PB;várzea;varzea;Várzea;1;acento;formatacao
PB;varzea nova;varzea nova;Várzea Nova;2;nenhuma;formatacao
PB;várzea nova;varzea nova;Várzea Nova;1;acento;formatacao
PB;zabele;zabele;Zabele;3;nenhuma;formatacao
PB;agua branca;agua branca;Água Branca;12;nenhuma;formatacao
PB;água branca;agua branca;Água Branca;4;acento;formatacao
PE;abreu e lima;abreu e lima;Abreu e Lima;139;nenhuma;formatacao
PE;afogados da ingazeira;afogados da ingazeira;Afogados da Ingazeira;78;nenhuma;formatacao
PE;afranio;afranio;Afrânio;10;nenhuma;formatacao
PE;afrânio;afranio;Afrânio;3;acento;formatacao
PE;agrestina;agrestina;Agrestina;19;nenhuma;formatacao
PE;alagoinha;alagoinha;Alagoinha;15;nenhuma;formatacao
PE;alianca;alianca;Aliança;24;nenhuma;formatacao
PE;aliança;alianca;Aliança;1;acento;formatacao
PE;altinho;altinho;Altinho;24;nenhuma;formatacao
PE;amaraji;amaraji;Amaraji;27;nenhuma;formatacao
PE;angelim;angelim;Angelim;14;nenhuma;formatacao
PE;araripina;araripina;Araripina;104;nenhuma;formatacao
PE;aracoiaba;aracoiaba;Araçoiaba;29;nenhuma;formatacao
PE;araçoiaba;aracoiaba;Araçoiaba;3;acento;formatacao
PE;arcoverde;arcoverde;Arcoverde;153;nenhuma;formatacao
PE;barra de guabiraba;barra de guabiraba;Barra de Guabiraba;15;nenhuma;formatacao
PE;barreiros;barreiros;Barreiros;52;nenhuma;formatacao
PE;batateira;batateira;Batateira;2;nenhuma;formatacao
PE;belem de maria;belem de maria;Belem de Maria;4;nenhuma;formatacao
PE;belem de sao francisco;belem de sao francisco;Belem de Sao Francisco;4;nenhuma;formatacao
PE;belo jardim;belo jardim;Belo Jardim;111;nenhuma;formatacao
PE;belém do são francisco;belem do sao francisco;Belém do São Francisco;12;acento;formatacao
PE;belem do sao francisco;belem do sao francisco;Belém do São Francisco;9;nenhuma;formatacao
PE;betânia;betania;Betânia;2;acento;formatacao
PE;betania;betania;Betânia;2;nenhuma;formatacao
PE;bezerros;bezerros;Bezerros;124;nenhuma;formatacao
PE;bizarra;bizarra;Bizarra;1;nenhuma;formatacao
PE;bodoco;bodoco;Bodocó;26;nenhuma;formatacao
PE;bodocó;bodoco;Bodocó;3;acento;formatacao
PE;bom conselho;bom conselho;Bom Conselho;67;nenhuma;formatacao
PE;bom jardim;bom jardim;Bom Jardim;17;nenhuma;formatacao
PE;bonito;bonito;Bonito;54;nenhuma;formatacao
PE;brejinho;brejinho;Brejinho;7;nenhuma;formatacao
PE;brejo da madre de deus;brejo da madre de deus;Brejo da Madre de Deus;32;nenhuma;formatacao
PE;brejão;brejao;Brejão;1;acento;formatacao
PE;brejao;brejao;Brejão;1;nenhuma;formatacao
PE;buenos aires;buenos aires;Buenos Aires;16;nenhuma;formatacao
PE;buique;buique;Buíque;26;nenhuma;formatacao
PE;buíque;buique;Buíque;2;acento;formatacao
PE;cabo de santo agostinho;cabo de santo agostinho;Cabo de Santo Agostinho;248;nenhuma;formatacao
PE;cabrobo;cabrobo;Cabrobó;52;nenhuma;formatacao
PE;cabrobó;cabrobo;Cabrobó;9;acento;formatacao
PE;cachoeirinha;cachoeirinha;Cachoeirinha;30;nenhuma;formatacao
PE;caetes;caetes;Caetés;8;nenhuma;formatacao
PE;caetés;caetes;Caetés;4;acento;formatacao
PE;calcado;calcado;Calcado;8;nenhuma;formatacao
PE;calumbi;calumbi;Calumbi;3;nenhuma;formatacao
PE;camaragibe;camaragibe;Camaragibe;291;nenhuma;formatacao
PE;camela;camela;Camela;1;nenhuma;formatacao
PE;camocim de sao felix;camocim de sao felix;Camocim de São Félix;19;nenhuma;formatacao
PE;camocim de são félix;camocim de sao felix;Camocim de São Félix;2;acento;formatacao
PE;camutanga;camutanga;Camutanga;11;nenhuma;formatacao
PE;canhotinho;canhotinho;Canhotinho;34;nenhuma;formatacao
PE;capoeiras;capoeiras;Capoeiras;14;nenhuma;formatacao
PE;caraiba;caraiba;Caraiba;16;nenhuma;formatacao
PE;carnaubeira da penha;carnaubeira da penha;Carnaubeira da Penha;4;nenhuma;formatacao
PE;carnaiba;carnaiba;Carnaíba;8;nenhuma;formatacao
PE;carnaíba;carnaiba;Carnaíba;5;acento;formatacao
PE;carpina;carpina;Carpina;119;nenhuma;formatacao
PE;caruaru;caruaru;Caruaru;659;nenhuma;formatacao
PE;casinhas;casinhas;Casinhas;2;nenhuma;formatacao
PE;catende;catende;Catende;49;nenhuma;formatacao
PE;cedro;cedro;Cedro;17;nenhuma;formatacao
PE;cha grande;cha grande;Chã Grande;15;nenhuma;formatacao
PE;chã grande;cha grande;Chã Grande;2;acento;formatacao
PE;cha de alegria;cha de alegria;Chã de Alegria;3;nenhuma;formatacao
PE;chã de alegria;cha de alegria;Chã de Alegria;2;acento;formatacao
PE;condado;condado;Condado;24;nenhuma;formatacao
PE;correntes;correntes;Correntes;10;nenhuma;formatacao
PE;cortes;cortes;Cortês;16;nenhuma;formatacao
PE;cortês;cortes;Cortês;1;acento;formatacao
PE;cruzes;cruzes;Cruzes;2;nenhuma;formatacao
PE;cumaru;cumaru;Cumaru;9;nenhuma;formatacao
PE;cupira;cupira;Cupira;22;nenhuma;formatacao
PE;custodia;custodia;Custódia;39;nenhuma;formatacao
PE;custódia;custodia;Custódia;7;acento;formatacao
PE;dormentes;dormentes;Dormentes;19;nenhuma;formatacao
PE;escada;escada;Escada;98;nenhuma;formatacao
PE;exu;exu;Exu;30;nenhuma;formatacao
PE;fazenda nova;fazenda nova;Fazenda Nova;1;nenhuma;formatacao
PE;feira nova;feira nova;Feira Nova;31;nenhuma;formatacao
PE;fernando de noronha;fernando de noronha;Fernando de Noronha;11;nenhuma;formatacao
PE;ferreiros;ferreiros;Ferreiros;20;nenhuma;formatacao
PE;flores;flores;Flores;21;nenhuma;formatacao
PE;floresta;floresta;Floresta;61;nenhuma;formatacao
PE;frei miguelinho;frei miguelinho;Frei Miguelinho;8;nenhuma;formatacao
PE;gameleira;gameleira;Gameleira;20;nenhuma;formatacao
PE;garanhuns;garanhuns;Garanhuns;354;nenhuma;formatacao
PE;gloria do goita;gloria do goita;Glória do Goitá;21;nenhuma;formatacao
PE;glória do goitá;gloria do goita;Glória do Goitá;6;acento;formatacao
PE;goiana;goiana;Goiana;124;nenhuma;formatacao
PE;granito;granito;Granito;15;nenhuma;formatacao
PE;gravata;gravata;Gravatá;137;nenhuma;formatacao
PE;gravatá;gravata;Gravatá;23;acento;formatacao
PE;iati;iati;Iati;11;nenhuma;formatacao
PE;ibimirim;ibimirim;Ibimirim;16;nenhuma;formatacao
PE;ibirajuba;ibirajuba;Ibirajuba;7;nenhuma;formatacao
PE;ibitiranga;ibitiranga;Ibitiranga;1;nenhuma;formatacao
PE;igarassu;igarassu;Igarassu;109;nenhuma;formatacao
PE;iguaraci;iguaraci;Iguaraci;6;nenhuma;formatacao
PE;ilha de itamaraca;ilha de itamaraca;Ilha de Itamaracá;10;nenhuma;formatacao
PE;ilha de itamaracá;ilha de itamaraca;Ilha de Itamaracá;4;acento;formatacao
PE;inaja;inaja;Inajá;13;nenhuma;formatacao
PE;inajá;inaja;Inajá;6;acento;formatacao
PE;ingazeira;ingazeira;Ingazeira;5;nenhuma;formatacao
PE;ipojuca;ipojuca;Ipojuca;125;nenhuma;formatacao
PE;ipubi;ipubi;Ipubi;28;nenhuma;formatacao
PE;itacuruba;itacuruba;Itacuruba;9;nenhuma;formatacao
PE;itamaraca;itamaraca;Itamaraca;4;nenhuma;formatacao
PE;itambe;itambe;Itambé;26;nenhuma;formatacao
PE;itambé;itambe;Itambé;6;acento;formatacao
PE;itapetim;itapetim;Itapetim;27;nenhuma;formatacao
PE;itapissuma;itapissuma;Itapissuma;20;nenhuma;formatacao
PE;itaquitinga;itaquitinga;Itaquitinga;11;nenhuma;formatacao
PE;itaiba;itaiba;Itaíba;16;nenhuma;formatacao
PE;itaíba;itaiba;Itaíba;2;acento;formatacao
PE;jabitaca;jabitaca;Jabitaca;2;nenhuma;formatacao
PE;jaboatao dos guararapes;jaboatao dos guararapes;Jaboatão dos Guararapes;1224;nenhuma;formatacao
PE;jaboatão dos guararapes;jaboatao dos guararapes;Jaboatão dos Guararapes;180;acento;formatacao
PE;jaboatão dos gurarapes;jaboatao dos gurarapes;Jaboatão dos Gurarapes;1;acento;formatacao
PE;jaqueira;jaqueira;Jaqueira;15;nenhuma;formatacao
PE;jatauba;jatauba;Jatauba;8;nenhuma;formatacao
PE;jatoba;jatoba;Jatobá;32;nenhuma;formatacao
PE;jatobá;jatoba;Jatobá;2;acento;formatacao
PE;joaquim nabuco;joaquim nabuco;Joaquim Nabuco;16;nenhuma;formatacao
PE;joao alfredo;joao alfredo;João Alfredo;18;nenhuma;formatacao
PE;joão alfredo;joao alfredo;João Alfredo;2;acento;formatacao
PE;jucati;jucati;Jucati;7;nenhuma;formatacao
PE;jupi;jupi;Jupi;18;nenhuma;formatacao
PE;jurema;jurema;Jurema;13;nenhuma;formatacao
PE;lagoa grande;lagoa grande;Lagoa Grande;37;nenhuma;formatacao
PE;lagoa do carro;lagoa do carro;Lagoa do Carro;18;nenhuma;formatacao
PE;lagoa do itaenga;lagoa do itaenga;Lagoa do Itaenga;11;nenhuma;formatacao
PE;lagoa do ouro;lagoa do ouro;Lagoa do Ouro;8;nenhuma;formatacao
PE;lagoa dos gatos;lagoa dos gatos;Lagoa dos Gatos;20;nenhuma;formatacao
PE;laje grande;laje grande;Laje Grande;1;nenhuma;formatacao
PE;lajedo;lajedo;Lajedo;72;nenhuma;formatacao
PE;limoeiro;limoeiro;Limoeiro;100;nenhuma;formatacao
PE;macaparana;macaparana;Macaparana;20;nenhuma;formatacao
PE;machados;machados;Machados;18;nenhuma;formatacao
PE;manari;manari;Manari;9;nenhuma;formatacao
PE;maraial;maraial;Maraial;6;nenhuma;formatacao
PE;mirandiba;mirandiba;Mirandiba;15;nenhuma;formatacao
PE;moreilandia;moreilandia;Moreilândia;14;nenhuma;formatacao
PE;moreilândia;moreilandia;Moreilândia;2;acento;formatacao
PE;moreno;moreno;Moreno;72;nenhuma;formatacao
PE;nazare da mata;nazare da mata;Nazaré da Mata;31;nenhuma;formatacao
PE;nazaré da mata;nazare da mata;Nazaré da Mata;11;acento;formatacao
PE;nossa senhora da luz;nossa senhora da luz;Nossa Senhora da Luz;1;nenhuma;formatacao
PE;nossa senhora do o;nossa senhora do o;Nossa Senhora do Ó;18;nenhuma;formatacao
PE;nossa senhora do ó;nossa senhora do o;Nossa Senhora do Ó;3;acento;formatacao
PE;olinda;olinda;Olinda;844;nenhuma;formatacao
PE;orobo;orobo;Orobó;16;nenhuma;formatacao
PE;orobó;orobo;Orobó;1;acento;formatacao
PE;oroco;oroco;Orocó;26;nenhuma;formatacao
PE;orocó;oroco;Orocó;4;acento;formatacao
PE;ouricuri;ouricuri;Ouricuri;86;nenhuma;formatacao
PE;palmares;palmares;Palmares;98;nenhuma;formatacao
PE;palmeirina;palmeirina;Palmeirina;2;nenhuma;formatacao
PE;panelas;panelas;Panelas;32;nenhuma;formatacao
PE;paranatama;paranatama;Paranatama;3;nenhuma;formatacao
PE;parnamirim;parnamirim;Parnamirim;30;nenhuma;formatacao
PE;passira;passira;Passira;12;nenhuma;formatacao
PE;paudalho;paudalho;Paudalho;38;nenhuma;formatacao
PE;paulista;paulista;Paulista;610;nenhuma;formatacao
PE;pedra;pedra;Pedra;19;nenhuma;formatacao
PE;perpétuo socorro;perpetuo socorro;Perpétuo Socorro;1;acento;formatacao
PE;pesqueira;pesqueira;Pesqueira;98;nenhuma;formatacao
PE;petrolina;petrolina;Petrolina;603;nenhuma;formatacao
PE;petrolandia;petrolandia;Petrolândia;71;nenhuma;formatacao
PE;petrolândia;petrolandia;Petrolândia;17;acento;formatacao
PE;pirituba;pirituba;Pirituba;2;nenhuma;formatacao
PE;pombos;pombos;Pombos;28;nenhuma;formatacao
PE;pocao;pocao;Poção;8;nenhuma;formatacao
PE;poção;pocao;Poção;4;acento;formatacao
PE;primavera;primavera;Primavera;5;nenhuma;formatacao
PE;quipapa;quipapa;Quipapa;7;nenhuma;formatacao
PE;quixabá;quixaba;Quixabá;1;acento;formatacao
PE;quixada;quixada;Quixada;7;nenhuma;formatacao
PE;rainha isabel;rainha isabel;Rainha Isabel;2;nenhuma;formatacao
PE;rajada;rajada;Rajada;1;nenhuma;formatacao
PE;recife;recife;Recife;6786;nenhuma;formatacao
PE;riacho das almas;riacho das almas;Riacho das Almas;14;nenhuma;formatacao
PE;ribeirao;ribeirao;Ribeirão;44;nenhuma;formatacao
PE;ribeirão;ribeirao;Ribeirão;10;acento;formatacao
PE;rio formoso;rio formoso;Rio Formoso;21;nenhuma;formatacao
PE;saire;saire;Sairé;12;nenhuma;formatacao
PE;sairé;saire;Sairé;1;acento;formatacao
PE;salgadinho;salgadinho;Salgadinho;1;nenhuma;formatacao
PE;salgueiro;salgueiro;Salgueiro;147;nenhuma;formatacao
PE;saloa;saloa;Saloá;15;nenhuma;formatacao
PE;saloá;saloa;Saloá;3;acento;formatacao
PE;sanharo;sanharo;Sanharó;15;nenhuma;formatacao
PE;sanharó;sanharo;Sanharó;2;acento;formatacao
PE;santa cruz;santa cruz;Santa Cruz;14;nenhuma;formatacao
PE;santa cruz da baixa verde;santa cruz da baixa verde;Santa Cruz da Baixa Verde;16;nenhuma;formatacao
PE;santa cruz do capibaribe;santa cruz do capibaribe;Santa Cruz do Capibaribe;141;nenhuma;formatacao
PE;santa filomena;santa filomena;Santa Filomena;4;nenhuma;formatacao
PE;santa maria da boa vista;santa maria da boa vista;Santa Maria da Boa Vista;55;nenhuma;formatacao
PE;santa maria do cambuca;santa maria do cambuca;Santa Maria do Cambucá;7;nenhuma;formatacao
PE;santa maria do cambucá;santa maria do cambuca;Santa Maria do Cambucá;1;acento;formatacao
PE;santa terezinha;santa terezinha;Santa Terezinha;20;nenhuma;formatacao
PE;santo agostinho;santo agostinho;Santo Agostinho;7;nenhuma;formatacao
PE;santo antonio das queimadas;santo antonio das queimadas;Santo Antônio das Queimadas;3;nenhuma;formatacao
PE;santo antônio das queimadas;santo antonio das queimadas;Santo Antônio das Queimadas;1;acento;formatacao
PE;sao pedro;sao pedro;Sao Pedro;1;nenhuma;formatacao
PE;serra talhada;serra talhada;Serra Talhada;144;nenhuma;formatacao
PE;serra do vento;serra do vento;Serra do Vento;3;nenhuma;formatacao
PE;serrita;serrita;Serrita;7;nenhuma;formatacao
PE;sertania;sertania;Sertânia;42;nenhuma;formatacao
PE;sertânia;sertania;Sertânia;8;acento;formatacao
PE;siriji;siriji;Siriji;1;nenhuma;formatacao
PE;sirinhaem;sirinhaem;Sirinhaém;34;nenhuma;formatacao
PE;sirinhaém;sirinhaem;Sirinhaém;4;acento;formatacao
PE;solidao;solidao;Solidao;5;nenhuma;formatacao
PE;surubim;surubim;Surubim;94;nenhuma;formatacao
PE;sao benedito do sul;sao benedito do sul;São Benedito do Sul;14;nenhuma;formatacao
PE;são benedito do sul;sao benedito do sul;São Benedito do Sul;3;acento;formatacao
PE;sao bento do una;sao bento do una;São Bento do Una;54;nenhuma;formatacao
PE;são bento do una;sao bento do una;São Bento do Una;13;acento;formatacao
PE;sao caitano;sao caitano;São Caitano;22;nenhuma;formatacao
PE;são caitano;sao caitano;São Caitano;4;acento;formatacao
PE;sao domingos;sao domingos;São Domingos;3;nenhuma;formatacao
PE;são domingos;sao domingos;São Domingos;1;acento;formatacao
PE;sao joaquim do monte;sao joaquim do monte;São Joaquim do Monte;20;nenhuma;formatacao
PE;são joaquim do monte;sao joaquim do monte;São Joaquim do Monte;10;acento;formatacao
PE;sao jose da coroa grande;sao jose da coroa grande;São José da Coroa Grande;30;nenhuma;formatacao
PE;são josé da coroa grande;sao jose da coroa grande;São José da Coroa Grande;2;acento;formatacao
PE;sao jose do belmonte;sao jose do belmonte;São José do Belmonte;35;nenhuma;formatacao
PE;são josé do belmonte;sao jose do belmonte;São José do Belmonte;5;acento;formatacao
PE;sao jose do egito;sao jose do egito;São José do Egito;63;nenhuma;formatacao
PE;são josé do egito;sao jose do egito;São José do Egito;10;acento;formatacao
PE;sao joao;sao joao;São João;10;nenhuma;formatacao
PE;são joão;sao joao;São João;4;acento;formatacao
PE;sao lourenco da mata;sao lourenco da mata;São Lourenço da Mata;128;nenhuma;formatacao
PE;são lourenço da mata;sao lourenco da mata;São Lourenço da Mata;14;acento;formatacao
PE;sao vicente ferrer;sao vicente ferrer;São Vicente Ferrer;18;nenhuma;formatacao
PE;são vicente ferrer;sao vicente ferrer;São Vicente Ferrer;2;acento;formatacao
PE;tabira;tabira;Tabira;61;nenhuma;formatacao
PE;tacaimbo;tacaimbo;Tacaimbo;8;nenhuma;formatacao
PE;tacaratu;tacaratu;Tacaratu;16;nenhuma;formatacao
PE;tamandare;tamandare;Tamandaré;16;nenhuma;formatacao
PE;tamandaré;tamandare;Tamandaré;4;acento;formatacao
PE;taquaritinga do norte;taquaritinga do norte;Taquaritinga do Norte;49;nenhuma;formatacao
PE;terezinha;terezinha;Terezinha;7;nenhuma;formatacao
PE;terra nova;terra nova;Terra Nova;11;nenhuma;formatacao
PE;timbauba;timbauba;Timbaúba;67;nenhuma;formatacao
PE;timbaúba;timbauba;Timbaúba;6;acento;formatacao
PE;toritama;toritama;Toritama;49;nenhuma;formatacao
PE;tracunhaem;tracunhaem;Tracunhaém;9;nenhuma;formatacao
PE;tracunhaém;tracunhaem;Tracunhaém;2;acento;formatacao
PE;trindade;trindade;Trindade;55;nenhuma;formatacao
PE;triunfo;triunfo;Triunfo;30;nenhuma;formatacao
PE;tupanatinga;tupanatinga;Tupanatinga;22;nenhuma;formatacao
PE;tuparetama;tuparetama;Tuparetama;18;nenhuma;formatacao
PE;venturosa;venturosa;Venturosa;24;nenhuma;formatacao
PE;verdejante;verdejante;Verdejante;7;nenhuma;formatacao
PE;vertente do lerio;vertente do lerio;Vertente do Lerio;1;nenhuma;formatacao
PE;vertentes;vertentes;Vertentes;21;nenhuma;formatacao
PE;vicencia;vicencia;Vicencia;17;nenhuma;formatacao
PE;vitoria de santo antao;vitoria de santo antao;Vitória de Santo Antão;184;nenhuma;formatacao
PE;vitória de santo antão;vitoria de santo antao;Vitória de Santo Antão;27;acento;formatacao
PE;xexeu;xexeu;Xexéu;4;nenhuma;formatacao
PE;xexéu;xexeu;Xexéu;1;acento;formatacao
PE;água fria;agua fria;Água Fria;1;acento;formatacao
PE;agua preta;agua preta;Água Preta;11;nenhuma;formatacao
PE;água preta;agua preta;Água Preta;1;acento;formatacao
PE;aguas belas;aguas belas;Águas Belas;45;nenhuma;formatacao
PE;águas belas;aguas belas;Águas Belas;10;acento;formatacao
PI;acaua;acaua;Acauã;4;nenhuma;formatacao
PI;acauã;acaua;Acauã;1;acento;formatacao
PI;agricolandia;agricolandia;Agricolândia;6;nenhuma;formatacao
PI;agricolândia;agricolandia;Agricolândia;1;acento;formatacao
PI;alagoinha do piaui;alagoinha do piaui;Alagoinha do Piauí;16;nenhuma;formatacao
PI;alagoinha do piauí;alagoinha do piaui;Alagoinha do Piauí;2;acento;formatacao
PI;alegrete do piaui;alegrete do piaui;Alegrete do Piauí;5;nenhuma;formatacao
PI;alegrete do piauí;alegrete do piaui;Alegrete do Piauí;2;acento;formatacao
PI;alto longa;alto longa;Alto Longa;2;nenhuma;formatacao
PI;altos;altos;Altos;49;nenhuma;formatacao
PI;alvorada do gurgueia;alvorada do gurgueia;Alvorada do Gurguéia;3;nenhuma;formatacao
PI;alvorada do gurguéia;alvorada do gurgueia;Alvorada do Gurguéia;1;acento;formatacao
PI;amarante;amarante;Amarante;20;nenhuma;formatacao
PI;angical do piaui;angical do piaui;Angical do Piauí;7;nenhuma;formatacao
PI;angical do piauí;angical do piaui;Angical do Piauí;1;acento;formatacao
PI;anisio de abreu;anisio de abreu;Anisio de Abreu;6;nenhuma;formatacao
PI;antonio almeida;antonio almeida;Antônio Almeida;2;nenhuma;formatacao
PI;antônio almeida;antonio almeida;Antônio Almeida;1;acento;formatacao
PI;aroazes;aroazes;Aroazes;2;nenhuma;formatacao
PI;arraial;arraial;Arraial;3;nenhuma;formatacao
PI;assuncao do piaui;assuncao do piaui;Assuncao do Piaui;3;nenhuma;formatacao
PI;avelino lopes;avelino lopes;Avelino Lopes;18;nenhuma;formatacao
PI;baixa grande do ribeiro;baixa grande do ribeiro;Baixa Grande do Ribeiro;17;nenhuma;formatacao
PI;barra d'alcântara;barra d alcantara;Barra D'alcântara;4;acento;formatacao
PI;barra d'alcantara;barra d alcantara;Barra D'alcântara;2;nenhuma;formatacao
PI;barras;barras;Barras;28;nenhuma;formatacao
PI;barreiras do piauí;barreiras do piaui;Barreiras do Piauí;3;acento;formatacao
PI;barreiras do piaui;barreiras do piaui;Barreiras do Piauí;2;nenhuma;formatacao
PI;barro duro;barro duro;Barro Duro;5;nenhuma;formatacao
PI;batalha;batalha;Batalha;20;nenhuma;formatacao
PI;bela vista do piaui;bela vista do piaui;Bela Vista do Piauí;4;nenhuma;formatacao
PI;bela vista do piauí;bela vista do piaui;Bela Vista do Piauí;2;acento;formatacao
PI;belem do piaui;belem do piaui;Belem do Piaui;3;nenhuma;formatacao
PI;beneditinos;beneditinos;Beneditinos;6;nenhuma;formatacao
PI;bertolinia;bertolinia;Bertolínia;4;nenhuma;formatacao
PI;bertolínia;bertolinia;Bertolínia;1;acento;formatacao
PI;betania do piaui;betania do piaui;Betânia do Piauí;5;nenhuma;formatacao
PI;betânia do piauí;betania do piaui;Betânia do Piauí;1;acento;formatacao
PI;boa hora;boa hora;Boa Hora;3;nenhuma;formatacao
PI;bocaina;bocaina;Bocaina;13;nenhuma;formatacao
PI;bom jesus;bom jesus;Bom Jesus;72;nenhuma;formatacao
PI;bom principio do piaui;bom principio do piaui;Bom Principio do Piaui;1;nenhuma;formatacao
PI;boqueirao do piaui;boqueirao do piaui;Boqueirão do Piauí;2;nenhuma;formatacao
PI;boqueirão do piauí;boqueirao do piaui;Boqueirão do Piauí;1;acento;formatacao
PI;brasileira;brasileira;Brasileira;1;nenhuma;formatacao
PI;brejo do piaui;brejo do piaui;Brejo do Piaui;3;nenhuma;formatacao
PI;buriti dos lopes;buriti dos lopes;Buriti dos Lopes;13;nenhuma;formatacao
PI;buriti dos montes;buriti dos montes;Buriti dos Montes;6;nenhuma;formatacao
PI;cabeceiras do piaui;cabeceiras do piaui;Cabeceiras do Piaui;2;nenhuma;formatacao
PI;cajazeiras do piauí;cajazeiras do piaui;Cajazeiras do Piauí;1;acento;formatacao
PI;cajueiro da praia;cajueiro da praia;Cajueiro da Praia;7;nenhuma;formatacao
PI;caldeirao grande do piaui;caldeirao grande do piaui;Caldeirão Grande do Piauí;3;nenhuma;formatacao
PI;caldeirão grande do piauí;caldeirao grande do piaui;Caldeirão Grande do Piauí;1;acento;formatacao
PI;campinas do piaui;campinas do piaui;Campinas do Piauí;3;nenhuma;formatacao
PI;campinas do piauí;campinas do piaui;Campinas do Piauí;1;acento;formatacao
PI;campo alegre do fidalgo;campo alegre do fidalgo;Campo Alegre do Fidalgo;4;nenhuma;formatacao
PI;campo grande do piaui;campo grande do piaui;Campo Grande do Piauí;7;nenhuma;formatacao
PI;campo grande do piauí;campo grande do piaui;Campo Grande do Piauí;2;acento;formatacao
PI;campo maior;campo maior;Campo Maior;66;nenhuma;formatacao
PI;canto do buriti;canto do buriti;Canto do Buriti;40;nenhuma;formatacao
PI;capitao gervasio oliveira;capitao gervasio oliveira;Capitão Gervásio Oliveira;2;nenhuma;formatacao
PI;capitão gervásio oliveira;capitao gervasio oliveira;Capitão Gervásio Oliveira;1;acento;formatacao
PI;capitao de campos;capitao de campos;Capitão de Campos;13;nenhuma;formatacao
PI;capitão de campos;capitao de campos;Capitão de Campos;3;acento;formatacao
PI;caracol;caracol;Caracol;7;nenhuma;formatacao
PI;caraubas do piaui;caraubas do piaui;Caraubas do Piaui;3;nenhuma;formatacao
PI;caridade do piaui;caridade do piaui;Caridade do Piauí;4;nenhuma;formatacao
PI;caridade do piauí;caridade do piaui;Caridade do Piauí;4;acento;formatacao
PI;castelo do piaui;castelo do piaui;Castelo do Piauí;19;nenhuma;formatacao
PI;castelo do piauí;castelo do piaui;Castelo do Piauí;3;acento;formatacao
PI;caxingo;caxingo;Caxingo;3;nenhuma;formatacao
PI;cocal;cocal;Cocal;40;nenhuma;formatacao
PI;cocal de telha;cocal de telha;Cocal de Telha;3;nenhuma;formatacao
PI;cocal dos alves;cocal dos alves;Cocal dos Alves;5;nenhuma;formatacao
PI;coivaras;coivaras;Coivaras;1;nenhuma;formatacao
PI;colonia do gurgueia;colonia do gurgueia;Colônia do Gurguéia;7;nenhuma;formatacao
PI;colônia do gurguéia;colonia do gurgueia;Colônia do Gurguéia;2;acento;formatacao
PI;colonia do piaui;colonia do piaui;Colônia do Piauí;3;nenhuma;formatacao
PI;colônia do piauí;colonia do piaui;Colônia do Piauí;1;acento;formatacao
PI;conceicao do caninde;conceicao do caninde;Conceicao do Caninde;8;nenhuma;formatacao
PI;coronel jose dias;coronel jose dias;Coronel Jose Dias;2;nenhuma;formatacao
PI;corrente;corrente;Corrente;35;nenhuma;formatacao
PI;cristalandia do piaui;cristalandia do piaui;Cristalândia do Piauí;5;nenhuma;formatacao
PI;cristalândia do piauí;cristalandia do piaui;Cristalândia do Piauí;1;acento;formatacao
PI;cristino castro;cristino castro;Cristino Castro;13;nenhuma;formatacao
PI;curimata;curimata;Curimatá;5;nenhuma;formatacao
PI;curimatá;curimata;Curimatá;3;acento;formatacao
PI;curral novo do piaui;curral novo do piaui;Curral Novo do Piaui;3;nenhuma;formatacao
PI;curralinhos;curralinhos;Curralinhos;1;nenhuma;formatacao
PI;demerval lobao;demerval lobao;Demerval Lobao;13;nenhuma;formatacao
PI;dirceu arcoverde;dirceu arcoverde;Dirceu Arcoverde;2;nenhuma;formatacao
PI;dom expedito lopes;dom expedito lopes;Dom Expedito Lopes;6;nenhuma;formatacao
PI;dom inocencio;dom inocencio;Dom Inocencio;5;nenhuma;formatacao
PI;domingos mourao;domingos mourao;Domingos Mourão;2;nenhuma;formatacao
PI;domingos mourão;domingos mourao;Domingos Mourão;1;acento;formatacao
PI;elesbao veloso;elesbao veloso;Elesbão Veloso;11;nenhuma;formatacao
PI;elesbão veloso;elesbao veloso;Elesbão Veloso;4;acento;formatacao
PI;eliseu martins;eliseu martins;Eliseu Martins;18;nenhuma;formatacao
PI;esperantina;esperantina;Esperantina;46;nenhuma;formatacao
PI;fartura do piauí;fartura do piaui;Fartura do Piauí;1;acento;formatacao
PI;flores do piaui;flores do piaui;Flores do Piauí;3;nenhuma;formatacao
PI;flores do piauí;flores do piaui;Flores do Piauí;1;acento;formatacao
PI;floresta do piaui;floresta do piaui;Floresta do Piaui;2;nenhuma;formatacao
PI;floriano;floriano;Floriano;204;nenhuma;formatacao
PI;francinopolis;francinopolis;Francinópolis;2;nenhuma;formatacao
PI;francinópolis;francinopolis;Francinópolis;1;acento;formatacao
PI;francisco ayres;francisco ayres;Francisco Ayres;3;nenhuma;formatacao
PI;francisco santos;francisco santos;Francisco Santos;12;nenhuma;formatacao
PI;fronteiras;fronteiras;Fronteiras;30;nenhuma;formatacao
PI;gilbues;gilbues;Gilbues;16;nenhuma;formatacao
PI;guadalupe;guadalupe;Guadalupe;26;nenhuma;formatacao
PI;guaribas;guaribas;Guaribas;2;nenhuma;formatacao
PI;hugo napoleao;hugo napoleao;Hugo Napoleão;4;nenhuma;formatacao
PI;hugo napoleão;hugo napoleao;Hugo Napoleão;3;acento;formatacao
PI;ilha grande;ilha grande;Ilha Grande;5;nenhuma;formatacao
PI;inhuma;inhuma;Inhuma;25;nenhuma;formatacao
PI;ipiranga do piaui;ipiranga do piaui;Ipiranga do Piauí;9;nenhuma;formatacao
PI;ipiranga do piauí;ipiranga do piaui;Ipiranga do Piauí;2;acento;formatacao
PI;isaias coelho;isaias coelho;Isaías Coelho;4;nenhuma;formatacao
PI;isaías coelho;isaias coelho;Isaías Coelho;1;acento;formatacao
PI;itainopolis;itainopolis;Itainópolis;8;nenhuma;formatacao
PI;itainópolis;itainopolis;Itainópolis;1;acento;formatacao
PI;itaueira;itaueira;Itaueira;15;nenhuma;formatacao
PI;jacobina do piaui;jacobina do piaui;Jacobina do Piaui;1;nenhuma;formatacao
PI;jaicos;jaicos;Jaicós;14;nenhuma;formatacao
PI;jaicós;jaicos;Jaicós;2;acento;formatacao
PI;jardim do mulato;jardim do mulato;Jardim do Mulato;1;nenhuma;formatacao
PI;joaquim pires;joaquim pires;Joaquim Pires;9;nenhuma;formatacao
PI;joca marques;joca marques;Joca Marques;3;nenhuma;formatacao
PI;jose de freitas;jose de freitas;José de Freitas;23;nenhuma;formatacao
PI;josé de freitas;jose de freitas;José de Freitas;6;acento;formatacao
PI;juazeiro do piaui;juazeiro do piaui;Juazeiro do Piauí;5;nenhuma;formatacao
PI;juazeiro do piauí;juazeiro do piaui;Juazeiro do Piauí;3;acento;formatacao
PI;julio borges;julio borges;Julio Borges;2;nenhuma;formatacao
PI;jurema;jurema;Jurema;2;nenhuma;formatacao
PI;lagoa alegre;lagoa alegre;Lagoa Alegre;4;nenhuma;formatacao
PI;lagoa de sao francisco;lagoa de sao francisco;Lagoa de Sao Francisco;3;nenhuma;formatacao
PI;lagoa do barro do piaui;lagoa do barro do piaui;Lagoa do Barro do Piaui;5;nenhuma;formatacao
PI;lagoa do piaui;lagoa do piaui;Lagoa do Piaui;2;nenhuma;formatacao
PI;lagoa do sitio;lagoa do sitio;Lagoa do Sitio;2;nenhuma;formatacao
PI;lagoinha do piaui;lagoinha do piaui;Lagoinha do Piauí;2;nenhuma;formatacao
PI;lagoinha do piauí;lagoinha do piaui;Lagoinha do Piauí;1;acento;formatacao
PI;landri sales;landri sales;Landri Sales;9;nenhuma;formatacao
PI;luzilandia;luzilandia;Luzilândia;37;nenhuma;formatacao
PI;luzilândia;luzilandia;Luzilândia;5;acento;formatacao
PI;luis correia;luis correia;Luís Correia;20;nenhuma;formatacao
PI;luís correia;luis correia;Luís Correia;5;acento;formatacao
PI;madeiro;madeiro;Madeiro;1;nenhuma;formatacao
PI;manoel emidio;manoel emidio;Manoel Emídio;4;nenhuma;formatacao
PI;manoel emídio;manoel emidio;Manoel Emídio;2;acento;formatacao
PI;marcolandia;marcolandia;Marcolândia;7;nenhuma;formatacao
PI;marcolândia;marcolandia;Marcolândia;1;acento;formatacao
PI;marcos parente;marcos parente;Marcos Parente;6;nenhuma;formatacao
PI;massape do piaui;massape do piaui;Massape do Piaui;1;nenhuma;formatacao
PI;matias olimpio;matias olimpio;Matias Olímpio;5;nenhuma;formatacao
PI;matias olímpio;matias olimpio;Matias Olímpio;2;acento;formatacao
PI;miguel alves;miguel alves;Miguel Alves;8;nenhuma;formatacao
PI;miguel leao;miguel leao;Miguel Leao;2;nenhuma;formatacao
PI;milton brandao;milton brandao;Milton Brandao;2;nenhuma;formatacao
PI;monsenhor gil;monsenhor gil;Monsenhor Gil;1;nenhuma;formatacao
PI;monsenhor hipolito;monsenhor hipolito;Monsenhor Hipólito;13;nenhuma;formatacao
PI;monsenhor hipólito;monsenhor hipolito;Monsenhor Hipólito;4;acento;formatacao
PI;monte alegre do piaui;monte alegre do piaui;Monte Alegre do Piaui;5;nenhuma;formatacao
PI;morro cabeça no tempo;morro cabeca no tempo;Morro Cabeça No Tempo;1;acento;formatacao
PI;morro cabeca no tempo;morro cabeca no tempo;Morro Cabeça No Tempo;1;nenhuma;formatacao
PI;morro do chapeu do piaui;morro do chapeu do piaui;Morro do Chapeu do Piaui;1;nenhuma;formatacao
PI;murici dos portelas;murici dos portelas;Murici dos Portelas;4;nenhuma;formatacao
PI;nazare do piaui;nazare do piaui;Nazare do Piaui;2;nenhuma;formatacao
PI;nossa senhora de nazare;nossa senhora de nazare;Nossa Senhora de Nazare;2;nenhuma;formatacao
PI;nossa senhora dos remedios;nossa senhora dos remedios;Nossa Senhora dos Remedios;1;nenhuma;formatacao
PI;nova santa rita;nova santa rita;Nova Santa Rita;6;nenhuma;formatacao
PI;novo oriente do piaui;novo oriente do piaui;Novo Oriente do Piauí;8;nenhuma;formatacao
PI;novo oriente do piauí;novo oriente do piaui;Novo Oriente do Piauí;1;acento;formatacao
PI;novo santo antonio;novo santo antonio;Novo Santo Antônio;1;nenhuma;formatacao
PI;novo santo antônio;novo santo antonio;Novo Santo Antônio;1;acento;formatacao
PI;oeiras;oeiras;Oeiras;82;nenhuma;formatacao
PI;olho d'água do piauí;olho d agua do piaui;Olho D'água do Piauí;1;acento;formatacao
PI;padre marcos;padre marcos;Padre Marcos;1;nenhuma;formatacao
PI;paes landim;paes landim;Paes Landim;3;nenhuma;formatacao
PI;pajeu do piaui;pajeu do piaui;Pajeu do Piaui;5;nenhuma;formatacao
PI;palmeira do piauí;palmeira do piaui;Palmeira do Piauí;2;acento;formatacao
PI;palmeira do piaui;palmeira do piaui;Palmeira do Piauí;2;nenhuma;formatacao
PI;palmeirais;palmeirais;Palmeirais;2;nenhuma;formatacao
PI;paqueta;paqueta;Paqueta;1;nenhuma;formatacao
PI;parnagua;parnagua;Parnaguá;5;nenhuma;formatacao
PI;parnaguá;parnagua;Parnaguá;1;acento;formatacao
PI;parnaiba;parnaiba;Parnaíba;250;nenhuma;formatacao
PI;parnaíba;parnaiba;Parnaíba;60;acento;formatacao
PI;passagem franca do piaui;passagem franca do piaui;Passagem Franca do Piaui;1;nenhuma;formatacao
PI;paulistana;paulistana;Paulistana;36;nenhuma;formatacao
PI;pavussu;pavussu;Pavussu;3;nenhuma;formatacao
PI;pedro ii;pedro ii;Pedro Ii;26;nenhuma;formatacao
PI;pedro laurentino;pedro laurentino;Pedro Laurentino;4;nenhuma;formatacao
PI;picos;picos;Picos;201;nenhuma;formatacao
PI;pimenteiras;pimenteiras;Pimenteiras;12;nenhuma;formatacao
PI;pio ix;pio ix;Pio Ix;27;nenhuma;formatacao
PI;piracuruca;piracuruca;Piracuruca;50;nenhuma;formatacao
PI;piripiri;piripiri;Piripiri;88;nenhuma;formatacao
PI;porto;porto;Porto;5;nenhuma;formatacao
PI;porto alegre do piaui;porto alegre do piaui;Porto Alegre do Piaui;2;nenhuma;formatacao
PI;prata do piaui;prata do piaui;Prata do Piaui;1;nenhuma;formatacao
PI;queimada nova;queimada nova;Queimada Nova;7;nenhuma;formatacao
PI;redencao do gurgueia;redencao do gurgueia;Redencao do Gurgueia;6;nenhuma;formatacao
PI;regeneracao;regeneracao;Regeneração;21;nenhuma;formatacao
PI;regeneração;regeneracao;Regeneração;3;acento;formatacao
PI;riacho frio;riacho frio;Riacho Frio;3;nenhuma;formatacao
PI;ribeira do piaui;ribeira do piaui;Ribeira do Piaui;3;nenhuma;formatacao
PI;ribeiro goncalves;ribeiro goncalves;Ribeiro Gonçalves;6;nenhuma;formatacao
PI;ribeiro gonçalves;ribeiro goncalves;Ribeiro Gonçalves;1;acento;formatacao
PI;rio grande do piaui;rio grande do piaui;Rio Grande do Piauí;5;nenhuma;formatacao
PI;rio grande do piauí;rio grande do piaui;Rio Grande do Piauí;3;acento;formatacao
PI;santa cruz do piaui;santa cruz do piaui;Santa Cruz do Piaui;11;nenhuma;formatacao
PI;santa cruz dos milagres;santa cruz dos milagres;Santa Cruz dos Milagres;4;nenhuma;formatacao
PI;santa filomena;santa filomena;Santa Filomena;13;nenhuma;formatacao
PI;santa luz;santa luz;Santa Luz;9;nenhuma;formatacao
PI;santa rosa do piaui;santa rosa do piaui;Santa Rosa do Piaui;5;nenhuma;formatacao
PI;santana do piaui;santana do piaui;Santana do Piauí;3;nenhuma;formatacao
PI;santana do piauí;santana do piaui;Santana do Piauí;1;acento;formatacao
PI;santo antonio de lisboa;santo antonio de lisboa;Santo Antonio de Lisboa;12;nenhuma;formatacao
PI;santo inacio do piaui;santo inacio do piaui;Santo Inácio do Piauí;7;nenhuma;formatacao
PI;santo inácio do piauí;santo inacio do piaui;Santo Inácio do Piauí;2;acento;formatacao
PI;sao braz do piaui;sao braz do piaui;Sao Braz do Piaui;1;nenhuma;formatacao
PI;sao goncalo do gurgueia;sao goncalo do gurgueia;Sao Goncalo do Gurgueia;1;nenhuma;formatacao
PI;sao goncalo do piaui;sao goncalo do piaui;Sao Goncalo do Piaui;4;nenhuma;formatacao
PI;sao joao da canabrava;sao joao da canabrava;Sao Joao da Canabrava;1;nenhuma;formatacao
PI;sao joao da fronteira;sao joao da fronteira;Sao Joao da Fronteira;4;nenhuma;formatacao
PI;sao joao da serra;sao joao da serra;Sao Joao da Serra;7;nenhuma;formatacao
PI;sao joao da varjota;sao joao da varjota;Sao Joao da Varjota;2;nenhuma;formatacao
PI;sao jose do piaui;sao jose do piaui;Sao Jose do Piaui;8;nenhuma;formatacao
PI;sao lourenco do piaui;sao lourenco do piaui;Sao Lourenco do Piaui;3;nenhuma;formatacao
PI;sao pedro do piaui;sao pedro do piaui;Sao Pedro do Piaui;14;nenhuma;formatacao
PI;sebastiao leal;sebastiao leal;Sebastiao Leal;3;nenhuma;formatacao
PI;sigefredo pacheco;sigefredo pacheco;Sigefredo Pacheco;8;nenhuma;formatacao
PI;simplicio mendes;simplicio mendes;Simplício Mendes;13;nenhuma;formatacao
PI;simplício mendes;simplicio mendes;Simplício Mendes;4;acento;formatacao
PI;simoes;simoes;Simões;17;nenhuma;formatacao
PI;simões;simoes;Simões;3;acento;formatacao
PI;socorro do piaui;socorro do piaui;Socorro do Piaui;1;nenhuma;formatacao
PI;sao francisco de assis do piaui;sao francisco de assis do piaui;São Francisco de Assis do Piauí;6;nenhuma;formatacao
PI;são francisco de assis do piauí;sao francisco de assis do piaui;São Francisco de Assis do Piauí;2;acento;formatacao
PI;sao francisco do piaui;sao francisco do piaui;São Francisco do Piauí;7;nenhuma;formatacao
PI;são francisco do piauí;sao francisco do piaui;São Francisco do Piauí;2;acento;formatacao
PI;sao felix do piaui;sao felix do piaui;São Félix do Piauí;4;nenhuma;formatacao
PI;são félix do piauí;sao felix do piaui;São Félix do Piauí;1;acento;formatacao
PI;sao jose do divino;sao jose do divino;São José do Divino;7;nenhuma;formatacao
PI;são josé do divino;sao jose do divino;São José do Divino;2;acento;formatacao
PI;sao jose do peixe;sao jose do peixe;São José do Peixe;5;nenhuma;formatacao
PI;são josé do peixe;sao jose do peixe;São José do Peixe;1;acento;formatacao
PI;sao joao do piaui;sao joao do piaui;São João do Piauí;52;nenhuma;formatacao
PI;são joão do piauí;sao joao do piaui;São João do Piauí;10;acento;formatacao
PI;sao juliao;sao juliao;São Julião;6;nenhuma;formatacao
PI;são julião;sao juliao;São Julião;1;acento;formatacao
PI;são miguel da baixa grande;sao miguel da baixa grande;São Miguel da Baixa Grande;1;acento;formatacao
PI;sao miguel da baixa grande;sao miguel da baixa grande;São Miguel da Baixa Grande;1;nenhuma;formatacao
PI;sao miguel do fidalgo;sao miguel do fidalgo;São Miguel do Fidalgo;3;nenhuma;formatacao
PI;são miguel do fidalgo;sao miguel do fidalgo;São Miguel do Fidalgo;1;acento;formatacao
PI;sao miguel do tapuio;sao miguel do tapuio;São Miguel do Tapuio;13;nenhuma;formatacao
PI;são miguel do tapuio;sao miguel do tapuio;São Miguel do Tapuio;1;acento;formatacao
PI;sao raimundo nonato;sao raimundo nonato;São Raimundo Nonato;67;nenhuma;formatacao
PI;são raimundo nonato;sao raimundo nonato;São Raimundo Nonato;12;acento;formatacao
PI;tamboril do piaui;tamboril do piaui;Tamboril do Piaui;3;nenhuma;formatacao
PI;tanque do piaui;tanque do piaui;Tanque do Piaui;3;nenhuma;formatacao
PI;teresina;teresina;Teresina;2125;nenhuma;formatacao
PI;uniao;uniao;União;13;nenhuma;formatacao
PI;união;uniao;União;2;acento;formatacao
PI;urucui;urucui;Uruçuí;31;nenhuma;formatacao
PI;uruçuí;urucui;Uruçuí;10;acento;formatacao
PI;valenca do piaui;valenca do piaui;Valença do Piauí;46;nenhuma;formatacao
PI;valença do piauí;valenca do piaui;Valença do Piauí;7;acento;formatacao
PI;vera mendes;vera mendes;Vera Mendes;1;nenhuma;formatacao
PI;vila nova do piaui;vila nova do piaui;Vila Nova do Piaui;4;nenhuma;formatacao
PI;várzea branca;varzea branca;Várzea Branca;1;acento;formatacao
PI;varzea branca;varzea branca;Várzea Branca;1;nenhuma;formatacao
PI;varzea grande;varzea grande;Várzea Grande;5;nenhuma;formatacao
PI;várzea grande;varzea grande;Várzea Grande;1;acento;formatacao
PI;wall ferraz;wall ferraz;Wall Ferraz;4;nenhuma;formatacao
PI;agua branca;agua branca;Água Branca;25;nenhuma;formatacao
PI;água branca;agua branca;Água Branca;7;acento;formatacao
PR;* cidade;* cidade;* Cidade;1;nenhuma;formatacao
PR;4º centenario;4o centenario;4º Centenario;2;acento;formatacao
PR;4o. centenario;4o centenario;4º Centenario;1;nenhuma;formatacao
PR;abatia;abatia;Abatiá;25;nenhuma;formatacao
PR;abatiá;abatia;Abatiá;1;acento;formatacao
PR;adhemar de barros;adhemar de barros;Adhemar de Barros;6;nenhuma;formatacao
PR;adrianopolis;adrianopolis;Adrianópolis;10;nenhuma;formatacao
PR;adrianópolis;adrianopolis;Adrianópolis;3;acento;formatacao
PR;agudos do sul;agudos do sul;Agudos do Sul;11;nenhuma;formatacao
PR;alexandra;alexandra;Alexandra;3;nenhuma;formatacao
PR;almirante tamandare;almirante tamandare;Almirante Tamandaré;279;nenhuma;formatacao
PR;almirante tamandaré;almirante tamandare;Almirante Tamandaré;55;acento;formatacao
PR;altamira do parana;altamira do parana;Altamira do Paraná;5;nenhuma;formatacao
PR;altamira do paraná;altamira do parana;Altamira do Paraná;1;acento;formatacao
PR;alto alegre;alto alegre;Alto Alegre;13;nenhuma;formatacao
PR;alto alegre do iguacu;alto alegre do iguacu;Alto Alegre do Iguacu;5;nenhuma;formatacao
PR;alto parana;alto parana;Alto Paraná;42;nenhuma;formatacao
PR;alto paraná;alto parana;Alto Paraná;6;acento;formatacao
PR;alto paraiso;alto paraiso;Alto Paraíso;6;nenhuma;formatacao
PR;alto paraíso;alto paraiso;Alto Paraíso;1;acento;formatacao
PR;alto piquiri;alto piquiri;Alto Piquiri;25;nenhuma;formatacao
PR;alto sao joao;alto sao joao;Alto Sao Joao;1;nenhuma;formatacao
PR;altonia;altonia;Altônia;58;nenhuma;formatacao
PR;altônia;altonia;Altônia;15;acento;formatacao
PR;alvorada do sul;alvorada do sul;Alvorada do Sul;33;nenhuma;formatacao
PR;amapora;amapora;Amaporã;13;nenhuma;formatacao
PR;amaporã;amapora;Amaporã;2;acento;formatacao
PR;ampere;ampere;Ampére;102;nenhuma;formatacao
PR;ampére;ampere;Ampére;14;acento;formatacao
PR;anahy;anahy;Anahy;9;nenhuma;formatacao
PR;andira;andira;Andirá;105;nenhuma;formatacao
PR;andirá;andira;Andirá;16;acento;formatacao
PR;andira-pr;andira;Andirá;1;sufixo-uf;estrutural
PR;antonina;antonina;Antonina;71;nenhuma;formatacao
PR;antonio olinto;antonio olinto;Antônio Olinto;8;nenhuma;formatacao
PR;antônio olinto;antonio olinto;Antônio Olinto;1;acento;formatacao
PR;apucarana;apucarana;Apucarana;618;nenhuma;formatacao
PR;aquidaban;aquidaban;Aquidaban;1;nenhuma;formatacao
PR;arapongas;arapongas;Arapongas;444;nenhuma;formatacao
PR;arapoti;arapoti;Arapoti;100;nenhuma;formatacao
PR;arapua;arapua;Arapuã;2;nenhuma;formatacao
PR;arapuã;arapua;Arapuã;1;acento;formatacao
PR;araruna;araruna;Araruna;70;nenhuma;formatacao
PR;araucaria;araucaria;Araucária;544;nenhuma;formatacao
PR;araucária;araucaria;Araucária;103;acento;formatacao
PR;areia branca dos assis;areia branca dos assis;Areia Branca dos Assis;8;nenhuma;formatacao
PR;ariranha do ivai;ariranha do ivai;Ariranha do Ivaí;7;nenhuma;formatacao
PR;ariranha do ivaí;ariranha do ivai;Ariranha do Ivaí;1;acento;formatacao
PR;assai;assai;Assaí;60;nenhuma;formatacao
PR;assaí;assai;Assaí;8;acento;formatacao
PR;assis chateaubriand;assis chateaubriand;Assis Chateaubriand;141;nenhuma;formatacao
PR;astorga;astorga;Astorga;110;nenhuma;formatacao
PR;atalaia;atalaia;Atalaia;22;nenhuma;formatacao
PR;aurora do iguacu;aurora do iguacu;Aurora do Iguacu;2;nenhuma;formatacao
PR;balsa nova;balsa nova;Balsa Nova;18;nenhuma;formatacao
PR;bandeirantes;bandeirantes;Bandeirantes;151;nenhuma;formatacao
PR;barbosa ferraz;barbosa ferraz;Barbosa Ferraz;37;nenhuma;formatacao
PR;barra do jacare;barra do jacare;Barra do Jacaré;8;nenhuma;formatacao
PR;barra do jacaré;barra do jacare;Barra do Jacaré;2;acento;formatacao
PR;barracao;barracao;Barracão;33;nenhuma;formatacao
PR;barracão;barracao;Barracão;3;acento;formatacao
PR;bela vista da caroba;bela vista da caroba;Bela Vista da Caroba;10;nenhuma;formatacao
PR;bela vista do paraiso;bela vista do paraiso;Bela Vista do Paraíso;53;nenhuma;formatacao
PR;bela vista do paraíso;bela vista do paraiso;Bela Vista do Paraíso;10;acento;formatacao
PR;bentopolis;bentopolis;Bentopolis;3;nenhuma;formatacao
PR;bituruna;bituruna;Bituruna;111;nenhuma;formatacao
PR;boa esperanca;boa esperanca;Boa Esperança;14;nenhuma;formatacao
PR;boa esperança;boa esperanca;Boa Esperança;3;acento;formatacao
PR;boa esperanca do iguacu;boa esperanca do iguacu;Boa Esperança do Iguaçu;13;nenhuma;formatacao
PR;boa esperança do iguaçu;boa esperanca do iguacu;Boa Esperança do Iguaçu;1;acento;formatacao
PR;boa ventura de sao roque;boa ventura de sao roque;Boa Ventura de São Roque;10;nenhuma;formatacao
PR;boa ventura de são roque;boa ventura de sao roque;Boa Ventura de São Roque;1;acento;formatacao
PR;boa vista da aparecida;boa vista da aparecida;Boa Vista da Aparecida;33;nenhuma;formatacao
PR;bocaiuva do sul;bocaiuva do sul;Bocaiúva do Sul;21;nenhuma;formatacao
PR;bocaiúva do sul;bocaiuva do sul;Bocaiúva do Sul;3;acento;formatacao
PR;bom jardim do sul;bom jardim do sul;Bom Jardim do Sul;1;nenhuma;formatacao
PR;bom jesus do sul;bom jesus do sul;Bom Jesus do Sul;13;nenhuma;formatacao
PR;bom sucesso;bom sucesso;Bom Sucesso;18;nenhuma;formatacao
PR;bom sucesso do sul;bom sucesso do sul;Bom Sucesso do Sul;8;nenhuma;formatacao
PR;borda do campo;borda do campo;Borda do Campo;5;nenhuma;formatacao
PR;borrazopolis;borrazopolis;Borrazópolis;33;nenhuma;formatacao
PR;borrazópolis;borrazopolis;Borrazópolis;6;acento;formatacao
PR;braganey;braganey;Braganey;11;nenhuma;formatacao
PR;bragantina;bragantina;Bragantina;3;nenhuma;formatacao
PR;brasilandia do sul;brasilandia do sul;Brasilândia do Sul;5;nenhuma;formatacao
PR;brasilândia do sul;brasilandia do sul;Brasilândia do Sul;4;acento;formatacao
PR;bugre;bugre;Bugre;1;nenhuma;formatacao
PR;caetano mendes;caetano mendes;Caetano Mendes;2;nenhuma;formatacao
PR;cafeara;cafeara;Cafeara;24;nenhuma;formatacao
PR;cafelandia;cafelandia;Cafelândia;87;nenhuma;formatacao
PR;cafelândia;cafelandia;Cafelândia;13;acento;formatacao
PR;cafezal do sul;cafezal do sul;Cafezal do Sul;7;nenhuma;formatacao
PR;california;california;Califórnia;31;nenhuma;formatacao
PR;califórnia;california;Califórnia;6;acento;formatacao
PR;cambara;cambara;Cambará;107;nenhuma;formatacao
PR;cambará;cambara;Cambará;24;acento;formatacao
PR;cambira;cambira;Cambira;27;nenhuma;formatacao
PR;cambe;cambe;Cambé;319;nenhuma;formatacao
PR;cambé;cambe;Cambé;75;acento;formatacao
PR;campina grande do sul;campina grande do sul;Campina Grande do Sul;166;nenhuma;formatacao
PR;campina da lagoa;campina da lagoa;Campina da Lagoa;70;nenhuma;formatacao
PR;campina do simao;campina do simao;Campina do Simão;10;nenhuma;formatacao
PR;campina do simão;campina do simao;Campina do Simão;1;acento;formatacao
PR;campo bonito;campo bonito;Campo Bonito;10;nenhuma;formatacao
PR;campo largo;campo largo;Campo Largo;520;nenhuma;formatacao
PR;campo magro;campo magro;Campo Magro;39;nenhuma;formatacao
PR;campo mourao;campo mourao;Campo Mourão;464;nenhuma;formatacao
PR;campo mourão;campo mourao;Campo Mourão;74;acento;formatacao
PR;campo do tenente;campo do tenente;Campo do Tenente;19;nenhuma;formatacao
PR;candoi;candoi;Candói;33;nenhuma;formatacao
PR;candói;candoi;Candói;7;acento;formatacao
PR;cantagalo;cantagalo;Cantagalo;34;nenhuma;formatacao
PR;capanema;capanema;Capanema;126;nenhuma;formatacao
PR;capitao leonidas marques;capitao leonidas marques;Capitão Leônidas Marques;67;nenhuma;formatacao
PR;capitão leônidas marques;capitao leonidas marques;Capitão Leônidas Marques;12;acento;formatacao
PR;carambei;carambei;Carambeí;82;nenhuma;formatacao
PR;carambeí;carambei;Carambeí;11;acento;formatacao
PR;carlopolis;carlopolis;Carlópolis;71;nenhuma;formatacao
PR;carlópolis;carlopolis;Carlópolis;20;acento;formatacao
PR;cascavael;cascavael;Cascavael;1;nenhuma;formatacao
PR;cascavel;cascavel;Cascavel;1879;nenhuma;formatacao
PR;castro;castro;Castro;279;nenhuma;formatacao
PR;catanduvas;catanduvas;Catanduvas;17;nenhuma;formatacao
PR;centenario do sul;centenario do sul;Centenário do Sul;38;nenhuma;formatacao
PR;centenário do sul;centenario do sul;Centenário do Sul;5;acento;formatacao
PR;cerro azul;cerro azul;Cerro Azul;33;nenhuma;formatacao
PR;chopinzinho;chopinzinho;Chopinzinho;107;nenhuma;formatacao
PR;cianorte;cianorte;Cianorte;403;nenhuma;formatacao
PR;cidade gaucha;cidade gaucha;Cidade Gaúcha;51;nenhuma;formatacao
PR;cidade gaúcha;cidade gaucha;Cidade Gaúcha;7;acento;formatacao
PR;clevelandia;clevelandia;Clevelândia;54;nenhuma;formatacao
PR;clevelândia;clevelandia;Clevelândia;12;acento;formatacao
PR;colombo;colombo;Colombo;846;nenhuma;formatacao
PR;colonia castrolanda;colonia castrolanda;Colonia Castrolanda;6;nenhuma;formatacao
PR;colonia jordaozinho;colonia jordaozinho;Colonia Jordaozinho;2;nenhuma;formatacao
PR;colorado;colorado;Colorado;120;nenhuma;formatacao
PR;colonia vitoria;colonia vitoria;Colônia Vitória;7;nenhuma;formatacao
PR;colônia vitória;colonia vitoria;Colônia Vitória;1;acento;formatacao
PR;congonhas;congonhas;Congonhas;1;nenhuma;formatacao
PR;congonhinhas;congonhinhas;Congonhinhas;35;nenhuma;formatacao
PR;conselheiro mairinck;conselheiro mairinck;Conselheiro Mairinck;27;nenhuma;formatacao
PR;contenda;contenda;Contenda;31;nenhuma;formatacao
PR;corbelia;corbelia;Corbélia;59;nenhuma;formatacao
PR;corbélia;corbelia;Corbélia;9;acento;formatacao
PR;cornelio procopio;cornelio procopio;Cornélio Procópio;308;nenhuma;formatacao
PR;cornélio procópio;cornelio procopio;Cornélio Procópio;47;acento;formatacao
PR;coronel domingos soares;coronel domingos soares;Coronel Domingos Soares;13;nenhuma;formatacao
PR;coronel vivida;coronel vivida;Coronel Vivida;138;nenhuma;formatacao
PR;corumbatai do sul;corumbatai do sul;Corumbatai do Sul;12;nenhuma;formatacao
PR;cruz machado;cruz machado;Cruz Machado;52;nenhuma;formatacao
PR;cruzeiro do iguacu;cruzeiro do iguacu;Cruzeiro do Iguaçu;18;nenhuma;formatacao
PR;cruzeiro do iguaçu;cruzeiro do iguacu;Cruzeiro do Iguaçu;2;acento;formatacao
PR;cruzeiro do norte;cruzeiro do norte;Cruzeiro do Norte;2;nenhuma;formatacao
PR;cruzeiro do oeste;cruzeiro do oeste;Cruzeiro do Oeste;101;nenhuma;formatacao
PR;cruzeiro do sul;cruzeiro do sul;Cruzeiro do Sul;18;nenhuma;formatacao
PR;cruzmaltina;cruzmaltina;Cruzmaltina;5;nenhuma;formatacao
PR;curitiba;curitiba;Curitiba;18238;nenhuma;formatacao
PR;curiuva;curiuva;Curiúva;40;nenhuma;formatacao
PR;curiúva;curiuva;Curiúva;10;acento;formatacao
PR;candido de abreu;candido de abreu;Cândido de Abreu;52;nenhuma;formatacao
PR;cândido de abreu;candido de abreu;Cândido de Abreu;8;acento;formatacao
PR;ceu azul;ceu azul;Céu Azul;54;nenhuma;formatacao
PR;céu azul;ceu azul;Céu Azul;8;acento;formatacao
PR;dez de maio;dez de maio;Dez de Maio;2;nenhuma;formatacao
PR;diamante d'oeste;diamante d oeste;Diamante D'oeste;7;nenhuma;formatacao
PR;diamante d  oeste;diamante d oeste;Diamante D'oeste;2;espacos;formatacao
PR;diamante do norte;diamante do norte;Diamante do Norte;40;nenhuma;formatacao
PR;diamante do sul;diamante do sul;Diamante do Sul;2;nenhuma;formatacao
PR;doce grande;doce grande;Doce Grande;1;nenhuma;formatacao
PR;dois irmãos;dois irmaos;Dois Irmãos;1;acento;formatacao
PR;dois vizinhos;dois vizinhos;Dois Vizinhos;270;nenhuma;formatacao
PR;douradina;douradina;Douradina;51;nenhuma;formatacao
PR;doutor camargo;doutor camargo;Doutor Camargo;23;nenhuma;formatacao
PR;doutor oliveira castro;doutor oliveira castro;Doutor Oliveira Castro;2;nenhuma;formatacao
PR;doutor ulysses;doutor ulysses;Doutor Ulysses;11;nenhuma;formatacao
PR;encantado d'oeste;encantado d oeste;Encantado D'oeste;1;nenhuma;formatacao
PR;engenheiro beltrao;engenheiro beltrao;Engenheiro Beltrão;41;nenhuma;formatacao
PR;engenheiro beltrão;engenheiro beltrao;Engenheiro Beltrão;5;acento;formatacao
PR;entre rios do oeste;entre rios do oeste;Entre Rios do Oeste;26;nenhuma;formatacao
PR;eneas marques;eneas marques;Enéas Marques;27;nenhuma;formatacao
PR;enéas marques;eneas marques;Enéas Marques;3;acento;formatacao
PR;esperanca nova;esperanca nova;Esperanca Nova;3;nenhuma;formatacao
PR;espigao alto do iguacu;espigao alto do iguacu;Espigão Alto do Iguaçu;14;nenhuma;formatacao
PR;espigão alto do iguaçu;espigao alto do iguacu;Espigão Alto do Iguaçu;1;acento;formatacao
PR;farol;farol;Farol;8;nenhuma;formatacao
PR;faxinal;faxinal;Faxinal;91;nenhuma;formatacao
PR;fazenda rio grande;fazenda rio grande;Fazenda Rio Grande;390;nenhuma;formatacao
PR;fernandes pinheiro;fernandes pinheiro;Fernandes Pinheiro;6;nenhuma;formatacao
PR;figueira;figueira;Figueira;38;nenhuma;formatacao
PR;florai;florai;Floraí;27;nenhuma;formatacao
PR;floraí;florai;Floraí;4;acento;formatacao
PR;floresta;floresta;Floresta;23;nenhuma;formatacao
PR;florestopolis;florestopolis;Florestópolis;51;nenhuma;formatacao
PR;florestópolis;florestopolis;Florestópolis;7;acento;formatacao
PR;florida;florida;Florida;19;nenhuma;formatacao
PR;flor da serra do sul;flor da serra do sul;Flôr da Serra do Sul;25;nenhuma;formatacao
PR;flôr da serra do sul;flor da serra do sul;Flôr da Serra do Sul;2;acento;formatacao
PR;formosa do oeste;formosa do oeste;Formosa do Oeste;49;nenhuma;formatacao
PR;foz do iguacu;foz do iguacu;Foz do Iguaçu;1172;nenhuma;formatacao
PR;foz do iguaçu;foz do iguacu;Foz do Iguaçu;234;acento;formatacao
PR;foz do jordao;foz do jordao;Foz do Jordão;14;nenhuma;formatacao
PR;foz do jordão;foz do jordao;Foz do Jordão;3;acento;formatacao
PR;francisco alves;francisco alves;Francisco Alves;16;nenhuma;formatacao
PR;francisco beltrao;francisco beltrao;Francisco Beltrão;535;nenhuma;formatacao
PR;francisco beltrão;francisco beltrao;Francisco Beltrão;109;acento;formatacao
PR;fenix;fenix;Fênix;16;nenhuma;formatacao
PR;fênix;fenix;Fênix;3;acento;formatacao
PR;general carneiro;general carneiro;General Carneiro;43;nenhuma;formatacao
PR;godoy moreira;godoy moreira;Godoy Moreira;5;nenhuma;formatacao
PR;goioere;goioere;Goioerê;131;nenhuma;formatacao
PR;goioerê;goioere;Goioerê;21;acento;formatacao
PR;goioxim;goioxim;Goioxim;8;nenhuma;formatacao
PR;graciosa;graciosa;Graciosa;1;nenhuma;formatacao
PR;grandes rios;grandes rios;Grandes Rios;17;nenhuma;formatacao
PR;guaipora;guaipora;Guaipora;1;nenhuma;formatacao
PR;guairaca;guairaca;Guairaçá;40;nenhuma;formatacao
PR;guairaçá;guairaca;Guairaçá;5;acento;formatacao
PR;guamiranga;guamiranga;Guamiranga;20;nenhuma;formatacao
PR;guapirama;guapirama;Guapirama;22;nenhuma;formatacao
PR;guaporema;guaporema;Guaporema;5;nenhuma;formatacao
PR;guaraci;guaraci;Guaraci;15;nenhuma;formatacao
PR;guaraniacu;guaraniacu;Guaraniaçu;44;nenhuma;formatacao
PR;guaraniaçu;guaraniacu;Guaraniaçu;7;acento;formatacao
PR;guarapuava;guarapuava;Guarapuava;776;nenhuma;formatacao
PR;guaraquecaba;guaraquecaba;Guaraqueçaba;13;nenhuma;formatacao
PR;guaraqueçaba;guaraquecaba;Guaraqueçaba;3;acento;formatacao
PR;guaratuba;guaratuba;Guaratuba;225;nenhuma;formatacao
PR;guaira;guaira;Guaíra;113;nenhuma;formatacao
PR;guaíra;guaira;Guaíra;33;acento;formatacao
PR;harmonia;harmonia;Harmonia;3;nenhuma;formatacao
PR;honorio serpa;honorio serpa;Honório Serpa;17;nenhuma;formatacao
PR;honório serpa;honorio serpa;Honório Serpa;2;acento;formatacao
PR;ibaiti;ibaiti;Ibaiti;128;nenhuma;formatacao
PR;ibema;ibema;Ibema;17;nenhuma;formatacao
PR;ibipora;ibipora;Ibiporã;151;nenhuma;formatacao
PR;ibiporã;ibipora;Ibiporã;30;acento;formatacao
PR;icara;icara;Icara;2;nenhuma;formatacao
PR;icaraima;icaraima;Icaraíma;25;nenhuma;formatacao
PR;icaraíma;icaraima;Icaraíma;7;acento;formatacao
PR;iguaracu;iguaracu;Iguaraçu;14;nenhuma;formatacao
PR;iguaraçu;iguaracu;Iguaraçu;1;acento;formatacao
PR;iguatu;iguatu;Iguatu;11;nenhuma;formatacao
PR;ilha dos valadares;ilha dos valadares;Ilha dos Valadares;3;nenhuma;formatacao
PR;imbau;imbau;Imbaú;20;nenhuma;formatacao
PR;imbaú;imbau;Imbaú;4;acento;formatacao
PR;imbituva;imbituva;Imbituva;92;nenhuma;formatacao
PR;inaja;inaja;Inajá;11;nenhuma;formatacao
PR;inajá;inaja;Inajá;2;acento;formatacao
PR;indianopolis;indianopolis;Indianopolis;18;nenhuma;formatacao
PR;inacio martins;inacio martins;Inácio Martins;29;nenhuma;formatacao
PR;inácio martins;inacio martins;Inácio Martins;3;acento;formatacao
PR;ipiranga;ipiranga;Ipiranga;28;nenhuma;formatacao
PR;ipora;ipora;Iporã;49;nenhuma;formatacao
PR;iporã;ipora;Iporã;9;acento;formatacao
PR;iracema do oeste;iracema do oeste;Iracema do Oeste;9;nenhuma;formatacao
PR;irati;irati;Irati;265;nenhuma;formatacao
PR;iretama;iretama;Iretama;24;nenhuma;formatacao
PR;itaguaje;itaguaje;Itaguajé;17;nenhuma;formatacao
PR;itaguajé;itaguaje;Itaguajé;4;acento;formatacao
PR;itaipulandia;itaipulandia;Itaipulândia;63;nenhuma;formatacao
PR;itaipulândia;itaipulandia;Itaipulândia;12;acento;formatacao
PR;itambaraca;itambaraca;Itambaracá;20;nenhuma;formatacao
PR;itambaracá;itambaraca;Itambaracá;1;acento;formatacao
PR;itambe;itambe;Itambé;14;nenhuma;formatacao
PR;itambé;itambe;Itambé;6;acento;formatacao
PR;itapejara d'oeste;itapejara d oeste;Itapejara D'oeste;53;nenhuma;formatacao
PR;itapejara d  oeste;itapejara d oeste;Itapejara D'oeste;6;espacos;formatacao
PR;itaperucu;itaperucu;Itaperuçu;35;nenhuma;formatacao
PR;itaperuçu;itaperucu;Itaperuçu;9;acento;formatacao
PR;itauna do sul;itauna do sul;Itaúna do Sul;7;nenhuma;formatacao
PR;itaúna do sul;itauna do sul;Itaúna do Sul;2;acento;formatacao
PR;ivailandia;ivailandia;Ivailandia;1;nenhuma;formatacao
PR;ivaipora;ivaipora;Ivaiporã;109;nenhuma;formatacao
PR;ivaiporã;ivaipora;Ivaiporã;25;acento;formatacao
PR;ivatuba;ivatuba;Ivatuba;8;nenhuma;formatacao
PR;ivate;ivate;Ivaté;22;nenhuma;formatacao
PR;ivaté;ivate;Ivaté;3;acento;formatacao
PR;ivai;ivai;Ivaí;18;nenhuma;formatacao
PR;ivaí;ivai;Ivaí;6;acento;formatacao
PR;jaboti;jaboti;Jaboti;25;nenhuma;formatacao
PR;jacarezinho;jacarezinho;Jacarezinho;245;nenhuma;formatacao
PR;jaguapita;jaguapita;Jaguapitã;38;nenhuma;formatacao
PR;jaguapitã;jaguapita;Jaguapitã;11;acento;formatacao
PR;jaguariaiva;jaguariaiva;Jaguariaíva;158;nenhuma;formatacao
PR;jaguariaíva;jaguariaiva;Jaguariaíva;22;acento;formatacao
PR;jandaia do sul;jandaia do sul;Jandaia do Sul;84;nenhuma;formatacao
PR;jangada;jangada;Jangada;1;nenhuma;formatacao
PR;janiopolis;janiopolis;Janiópolis;19;nenhuma;formatacao
PR;janiópolis;janiopolis;Janiópolis;2;acento;formatacao
PR;japira;japira;Japira;25;nenhuma;formatacao
PR;japura;japura;Japurá;28;nenhuma;formatacao
PR;japurá;japura;Japurá;4;acento;formatacao
PR;jardim alegre;jardim alegre;Jardim Alegre;51;nenhuma;formatacao
PR;jardim olinda;jardim olinda;Jardim Olinda;5;nenhuma;formatacao
PR;jataizinho;jataizinho;Jataizinho;22;nenhuma;formatacao
PR;jesuitas;jesuitas;Jesuítas;31;nenhuma;formatacao
PR;jesuítas;jesuitas;Jesuítas;8;acento;formatacao
PR;joaquim tavora;joaquim tavora;Joaquim Távora;76;nenhuma;formatacao
PR;joaquim távora;joaquim tavora;Joaquim Távora;10;acento;formatacao
PR;jundiai do sul;jundiai do sul;Jundiaí do Sul;15;nenhuma;formatacao
PR;jundiaí do sul;jundiai do sul;Jundiaí do Sul;3;acento;formatacao
PR;juranda;juranda;Juranda;36;nenhuma;formatacao
PR;jussara;jussara;Jussara;32;nenhuma;formatacao
PR;kalore;kalore;Kaloré;18;nenhuma;formatacao
PR;kaloré;kalore;Kaloré;3;acento;formatacao
PR;lapa;lapa;Lapa;160;nenhuma;formatacao
PR;laranjal;laranjal;Laranjal;9;nenhuma;formatacao
PR;laranjeiras do sul;laranjeiras do sul;Laranjeiras do Sul;214;nenhuma;formatacao
PR;leopolis;leopolis;Leópolis;8;nenhuma;formatacao
PR;leópolis;leopolis;Leópolis;1;acento;formatacao
PR;lidianopolis;lidianopolis;Lidianopolis;6;nenhuma;formatacao
PR;lindoeste;lindoeste;Lindoeste;15;nenhuma;formatacao
PR;loanda;loanda;Loanda;135;nenhuma;formatacao
PR;lobato;lobato;Lobato;37;nenhuma;formatacao
PR;londrina;londrina;Londrina;3475;nenhuma;formatacao
PR;luar;luar;Luar;2;nenhuma;formatacao
PR;luiziana;luiziana;Luiziana;20;nenhuma;formatacao
PR;lunardelli;lunardelli;Lunardelli;17;nenhuma;formatacao
PR;lupionopolis;lupionopolis;Lupionópolis;23;nenhuma;formatacao
PR;lupionópolis;lupionopolis;Lupionópolis;4;acento;formatacao
PR;mallet;mallet;Mallet;68;nenhuma;formatacao
PR;mambore;mambore;Mamborê;69;nenhuma;formatacao
PR;mamborê;mambore;Mamborê;15;acento;formatacao
PR;mandaguari;mandaguari;Mandaguari;206;nenhuma;formatacao
PR;mandaguacu;mandaguacu;Mandaguaçu;88;nenhuma;formatacao
PR;mandaguaçu;mandaguacu;Mandaguaçu;20;acento;formatacao
PR;mandirituba;mandirituba;Mandirituba;41;nenhuma;formatacao
PR;manfrinopolis;manfrinopolis;Manfrinopolis;5;nenhuma;formatacao
PR;mangueirinha;mangueirinha;Mangueirinha;81;nenhuma;formatacao
PR;manoel ribas;manoel ribas;Manoel Ribas;62;nenhuma;formatacao
PR;marechal candido rondon;marechal candido rondon;Marechal Cândido Rondon;306;nenhuma;formatacao
PR;marechal cândido rondon;marechal candido rondon;Marechal Cândido Rondon;47;acento;formatacao
PR;maria helena;maria helena;Maria Helena;11;nenhuma;formatacao
PR;marialva;marialva;Marialva;154;nenhuma;formatacao
PR;mariental;mariental;Mariental;2;nenhuma;formatacao
PR;marilena;marilena;Marilena;19;nenhuma;formatacao
PR;mariluz;mariluz;Mariluz;33;nenhuma;formatacao
PR;marilandia do sul;marilandia do sul;Marilândia do Sul;23;nenhuma;formatacao
PR;marilândia do sul;marilandia do sul;Marilândia do Sul;7;acento;formatacao
PR;maringa;maringa;Maringá;2825;nenhuma;formatacao
PR;maringá;maringa;Maringá;406;acento;formatacao
PR;maripa;maripa;Maripá;31;nenhuma;formatacao
PR;maripá;maripa;Maripá;8;acento;formatacao
PR;mariopolis;mariopolis;Mariópolis;23;nenhuma;formatacao
PR;mariópolis;mariopolis;Mariópolis;6;acento;formatacao
PR;marmeleiro;marmeleiro;Marmeleiro;75;nenhuma;formatacao
PR;marquinho;marquinho;Marquinho;12;nenhuma;formatacao
PR;marumbi;marumbi;Marumbi;24;nenhuma;formatacao
PR;matelandia;matelandia;Matelândia;63;nenhuma;formatacao
PR;matelândia;matelandia;Matelândia;14;acento;formatacao
PR;matinhos;matinhos;Matinhos;262;nenhuma;formatacao
PR;mato rico;mato rico;Mato Rico;9;nenhuma;formatacao
PR;maua da serra;maua da serra;Mauá da Serra;32;nenhuma;formatacao
PR;mauá da serra;maua da serra;Mauá da Serra;4;acento;formatacao
PR;medianeira;medianeira;Medianeira;301;nenhuma;formatacao
PR;mercedes;mercedes;Mercedes;26;nenhuma;formatacao
PR;mirador;mirador;Mirador;3;nenhuma;formatacao
PR;miraselva;miraselva;Miraselva;5;nenhuma;formatacao
PR;missal;missal;Missal;70;nenhuma;formatacao
PR;moreira sales;moreira sales;Moreira Sales;35;nenhuma;formatacao
PR;morretes;morretes;Morretes;63;nenhuma;formatacao
PR;munhoz de melo;munhoz de melo;Munhoz de Melo;24;nenhuma;formatacao
PR;nossa senhora das gracas;nossa senhora das gracas;Nossa Senhora das Graças;18;nenhuma;formatacao
PR;nossa senhora das graças;nossa senhora das gracas;Nossa Senhora das Graças;2;acento;formatacao
PR;nova alianca do ivai;nova alianca do ivai;Nova Aliança do Ivaí;1;nenhuma;formatacao
PR;nova aliança do ivaí;nova alianca do ivai;Nova Aliança do Ivaí;1;acento;formatacao
PR;nova america da colina;nova america da colina;Nova América da Colina;12;nenhuma;formatacao
PR;nova américa da colina;nova america da colina;Nova América da Colina;1;acento;formatacao
PR;nova aurora;nova aurora;Nova Aurora;72;nenhuma;formatacao
PR;nova cantu;nova cantu;Nova Cantu;31;nenhuma;formatacao
PR;nova esperanca;nova esperanca;Nova Esperança;106;nenhuma;formatacao
PR;nova esperança;nova esperanca;Nova Esperança;18;acento;formatacao
PR;nova esperanca do sudoeste;nova esperanca do sudoeste;Nova Esperança do Sudoeste;16;nenhuma;formatacao
PR;nova esperança do sudoeste;nova esperanca do sudoeste;Nova Esperança do Sudoeste;3;acento;formatacao
PR;nova fatima;nova fatima;Nova Fátima;37;nenhuma;formatacao
PR;nova fátima;nova fatima;Nova Fátima;4;acento;formatacao
PR;nova laranjeiras;nova laranjeiras;Nova Laranjeiras;27;nenhuma;formatacao
PR;nova londrina;nova londrina;Nova Londrina;94;nenhuma;formatacao
PR;nova olimpia;nova olimpia;Nova Olímpia;12;nenhuma;formatacao
PR;nova olímpia;nova olimpia;Nova Olímpia;1;acento;formatacao
PR;nova prata do iguacu;nova prata do iguacu;Nova Prata do Iguaçu;50;nenhuma;formatacao
PR;nova prata do iguaçu;nova prata do iguacu;Nova Prata do Iguaçu;8;acento;formatacao
PR;nova santa barbara;nova santa barbara;Nova Santa Bárbara;21;nenhuma;formatacao
PR;nova santa bárbara;nova santa barbara;Nova Santa Bárbara;4;acento;formatacao
PR;nova santa rosa;nova santa rosa;Nova Santa Rosa;73;nenhuma;formatacao
PR;nova tebas;nova tebas;Nova Tebas;12;nenhuma;formatacao
PR;novo itacolomi;novo itacolomi;Novo Itacolomi;8;nenhuma;formatacao
PR;novo sarandi;novo sarandi;Novo Sarandi;7;nenhuma;formatacao
PR;novo sobradinho;novo sobradinho;Novo Sobradinho;1;nenhuma;formatacao
PR;ortigueira;ortigueira;Ortigueira;59;nenhuma;formatacao
PR;ourizona;ourizona;Ourizona;21;nenhuma;formatacao
PR;ouro verde do oeste;ouro verde do oeste;Ouro Verde do Oeste;32;nenhuma;formatacao
PR;ouro verde do piquiri;ouro verde do piquiri;Ouro Verde do Piquiri;5;nenhuma;formatacao
PR;paincandu;paincandu;Paincandu;1;nenhuma;formatacao
PR;paiquere;paiquere;Paiquere;1;nenhuma;formatacao
PR;paicandu;paicandu;Paiçandu;104;nenhuma;formatacao
PR;paiçandu;paicandu;Paiçandu;20;acento;formatacao
PR;palmas;palmas;Palmas;211;nenhuma;formatacao
PR;palmeira;palmeira;Palmeira;127;nenhuma;formatacao
PR;palmeirinha;palmeirinha;Palmeirinha;2;nenhuma;formatacao
PR;palmital;palmital;Palmital;43;nenhuma;formatacao
PR;palotina;palotina;Palotina;206;nenhuma;formatacao
PR;panema;panema;Panema;2;nenhuma;formatacao
PR;parana;parana;Parana;1;nenhuma;formatacao
PR;paranacity;paranacity;Paranacity;36;nenhuma;formatacao
PR;paranagua;paranagua;Paranaguá;618;nenhuma;formatacao
PR;paranaguá;paranagua;Paranaguá;108;acento;formatacao
PR;paranapoema;paranapoema;Paranapoema;4;nenhuma;formatacao
PR;paranavai;paranavai;Paranavaí;343;nenhuma;formatacao
PR;paranavaí;paranavai;Paranavaí;68;acento;formatacao
PR;paraná d'oeste;parana d oeste;Paraná D'oeste;1;acento;formatacao
PR;paraiso do norte;paraiso do norte;Paraíso do Norte;69;nenhuma;formatacao
PR;paraíso do norte;paraiso do norte;Paraíso do Norte;8;acento;formatacao
PR;pato bragado;pato bragado;Pato Bragado;28;nenhuma;formatacao
PR;pato branco;pato branco;Pato Branco;703;nenhuma;formatacao
PR;paula freitas;paula freitas;Paula Freitas;14;nenhuma;formatacao
PR;paulo frontin;paulo frontin;Paulo Frontin;50;nenhuma;formatacao
PR;peabiru;peabiru;Peabiru;79;nenhuma;formatacao
PR;perobal;perobal;Perobal;20;nenhuma;formatacao
PR;perola doeste;perola doeste;Perola Doeste;2;nenhuma;formatacao
PR;perola independente;perola independente;Perola Independente;1;nenhuma;formatacao
PR;pinhais;pinhais;Pinhais;813;nenhuma;formatacao
PR;pinhais/pr;pinhais;Pinhais;1;sufixo-uf;estrutural
PR;pinhal de sao bento;pinhal de sao bento;Pinhal de Sao Bento;2;nenhuma;formatacao
PR;pinhalao;pinhalao;Pinhalão;39;nenhuma;formatacao
PR;pinhalão;pinhalao;Pinhalão;5;acento;formatacao
PR;pinhao;pinhao;Pinhão;76;nenhuma;formatacao
PR;pinhão;pinhao;Pinhão;10;acento;formatacao
PR;pirapo;pirapo;Pirapo;9;nenhuma;formatacao
PR;piraquara;piraquara;Piraquara;276;nenhuma;formatacao
PR;pirai do sul;pirai do sul;Piraí do Sul;94;nenhuma;formatacao
PR;piraí do sul;pirai do sul;Piraí do Sul;15;acento;formatacao
PR;pitanga;pitanga;Pitanga;154;nenhuma;formatacao
PR;pitangueiras;pitangueiras;Pitangueiras;8;nenhuma;formatacao
PR;pien;pien;Piên;27;nenhuma;formatacao
PR;piên;pien;Piên;7;acento;formatacao
PR;planaltina do parana;planaltina do parana;Planaltina do Paraná;24;nenhuma;formatacao
PR;planaltina do paraná;planaltina do parana;Planaltina do Paraná;1;acento;formatacao
PR;planalto;planalto;Planalto;38;nenhuma;formatacao
PR;ponta grossa;ponta grossa;Ponta Grossa;1626;nenhuma;formatacao
PR;pontal do parana;pontal do parana;Pontal do Paraná;136;nenhuma;formatacao
PR;pontal do paraná;pontal do parana;Pontal do Paraná;30;acento;formatacao
PR;porecatu;porecatu;Porecatu;92;nenhuma;formatacao
PR;porto amazonas;porto amazonas;Porto Amazonas;31;nenhuma;formatacao
PR;porto barreiro;porto barreiro;Porto Barreiro;7;nenhuma;formatacao
PR;porto mendes;porto mendes;Porto Mendes;2;nenhuma;formatacao
PR;porto rico;porto rico;Porto Rico;13;nenhuma;formatacao
PR;porto sao jose;porto sao jose;Porto Sao Jose;2;nenhuma;formatacao
PR;porto vitoria;porto vitoria;Porto Vitória;7;nenhuma;formatacao
PR;porto vitória;porto vitoria;Porto Vitória;3;acento;formatacao
PR;porto de cima;porto de cima;Porto de Cima;1;nenhuma;formatacao
PR;prado ferreira;prado ferreira;Prado Ferreira;12;nenhuma;formatacao
PR;pranchita;pranchita;Pranchita;22;nenhuma;formatacao
PR;presidente castelo branco;presidente castelo branco;Presidente Castelo Branco;18;nenhuma;formatacao
PR;primeiro de maio;primeiro de maio;Primeiro de Maio;72;nenhuma;formatacao
PR;prudentopolis;prudentopolis;Prudentópolis;127;nenhuma;formatacao
PR;prudentópolis;prudentopolis;Prudentópolis;16;acento;formatacao
PR;pulinopolis;pulinopolis;Pulinopolis;1;nenhuma;formatacao
PR;perola;perola;Pérola;26;nenhuma;formatacao
PR;pérola;perola;Pérola;7;acento;formatacao
PR;perola d'oeste;perola d oeste;Pérola D'oeste;18;nenhuma;formatacao
PR;pérola d'oeste;perola d oeste;Pérola D'oeste;10;acento;formatacao
PR;quarto centenario;quarto centenario;Quarto Centenário;5;nenhuma;formatacao
PR;quarto centenário;quarto centenario;Quarto Centenário;3;acento;formatacao
PR;quatigua;quatigua;Quatiguá;54;nenhuma;formatacao
PR;quatiguá;quatigua;Quatiguá;10;acento;formatacao
PR;quatro barras;quatro barras;Quatro Barras;117;nenhuma;formatacao
PR;quatro pontes;quatro pontes;Quatro Pontes;23;nenhuma;formatacao
PR;quedas do iguacu;quedas do iguacu;Quedas do Iguaçu;151;nenhuma;formatacao
PR;quedas do iguaçu;quedas do iguacu;Quedas do Iguaçu;12;acento;formatacao
PR;querencia do norte;querencia do norte;Querência do Norte;33;nenhuma;formatacao
PR;querência do norte;querencia do norte;Querência do Norte;11;acento;formatacao
PR;quinta do sol;quinta do sol;Quinta do Sol;28;nenhuma;formatacao
PR;quitandinha;quitandinha;Quitandinha;46;nenhuma;formatacao
PR;ramilandia;ramilandia;Ramilândia;1;nenhuma;formatacao
PR;ramilândia;ramilandia;Ramilândia;1;acento;formatacao
PR;rancho alegre;rancho alegre;Rancho Alegre;11;nenhuma;formatacao
PR;rancho alegre d'oeste;rancho alegre d oeste;Rancho Alegre D'oeste;13;nenhuma;formatacao
PR;rancho alegre d  oeste;rancho alegre d oeste;Rancho Alegre D'oeste;1;espacos;formatacao
PR;realeza;realeza;Realeza;96;nenhuma;formatacao
PR;reboucas;reboucas;Rebouças;55;nenhuma;formatacao
PR;rebouças;reboucas;Rebouças;12;acento;formatacao
PR;renascenca;renascenca;Renascença;42;nenhuma;formatacao
PR;renascença;renascenca;Renascença;2;acento;formatacao
PR;reserva;reserva;Reserva;77;nenhuma;formatacao
PR;reserva do iguacu;reserva do iguacu;Reserva do Iguaçu;15;nenhuma;formatacao
PR;reserva do iguaçu;reserva do iguacu;Reserva do Iguaçu;2;acento;formatacao
PR;ribeirao claro;ribeirao claro;Ribeirão Claro;52;nenhuma;formatacao
PR;ribeirão claro;ribeirao claro;Ribeirão Claro;7;acento;formatacao
PR;ribeirao do pinhal;ribeirao do pinhal;Ribeirão do Pinhal;59;nenhuma;formatacao
PR;ribeirão do pinhal;ribeirao do pinhal;Ribeirão do Pinhal;9;acento;formatacao
PR;rio azul;rio azul;Rio Azul;48;nenhuma;formatacao
PR;rio bom;rio bom;Rio Bom;7;nenhuma;formatacao
PR;rio bonito;rio bonito;Rio Bonito;1;nenhuma;formatacao
PR;rio bonito do iguacu;rio bonito do iguacu;Rio Bonito do Iguaçu;19;nenhuma;formatacao
PR;rio bonito do iguaçu;rio bonito do iguacu;Rio Bonito do Iguaçu;3;acento;formatacao
PR;rio branco do ivai;rio branco do ivai;Rio Branco do Ivaí;7;nenhuma;formatacao
PR;rio branco do ivaí;rio branco do ivai;Rio Branco do Ivaí;1;acento;formatacao
PR;rio branco do sul;rio branco do sul;Rio Branco do Sul;78;nenhuma;formatacao
PR;rio negro;rio negro;Rio Negro;184;nenhuma;formatacao
PR;rio verde;rio verde;Rio Verde;2;nenhuma;formatacao
PR;rio do salto;rio do salto;Rio do Salto;1;nenhuma;formatacao
PR;rolandia;rolandia;Rolândia;236;nenhuma;formatacao
PR;rolândia;rolandia;Rolândia;36;acento;formatacao
PR;roncador;roncador;Roncador;39;nenhuma;formatacao
PR;rondon;rondon;Rondon;43;nenhuma;formatacao
PR;rosario do ivai;rosario do ivai;Rosário do Ivaí;18;nenhuma;formatacao
PR;rosário do ivaí;rosario do ivai;Rosário do Ivaí;2;acento;formatacao
PR;sabaudia;sabaudia;Sabáudia;18;nenhuma;formatacao
PR;sabáudia;sabaudia;Sabáudia;3;acento;formatacao
PR;salgado filho;salgado filho;Salgado Filho;22;nenhuma;formatacao
PR;salto do itarare;salto do itarare;Salto do Itararé;23;nenhuma;formatacao
PR;salto do itararé;salto do itarare;Salto do Itararé;8;acento;formatacao
PR;salto do lontra;salto do lontra;Salto do Lontra;72;nenhuma;formatacao
PR;santa amelia;santa amelia;Santa Amélia;12;nenhuma;formatacao
PR;santa amélia;santa amelia;Santa Amélia;1;acento;formatacao
PR;santa cecilia do pavao;santa cecilia do pavao;Santa Cecília do Pavão;16;nenhuma;formatacao
PR;santa cecília do pavão;santa cecilia do pavao;Santa Cecília do Pavão;1;acento;formatacao
PR;santa cruz de monte castelo;santa cruz de monte castelo;Santa Cruz de Monte Castelo;37;nenhuma;formatacao
PR;santa eliza;santa eliza;Santa Eliza;3;nenhuma;formatacao
PR;santa fe;santa fe;Santa Fé;60;nenhuma;formatacao
PR;santa fé;santa fe;Santa Fé;12;acento;formatacao
PR;santa helena;santa helena;Santa Helena;119;nenhuma;formatacao
PR;santa inês;santa ines;Santa Inês;5;acento;formatacao
PR;santa ines;santa ines;Santa Inês;3;nenhuma;formatacao
PR;santa isabel do ivai;santa isabel do ivai;Santa Isabel do Ivaí;37;nenhuma;formatacao
PR;santa isabel do ivaí;santa isabel do ivai;Santa Isabel do Ivaí;3;acento;formatacao
PR;santa izabel do oeste;santa izabel do oeste;Santa Izabel do Oeste;39;nenhuma;formatacao
PR;santa lucia;santa lucia;Santa Lúcia;6;nenhuma;formatacao
PR;santa lúcia;santa lucia;Santa Lúcia;5;acento;formatacao
PR;santa margarida;santa margarida;Santa Margarida;1;nenhuma;formatacao
PR;santa maria do oeste;santa maria do oeste;Santa Maria do Oeste;15;nenhuma;formatacao
PR;santa mariana;santa mariana;Santa Mariana;53;nenhuma;formatacao
PR;santa monica;santa monica;Santa Mônica;9;nenhuma;formatacao
PR;santa mônica;santa monica;Santa Mônica;4;acento;formatacao
PR;santa rita do oeste;santa rita do oeste;Santa Rita do Oeste;3;nenhuma;formatacao
PR;santa tereza do oeste;santa tereza do oeste;Santa Tereza do Oeste;27;nenhuma;formatacao
PR;santa terezinha de itaipu;santa terezinha de itaipu;Santa Terezinha de Itaipu;97;nenhuma;formatacao
PR;santa zelia;santa zelia;Santa Zelia;2;nenhuma;formatacao
PR;santana;santana;Santana;1;nenhuma;formatacao
PR;santana do itarare;santana do itarare;Santana do Itararé;13;nenhuma;formatacao
PR;santana do itararé;santana do itarare;Santana do Itararé;5;acento;formatacao
PR;santo antonio do paraiso;santo antonio do paraiso;Santo Antonio do Paraiso;9;nenhuma;formatacao
PR;santo antonio da platina;santo antonio da platina;Santo Antônio da Platina;167;nenhuma;formatacao
PR;santo antônio da platina;santo antonio da platina;Santo Antônio da Platina;37;acento;formatacao
PR;santo antonio do caiua;santo antonio do caiua;Santo Antônio do Caiuá;9;nenhuma;formatacao
PR;santo antônio do caiuá;santo antonio do caiua;Santo Antônio do Caiuá;1;acento;formatacao
PR;santo antonio do sudoeste;santo antonio do sudoeste;Santo Antônio do Sudoeste;80;nenhuma;formatacao
PR;santo antônio do sudoeste;santo antonio do sudoeste;Santo Antônio do Sudoeste;6;acento;formatacao
PR;santo inacio;santo inacio;Santo Inácio;14;nenhuma;formatacao
PR;santo inácio;santo inacio;Santo Inácio;7;acento;formatacao
PR;sao clemente;sao clemente;Sao Clemente;1;nenhuma;formatacao
PR;sao jorge doeste;sao jorge doeste;Sao Jorge Doeste;3;nenhuma;formatacao
PR;sao jorge do oeste;sao jorge do oeste;Sao Jorge do Oeste;5;nenhuma;formatacao
PR;sao jose do itavo;sao jose do itavo;Sao Jose do Itavo;1;nenhuma;formatacao
PR;sao jose do ivai;sao jose do ivai;Sao Jose do Ivai;1;nenhuma;formatacao
PR;sao jose dos pinhas;sao jose dos pinhas;Sao Jose dos Pinhas;1;nenhuma;formatacao
PR;sao miguel do cambui;sao miguel do cambui;Sao Miguel do Cambui;1;nenhuma;formatacao
PR;sao roque do chopim;sao roque do chopim;Sao Roque do Chopim;1;nenhuma;formatacao
PR;sao silvestre;sao silvestre;Sao Silvestre;1;nenhuma;formatacao
PR;sapopema;sapopema;Sapopema;14;nenhuma;formatacao
PR;sarandi;sarandi;Sarandi;242;nenhuma;formatacao
PR;saudade do iguacu;saudade do iguacu;Saudade do Iguaçu;27;nenhuma;formatacao
PR;saudade do iguaçu;saudade do iguacu;Saudade do Iguaçu;6;acento;formatacao
PR;sede alvorada;sede alvorada;Sede Alvorada;3;nenhuma;formatacao
PR;senges;senges;Sengés;48;nenhuma;formatacao
PR;sengés;senges;Sengés;16;acento;formatacao
PR;serra dos dourados;serra dos dourados;Serra dos Dourados;2;nenhuma;formatacao
PR;serranopolis do iguacu;serranopolis do iguacu;Serranópolis do Iguaçu;17;nenhuma;formatacao
PR;serranópolis do iguaçu;serranopolis do iguacu;Serranópolis do Iguaçu;2;acento;formatacao
PR;sertaneja;sertaneja;Sertaneja;32;nenhuma;formatacao
PR;sertanopolis;sertanopolis;Sertanópolis;71;nenhuma;formatacao
PR;sertanópolis;sertanopolis;Sertanópolis;14;acento;formatacao
PR;siqueira campos;siqueira campos;Siqueira Campos;108;nenhuma;formatacao
PR;socavao;socavao;Socavao;1;nenhuma;formatacao
PR;sulina;sulina;Sulina;14;nenhuma;formatacao
PR;são camilo;sao camilo;São Camilo;1;acento;formatacao
PR;sao carlos do ivai;sao carlos do ivai;São Carlos do Ivaí;34;nenhuma;formatacao
PR;são carlos do ivaí;sao carlos do ivai;São Carlos do Ivaí;11;acento;formatacao
PR;sao jeronimo da serra;sao jeronimo da serra;São Jerônimo da Serra;19;nenhuma;formatacao
PR;são jerônimo da serra;sao jeronimo da serra;São Jerônimo da Serra;2;acento;formatacao
PR;sao jorge d'oeste;sao jorge d oeste;São Jorge D'oeste;31;nenhuma;formatacao
PR;são jorge d'oeste;sao jorge d oeste;São Jorge D'oeste;6;acento;formatacao
PR;sao jorge do ivai;sao jorge do ivai;São Jorge do Ivaí;27;nenhuma;formatacao
PR;são jorge do ivaí;sao jorge do ivai;São Jorge do Ivaí;4;acento;formatacao
PR;sao jorge do patrocinio;sao jorge do patrocinio;São Jorge do Patrocínio;22;nenhuma;formatacao
PR;são jorge do patrocínio;sao jorge do patrocinio;São Jorge do Patrocínio;2;acento;formatacao
PR;sao jose da boa vista;sao jose da boa vista;São José da Boa Vista;13;nenhuma;formatacao
PR;são josé da boa vista;sao jose da boa vista;São José da Boa Vista;6;acento;formatacao
PR;sao jose das palmeiras;sao jose das palmeiras;São José das Palmeiras;3;nenhuma;formatacao
PR;são josé das palmeiras;sao jose das palmeiras;São José das Palmeiras;1;acento;formatacao
PR;sao jose dos pinhais;sao jose dos pinhais;São José dos Pinhais;1348;nenhuma;formatacao
PR;são josé dos pinhais;sao jose dos pinhais;São José dos Pinhais;254;acento;formatacao
PR;sao  jose dos pinhais;sao jose dos pinhais;São José dos Pinhais;1;espacos;formatacao
PR;sao joao;sao joao;São João;72;nenhuma;formatacao
PR;são joão;sao joao;São João;15;acento;formatacao
PR;sao joao do caiua;sao joao do caiua;São João do Caiuá;19;nenhuma;formatacao
PR;são joão do caiuá;sao joao do caiua;São João do Caiuá;3;acento;formatacao
PR;sao joao do ivai;sao joao do ivai;São João do Ivaí;32;nenhuma;formatacao
PR;são joão do ivaí;sao joao do ivai;São João do Ivaí;1;acento;formatacao
PR;sao joao do triunfo;sao joao do triunfo;São João do Triunfo;30;nenhuma;formatacao
PR;são joão do triunfo;sao joao do triunfo;São João do Triunfo;7;acento;formatacao
PR;sao manoel do parana;sao manoel do parana;São Manoel do Paraná;6;nenhuma;formatacao
PR;são manoel do paraná;sao manoel do parana;São Manoel do Paraná;2;acento;formatacao
PR;sao martinho;sao martinho;São Martinho;2;nenhuma;formatacao
PR;são martinho;sao martinho;São Martinho;1;acento;formatacao
PR;sao mateus do sul;sao mateus do sul;São Mateus do Sul;190;nenhuma;formatacao
PR;são mateus do sul;sao mateus do sul;São Mateus do Sul;27;acento;formatacao
PR;sao miguel do iguacu;sao miguel do iguacu;São Miguel do Iguaçu;109;nenhuma;formatacao
PR;são miguel do iguaçu;sao miguel do iguacu;São Miguel do Iguaçu;9;acento;formatacao
PR;sao pedro do iguacu;sao pedro do iguacu;São Pedro do Iguaçu;11;nenhuma;formatacao
PR;são pedro do iguaçu;sao pedro do iguacu;São Pedro do Iguaçu;2;acento;formatacao
PR;sao pedro do ivai;sao pedro do ivai;São Pedro do Ivaí;60;nenhuma;formatacao
PR;são pedro do ivaí;sao pedro do ivai;São Pedro do Ivaí;5;acento;formatacao
PR;sao pedro do parana;sao pedro do parana;São Pedro do Paraná;7;nenhuma;formatacao
PR;são pedro do paraná;sao pedro do parana;São Pedro do Paraná;5;acento;formatacao
PR;sao sebastiao da amoreira;sao sebastiao da amoreira;São Sebastião da Amoreira;27;nenhuma;formatacao
PR;são sebastião da amoreira;sao sebastiao da amoreira;São Sebastião da Amoreira;5;acento;formatacao
PR;sao tome;sao tome;São Tomé;14;nenhuma;formatacao
PR;são tomé;sao tome;São Tomé;2;acento;formatacao
PR;tamarana;tamarana;Tamarana;33;nenhuma;formatacao
PR;tamboara;tamboara;Tamboara;20;nenhuma;formatacao
PR;tapejara;tapejara;Tapejara;48;nenhuma;formatacao
PR;tapira;tapira;Tapira;15;nenhuma;formatacao
PR;teixeira soares;teixeira soares;Teixeira Soares;25;nenhuma;formatacao
PR;telemaco borba;telemaco borba;Telêmaco Borba;443;nenhuma;formatacao
PR;telêmaco borba;telemaco borba;Telêmaco Borba;80;acento;formatacao
PR;terra boa;terra boa;Terra Boa;62;nenhuma;formatacao
PR;terra rica;terra rica;Terra Rica;102;nenhuma;formatacao
PR;terra roxa;terra roxa;Terra Roxa;68;nenhuma;formatacao
PR;tibagi;tibagi;Tibagi;49;nenhuma;formatacao
PR;tijucas do sul;tijucas do sul;Tijucas do Sul;23;nenhuma;formatacao
PR;toledo;toledo;Toledo;796;nenhuma;formatacao
PR;tomazina;tomazina;Tomazina;42;nenhuma;formatacao
PR;tres barras do parana;tres barras do parana;Três Barras do Paraná;21;nenhuma;formatacao
PR;três barras do paraná;tres barras do parana;Três Barras do Paraná;6;acento;formatacao
PR;tunas do parana;tunas do parana;Tunas do Paraná;15;nenhuma;formatacao
PR;tunas do paraná;tunas do parana;Tunas do Paraná;1;acento;formatacao
PR;tuneiras do oeste;tuneiras do oeste;Tuneiras do Oeste;26;nenhuma;formatacao
PR;tupassi;tupassi;Tupãssi;27;nenhuma;formatacao
PR;tupãssi;tupassi;Tupãssi;11;acento;formatacao
PR;turvo;turvo;Turvo;34;nenhuma;formatacao
PR;ubauna;ubauna;Ubauna;1;nenhuma;formatacao
PR;ubirata;ubirata;Ubiratã;98;nenhuma;formatacao
PR;ubiratã;ubirata;Ubiratã;23;acento;formatacao
PR;umuarama;umuarama;Umuarama;545;nenhuma;formatacao
PR;uniflor;uniflor;Uniflor;15;nenhuma;formatacao
PR;uniao da vitoria;uniao da vitoria;União da Vitória;338;nenhuma;formatacao
PR;união da vitória;uniao da vitoria;União da Vitória;44;acento;formatacao
PR;urai;urai;Uraí;51;nenhuma;formatacao
PR;uraí;urai;Uraí;8;acento;formatacao
PR;vendas@creditparts.com.br;vendas@creditparts com br;Vendas@creditparts.com.br;1;nenhuma;formatacao
PR;ventania;ventania;Ventania;38;nenhuma;formatacao
PR;vera cruz do oeste;vera cruz do oeste;Vera Cruz do Oeste;38;nenhuma;formatacao
PR;vere;vere;Verê;25;nenhuma;formatacao
PR;verê;vere;Verê;3;acento;formatacao
PR;vidigal;vidigal;Vidigal;2;nenhuma;formatacao
PR;vila nova;vila nova;Vila Nova;11;nenhuma;formatacao
PR;vila reis;vila reis;Vila Reis;4;nenhuma;formatacao
PR;virmond;virmond;Virmond;8;nenhuma;formatacao
PR;vitoria;vitoria;Vitoria;8;nenhuma;formatacao
PR;vitorino;vitorino;Vitorino;22;nenhuma;formatacao
PR;wenceslau braz;wenceslau braz;Wenceslau Braz;98;nenhuma;formatacao
PR;xambre;xambre;Xambrê;16;nenhuma;formatacao
PR;xambrê;xambre;Xambrê;3;acento;formatacao
PR;água boa;agua boa;Água Boa;1;acento;formatacao
PR;angulo;angulo;Ângulo;12;nenhuma;formatacao
PR;ângulo;angulo;Ângulo;4;acento;formatacao
RJ;04482255;04482255;04482255;1;nenhuma;nenhuma
RJ;afonso arinos;afonso arinos;Afonso Arinos;1;nenhuma;formatacao
RJ;andrade pinto;andrade pinto;Andrade Pinto;8;nenhuma;formatacao
RJ;angra dos reis;angra dos reis;Angra dos Reis;1173;nenhuma;formatacao
RJ;angra dos reis rj;angra dos reis;Angra dos Reis;1;sufixo-uf;estrutural
RJ;anta;anta;Anta;8;nenhuma;formatacao
RJ;aperibe;aperibe;Aperibé;101;nenhuma;formatacao
RJ;aperibé;aperibe;Aperibé;10;acento;formatacao
RJ;araruama;araruama;Araruama;822;nenhuma;formatacao
RJ;areal;areal;Areal;93;nenhuma;formatacao
RJ;armacao de buzios;armacao de buzios;Armacao de Buzios;39;nenhuma;formatacao
RJ;armacao dos buzios;armacao dos buzios;Armação dos Búzios;251;nenhuma;formatacao
RJ;armação dos búzios;armacao dos buzios;Armação dos Búzios;109;acento;formatacao
RJ;arraial do cabo;arraial do cabo;Arraial do Cabo;323;nenhuma;formatacao
RJ;...arraial do cabo;arraial do cabo;Arraial do Cabo;1;nenhuma;formatacao
RJ;arrozal;arrozal;Arrozal;12;nenhuma;formatacao
RJ;avelar;avelar;Avelar;33;nenhuma;formatacao
RJ;bacaxa;bacaxa;Bacaxa;19;nenhuma;formatacao
RJ;bacaxa (saquarema) - distrito;bacaxa (saquarema) distrito;Bacaxa (saquarema) - Distrito;1;sufixo-uf;formatacao
RJ;banquete;banquete;Banquete;1;nenhuma;formatacao
RJ;barcelos;barcelos;Barcelos;7;nenhuma;formatacao
RJ;barra mansa;barra mansa;Barra Mansa;1333;nenhuma;formatacao
RJ;barra de sao joao;barra de sao joao;Barra de São João;101;nenhuma;formatacao
RJ;barra de são joão;barra de sao joao;Barra de São João;16;acento;formatacao
RJ;barra do pirai;barra do pirai;Barra do Piraí;385;nenhuma;formatacao
RJ;barra do piraí;barra do pirai;Barra do Piraí;61;acento;formatacao
RJ;barao de juparana;barao de juparana;Barão de Juparana;12;nenhuma;formatacao
RJ;barão de juparana;barao de juparana;Barão de Juparana;3;acento;formatacao
RJ;belford roxo;belford roxo;Belford Roxo;1358;nenhuma;formatacao
RJ;bemposta;bemposta;Bemposta;1;nenhuma;formatacao
RJ;boa esperanca;boa esperanca;Boa Esperança;5;nenhuma;formatacao
RJ;boa esperança;boa esperanca;Boa Esperança;2;acento;formatacao
RJ;boa sorte;boa sorte;Boa Sorte;1;nenhuma;formatacao
RJ;boa ventura;boa ventura;Boa Ventura;2;nenhuma;formatacao
RJ;bom jardim;bom jardim;Bom Jardim;141;nenhuma;formatacao
RJ;bom jesus do itabapoana;bom jesus do itabapoana;Bom Jesus do Itabapoana;276;nenhuma;formatacao
RJ;bom jesus do querendo;bom jesus do querendo;Bom Jesus do Querendo;1;nenhuma;formatacao
RJ;búzios;buzios;Búzios;15;acento;formatacao
RJ;buzios;buzios;Búzios;11;nenhuma;formatacao
RJ;cabo frio;cabo frio;Cabo Frio;1511;nenhuma;formatacao
RJ;cachoeiras de macacu;cachoeiras de macacu;Cachoeiras de Macacu;205;nenhuma;formatacao
RJ;calheiros;calheiros;Calheiros;1;nenhuma;formatacao
RJ;california da barra (barra do pirai);california da barra (barra do pirai);California da Barra (barra do Pirai);1;nenhuma;formatacao
RJ;california da barra;california da barra;Califórnia da Barra;13;nenhuma;formatacao
RJ;califórnia da barra;california da barra;Califórnia da Barra;2;acento;formatacao
RJ;cambiasca;cambiasca;Cambiasca;2;nenhuma;formatacao
RJ;cambuci;cambuci;Cambuci;73;nenhuma;formatacao
RJ;campo grande;campo grande;Campo Grande;1;nenhuma;formatacao
RJ;campos dos goytacaze;campos dos goytacaze;Campos dos Goytacaze;1;nenhuma;formatacao
RJ;campos dos goytacazes;campos dos goytacazes;Campos dos Goytacazes;3079;nenhuma;formatacao
RJ;cantagalo;cantagalo;Cantagalo;113;nenhuma;formatacao
RJ;carabucu;carabucu;Carabuçu;2;nenhuma;formatacao
RJ;carabuçu;carabucu;Carabuçu;1;acento;formatacao
RJ;carapebus;carapebus;Carapebus;65;nenhuma;formatacao
RJ;cardoso moreira;cardoso moreira;Cardoso Moreira;65;nenhuma;formatacao
RJ;carmo;carmo;Carmo;141;nenhuma;formatacao
RJ;casimiro de abreu;casimiro de abreu;Casimiro de Abreu;214;nenhuma;formatacao
RJ;colônia;colonia;Colônia;2;acento;formatacao
RJ;colonia;colonia;Colônia;1;nenhuma;formatacao
RJ;comendador levy gasparian;comendador levy gasparian;Comendador Levy Gasparian;49;nenhuma;formatacao
RJ;comendador venancio;comendador venancio;Comendador Venancio;7;nenhuma;formatacao
RJ;conceicao de jacarei;conceicao de jacarei;Conceição de Jacareí;4;nenhuma;formatacao
RJ;conceição de jacareí;conceicao de jacarei;Conceição de Jacareí;2;acento;formatacao
RJ;conceicao de macabu;conceicao de macabu;Conceição de Macabu;160;nenhuma;formatacao
RJ;conceição de macabu;conceicao de macabu;Conceição de Macabu;20;acento;formatacao
RJ;conrado;conrado;Conrado;6;nenhuma;formatacao
RJ;conservatoria;conservatoria;Conservatória;15;nenhuma;formatacao
RJ;conservatória;conservatoria;Conservatória;4;acento;formatacao
RJ;cordeiro;cordeiro;Cordeiro;240;nenhuma;formatacao
RJ;corrego do ouro;corrego do ouro;Corrego do Ouro;1;nenhuma;formatacao
RJ;dorandia;dorandia;Dorandia;8;nenhuma;formatacao
RJ;duas barras;duas barras;Duas Barras;53;nenhuma;formatacao
RJ;duque de caxias;duque de caxias;Duque de Caxias;3713;nenhuma;formatacao
RJ;engenheiro passos;engenheiro passos;Engenheiro Passos;4;nenhuma;formatacao
RJ;engenheiro paulo de frontin;engenheiro paulo de frontin;Engenheiro Paulo de Frontin;87;nenhuma;formatacao
RJ;frade;frade;Frade;3;nenhuma;formatacao
RJ;getulândia;getulandia;Getulândia;1;acento;formatacao
RJ;glicerio;glicerio;Glicerio;8;nenhuma;formatacao
RJ;goitacazes;goitacazes;Goitacazes;55;nenhuma;formatacao
RJ;governador portela;governador portela;Governador Portela;39;nenhuma;formatacao
RJ;guapimirim;guapimirim;Guapimirim;247;nenhuma;formatacao
RJ;guia de pacobaiba;guia de pacobaiba;Guia de Pacobaíba;2;nenhuma;formatacao
RJ;guia de pacobaíba;guia de pacobaiba;Guia de Pacobaíba;1;acento;formatacao
RJ;ibitioca;ibitioca;Ibitioca;1;nenhuma;formatacao
RJ;iguaba grande;iguaba grande;Iguaba Grande;227;nenhuma;formatacao
RJ;ilha grande;ilha grande;Ilha Grande;13;nenhuma;formatacao
RJ;inhomirim;inhomirim;Inhomirim;4;nenhuma;formatacao
RJ;inoa;inoa;Inoa;3;nenhuma;formatacao
RJ;ipiabas;ipiabas;Ipiabas;6;nenhuma;formatacao
RJ;ipituna;ipituna;Ipituna;4;nenhuma;formatacao
RJ;ipuca;ipuca;Ipuca;1;nenhuma;formatacao
RJ;itaborai;itaborai;Itaboraí;559;nenhuma;formatacao
RJ;itaboraí;itaborai;Itaboraí;94;acento;formatacao
RJ;itacurussa;itacurussa;Itacurussá;9;nenhuma;formatacao
RJ;itacurussá;itacurussa;Itacurussá;2;acento;formatacao
RJ;itaguai;itaguai;Itaguaí;471;nenhuma;formatacao
RJ;itaguaí;itaguai;Itaguaí;76;acento;formatacao
RJ;italva;italva;Italva;108;nenhuma;formatacao
RJ;itaocara;itaocara;Itaocara;188;nenhuma;formatacao
RJ;itaperuna;itaperuna;Itaperuna;632;nenhuma;formatacao
RJ;itatiaia;itatiaia;Itatiaia;174;nenhuma;formatacao
RJ;jaguarembe;jaguarembe;Jaguarembe;1;nenhuma;formatacao
RJ;jamapara;jamapara;Jamapará;16;nenhuma;formatacao
RJ;jamapará;jamapara;Jamapará;3;acento;formatacao
RJ;japeri;japeri;Japeri;336;nenhuma;formatacao
RJ;japuiba;japuiba;Japuíba;28;nenhuma;formatacao
RJ;japuíba;japuiba;Japuíba;1;acento;formatacao
RJ;laje do muriae;laje do muriae;Laje do Muriaé;15;nenhuma;formatacao
RJ;laje do muriaé;laje do muriae;Laje do Muriaé;4;acento;formatacao
RJ;laranjais;laranjais;Laranjais;1;nenhuma;formatacao
RJ;lidice;lidice;Lídice;13;nenhuma;formatacao
RJ;lídice;lidice;Lídice;4;acento;formatacao
RJ;macae;macae;Macaé;2095;nenhuma;formatacao
RJ;macaé;macae;Macaé;283;acento;formatacao
RJ;macuco;macuco;Macuco;38;nenhuma;formatacao
RJ;mage;mage;Magé;801;nenhuma;formatacao
RJ;magé;mage;Magé;101;acento;formatacao
RJ;mangaratiba;mangaratiba;Mangaratiba;184;nenhuma;formatacao
RJ;manuel duarte;manuel duarte;Manuel Duarte;3;nenhuma;formatacao
RJ;marica;marica;Maricá;771;nenhuma;formatacao
RJ;maricá;marica;Maricá;73;acento;formatacao
RJ;mendes;mendes;Mendes;145;nenhuma;formatacao
RJ;mesquita;mesquita;Mesquita;948;nenhuma;formatacao
RJ;miguel pereira;miguel pereira;Miguel Pereira;283;nenhuma;formatacao
RJ;miracema;miracema;Miracema;216;nenhuma;formatacao
RJ;monnerat;monnerat;Monnerat;2;nenhuma;formatacao
RJ;monte alegre;monte alegre;Monte Alegre;4;nenhuma;formatacao
RJ;morro do coco;morro do coco;Morro do Coco;2;nenhuma;formatacao
RJ;mussurepe;mussurepe;Mussurepe;1;nenhuma;formatacao
RJ;natividade;natividade;Natividade;110;nenhuma;formatacao
RJ;nilopolis;nilopolis;Nilópolis;1039;nenhuma;formatacao
RJ;nilópolis;nilopolis;Nilópolis;114;acento;formatacao
RJ;niteroi;niteroi;Niterói;7391;nenhuma;formatacao
RJ;niterói;niteroi;Niterói;1029;acento;formatacao
RJ;nossa senhora da aparecida;nossa senhora da aparecida;Nossa Senhora da Aparecida;5;nenhuma;formatacao
RJ;nova friburgo;nova friburgo;Nova Friburgo;1505;nenhuma;formatacao
RJ;nova iguacu;nova iguacu;Nova Iguaçu;4469;nenhuma;formatacao
RJ;nova iguaçu;nova iguacu;Nova Iguaçu;645;acento;formatacao
RJ;papucaia;papucaia;Papucaia;70;nenhuma;formatacao
RJ;paracambi;paracambi;Paracambi;392;nenhuma;formatacao
RJ;paraiso do tobias;paraiso do tobias;Paraiso do Tobias;2;nenhuma;formatacao
RJ;parapeuna;parapeuna;Parapeuna;1;nenhuma;formatacao
RJ;parati;parati;Parati;196;nenhuma;formatacao
RJ;parati mirim;parati mirim;Parati Mirim;1;nenhuma;formatacao
RJ;paraty;paraty;Paraty;104;nenhuma;formatacao
RJ;paraiba do sul;paraiba do sul;Paraíba do Sul;205;nenhuma;formatacao
RJ;paraíba do sul;paraiba do sul;Paraíba do Sul;31;acento;formatacao
RJ;passa tres;passa tres;Passa Três;9;nenhuma;formatacao
RJ;passa três;passa tres;Passa Três;1;acento;formatacao
RJ;paty do alferes;paty do alferes;Paty do Alferes;146;nenhuma;formatacao
RJ;penedo;penedo;Penedo;5;nenhuma;formatacao
RJ;penedo (itatiaia);penedo (itatiaia);Penedo (itatiaia);1;nenhuma;formatacao
RJ;petropolis;petropolis;Petrópolis;2245;nenhuma;formatacao
RJ;petrópolis;petropolis;Petrópolis;364;acento;formatacao
RJ;piabeta;piabeta;Piabeta;10;nenhuma;formatacao
RJ;piao;piao;Piao;3;nenhuma;formatacao
RJ;pinheiral;pinheiral;Pinheiral;155;nenhuma;formatacao
RJ;pirai;pirai;Piraí;116;nenhuma;formatacao
RJ;piraí;pirai;Piraí;15;acento;formatacao
RJ;porciuncula;porciuncula;Porciúncula;104;nenhuma;formatacao
RJ;porciúncula;porciuncula;Porciúncula;19;acento;formatacao
RJ;portela;portela;Portela;9;nenhuma;formatacao
RJ;porto real;porto real;Porto Real;86;nenhuma;formatacao
RJ;porto velho do cunha;porto velho do cunha;Porto Velho do Cunha;1;nenhuma;formatacao
RJ;pureza;pureza;Pureza;9;nenhuma;formatacao
RJ;purilandia;purilandia;Purilandia;5;nenhuma;formatacao
RJ;quatis;quatis;Quatis;69;nenhuma;formatacao
RJ;queimados;queimados;Queimados;693;nenhuma;formatacao
RJ;quissama;quissama;Quissamã;124;nenhuma;formatacao
RJ;quissamã;quissama;Quissamã;19;acento;formatacao
RJ;raposo;raposo;Raposo;9;nenhuma;formatacao
RJ;resende;resende;Resende;1106;nenhuma;formatacao
RJ;retiro do muriae;retiro do muriae;Retiro do Muriaé;4;nenhuma;formatacao
RJ;retiro do muriaé;retiro do muriae;Retiro do Muriaé;1;acento;formatacao
RJ;rio bonito;rio bonito;Rio Bonito;356;nenhuma;formatacao
RJ;rio claro;rio claro;Rio Claro;40;nenhuma;formatacao
RJ;rio janeiro;rio janeiro;Rio Janeiro;1;nenhuma;formatacao
RJ;rio das flores;rio das flores;Rio das Flores;44;nenhuma;formatacao
RJ;rio das ostras;rio das ostras;Rio das Ostras;1470;nenhuma;formatacao
RJ;rio de janeiro;rio de janeiro;Rio de Janeiro;69124;nenhuma;formatacao
RJ;rj;rio de janeiro;Rio de Janeiro;1;nenhuma;estrutural
RJ;rio de janeiro / rio de janeiro;rio de janeiro;Rio de Janeiro;1;sufixo-uf;estrutural
RJ;rio de janeiro \rio de janeiro;rio de janeiro \rio de janeiro;Rio de Janeiro \rio de Janeiro;1;nenhuma;formatacao
RJ;rio de janeiro, rio de janeiro, brasil;rio de janeiro, rio de janeiro, brasil;Rio de Janeiro, Rio de Janeiro, Brasil;2;nenhuma;formatacao
RJ;sacra familia do tingua;sacra familia do tingua;Sacra Família do Tinguá;6;nenhuma;formatacao
RJ;sacra família do tinguá;sacra familia do tingua;Sacra Família do Tinguá;1;acento;formatacao
RJ;sampaio correia;sampaio correia;Sampaio Correia;1;nenhuma;formatacao
RJ;sana;sana;Sana;6;nenhuma;formatacao
RJ;santa clara;santa clara;Santa Clara;4;nenhuma;formatacao
RJ;santa isabel do rio preto;santa isabel do rio preto;Santa Isabel do Rio Preto;6;nenhuma;formatacao
RJ;santa maria;santa maria;Santa Maria;6;nenhuma;formatacao
RJ;santa maria madalena;santa maria madalena;Santa Maria Madalena;86;nenhuma;formatacao
RJ;santa rita da floresta;santa rita da floresta;Santa Rita da Floresta;4;nenhuma;formatacao
RJ;santanesia;santanesia;Santanesia;10;nenhuma;formatacao
RJ;santo aleixo;santo aleixo;Santo Aleixo;4;nenhuma;formatacao
RJ;santo amaro de campos;santo amaro de campos;Santo Amaro de Campos;20;nenhuma;formatacao
RJ;santo antonio de padua;santo antonio de padua;Santo Antônio de Pádua;290;nenhuma;formatacao
RJ;santo antônio de pádua;santo antonio de padua;Santo Antônio de Pádua;36;acento;formatacao
RJ;santo eduardo;santo eduardo;Santo Eduardo;2;nenhuma;formatacao
RJ;sao jose do ribeirao;sao jose do ribeirao;Sao Jose do Ribeirao;2;nenhuma;formatacao
RJ;sao sebastiao de campos;sao sebastiao de campos;Sao Sebastiao de Campos;4;nenhuma;formatacao
RJ;sao sebastiao do paraiba;sao sebastiao do paraiba;Sao Sebastiao do Paraiba;1;nenhuma;formatacao
RJ;sapucaia;sapucaia;Sapucaia;44;nenhuma;formatacao
RJ;saquarema;saquarema;Saquarema;509;nenhuma;formatacao
RJ;seropedica;seropedica;Seropédica;272;nenhuma;formatacao
RJ;seropédica;seropedica;Seropédica;44;acento;formatacao
RJ;silva jardim;silva jardim;Silva Jardim;113;nenhuma;formatacao
RJ;sumidouro;sumidouro;Sumidouro;57;nenhuma;formatacao
RJ;sao fidelis;sao fidelis;São Fidélis;206;nenhuma;formatacao
RJ;são fidélis;sao fidelis;São Fidélis;45;acento;formatacao
RJ;sao francisco de itabapoana;sao francisco de itabapoana;São Francisco de Itabapoana;163;nenhuma;formatacao
RJ;são francisco de itabapoana;sao francisco de itabapoana;São Francisco de Itabapoana;29;acento;formatacao
RJ;sao goncalo;sao goncalo;São Gonçalo;4017;nenhuma;formatacao
RJ;são gonçalo;sao goncalo;São Gonçalo;551;acento;formatacao
RJ;sao jose de uba;sao jose de uba;São José de Ubá;27;nenhuma;formatacao
RJ;são josé de ubá;sao jose de uba;São José de Ubá;8;acento;formatacao
RJ;sao jose do turvo;sao jose do turvo;São José do Turvo;13;nenhuma;formatacao
RJ;são josé do turvo;sao jose do turvo;São José do Turvo;1;acento;formatacao
RJ;sao jose do vale do rio preto;sao jose do vale do rio preto;São José do Vale do Rio Preto;163;nenhuma;formatacao
RJ;são josé do vale do rio preto;sao jose do vale do rio preto;São José do Vale do Rio Preto;19;acento;formatacao
RJ;sao joao da barra;sao joao da barra;São João da Barra;168;nenhuma;formatacao
RJ;são joão da barra;sao joao da barra;São João da Barra;23;acento;formatacao
RJ;sao joao de meriti;sao joao de meriti;São João de Meriti;1418;nenhuma;formatacao
RJ;são joão de meriti;sao joao de meriti;São João de Meriti;266;acento;formatacao
RJ;sao joao do paraiso;sao joao do paraiso;São João do Paraíso;10;nenhuma;formatacao
RJ;são joão do paraíso;sao joao do paraiso;São João do Paraíso;3;acento;formatacao
RJ;sao pedro da aldeia;sao pedro da aldeia;São Pedro da Aldeia;542;nenhuma;formatacao
RJ;são pedro da aldeia;sao pedro da aldeia;São Pedro da Aldeia;56;acento;formatacao
RJ;sao sebastiao do alto;sao sebastiao do alto;São Sebastião do Alto;23;nenhuma;formatacao
RJ;são sebastião do alto;sao sebastiao do alto;São Sebastião do Alto;2;acento;formatacao
RJ;sao vicente de paula;sao vicente de paula;São Vicente de Paula;27;nenhuma;formatacao
RJ;são vicente de paula;sao vicente de paula;São Vicente de Paula;5;acento;formatacao
RJ;taboas;taboas;Taboas;8;nenhuma;formatacao
RJ;tamoios (cabo frio);tamoios (cabo frio);Tamoios (cabo Frio);1;nenhuma;formatacao
RJ;tangua;tangua;Tanguá;56;nenhuma;formatacao
RJ;tanguá;tangua;Tanguá;20;acento;formatacao
RJ;teresopolis;teresopolis;Teresópolis;1165;nenhuma;formatacao
RJ;teresópolis;teresopolis;Teresópolis;158;acento;formatacao
RJ;´teresopolis;teresopolis;Teresópolis;1;acento;formatacao
RJ;tocos;tocos;Tocos;4;nenhuma;formatacao
RJ;trajano de moraes;trajano de moraes;Trajano de Moraes;50;nenhuma;formatacao
RJ;trajano de morais;trajano de morais;Trajano de Morais;9;nenhuma;formatacao
RJ;travessao;travessao;Travessao;6;nenhuma;formatacao
RJ;tres irmaos;tres irmaos;Tres Irmaos;2;nenhuma;formatacao
RJ;tres rios;tres rios;Três Rios;403;nenhuma;formatacao
RJ;três rios;tres rios;Três Rios;76;acento;formatacao
RJ;valao do barro;valao do barro;Valao do Barro;2;nenhuma;formatacao
RJ;valenca;valenca;Valença;330;nenhuma;formatacao
RJ;valença;valenca;Valença;34;acento;formatacao
RJ;vargem alegre;vargem alegre;Vargem Alegre;10;nenhuma;formatacao
RJ;varre-sai;varre sai;Varre-sai;42;sufixo-uf;formatacao
RJ;vassouras;vassouras;Vassouras;318;nenhuma;formatacao
RJ;vila muriqui;vila muriqui;Vila Muriqui;47;nenhuma;formatacao
RJ;vila nova de campos;vila nova de campos;Vila Nova de Campos;4;nenhuma;formatacao
RJ;visconde de imbe;visconde de imbe;Visconde de Imbe;1;nenhuma;formatacao
RJ;visconde de maua;visconde de maua;Visconde de Maua;6;nenhuma;formatacao
RJ;volta redonda;volta redonda;Volta Redonda;2533;nenhuma;formatacao
RJ;werneck;werneck;Werneck;12;nenhuma;formatacao
RN;acari;acari;Acari;20;nenhuma;formatacao
RN;afonso bezerra;afonso bezerra;Afonso Bezerra;5;nenhuma;formatacao
RN;agua nova;agua nova;Agua Nova;11;nenhuma;formatacao
RN;alexandria;alexandria;Alexandria;24;nenhuma;formatacao
RN;almino afonso;almino afonso;Almino Afonso;9;nenhuma;formatacao
RN;alto do rodrigues;alto do rodrigues;Alto do Rodrigues;34;nenhuma;formatacao
RN;angicos;angicos;Angicos;22;nenhuma;formatacao
RN;antonio martins;antonio martins;Antônio Martins;15;nenhuma;formatacao
RN;antônio martins;antonio martins;Antônio Martins;4;acento;formatacao
RN;apodi;apodi;Apodi;50;nenhuma;formatacao
RN;areia branca;areia branca;Areia Branca;41;nenhuma;formatacao
RN;arez;arez;Arez;2;nenhuma;formatacao
RN;acu;acu;Açu;58;nenhuma;formatacao
RN;açu;acu;Açu;17;acento;formatacao
RN;barauna;barauna;Baraúna;11;nenhuma;formatacao
RN;baraúna;barauna;Baraúna;4;acento;formatacao
RN;barcelona;barcelona;Barcelona;3;nenhuma;formatacao
RN;baia formosa;baia formosa;Baía Formosa;3;nenhuma;formatacao
RN;baía formosa;baia formosa;Baía Formosa;1;acento;formatacao
RN;bento fernandes;bento fernandes;Bento Fernandes;1;nenhuma;formatacao
RN;boa saude;boa saude;Boa Saude;2;nenhuma;formatacao
RN;bodo;bodo;Bodo;4;nenhuma;formatacao
RN;bom jesus;bom jesus;Bom Jesus;2;nenhuma;formatacao
RN;brejinho;brejinho;Brejinho;4;nenhuma;formatacao
RN;caico;caico;Caicó;129;nenhuma;formatacao
RN;caicó;caico;Caicó;11;acento;formatacao
RN;caicara do norte;caicara do norte;Caiçara do Norte;7;nenhuma;formatacao
RN;caiçara do norte;caicara do norte;Caiçara do Norte;2;acento;formatacao
RN;caicara do rio do vento;caicara do rio do vento;Caiçara do Rio do Vento;3;nenhuma;formatacao
RN;caiçara do rio do vento;caicara do rio do vento;Caiçara do Rio do Vento;2;acento;formatacao
RN;campo grande;campo grande;Campo Grande;6;nenhuma;formatacao
RN;campo redondo;campo redondo;Campo Redondo;14;nenhuma;formatacao
RN;canguaretama;canguaretama;Canguaretama;20;nenhuma;formatacao
RN;caraubas;caraubas;Caraúbas;19;nenhuma;formatacao
RN;caraúbas;caraubas;Caraúbas;10;acento;formatacao
RN;carnaubais;carnaubais;Carnaubais;9;nenhuma;formatacao
RN;carnauba dos dantas;carnauba dos dantas;Carnaúba dos Dantas;13;nenhuma;formatacao
RN;carnaúba dos dantas;carnauba dos dantas;Carnaúba dos Dantas;3;acento;formatacao
RN;ceara-mirim;ceara mirim;Ceará-mirim;24;sufixo-uf;formatacao
RN;ceará-mirim;ceara mirim;Ceará-mirim;5;sufixo-uf|acento;formatacao
RN;ceara mirim;ceara mirim;Ceará-mirim;1;nenhuma;formatacao
RN;cerro cora;cerro cora;Cerro Corá;3;nenhuma;formatacao
RN;cerro corá;cerro cora;Cerro Corá;3;acento;formatacao
RN;coronel ezequiel;coronel ezequiel;Coronel Ezequiel;4;nenhuma;formatacao
RN;coronel joao pessoa;coronel joao pessoa;Coronel Joao Pessoa;10;nenhuma;formatacao
RN;cruzeta;cruzeta;Cruzeta;13;nenhuma;formatacao
RN;currais novos;currais novos;Currais Novos;95;nenhuma;formatacao
RN;doutor severiano;doutor severiano;Doutor Severiano;13;nenhuma;formatacao
RN;encanto;encanto;Encanto;9;nenhuma;formatacao
RN;equador;equador;Equador;8;nenhuma;formatacao
RN;espirito santo;espirito santo;Espírito Santo;7;nenhuma;formatacao
RN;espírito santo;espirito santo;Espírito Santo;3;acento;formatacao
RN;extremoz;extremoz;Extremoz;19;nenhuma;formatacao
RN;felipe guerra;felipe guerra;Felipe Guerra;6;nenhuma;formatacao
RN;fernando pedroza;fernando pedroza;Fernando Pedroza;4;nenhuma;formatacao
RN;florania;florania;Florania;9;nenhuma;formatacao
RN;francisco dantas;francisco dantas;Francisco Dantas;5;nenhuma;formatacao
RN;frutuoso gomes;frutuoso gomes;Frutuoso Gomes;9;nenhuma;formatacao
RN;galinhos;galinhos;Galinhos;4;nenhuma;formatacao
RN;goianinha;goianinha;Goianinha;21;nenhuma;formatacao
RN;governador dix-sept rosado;governador dix sept rosado;Governador Dix-sept Rosado;8;sufixo-uf;formatacao
RN;grossos;grossos;Grossos;9;nenhuma;formatacao
RN;guamare;guamare;Guamaré;13;nenhuma;formatacao
RN;guamaré;guamare;Guamaré;2;acento;formatacao
RN;ielmo marinho;ielmo marinho;Ielmo Marinho;3;nenhuma;formatacao
RN;ipanguacu;ipanguacu;Ipanguaçu;6;nenhuma;formatacao
RN;ipanguaçu;ipanguacu;Ipanguaçu;1;acento;formatacao
RN;ipueira;ipueira;Ipueira;4;nenhuma;formatacao
RN;itaja;itaja;Itajá;2;nenhuma;formatacao
RN;itajá;itaja;Itajá;1;acento;formatacao
RN;itau;itau;Itaú;10;nenhuma;formatacao
RN;itaú;itau;Itaú;1;acento;formatacao
RN;jandaira;jandaira;Jandaíra;4;nenhuma;formatacao
RN;jandaíra;jandaira;Jandaíra;1;acento;formatacao
RN;janduis;janduis;Janduís;15;nenhuma;formatacao
RN;janduís;janduis;Janduís;4;acento;formatacao
RN;japi;japi;Japi;5;nenhuma;formatacao
RN;jardim de piranhas;jardim de piranhas;Jardim de Piranhas;20;nenhuma;formatacao
RN;jardim do serido;jardim do serido;Jardim do Seridó;28;nenhuma;formatacao
RN;jardim do seridó;jardim do serido;Jardim do Seridó;3;acento;formatacao
RN;jacana;jacana;Jaçanã;7;nenhuma;formatacao
RN;jaçanã;jacana;Jaçanã;1;acento;formatacao
RN;jose da penha;jose da penha;José da Penha;5;nenhuma;formatacao
RN;josé da penha;jose da penha;José da Penha;2;acento;formatacao
RN;joao camara;joao camara;João Câmara;34;nenhuma;formatacao
RN;joão câmara;joao camara;João Câmara;6;acento;formatacao
RN;joão dias;joao dias;João Dias;2;acento;formatacao
RN;joao dias;joao dias;João Dias;2;nenhuma;formatacao
RN;jucurutu;jucurutu;Jucurutu;30;nenhuma;formatacao
RN;jundiá;jundia;Jundiá;1;acento;formatacao
RN;jundia;jundia;Jundiá;1;nenhuma;formatacao
RN;lagoa d'anta;lagoa d anta;Lagoa D'anta;4;nenhuma;formatacao
RN;lagoa nova;lagoa nova;Lagoa Nova;18;nenhuma;formatacao
RN;lagoa salgada;lagoa salgada;Lagoa Salgada;2;nenhuma;formatacao
RN;lagoa de velhos;lagoa de velhos;Lagoa de Velhos;3;nenhuma;formatacao
RN;lajes;lajes;Lajes;3;nenhuma;formatacao
RN;lajes pintadas;lajes pintadas;Lajes Pintadas;5;nenhuma;formatacao
RN;lucrecia;lucrecia;Lucrécia;5;nenhuma;formatacao
RN;lucrécia;lucrecia;Lucrécia;3;acento;formatacao
RN;luis gomes;luis gomes;Luís Gomes;11;nenhuma;formatacao
RN;luís gomes;luis gomes;Luís Gomes;3;acento;formatacao
RN;macau;macau;Macau;63;nenhuma;formatacao
RN;macaiba;macaiba;Macaíba;39;nenhuma;formatacao
RN;macaíba;macaiba;Macaíba;10;acento;formatacao
RN;major sales;major sales;Major Sales;2;nenhuma;formatacao
RN;marcelino vieira;marcelino vieira;Marcelino Vieira;7;nenhuma;formatacao
RN;martins;martins;Martins;19;nenhuma;formatacao
RN;messias targino;messias targino;Messias Targino;7;nenhuma;formatacao
RN;montanhas;montanhas;Montanhas;8;nenhuma;formatacao
RN;monte alegre;monte alegre;Monte Alegre;9;nenhuma;formatacao
RN;monte das gameleiras;monte das gameleiras;Monte das Gameleiras;1;nenhuma;formatacao
RN;mossoro;mossoro;Mossoró;357;nenhuma;formatacao
RN;mossoró;mossoro;Mossoró;60;acento;formatacao
RN;natal;natal;Natal;2380;nenhuma;formatacao
RN;nova cruz;nova cruz;Nova Cruz;36;nenhuma;formatacao
RN;nisia floresta;nisia floresta;Nísia Floresta;4;nenhuma;formatacao
RN;nísia floresta;nisia floresta;Nísia Floresta;2;acento;formatacao
RN;olho-d'água do borges;olho d agua do borges;Olho-d'água do Borges;2;sufixo-uf|acento;formatacao
RN;olho-d agua do borges;olho d agua do borges;Olho-d'água do Borges;2;sufixo-uf;formatacao
RN;olho-d'agua do borges;olho d agua do borges;Olho-d'água do Borges;1;sufixo-uf;formatacao
RN;ouro branco;ouro branco;Ouro Branco;12;nenhuma;formatacao
RN;parana;parana;Parana;1;nenhuma;formatacao
RN;parazinho;parazinho;Parazinho;1;nenhuma;formatacao
RN;parau;parau;Paraú;3;nenhuma;formatacao
RN;paraú;parau;Paraú;1;acento;formatacao
RN;parelhas;parelhas;Parelhas;46;nenhuma;formatacao
RN;parnamirim;parnamirim;Parnamirim;562;nenhuma;formatacao
RN;passa e fica;passa e fica;Passa e Fica;2;nenhuma;formatacao
RN;patu;patu;Patu;23;nenhuma;formatacao
RN;pau dos ferros;pau dos ferros;Pau dos Ferros;76;nenhuma;formatacao
RN;pedra grande;pedra grande;Pedra Grande;2;nenhuma;formatacao
RN;pedra preta;pedra preta;Pedra Preta;1;nenhuma;formatacao
RN;pedro avelino;pedro avelino;Pedro Avelino;1;nenhuma;formatacao
RN;pedro velho;pedro velho;Pedro Velho;7;nenhuma;formatacao
RN;pendencias;pendencias;Pendências;16;nenhuma;formatacao
RN;pendências;pendencias;Pendências;2;acento;formatacao
RN;piloes;piloes;Pilões;6;nenhuma;formatacao
RN;pilões;piloes;Pilões;2;acento;formatacao
RN;pipa;pipa;Pipa;3;nenhuma;formatacao
RN;poco branco;poco branco;Poco Branco;4;nenhuma;formatacao
RN;poco de pedra;poco de pedra;Poco de Pedra;1;nenhuma;formatacao
RN;portalegre;portalegre;Portalegre;18;nenhuma;formatacao
RN;porto do mangue;porto do mangue;Porto do Mangue;5;nenhuma;formatacao
RN;pureza;pureza;Pureza;1;nenhuma;formatacao
RN;rafael fernandes;rafael fernandes;Rafael Fernandes;9;nenhuma;formatacao
RN;rafael godeiro;rafael godeiro;Rafael Godeiro;2;nenhuma;formatacao
RN;riacho da cruz;riacho da cruz;Riacho da Cruz;8;nenhuma;formatacao
RN;riacho de santana;riacho de santana;Riacho de Santana;8;nenhuma;formatacao
RN;riachuelo;riachuelo;Riachuelo;2;nenhuma;formatacao
RN;rio de janeiro;rio de janeiro;Rio de Janeiro;1;nenhuma;formatacao
RN;rio do fogo;rio do fogo;Rio do Fogo;2;nenhuma;formatacao
RN;rodolfo fernandes;rodolfo fernandes;Rodolfo Fernandes;9;nenhuma;formatacao
RN;ruy barbosa;ruy barbosa;Ruy Barbosa;1;nenhuma;formatacao
RN;santa cruz;santa cruz;Santa Cruz;60;nenhuma;formatacao
RN;santa maria;santa maria;Santa Maria;2;nenhuma;formatacao
RN;santana do matos;santana do matos;Santana do Matos;12;nenhuma;formatacao
RN;santana do serido;santana do serido;Santana do Seridó;4;nenhuma;formatacao
RN;santana do seridó;santana do serido;Santana do Seridó;2;acento;formatacao
RN;santo antonio;santo antonio;Santo Antônio;15;nenhuma;formatacao
RN;santo antônio;santo antonio;Santo Antônio;7;acento;formatacao
RN;sao bento do norte;sao bento do norte;Sao Bento do Norte;4;nenhuma;formatacao
RN;sao bento do trairi;sao bento do trairi;Sao Bento do Trairi;3;nenhuma;formatacao
RN;sao fernando;sao fernando;Sao Fernando;6;nenhuma;formatacao
RN;sao joao do sabugi;sao joao do sabugi;Sao Joao do Sabugi;9;nenhuma;formatacao
RN;sao jose do serido;sao jose do serido;Sao Jose do Serido;17;nenhuma;formatacao
RN;sao miguel de touros;sao miguel de touros;Sao Miguel de Touros;3;nenhuma;formatacao
RN;senador eloi de souza;senador eloi de souza;Senador Eloi de Souza;2;nenhuma;formatacao
RN;serra caiada;serra caiada;Serra Caiada;8;nenhuma;formatacao
RN;serra negra do norte;serra negra do norte;Serra Negra do Norte;9;nenhuma;formatacao
RN;serra da tapuia;serra da tapuia;Serra da Tapuia;1;nenhuma;formatacao
RN;serra de sao bento;serra de sao bento;Serra de Sao Bento;10;nenhuma;formatacao
RN;serra do mel;serra do mel;Serra do Mel;2;nenhuma;formatacao
RN;serrinha;serrinha;Serrinha;2;nenhuma;formatacao
RN;serrinha dos pintos;serrinha dos pintos;Serrinha dos Pintos;6;nenhuma;formatacao
RN;severiano melo;severiano melo;Severiano Melo;6;nenhuma;formatacao
RN;sitio novo;sitio novo;Sitio Novo;2;nenhuma;formatacao
RN;sao francisco do oeste;sao francisco do oeste;São Francisco do Oeste;9;nenhuma;formatacao
RN;são francisco do oeste;sao francisco do oeste;São Francisco do Oeste;3;acento;formatacao
RN;sao goncalo do amarante;sao goncalo do amarante;São Gonçalo do Amarante;47;nenhuma;formatacao
RN;são gonçalo do amarante;sao goncalo do amarante;São Gonçalo do Amarante;8;acento;formatacao
RN;sao jose de mipibu;sao jose de mipibu;São José de Mipibu;22;nenhuma;formatacao
RN;são josé de mipibu;sao jose de mipibu;São José de Mipibu;4;acento;formatacao
RN;sao jose do campestre;sao jose do campestre;São José do Campestre;9;nenhuma;formatacao
RN;são josé do campestre;sao jose do campestre;São José do Campestre;1;acento;formatacao
RN;sao miguel;sao miguel;São Miguel;46;nenhuma;formatacao
RN;são miguel;sao miguel;São Miguel;2;acento;formatacao
RN;sao miguel do gostoso;sao miguel do gostoso;São Miguel do Gostoso;6;nenhuma;formatacao
RN;são miguel do gostoso;sao miguel do gostoso;São Miguel do Gostoso;2;acento;formatacao
RN;são paulo;sao paulo;São Paulo;1;acento;formatacao
RN;sao paulo do potengi;sao paulo do potengi;São Paulo do Potengi;18;nenhuma;formatacao
RN;são paulo do potengi;sao paulo do potengi;São Paulo do Potengi;2;acento;formatacao
RN;são pedro;sao pedro;São Pedro;1;acento;formatacao
RN;sao pedro;sao pedro;São Pedro;1;nenhuma;formatacao
RN;sao rafael;sao rafael;São Rafael;5;nenhuma;formatacao
RN;são rafael;sao rafael;São Rafael;3;acento;formatacao
RN;sao tome;sao tome;São Tomé;7;nenhuma;formatacao
RN;são tomé;sao tome;São Tomé;1;acento;formatacao
RN;sao vicente;sao vicente;São Vicente;7;nenhuma;formatacao
RN;são vicente;sao vicente;São Vicente;1;acento;formatacao
RN;taboleiro grande;taboleiro grande;Taboleiro Grande;3;nenhuma;formatacao
RN;taipu;taipu;Taipu;3;nenhuma;formatacao
RN;tangara;tangara;Tangará;9;nenhuma;formatacao
RN;tangará;tangara;Tangará;4;acento;formatacao
RN;tenente ananias;tenente ananias;Tenente Ananias;15;nenhuma;formatacao
RN;tenente laurentino cruz;tenente laurentino cruz;Tenente Laurentino Cruz;10;nenhuma;formatacao
RN;tibau;tibau;Tibau;2;nenhuma;formatacao
RN;tibau do sul;tibau do sul;Tibau do Sul;25;nenhuma;formatacao
RN;timbauba dos batistas;timbauba dos batistas;Timbauba dos Batistas;1;nenhuma;formatacao
RN;touros;touros;Touros;11;nenhuma;formatacao
RN;triunfo potiguar;triunfo potiguar;Triunfo Potiguar;2;nenhuma;formatacao
RN;umarizal;umarizal;Umarizal;15;nenhuma;formatacao
RN;upanema;upanema;Upanema;10;nenhuma;formatacao
RN;varzea;varzea;Varzea;2;nenhuma;formatacao
RN;venha-ver;venha ver;Venha-ver;2;sufixo-uf;formatacao
RN;vera cruz;vera cruz;Vera Cruz;4;nenhuma;formatacao
RN;vicosa;vicosa;Vicosa;4;nenhuma;formatacao
RN;vila flor;vila flor;Vila Flor;6;nenhuma;formatacao
RO;alta alegre dos parecis;alta alegre dos parecis;Alta Alegre dos Parecis;6;nenhuma;formatacao
RO;alta floresta d'oeste;alta floresta d oeste;Alta Floresta D'oeste;49;nenhuma;formatacao
RO;alta floresta doeste;alta floresta doeste;Alta Floresta Doeste;1;nenhuma;formatacao
RO;alta floresta do oeste;alta floresta do oeste;Alta Floresta do Oeste;6;nenhuma;formatacao
RO;alto alegre dos parecis;alto alegre dos parecis;Alto Alegre dos Parecis;16;nenhuma;formatacao
RO;alto paraiso;alto paraiso;Alto Paraíso;12;nenhuma;formatacao
RO;alto paraíso;alto paraiso;Alto Paraíso;2;acento;formatacao
RO;alvorada d'oeste;alvorada d oeste;Alvorada D'oeste;20;nenhuma;formatacao
RO;alvorada do oeste;alvorada do oeste;Alvorada do Oeste;1;nenhuma;formatacao
RO;ariquemes;ariquemes;Ariquemes;248;nenhuma;formatacao
RO;buritis;buritis;Buritis;43;nenhuma;formatacao
RO;cabixi;cabixi;Cabixi;21;nenhuma;formatacao
RO;cacaulandia;cacaulandia;Cacaulândia;8;nenhuma;formatacao
RO;cacaulândia;cacaulandia;Cacaulândia;1;acento;formatacao
RO;cacoal;cacoal;Cacoal;188;nenhuma;formatacao
RO;campo novo de rondonia;campo novo de rondonia;Campo Novo de Rondônia;5;nenhuma;formatacao
RO;campo novo de rondônia;campo novo de rondonia;Campo Novo de Rondônia;1;acento;formatacao
RO;candeias do jamari;candeias do jamari;Candeias do Jamari;17;nenhuma;formatacao
RO;castanheiras;castanheiras;Castanheiras;5;nenhuma;formatacao
RO;cerejeiras;cerejeiras;Cerejeiras;46;nenhuma;formatacao
RO;chupinguaia;chupinguaia;Chupinguaia;13;nenhuma;formatacao
RO;colorado do oeste;colorado do oeste;Colorado do Oeste;68;nenhuma;formatacao
RO;corumbiara;corumbiara;Corumbiara;11;nenhuma;formatacao
RO;costa marques;costa marques;Costa Marques;19;nenhuma;formatacao
RO;cujubim;cujubim;Cujubim;15;nenhuma;formatacao
RO;espigao do oeste;espigao do oeste;Espigão do Oeste;60;nenhuma;formatacao
RO;espigão do oeste;espigao do oeste;Espigão do Oeste;13;acento;formatacao
RO;extrema;extrema;Extrema;10;nenhuma;formatacao
RO;governador jorge teixeira;governador jorge teixeira;Governador Jorge Teixeira;14;nenhuma;formatacao
RO;guajara-mirim;guajara mirim;Guajará-mirim;43;sufixo-uf;formatacao
RO;guajará-mirim;guajara mirim;Guajará-mirim;25;sufixo-uf|acento;formatacao
RO;guajara mirim;guajara mirim;Guajará-mirim;4;nenhuma;formatacao
RO;itapua do oeste;itapua do oeste;Itapua do Oeste;15;nenhuma;formatacao
RO;jaci parana;jaci parana;Jaci Parana;7;nenhuma;formatacao
RO;jaru;jaru;Jaru;96;nenhuma;formatacao
RO;ji-parana;ji parana;Ji-paraná;235;sufixo-uf;formatacao
RO;ji-paraná;ji parana;Ji-paraná;114;sufixo-uf|acento;formatacao
RO;ji parana;ji parana;Ji-paraná;1;nenhuma;formatacao
RO;machadinho d'oeste;machadinho d oeste;Machadinho D'oeste;43;nenhuma;formatacao
RO;machadinho d oeste;machadinho d oeste;Machadinho D'oeste;2;nenhuma;formatacao
RO;machadinho doeste;machadinho doeste;Machadinho Doeste;1;nenhuma;formatacao
RO;ministro andreazza;ministro andreazza;Ministro Andreazza;4;nenhuma;formatacao
RO;mirante da serra;mirante da serra;Mirante da Serra;22;nenhuma;formatacao
RO;monte negro;monte negro;Monte Negro;13;nenhuma;formatacao
RO;mutum parana;mutum parana;Mutum Parana;5;nenhuma;formatacao
RO;nova brasilandia doeste;nova brasilandia doeste;Nova Brasilandia Doeste;1;nenhuma;formatacao
RO;nova brasilandia d'oeste;nova brasilandia d oeste;Nova Brasilândia D'oeste;27;nenhuma;formatacao
RO;nova brasilândia d'oeste;nova brasilandia d oeste;Nova Brasilândia D'oeste;5;acento;formatacao
RO;nova brasilandia d oeste;nova brasilandia d oeste;Nova Brasilândia D'oeste;3;nenhuma;formatacao
RO;nova california;nova california;Nova California;2;nenhuma;formatacao
RO;nova mamore;nova mamore;Nova Mamoré;10;nenhuma;formatacao
RO;nova mamoré;nova mamore;Nova Mamoré;8;acento;formatacao
RO;nova uniao;nova uniao;Nova Uniao;1;nenhuma;formatacao
RO;novo horizonte do oeste;novo horizonte do oeste;Novo Horizonte do Oeste;8;nenhuma;formatacao
RO;ouro preto do oeste;ouro preto do oeste;Ouro Preto do Oeste;104;nenhuma;formatacao
RO;parecis;parecis;Parecis;5;nenhuma;formatacao
RO;pimenta bueno;pimenta bueno;Pimenta Bueno;114;nenhuma;formatacao
RO;pimenteiras do oeste;pimenteiras do oeste;Pimenteiras do Oeste;4;nenhuma;formatacao
RO;porto velho;porto velho;Porto Velho;1365;nenhuma;formatacao
RO;presidente medici;presidente medici;Presidente Médici;28;nenhuma;formatacao
RO;presidente médici;presidente medici;Presidente Médici;3;acento;formatacao
RO;primavera de rondonia;primavera de rondonia;Primavera de Rondônia;3;nenhuma;formatacao
RO;primavera de rondônia;primavera de rondonia;Primavera de Rondônia;1;acento;formatacao
RO;rio crespo;rio crespo;Rio Crespo;6;nenhuma;formatacao
RO;rolim de moura;rolim de moura;Rolim de Moura;147;nenhuma;formatacao
RO;santa luzia d'oeste;santa luzia d oeste;Santa Luzia D'oeste;3;nenhuma;formatacao
RO;santa luzia doeste;santa luzia doeste;Santa Luzia Doeste;3;nenhuma;formatacao
RO;seringueiras;seringueiras;Seringueiras;20;nenhuma;formatacao
RO;sao felipe d'oeste;sao felipe d oeste;São Felipe D'oeste;4;nenhuma;formatacao
RO;são felipe d'oeste;sao felipe d oeste;São Felipe D'oeste;2;acento;formatacao
RO;sao francisco do guapore;sao francisco do guapore;São Francisco do Guaporé;30;nenhuma;formatacao
RO;são francisco do guaporé;sao francisco do guapore;São Francisco do Guaporé;5;acento;formatacao
RO;sao miguel do guapore;sao miguel do guapore;São Miguel do Guaporé;25;nenhuma;formatacao
RO;são miguel do guaporé;sao miguel do guapore;São Miguel do Guaporé;6;acento;formatacao
RO;teixeiropolis;teixeiropolis;Teixeirópolis;4;nenhuma;formatacao
RO;teixeirópolis;teixeiropolis;Teixeirópolis;3;acento;formatacao
RO;theobroma;theobroma;Theobroma;11;nenhuma;formatacao
RO;urupa;urupa;Urupá;13;nenhuma;formatacao
RO;urupá;urupa;Urupá;2;acento;formatacao
RO;vale do anari;vale do anari;Vale do Anari;4;nenhuma;formatacao
RO;vale do paraiso;vale do paraiso;Vale do Paraíso;3;nenhuma;formatacao
RO;vale do paraíso;vale do paraiso;Vale do Paraíso;2;acento;formatacao
RO;vilhena;vilhena;Vilhena;196;nenhuma;formatacao
RO;vista alegre do abuna;vista alegre do abuna;Vista Alegre do Abuna;3;nenhuma;formatacao
RR;alto alegre;alto alegre;Alto Alegre;7;nenhuma;formatacao
RR;boa vista;boa vista;Boa Vista;618;nenhuma;formatacao
RR;bonfim;bonfim;Bonfim;4;nenhuma;formatacao
RR;caracarai;caracarai;Caracaraí;8;nenhuma;formatacao
RR;caracaraí;caracarai;Caracaraí;2;acento;formatacao
RR;caroebe;caroebe;Caroebe;10;nenhuma;formatacao
RR;iracema;iracema;Iracema;4;nenhuma;formatacao
RR;mucajai;mucajai;Mucajai;6;nenhuma;formatacao
RR;normandia;normandia;Normandia;2;nenhuma;formatacao
RR;pacaraima;pacaraima;Pacaraima;5;nenhuma;formatacao
RR;rorainopolis;rorainopolis;Rorainópolis;7;nenhuma;formatacao
RR;rorainópolis;rorainopolis;Rorainópolis;1;acento;formatacao
RR;sao joao da baliza;sao joao da baliza;Sao Joao da Baliza;10;nenhuma;formatacao
RR;sao luiz;sao luiz;Sao Luiz;8;nenhuma;formatacao
RS;acegua;acegua;Aceguá;17;nenhuma;formatacao
RS;aceguá;acegua;Aceguá;4;acento;formatacao
RS;agua santa;agua santa;Agua Santa;8;nenhuma;formatacao
RS;aguas claras;aguas claras;Aguas Claras;6;nenhuma;formatacao
RS;agudo;agudo;Agudo;39;nenhuma;formatacao
RS;ajuricaba;ajuricaba;Ajuricaba;41;nenhuma;formatacao
RS;alecrim;alecrim;Alecrim;18;nenhuma;formatacao
RS;alegrete;alegrete;Alegrete;502;nenhuma;formatacao
RS;alegria;alegria;Alegria;10;nenhuma;formatacao
RS;almirante tamandare do sul;almirante tamandare do sul;Almirante Tamandaré do Sul;13;nenhuma;formatacao
RS;almirante tamandaré do sul;almirante tamandare do sul;Almirante Tamandaré do Sul;1;acento;formatacao
RS;alpestre;alpestre;Alpestre;16;nenhuma;formatacao
RS;alto alegre;alto alegre;Alto Alegre;7;nenhuma;formatacao
RS;alto feliz;alto feliz;Alto Feliz;7;nenhuma;formatacao
RS;alvorada;alvorada;Alvorada;678;nenhuma;formatacao
RS;amaral ferrador;amaral ferrador;Amaral Ferrador;6;nenhuma;formatacao
RS;ametista do sul;ametista do sul;Ametista do Sul;27;nenhuma;formatacao
RS;andre da rocha;andre da rocha;André da Rocha;3;nenhuma;formatacao
RS;andré da rocha;andre da rocha;André da Rocha;2;acento;formatacao
RS;anta gorda;anta gorda;Anta Gorda;41;nenhuma;formatacao
RS;antonio prado;antonio prado;Antônio Prado;80;nenhuma;formatacao
RS;antônio prado;antonio prado;Antônio Prado;15;acento;formatacao
RS;arambare;arambare;Arambaré;11;nenhuma;formatacao
RS;arambaré;arambare;Arambaré;2;acento;formatacao
RS;ararica;ararica;Araricá;11;nenhuma;formatacao
RS;araricá;ararica;Araricá;5;acento;formatacao
RS;aratiba;aratiba;Aratiba;24;nenhuma;formatacao
RS;arco verde;arco verde;Arco Verde;1;nenhuma;formatacao
RS;arroio grande;arroio grande;Arroio Grande;75;nenhuma;formatacao
RS;arroio do meio;arroio do meio;Arroio do Meio;107;nenhuma;formatacao
RS;arroio do padre;arroio do padre;Arroio do Padre;2;nenhuma;formatacao
RS;arroio do sal;arroio do sal;Arroio do Sal;62;nenhuma;formatacao
RS;arroio do tigre;arroio do tigre;Arroio do Tigre;38;nenhuma;formatacao
RS;arroio dos ratos;arroio dos ratos;Arroio dos Ratos;74;nenhuma;formatacao
RS;arvorezinha;arvorezinha;Arvorezinha;56;nenhuma;formatacao
RS;augusto pestana;augusto pestana;Augusto Pestana;34;nenhuma;formatacao
RS;bage;bage;Bagé;625;nenhuma;formatacao
RS;bagé;bage;Bagé;109;acento;formatacao
RS;balneario pinhal;balneario pinhal;Balneário Pinhal;52;nenhuma;formatacao
RS;balneário pinhal;balneario pinhal;Balneário Pinhal;6;acento;formatacao
RS;barra funda;barra funda;Barra Funda;6;nenhuma;formatacao
RS;barra do guarita;barra do guarita;Barra do Guarita;4;nenhuma;formatacao
RS;barra do quarai;barra do quarai;Barra do Quaraí;6;nenhuma;formatacao
RS;barra do quaraí;barra do quarai;Barra do Quaraí;4;acento;formatacao
RS;barra do ribeiro;barra do ribeiro;Barra do Ribeiro;61;nenhuma;formatacao
RS;barra do rio azul;barra do rio azul;Barra do Rio Azul;4;nenhuma;formatacao
RS;barracao;barracao;Barracão;29;nenhuma;formatacao
RS;barracão;barracao;Barracão;6;acento;formatacao
RS;barrado quarai;barrado quarai;Barrado Quarai;1;nenhuma;formatacao
RS;barros cassal;barros cassal;Barros Cassal;17;nenhuma;formatacao
RS;barao;barao;Barão;19;nenhuma;formatacao
RS;barão;barao;Barão;7;acento;formatacao
RS;barao de cotegipe;barao de cotegipe;Barão de Cotegipe;21;nenhuma;formatacao
RS;barão de cotegipe;barao de cotegipe;Barão de Cotegipe;3;acento;formatacao
RS;barao do triunfo;barao do triunfo;Barão do Triunfo;5;nenhuma;formatacao
RS;barão do triunfo;barao do triunfo;Barão do Triunfo;1;acento;formatacao
RS;benjamin constant do sul;benjamin constant do sul;Benjamin Constant do Sul;7;nenhuma;formatacao
RS;bento goncalves;bento goncalves;Bento Gonçalves;647;nenhuma;formatacao
RS;bento gonçalves;bento goncalves;Bento Gonçalves;138;acento;formatacao
RS;boa vista das missoes;boa vista das missoes;Boa Vista das Missões;10;nenhuma;formatacao
RS;boa vista das missões;boa vista das missoes;Boa Vista das Missões;3;acento;formatacao
RS;boa vista do burica;boa vista do burica;Boa Vista do Buricá;35;nenhuma;formatacao
RS;boa vista do buricá;boa vista do burica;Boa Vista do Buricá;8;acento;formatacao
RS;boa vista do cadeado;boa vista do cadeado;Boa Vista do Cadeado;11;nenhuma;formatacao
RS;boa vista do incra;boa vista do incra;Boa Vista do Incra;7;nenhuma;formatacao
RS;boa vista do sul;boa vista do sul;Boa Vista do Sul;7;nenhuma;formatacao
RS;bom jesus;bom jesus;Bom Jesus;40;nenhuma;formatacao
RS;bom principio;bom principio;Bom Princípio;88;nenhuma;formatacao
RS;bom princípio;bom principio;Bom Princípio;9;acento;formatacao
RS;bom progresso;bom progresso;Bom Progresso;6;nenhuma;formatacao
RS;bom retiro do sul;bom retiro do sul;Bom Retiro do Sul;51;nenhuma;formatacao
RS;boqueirao do leao;boqueirao do leao;Boqueirão do Leão;24;nenhuma;formatacao
RS;boqueirão do leão;boqueirao do leao;Boqueirão do Leão;4;acento;formatacao
RS;bossoroca;bossoroca;Bossoroca;24;nenhuma;formatacao
RS;bozano;bozano;Bozano;9;nenhuma;formatacao
RS;braga;braga;Braga;7;nenhuma;formatacao
RS;brochier;brochier;Brochier;11;nenhuma;formatacao
RS;buriti;buriti;Buriti;1;nenhuma;formatacao
RS;butia;butia;Butiá;74;nenhuma;formatacao
RS;butiá;butia;Butiá;15;acento;formatacao
RS;cacequi;cacequi;Cacequi;56;nenhuma;formatacao
RS;cachoeira do sul;cachoeira do sul;Cachoeira do Sul;403;nenhuma;formatacao
RS;cachoeirinha;cachoeirinha;Cachoeirinha;904;nenhuma;formatacao
RS;cacique doble;cacique doble;Cacique Doble;17;nenhuma;formatacao
RS;caibate;caibate;Caibaté;29;nenhuma;formatacao
RS;caibaté;caibate;Caibaté;3;acento;formatacao
RS;caicara;caicara;Caiçara;7;nenhuma;formatacao
RS;caiçara;caicara;Caiçara;2;acento;formatacao
RS;camaqua;camaqua;Camaquã;214;nenhuma;formatacao
RS;camaquã;camaqua;Camaquã;40;acento;formatacao
RS;camargo;camargo;Camargo;16;nenhuma;formatacao
RS;cambara do sul;cambara do sul;Cambará do Sul;17;nenhuma;formatacao
RS;cambará do sul;cambara do sul;Cambará do Sul;4;acento;formatacao
RS;campestre da serra;campestre da serra;Campestre da Serra;13;nenhuma;formatacao
RS;campina das missoes;campina das missoes;Campina das Missões;38;nenhuma;formatacao
RS;campina das missões;campina das missoes;Campina das Missões;4;acento;formatacao
RS;campinas do sul;campinas do sul;Campinas do Sul;37;nenhuma;formatacao
RS;campo bom;campo bom;Campo Bom;372;nenhuma;formatacao
RS;campo novo;campo novo;Campo Novo;30;nenhuma;formatacao
RS;campos borges;campos borges;Campos Borges;24;nenhuma;formatacao
RS;candelaria;candelaria;Candelária;81;nenhuma;formatacao
RS;candelária;candelaria;Candelária;12;acento;formatacao
RS;candiota;candiota;Candiota;56;nenhuma;formatacao
RS;canela;canela;Canela;302;nenhuma;formatacao
RS;cangucu;cangucu;Canguçu;117;nenhuma;formatacao
RS;canguçu;cangucu;Canguçu;16;acento;formatacao
RS;canoas;canoas;Canoas;2177;nenhuma;formatacao
RS;canudos do vale;canudos do vale;Canudos do Vale;6;nenhuma;formatacao
RS;capao novo;capao novo;Capao Novo;2;nenhuma;formatacao
RS;capao da porteira;capao da porteira;Capao da Porteira;3;nenhuma;formatacao
RS;capela de santana;capela de santana;Capela de Santana;30;nenhuma;formatacao
RS;capitao;capitao;Capitão;9;nenhuma;formatacao
RS;capitão;capitao;Capitão;3;acento;formatacao
RS;capivari do sul;capivari do sul;Capivari do Sul;37;nenhuma;formatacao
RS;capao da canoa;capao da canoa;Capão da Canoa;334;nenhuma;formatacao
RS;capão da canoa;capao da canoa;Capão da Canoa;53;acento;formatacao
RS;capao do cipo;capao do cipo;Capão do Cipó;11;nenhuma;formatacao
RS;capão do cipó;capao do cipo;Capão do Cipó;1;acento;formatacao
RS;capao do leao;capao do leao;Capão do Leão;57;nenhuma;formatacao
RS;capão do leão;capao do leao;Capão do Leão;19;acento;formatacao
RS;carazinho;carazinho;Carazinho;332;nenhuma;formatacao
RS;caraa;caraa;Caraá;1;nenhuma;formatacao
RS;caraá;caraa;Caraá;1;acento;formatacao
RS;carlos barbosa;carlos barbosa;Carlos Barbosa;231;nenhuma;formatacao
RS;carlos gomes;carlos gomes;Carlos Gomes;2;nenhuma;formatacao
RS;casca;casca;Casca;98;nenhuma;formatacao
RS;caseiros;caseiros;Caseiros;14;nenhuma;formatacao
RS;catuipe;catuipe;Catuípe;29;nenhuma;formatacao
RS;catuípe;catuipe;Catuípe;3;acento;formatacao
RS;caxias do sul;caxias do sul;Caxias do Sul;2647;nenhuma;formatacao
RS;cacapava do sul;cacapava do sul;Caçapava do Sul;101;nenhuma;formatacao
RS;caçapava do sul;cacapava do sul;Caçapava do Sul;28;acento;formatacao
RS;centenario;centenario;Centenario;2;nenhuma;formatacao
RS;cerrito;cerrito;Cerrito;16;nenhuma;formatacao
RS;cerro branco;cerro branco;Cerro Branco;9;nenhuma;formatacao
RS;cerro grande;cerro grande;Cerro Grande;9;nenhuma;formatacao
RS;cerro grande do sul;cerro grande do sul;Cerro Grande do Sul;29;nenhuma;formatacao
RS;cerro largo;cerro largo;Cerro Largo;102;nenhuma;formatacao
RS;chapada;chapada;Chapada;45;nenhuma;formatacao
RS;charqueadas;charqueadas;Charqueadas;221;nenhuma;formatacao
RS;charrua;charrua;Charrua;7;nenhuma;formatacao
RS;chiapetta;chiapetta;Chiapetta;8;nenhuma;formatacao
RS;chuvisca;chuvisca;Chuvisca;5;nenhuma;formatacao
RS;chui;chui;Chuí;49;nenhuma;formatacao
RS;chuí;chui;Chuí;16;acento;formatacao
RS;cidreira;cidreira;Cidreira;70;nenhuma;formatacao
RS;ciriaco;ciriaco;Ciríaco;21;nenhuma;formatacao
RS;ciríaco;ciriaco;Ciríaco;1;acento;formatacao
RS;colinas;colinas;Colinas;2;nenhuma;formatacao
RS;colorado;colorado;Colorado;30;nenhuma;formatacao
RS;colonia nova;colonia nova;Colônia Nova;2;nenhuma;formatacao
RS;colônia nova;colonia nova;Colônia Nova;1;acento;formatacao
RS;colônia z-3;colonia z 3;Colônia Z-3;2;sufixo-uf|acento;formatacao
RS;colonia z-3;colonia z 3;Colônia Z-3;1;sufixo-uf;formatacao
RS;condor;condor;Condor;25;nenhuma;formatacao
RS;constantina;constantina;Constantina;45;nenhuma;formatacao
RS;coqueiro baixo;coqueiro baixo;Coqueiro Baixo;4;nenhuma;formatacao
RS;coqueiros do sul;coqueiros do sul;Coqueiros do Sul;4;nenhuma;formatacao
RS;coronel barros;coronel barros;Coronel Barros;4;nenhuma;formatacao
RS;coronel bicaco;coronel bicaco;Coronel Bicaco;22;nenhuma;formatacao
RS;coronel pilar;coronel pilar;Coronel Pilar;1;nenhuma;formatacao
RS;cortado;cortado;Cortado;1;nenhuma;formatacao
RS;cotipora;cotipora;Cotiporã;22;nenhuma;formatacao
RS;cotiporã;cotipora;Cotiporã;2;acento;formatacao
RS;coxilha;coxilha;Coxilha;6;nenhuma;formatacao
RS;crissiumal;crissiumal;Crissiumal;55;nenhuma;formatacao
RS;cristal;cristal;Cristal;25;nenhuma;formatacao
RS;cristal do sul;cristal do sul;Cristal do Sul;4;nenhuma;formatacao
RS;cruz alta;cruz alta;Cruz Alta;430;nenhuma;formatacao
RS;cruzaltense;cruzaltense;Cruzaltense;5;nenhuma;formatacao
RS;cruzeiro do sul;cruzeiro do sul;Cruzeiro do Sul;46;nenhuma;formatacao
RS;curumim;curumim;Curumim;1;nenhuma;formatacao
RS;candido godoi;candido godoi;Cândido Godói;26;nenhuma;formatacao
RS;cândido godói;candido godoi;Cândido Godói;5;acento;formatacao
RS;david canabarro;david canabarro;David Canabarro;28;nenhuma;formatacao
RS;derrubadas;derrubadas;Derrubadas;4;nenhuma;formatacao
RS;dezesseis de novembro;dezesseis de novembro;Dezesseis de Novembro;5;nenhuma;formatacao
RS;dilermando de aguiar;dilermando de aguiar;Dilermando de Aguiar;4;nenhuma;formatacao
RS;dois irmaos;dois irmaos;Dois Irmãos;158;nenhuma;formatacao
RS;dois irmãos;dois irmaos;Dois Irmãos;30;acento;formatacao
RS;dois irmãos das missões;dois irmaos das missoes;Dois Irmãos das Missões;2;acento;formatacao
RS;dois irmaos das missoes;dois irmaos das missoes;Dois Irmãos das Missões;2;nenhuma;formatacao
RS;dois lajeados;dois lajeados;Dois Lajeados;15;nenhuma;formatacao
RS;dom feliciano;dom feliciano;Dom Feliciano;32;nenhuma;formatacao
RS;dom pedrito;dom pedrito;Dom Pedrito;222;nenhuma;formatacao
RS;dom pedro de alcantara;dom pedro de alcantara;Dom Pedro de Alcântara;9;nenhuma;formatacao
RS;dom pedro de alcântara;dom pedro de alcantara;Dom Pedro de Alcântara;5;acento;formatacao
RS;dona francisca;dona francisca;Dona Francisca;17;nenhuma;formatacao
RS;doutor mauricio cardoso;doutor mauricio cardoso;Doutor Maurício Cardoso;30;nenhuma;formatacao
RS;doutor maurício cardoso;doutor mauricio cardoso;Doutor Maurício Cardoso;4;acento;formatacao
RS;doutor ricardo;doutor ricardo;Doutor Ricardo;5;nenhuma;formatacao
RS;eldorado do sul;eldorado do sul;Eldorado do Sul;149;nenhuma;formatacao
RS;encantado;encantado;Encantado;141;nenhuma;formatacao
RS;encruzilhada do sul;encruzilhada do sul;Encruzilhada do Sul;99;nenhuma;formatacao
RS;entre rios do sul;entre rios do sul;Entre Rios do Sul;3;nenhuma;formatacao
RS;entre-ijuis;entre ijuis;Entre-ijuís;23;sufixo-uf;formatacao
RS;entre-ijuís;entre ijuis;Entre-ijuís;3;sufixo-uf|acento;formatacao
RS;erebango;erebango;Erebango;9;nenhuma;formatacao
RS;erechim;erechim;Erechim;726;nenhuma;formatacao
RS;ernestina;ernestina;Ernestina;5;nenhuma;formatacao
RS;erval grande;erval grande;Erval Grande;16;nenhuma;formatacao
RS;erval seco;erval seco;Erval Seco;13;nenhuma;formatacao
RS;esmeralda;esmeralda;Esmeralda;13;nenhuma;formatacao
RS;esperanca do sul;esperanca do sul;Esperança do Sul;3;nenhuma;formatacao
RS;esperança do sul;esperanca do sul;Esperança do Sul;2;acento;formatacao
RS;espumoso;espumoso;Espumoso;99;nenhuma;formatacao
RS;estacao;estacao;Estação;34;nenhuma;formatacao
RS;estação;estacao;Estação;3;acento;formatacao
RS;esteio;esteio;Esteio;491;nenhuma;formatacao
RS;estrela;estrela;Estrela;196;nenhuma;formatacao
RS;estrela velha;estrela velha;Estrela Velha;15;nenhuma;formatacao
RS;estancia velha;estancia velha;Estância Velha;180;nenhuma;formatacao
RS;estância velha;estancia velha;Estância Velha;35;acento;formatacao
RS;eugenio de castro;eugenio de castro;Eugenio de Castro;7;nenhuma;formatacao
RS;fagundes varela;fagundes varela;Fagundes Varela;16;nenhuma;formatacao
RS;farroupilha;farroupilha;Farroupilha;359;nenhuma;formatacao
RS;faxinal do soturno;faxinal do soturno;Faxinal do Soturno;36;nenhuma;formatacao
RS;faxinalzinho;faxinalzinho;Faxinalzinho;4;nenhuma;formatacao
RS;fazenda souza;fazenda souza;Fazenda Souza;1;nenhuma;formatacao
RS;fazenda vilanova;fazenda vilanova;Fazenda Vilanova;10;nenhuma;formatacao
RS;feliz;feliz;Feliz;107;nenhuma;formatacao
RS;flores da cunha;flores da cunha;Flores da Cunha;169;nenhuma;formatacao
RS;floriano peixoto;floriano peixoto;Floriano Peixoto;6;nenhuma;formatacao
RS;fontoura xavier;fontoura xavier;Fontoura Xavier;27;nenhuma;formatacao
RS;formigueiro;formigueiro;Formigueiro;16;nenhuma;formatacao
RS;forquetinha;forquetinha;Forquetinha;3;nenhuma;formatacao
RS;fortaleza dos valos;fortaleza dos valos;Fortaleza dos Valos;32;nenhuma;formatacao
RS;frederico westphalen;frederico westphalen;Frederico Westphalen;250;nenhuma;formatacao
RS;garibaldi;garibaldi;Garibaldi;240;nenhuma;formatacao
RS;garruchos;garruchos;Garruchos;3;nenhuma;formatacao
RS;gaurama;gaurama;Gaurama;34;nenhuma;formatacao
RS;general camara;general camara;General Câmara;24;nenhuma;formatacao
RS;general câmara;general camara;General Câmara;5;acento;formatacao
RS;gentil;gentil;Gentil;6;nenhuma;formatacao
RS;getulio vargas;getulio vargas;Getúlio Vargas;90;nenhuma;formatacao
RS;getúlio vargas;getulio vargas;Getúlio Vargas;20;acento;formatacao
RS;girua;girua;Giruá;71;nenhuma;formatacao
RS;giruá;girua;Giruá;8;acento;formatacao
RS;glorinha;glorinha;Glorinha;14;nenhuma;formatacao
RS;gramado;gramado;Gramado;410;nenhuma;formatacao
RS;gramado xavier;gramado xavier;Gramado Xavier;9;nenhuma;formatacao
RS;gramado dos loureiros;gramado dos loureiros;Gramado dos Loureiros;7;nenhuma;formatacao
RS;gravatai;gravatai;Gravataí;1160;nenhuma;formatacao
RS;gravataí;gravatai;Gravataí;242;acento;formatacao
RS;guabiju;guabiju;Guabiju;7;nenhuma;formatacao
RS;guapore;guapore;Guaporé;195;nenhuma;formatacao
RS;guaporé;guapore;Guaporé;35;acento;formatacao
RS;guarani das missoes;guarani das missoes;Guarani das Missões;33;nenhuma;formatacao
RS;guarani das missões;guarani das missoes;Guarani das Missões;8;acento;formatacao
RS;guaiba;guaiba;Guaíba;413;nenhuma;formatacao
RS;guaíba;guaiba;Guaíba;60;acento;formatacao
RS;harmonia;harmonia;Harmonia;18;nenhuma;formatacao
RS;herval;herval;Herval;35;nenhuma;formatacao
RS;herveiras;herveiras;Herveiras;6;nenhuma;formatacao
RS;horizontina;horizontina;Horizontina;145;nenhuma;formatacao
RS;hulha negra;hulha negra;Hulha Negra;17;nenhuma;formatacao
RS;humaita;humaita;Humaitá;20;nenhuma;formatacao
RS;humaitá;humaita;Humaitá;6;acento;formatacao
RS;ibarama;ibarama;Ibarama;10;nenhuma;formatacao
RS;ibiaca;ibiaca;Ibiaçá;33;nenhuma;formatacao
RS;ibiaçá;ibiaca;Ibiaçá;6;acento;formatacao
RS;ibiraiaras;ibiraiaras;Ibiraiaras;48;nenhuma;formatacao
RS;ibirapuita;ibirapuita;Ibirapuitã;24;nenhuma;formatacao
RS;ibirapuitã;ibirapuita;Ibirapuitã;6;acento;formatacao
RS;ibiruba;ibiruba;Ibirubá;192;nenhuma;formatacao
RS;ibirubá;ibiruba;Ibirubá;26;acento;formatacao
RS;igrejinha;igrejinha;Igrejinha;186;nenhuma;formatacao
RS;ijui;ijui;Ijuí;481;nenhuma;formatacao
RS;ijuí;ijui;Ijuí;83;acento;formatacao
RS;ilopolis;ilopolis;Ilópolis;25;nenhuma;formatacao
RS;ilópolis;ilopolis;Ilópolis;5;acento;formatacao
RS;imbe;imbe;Imbé;122;nenhuma;formatacao
RS;imbé;imbe;Imbé;30;acento;formatacao
RS;imigrante;imigrante;Imigrante;26;nenhuma;formatacao
RS;independencia;independencia;Independência;16;nenhuma;formatacao
RS;independência;independencia;Independência;7;acento;formatacao
RS;inhacora;inhacora;Inhacorá;5;nenhuma;formatacao
RS;inhacorá;inhacora;Inhacorá;2;acento;formatacao
RS;ipiranga;ipiranga;Ipiranga;1;nenhuma;formatacao
RS;ipiranga do sul;ipiranga do sul;Ipiranga do Sul;10;nenhuma;formatacao
RS;ipe;ipe;Ipê;22;nenhuma;formatacao
RS;ipê;ipe;Ipê;4;acento;formatacao
RS;irai;irai;Iraí;22;nenhuma;formatacao
RS;iraí;irai;Iraí;6;acento;formatacao
RS;itaara;itaara;Itaara;14;nenhuma;formatacao
RS;itacurubi;itacurubi;Itacurubi;4;nenhuma;formatacao
RS;itapuca;itapuca;Itapucá;1;nenhuma;formatacao
RS;itapucá;itapuca;Itapucá;1;acento;formatacao
RS;itaqui;itaqui;Itaqui;155;nenhuma;formatacao
RS;itati;itati;Itati;3;nenhuma;formatacao
RS;itatiba do sul;itatiba do sul;Itatiba do Sul;16;nenhuma;formatacao
RS;ivora;ivora;Ivora;3;nenhuma;formatacao
RS;ivoti;ivoti;Ivoti;163;nenhuma;formatacao
RS;jaboticaba;jaboticaba;Jaboticaba;9;nenhuma;formatacao
RS;jacuizinho;jacuizinho;Jacuizinho;4;nenhuma;formatacao
RS;jacutinga;jacutinga;Jacutinga;11;nenhuma;formatacao
RS;jaguari;jaguari;Jaguari;65;nenhuma;formatacao
RS;jaguarao;jaguarao;Jaguarão;137;nenhuma;formatacao
RS;jaguarão;jaguarao;Jaguarão;35;acento;formatacao
RS;jansen;jansen;Jansen;3;nenhuma;formatacao
RS;jaquirana;jaquirana;Jaquirana;17;nenhuma;formatacao
RS;jari;jari;Jari;12;nenhuma;formatacao
RS;joia;joia;Jóia;11;nenhuma;formatacao
RS;jóia;joia;Jóia;4;acento;formatacao
RS;julio de castilhos;julio de castilhos;Júlio de Castilhos;85;nenhuma;formatacao
RS;júlio de castilhos;julio de castilhos;Júlio de Castilhos;21;acento;formatacao
RS;lagoa bonita do sul;lagoa bonita do sul;Lagoa Bonita do Sul;2;nenhuma;formatacao
RS;lagoa vermelha;lagoa vermelha;Lagoa Vermelha;218;nenhuma;formatacao
RS;lagoa dos tres cantos;lagoa dos tres cantos;Lagoa dos Três Cantos;5;nenhuma;formatacao
RS;lagoa dos três cantos;lagoa dos tres cantos;Lagoa dos Três Cantos;2;acento;formatacao
RS;lagoao;lagoao;Lagoão;11;nenhuma;formatacao
RS;lagoão;lagoao;Lagoão;2;acento;formatacao
RS;lajeado;lajeado;Lajeado;619;nenhuma;formatacao
RS;lajeado do bugre;lajeado do bugre;Lajeado do Bugre;1;nenhuma;formatacao
RS;lavras do sul;lavras do sul;Lavras do Sul;31;nenhuma;formatacao
RS;liberato salzano;liberato salzano;Liberato Salzano;18;nenhuma;formatacao
RS;lindolfo collor;lindolfo collor;Lindolfo Collor;16;nenhuma;formatacao
RS;linha nova;linha nova;Linha Nova;8;nenhuma;formatacao
RS;machadinho;machadinho;Machadinho;9;nenhuma;formatacao
RS;mampituba;mampituba;Mampituba;1;nenhuma;formatacao
RS;manoel viana;manoel viana;Manoel Viana;29;nenhuma;formatacao
RS;maquine;maquine;Maquiné;7;nenhuma;formatacao
RS;maquiné;maquine;Maquiné;2;acento;formatacao
RS;marata;marata;Marata;2;nenhuma;formatacao
RS;marau;marau;Marau;248;nenhuma;formatacao
RS;marcelino ramos;marcelino ramos;Marcelino Ramos;14;nenhuma;formatacao
RS;mariana pimentel;mariana pimentel;Mariana Pimentel;2;nenhuma;formatacao
RS;mariano moro;mariano moro;Mariano Moro;8;nenhuma;formatacao
RS;marques de souza;marques de souza;Marques de Souza;11;nenhuma;formatacao
RS;mata;mata;Mata;9;nenhuma;formatacao
RS;mato castelhano;mato castelhano;Mato Castelhano;4;nenhuma;formatacao
RS;mato leitao;mato leitao;Mato Leitão;7;nenhuma;formatacao
RS;mato leitão;mato leitao;Mato Leitão;2;acento;formatacao
RS;mato queimado;mato queimado;Mato Queimado;10;nenhuma;formatacao
RS;maximiliano de almeida;maximiliano de almeida;Maximiliano de Almeida;26;nenhuma;formatacao
RS;macambara;macambara;Maçambará;11;nenhuma;formatacao
RS;maçambará;macambara;Maçambará;3;acento;formatacao
RS;minas do leao;minas do leao;Minas do Leão;23;nenhuma;formatacao
RS;minas do leão;minas do leao;Minas do Leão;3;acento;formatacao
RS;miraguai;miraguai;Miraguaí;22;nenhuma;formatacao
RS;miraguaí;miraguai;Miraguaí;2;acento;formatacao
RS;montauri;montauri;Montauri;9;nenhuma;formatacao
RS;monte alegre dos campos;monte alegre dos campos;Monte Alegre dos Campos;5;nenhuma;formatacao
RS;monte alverne;monte alverne;Monte Alverne;2;nenhuma;formatacao
RS;monte belo do sul;monte belo do sul;Monte Belo do Sul;9;nenhuma;formatacao
RS;monte bonito;monte bonito;Monte Bonito;2;nenhuma;formatacao
RS;montenegro;montenegro;Montenegro;345;nenhuma;formatacao
RS;mormaco;mormaco;Mormaço;8;nenhuma;formatacao
RS;mormaço;mormaco;Mormaço;5;acento;formatacao
RS;morrinhos do sul;morrinhos do sul;Morrinhos do Sul;8;nenhuma;formatacao
RS;morro redondo;morro redondo;Morro Redondo;9;nenhuma;formatacao
RS;morro reuter;morro reuter;Morro Reuter;26;nenhuma;formatacao
RS;mostardas;mostardas;Mostardas;70;nenhuma;formatacao
RS;muitos capoes;muitos capoes;Muitos Capoes;2;nenhuma;formatacao
RS;muliterno;muliterno;Muliterno;3;nenhuma;formatacao
RS;mucum;mucum;Muçum;22;nenhuma;formatacao
RS;muçum;mucum;Muçum;7;acento;formatacao
RS;nicolau vergueiro;nicolau vergueiro;Nicolau Vergueiro;5;nenhuma;formatacao
RS;nonoai;nonoai;Nonoai;32;nenhuma;formatacao
RS;nova alvorada;nova alvorada;Nova Alvorada;22;nenhuma;formatacao
RS;nova andradina;nova andradina;Nova Andradina;1;nenhuma;formatacao
RS;nova araca;nova araca;Nova Araçá;23;nenhuma;formatacao
RS;nova araçá;nova araca;Nova Araçá;3;acento;formatacao
RS;nova bassano;nova bassano;Nova Bassano;64;nenhuma;formatacao
RS;nova boa vista;nova boa vista;Nova Boa Vista;11;nenhuma;formatacao
RS;nova brescia;nova brescia;Nova Bréscia;21;nenhuma;formatacao
RS;nova bréscia;nova brescia;Nova Bréscia;4;acento;formatacao
RS;nova candelaria;nova candelaria;Nova Candelária;6;nenhuma;formatacao
RS;nova candelária;nova candelaria;Nova Candelária;3;acento;formatacao
RS;nova esperanca do sul;nova esperanca do sul;Nova Esperança do Sul;27;nenhuma;formatacao
RS;nova esperança do sul;nova esperanca do sul;Nova Esperança do Sul;4;acento;formatacao
RS;nova hartz;nova hartz;Nova Hartz;61;nenhuma;formatacao
RS;nova milano;nova milano;Nova Milano;3;nenhuma;formatacao
RS;nova palma;nova palma;Nova Palma;21;nenhuma;formatacao
RS;nova petropolis;nova petropolis;Nova Petrópolis;104;nenhuma;formatacao
RS;nova petrópolis;nova petropolis;Nova Petrópolis;25;acento;formatacao
RS;nova prata;nova prata;Nova Prata;206;nenhuma;formatacao
RS;nova pádua;nova padua;Nova Pádua;3;acento;formatacao
RS;nova padua;nova padua;Nova Pádua;2;nenhuma;formatacao
RS;nova ramada;nova ramada;Nova Ramada;5;nenhuma;formatacao
RS;nova roma do sul;nova roma do sul;Nova Roma do Sul;18;nenhuma;formatacao
RS;nova santa rita;nova santa rita;Nova Santa Rita;87;nenhuma;formatacao
RS;nova sardenha;nova sardenha;Nova Sardenha;2;nenhuma;formatacao
RS;novo barreiro;novo barreiro;Novo Barreiro;18;nenhuma;formatacao
RS;novo cabrais;novo cabrais;Novo Cabrais;9;nenhuma;formatacao
RS;novo hamburgo;novo hamburgo;Novo Hamburgo;1527;nenhuma;formatacao
RS;novo hamburgo, rio grande do sul, brasil;novo hamburgo, rio grande do sul, brasil;Novo Hamburgo, Rio Grande do Sul, Brasil;1;nenhuma;formatacao
RS;novo machado;novo machado;Novo Machado;15;nenhuma;formatacao
RS;novo tiradentes;novo tiradentes;Novo Tiradentes;10;nenhuma;formatacao
RS;novo xingu;novo xingu;Novo Xingu;3;nenhuma;formatacao
RS;nao-me-toque;nao me toque;Não-me-toque;109;sufixo-uf;formatacao
RS;não-me-toque;nao me toque;Não-me-toque;17;sufixo-uf|acento;formatacao
RS;osvaldo kroeff;osvaldo kroeff;Osvaldo Kroeff;2;nenhuma;formatacao
RS;osorio;osorio;Osório;299;nenhuma;formatacao
RS;osório;osorio;Osório;47;acento;formatacao
RS;otavio rocha;otavio rocha;Otavio Rocha;2;nenhuma;formatacao
RS;padre gonzales;padre gonzales;Padre Gonzales;5;nenhuma;formatacao
RS;paim filho;paim filho;Paim Filho;11;nenhuma;formatacao
RS;palmares do sul;palmares do sul;Palmares do Sul;38;nenhuma;formatacao
RS;palmeira das missoes;palmeira das missoes;Palmeira das Missões;160;nenhuma;formatacao
RS;palmeira das missões;palmeira das missoes;Palmeira das Missões;25;acento;formatacao
RS;palmitinho;palmitinho;Palmitinho;35;nenhuma;formatacao
RS;panambi;panambi;Panambi;286;nenhuma;formatacao
RS;parai;parai;Paraí;35;nenhuma;formatacao
RS;paraí;parai;Paraí;3;acento;formatacao
RS;paraiso do sul;paraiso do sul;Paraíso do Sul;20;nenhuma;formatacao
RS;paraíso do sul;paraiso do sul;Paraíso do Sul;4;acento;formatacao
RS;pareci novo;pareci novo;Pareci Novo;11;nenhuma;formatacao
RS;parobe;parobe;Parobé;148;nenhuma;formatacao
RS;parobé;parobe;Parobé;31;acento;formatacao
RS;passa sete;passa sete;Passa Sete;6;nenhuma;formatacao
RS;passo fundo;passo fundo;Passo Fundo;1451;nenhuma;formatacao
RS;passo do sobrado;passo do sobrado;Passo do Sobrado;12;nenhuma;formatacao
RS;paulo bento;paulo bento;Paulo Bento;8;nenhuma;formatacao
RS;paverama;paverama;Paverama;12;nenhuma;formatacao
RS;pedras altas;pedras altas;Pedras Altas;10;nenhuma;formatacao
RS;pedro osorio;pedro osorio;Pedro Osório;35;nenhuma;formatacao
RS;pedro osório;pedro osorio;Pedro Osório;6;acento;formatacao
RS;pejucara;pejucara;Pejuçara;21;nenhuma;formatacao
RS;pejuçara;pejucara;Pejuçara;5;acento;formatacao
RS;pelotas;pelotas;Pelotas;2256;nenhuma;formatacao
RS;picada cafe;picada cafe;Picada Café;29;nenhuma;formatacao
RS;picada café;picada cafe;Picada Café;4;acento;formatacao
RS;pinhal;pinhal;Pinhal;9;nenhuma;formatacao
RS;pinhal alto;pinhal alto;Pinhal Alto;3;nenhuma;formatacao
RS;pinhal grande;pinhal grande;Pinhal Grande;15;nenhuma;formatacao
RS;pinhal da serra;pinhal da serra;Pinhal da Serra;2;nenhuma;formatacao
RS;pinheirinho do vale;pinheirinho do vale;Pinheirinho do Vale;15;nenhuma;formatacao
RS;pinheiro machado;pinheiro machado;Pinheiro Machado;65;nenhuma;formatacao
RS;pinto bandeira;pinto bandeira;Pinto Bandeira;4;nenhuma;formatacao
RS;pirapo;pirapo;Pirapó;5;nenhuma;formatacao
RS;pirapó;pirapo;Pirapó;3;acento;formatacao
RS;piratini;piratini;Piratini;45;nenhuma;formatacao
RS;planalto;planalto;Planalto;34;nenhuma;formatacao
RS;polo petroquimico de triunfo;polo petroquimico de triunfo;Polo Petroquimico de Triunfo;1;nenhuma;formatacao
RS;ponte preta;ponte preta;Ponte Preta;8;nenhuma;formatacao
RS;pontao;pontao;Pontão;3;nenhuma;formatacao
RS;pontão;pontao;Pontão;2;acento;formatacao
RS;porto aelgre;porto aelgre;Porto Aelgre;1;nenhuma;formatacao
RS;porto alegre;porto alegre;Porto Alegre;14927;nenhuma;formatacao
RS;porto lucena;porto lucena;Porto Lucena;17;nenhuma;formatacao
RS;porto maua;porto maua;Porto Mauá;8;nenhuma;formatacao
RS;porto mauá;porto maua;Porto Mauá;3;acento;formatacao
RS;porto vera cruz;porto vera cruz;Porto Vera Cruz;2;nenhuma;formatacao
RS;porto xavier;porto xavier;Porto Xavier;66;nenhuma;formatacao
RS;portao;portao;Portão;104;nenhuma;formatacao
RS;portão;portao;Portão;24;acento;formatacao
RS;pouso novo;pouso novo;Pouso Novo;9;nenhuma;formatacao
RS;poco das antas;poco das antas;Poço das Antas;5;nenhuma;formatacao
RS;poço das antas;poco das antas;Poço das Antas;1;acento;formatacao
RS;presidente lucena;presidente lucena;Presidente Lucena;14;nenhuma;formatacao
RS;progresso;progresso;Progresso;20;nenhuma;formatacao
RS;protasio alves;protasio alves;Protasio Alves;6;nenhuma;formatacao
RS;putinga;putinga;Putinga;19;nenhuma;formatacao
RS;pantano grande;pantano grande;Pântano Grande;34;nenhuma;formatacao
RS;pântano grande;pantano grande;Pântano Grande;2;acento;formatacao
RS;quarai;quarai;Quaraí;78;nenhuma;formatacao
RS;quaraí;quarai;Quaraí;27;acento;formatacao
RS;quatro irmaos;quatro irmaos;Quatro Irmaos;3;nenhuma;formatacao
RS;quevedos;quevedos;Quevedos;11;nenhuma;formatacao
RS;quilombo;quilombo;Quilombo;1;nenhuma;formatacao
RS;quinta;quinta;Quinta;1;nenhuma;formatacao
RS;quintao;quintao;Quintao;7;nenhuma;formatacao
RS;quinze de novembro;quinze de novembro;Quinze de Novembro;15;nenhuma;formatacao
RS;rainha do mar;rainha do mar;Rainha do Mar;3;nenhuma;formatacao
RS;redentora;redentora;Redentora;15;nenhuma;formatacao
RS;relvado;relvado;Relvado;10;nenhuma;formatacao
RS;restinga seca;restinga seca;Restinga Seca;49;nenhuma;formatacao
RS;rio grande;rio grande;Rio Grande;1584;nenhuma;formatacao
RS;rio pardo;rio pardo;Rio Pardo;111;nenhuma;formatacao
RS;rio dos indios;rio dos indios;Rio dos Indios;5;nenhuma;formatacao
RS;riozinho;riozinho;Riozinho;12;nenhuma;formatacao
RS;roca sales;roca sales;Roca Sales;41;nenhuma;formatacao
RS;rodeio bonito;rodeio bonito;Rodeio Bonito;28;nenhuma;formatacao
RS;rolador;rolador;Rolador;1;nenhuma;formatacao
RS;rolante;rolante;Rolante;92;nenhuma;formatacao
RS;ronda alta;ronda alta;Ronda Alta;46;nenhuma;formatacao
RS;rondinha;rondinha;Rondinha;18;nenhuma;formatacao
RS;roque gonzales;roque gonzales;Roque Gonzales;24;nenhuma;formatacao
RS;rosario do sul;rosario do sul;Rosário do Sul;151;nenhuma;formatacao
RS;rosário do sul;rosario do sul;Rosário do Sul;22;acento;formatacao
RS;sagrada familia;sagrada familia;Sagrada Família;8;nenhuma;formatacao
RS;sagrada família;sagrada familia;Sagrada Família;1;acento;formatacao
RS;saldanha marinho;saldanha marinho;Saldanha Marinho;20;nenhuma;formatacao
RS;salto do jacui;salto do jacui;Salto do Jacuí;44;nenhuma;formatacao
RS;salto do jacuí;salto do jacui;Salto do Jacuí;6;acento;formatacao
RS;salvador das missoes;salvador das missoes;Salvador das Missões;10;nenhuma;formatacao
RS;salvador das missões;salvador das missoes;Salvador das Missões;3;acento;formatacao
RS;salvador do sul;salvador do sul;Salvador do Sul;53;nenhuma;formatacao
RS;sananduva;sananduva;Sananduva;88;nenhuma;formatacao
RS;sant'ana do livramento;sant ana do livramento;Sant'ana do Livramento;2;nenhuma;formatacao
RS;santa barbara do sul;santa barbara do sul;Santa Bárbara do Sul;45;nenhuma;formatacao
RS;santa bárbara do sul;santa barbara do sul;Santa Bárbara do Sul;7;acento;formatacao
RS;santa cecilia do sul;santa cecilia do sul;Santa Cecilia do Sul;2;nenhuma;formatacao
RS;santa clara do sul;santa clara do sul;Santa Clara do Sul;27;nenhuma;formatacao
RS;santa cruz do sul;santa cruz do sul;Santa Cruz do Sul;796;nenhuma;formatacao
RS;santa lucia do piai;santa lucia do piai;Santa Lucia do Piai;1;nenhuma;formatacao
RS;santa luzia;santa luzia;Santa Luzia;1;nenhuma;formatacao
RS;santa margarida do sul;santa margarida do sul;Santa Margarida do Sul;2;nenhuma;formatacao
RS;santa maria;santa maria;Santa Maria;2218;nenhuma;formatacao
RS;santa maria do herval;santa maria do herval;Santa Maria do Herval;18;nenhuma;formatacao
RS;santa rosa;santa rosa;Santa Rosa;535;nenhuma;formatacao
RS;santa vitoria do palmar;santa vitoria do palmar;Santa Vitória do Palmar;178;nenhuma;formatacao
RS;santa vitória do palmar;santa vitoria do palmar;Santa Vitória do Palmar;34;acento;formatacao
RS;santana da boa vista;santana da boa vista;Santana da Boa Vista;20;nenhuma;formatacao
RS;santana do livramento;santana do livramento;Santana do Livramento;378;nenhuma;formatacao
RS;santiago;santiago;Santiago;334;nenhuma;formatacao
RS;santo antonio da patrulha;santo antonio da patrulha;Santo Antônio da Patrulha;178;nenhuma;formatacao
RS;santo antônio da patrulha;santo antonio da patrulha;Santo Antônio da Patrulha;30;acento;formatacao
RS;santo antonio das missoes;santo antonio das missoes;Santo Antônio das Missões;36;nenhuma;formatacao
RS;santo antônio das missões;santo antonio das missoes;Santo Antônio das Missões;5;acento;formatacao
RS;santo antonio do palma;santo antonio do palma;Santo Antônio do Palma;4;nenhuma;formatacao
RS;santo antônio do palma;santo antonio do palma;Santo Antônio do Palma;4;acento;formatacao
RS;santo antonio do planalto;santo antonio do planalto;Santo Antônio do Planalto;10;nenhuma;formatacao
RS;santo antônio do planalto;santo antonio do planalto;Santo Antônio do Planalto;4;acento;formatacao
RS;santo augusto;santo augusto;Santo Augusto;86;nenhuma;formatacao
RS;santo cristo;santo cristo;Santo Cristo;83;nenhuma;formatacao
RS;santo expedito do sul;santo expedito do sul;Santo Expedito do Sul;6;nenhuma;formatacao
RS;santo angelo;santo angelo;Santo Ângelo;493;nenhuma;formatacao
RS;santo ângelo;santo angelo;Santo Ângelo;62;acento;formatacao
RS;sao joao do polesine;sao joao do polesine;Sao Joao do Polesine;11;nenhuma;formatacao
RS;sao jorge;sao jorge;Sao Jorge;14;nenhuma;formatacao
RS;sao jose do inhacora;sao jose do inhacora;Sao Jose do Inhacora;6;nenhuma;formatacao
RS;sao jose do sul;sao jose do sul;Sao Jose do Sul;5;nenhuma;formatacao
RS;sao valerio do sul;sao valerio do sul;Sao Valerio do Sul;2;nenhuma;formatacao
RS;sapiranga;sapiranga;Sapiranga;322;nenhuma;formatacao
RS;sapucaia do sul;sapucaia do sul;Sapucaia do Sul;592;nenhuma;formatacao
RS;sarandi;sarandi;Sarandi;115;nenhuma;formatacao
RS;seberi;seberi;Seberi;47;nenhuma;formatacao
RS;sede nova;sede nova;Sede Nova;6;nenhuma;formatacao
RS;segredo;segredo;Segredo;9;nenhuma;formatacao
RS;selbach;selbach;Selbach;26;nenhuma;formatacao
RS;senador salgado filho;senador salgado filho;Senador Salgado Filho;8;nenhuma;formatacao
RS;sentinela do sul;sentinela do sul;Sentinela do Sul;4;nenhuma;formatacao
RS;serafina correa;serafina correa;Serafina Corrêa;106;nenhuma;formatacao
RS;serafina corrêa;serafina correa;Serafina Corrêa;16;acento;formatacao
RS;sertao;sertao;Sertão;29;nenhuma;formatacao
RS;sertão;sertao;Sertão;7;acento;formatacao
RS;sertao santana;sertao santana;Sertão Santana;22;nenhuma;formatacao
RS;sertão santana;sertao santana;Sertão Santana;3;acento;formatacao
RS;sete de setembro;sete de setembro;Sete de Setembro;2;nenhuma;formatacao
RS;severiano de almeida;severiano de almeida;Severiano de Almeida;7;nenhuma;formatacao
RS;silveira martins;silveira martins;Silveira Martins;6;nenhuma;formatacao
RS;sinimbu;sinimbu;Sinimbu;17;nenhuma;formatacao
RS;sobradinho;sobradinho;Sobradinho;66;nenhuma;formatacao
RS;soledade;soledade;Soledade;125;nenhuma;formatacao
RS;sao borja;sao borja;São Borja;296;nenhuma;formatacao
RS;são borja;sao borja;São Borja;43;acento;formatacao
RS;sao domingos do sul;sao domingos do sul;São Domingos do Sul;9;nenhuma;formatacao
RS;são domingos do sul;sao domingos do sul;São Domingos do Sul;1;acento;formatacao
RS;sao francisco de assis;sao francisco de assis;São Francisco de Assis;66;nenhuma;formatacao
RS;são francisco de assis;sao francisco de assis;São Francisco de Assis;13;acento;formatacao
RS;sao francisco de paula;sao francisco de paula;São Francisco de Paula;84;nenhuma;formatacao
RS;são francisco de paula;sao francisco de paula;São Francisco de Paula;17;acento;formatacao
RS;sao gabriel;sao gabriel;São Gabriel;237;nenhuma;formatacao
RS;são gabriel;sao gabriel;São Gabriel;45;acento;formatacao
RS;sao jeronimo;sao jeronimo;São Jerônimo;80;nenhuma;formatacao
RS;são jerônimo;sao jeronimo;São Jerônimo;10;acento;formatacao
RS;são josé das missões;sao jose das missoes;São José das Missões;1;acento;formatacao
RS;sao jose das missoes;sao jose das missoes;São José das Missões;1;nenhuma;formatacao
RS;sao jose do herval;sao jose do herval;São José do Herval;10;nenhuma;formatacao
RS;são josé do herval;sao jose do herval;São José do Herval;1;acento;formatacao
RS;sao jose do hortencio;sao jose do hortencio;São José do Hortêncio;19;nenhuma;formatacao
RS;são josé do hortêncio;sao jose do hortencio;São José do Hortêncio;3;acento;formatacao
RS;sao jose do norte;sao jose do norte;São José do Norte;101;nenhuma;formatacao
RS;são josé do norte;sao jose do norte;São José do Norte;25;acento;formatacao
RS;sao jose do ouro;sao jose do ouro;São José do Ouro;54;nenhuma;formatacao
RS;são josé do ouro;sao jose do ouro;São José do Ouro;4;acento;formatacao
RS;sao jose dos ausentes;sao jose dos ausentes;São José dos Ausentes;12;nenhuma;formatacao
RS;são josé dos ausentes;sao jose dos ausentes;São José dos Ausentes;1;acento;formatacao
RS;sao joao da urtiga;sao joao da urtiga;São João da Urtiga;10;nenhuma;formatacao
RS;são joão da urtiga;sao joao da urtiga;São João da Urtiga;5;acento;formatacao
RS;sao leopoldo;sao leopoldo;São Leopoldo;1080;nenhuma;formatacao
RS;são leopoldo;sao leopoldo;São Leopoldo;181;acento;formatacao
RS;sao lourenco do sul;sao lourenco do sul;São Lourenço do Sul;133;nenhuma;formatacao
RS;são lourenço do sul;sao lourenco do sul;São Lourenço do Sul;31;acento;formatacao
RS;sao luiz gonzaga;sao luiz gonzaga;São Luiz Gonzaga;181;nenhuma;formatacao
RS;são luiz gonzaga;sao luiz gonzaga;São Luiz Gonzaga;34;acento;formatacao
RS;sao marcos;sao marcos;São Marcos;133;nenhuma;formatacao
RS;são marcos;sao marcos;São Marcos;15;acento;formatacao
RS;sao martinho;sao martinho;São Martinho;17;nenhuma;formatacao
RS;são martinho;sao martinho;São Martinho;5;acento;formatacao
RS;sao martinho da serra;sao martinho da serra;São Martinho da Serra;3;nenhuma;formatacao
RS;são martinho da serra;sao martinho da serra;São Martinho da Serra;1;acento;formatacao
RS;sao miguel das missoes;sao miguel das missoes;São Miguel das Missões;23;nenhuma;formatacao
RS;são miguel das missões;sao miguel das missoes;São Miguel das Missões;6;acento;formatacao
RS;sao nicolau;sao nicolau;São Nicolau;10;nenhuma;formatacao
RS;são nicolau;sao nicolau;São Nicolau;2;acento;formatacao
RS;sao paulo das missoes;sao paulo das missoes;São Paulo das Missões;25;nenhuma;formatacao
RS;são paulo das missões;sao paulo das missoes;São Paulo das Missões;2;acento;formatacao
RS;sao pedro da serra;sao pedro da serra;São Pedro da Serra;11;nenhuma;formatacao
RS;são pedro da serra;sao pedro da serra;São Pedro da Serra;2;acento;formatacao
RS;sao pedro do butia;sao pedro do butia;São Pedro do Butiá;11;nenhuma;formatacao
RS;são pedro do butiá;sao pedro do butia;São Pedro do Butiá;3;acento;formatacao
RS;sao pedro do sul;sao pedro do sul;São Pedro do Sul;37;nenhuma;formatacao
RS;são pedro do sul;sao pedro do sul;São Pedro do Sul;11;acento;formatacao
RS;sao sebastiao do cai;sao sebastiao do cai;São Sebastião do Caí;103;nenhuma;formatacao
RS;são sebastião do caí;sao sebastiao do cai;São Sebastião do Caí;17;acento;formatacao
RS;sao sepe;sao sepe;São Sepé;80;nenhuma;formatacao
RS;são sepé;sao sepe;São Sepé;14;acento;formatacao
RS;sao valentim;sao valentim;São Valentim;17;nenhuma;formatacao
RS;são valentim;sao valentim;São Valentim;1;acento;formatacao
RS;sao valentim do sul;sao valentim do sul;São Valentim do Sul;4;nenhuma;formatacao
RS;são valentim do sul;sao valentim do sul;São Valentim do Sul;1;acento;formatacao
RS;sao vendelino;sao vendelino;São Vendelino;15;nenhuma;formatacao
RS;são vendelino;sao vendelino;São Vendelino;1;acento;formatacao
RS;sao vicente do sul;sao vicente do sul;São Vicente do Sul;31;nenhuma;formatacao
RS;são vicente do sul;sao vicente do sul;São Vicente do Sul;8;acento;formatacao
RS;serio;serio;Sério;5;nenhuma;formatacao
RS;sério;serio;Sério;1;acento;formatacao
RS;tabai;tabai;Tabai;1;nenhuma;formatacao
RS;tapejara;tapejara;Tapejara;162;nenhuma;formatacao
RS;tapera;tapera;Tapera;51;nenhuma;formatacao
RS;tapes;tapes;Tapes;68;nenhuma;formatacao
RS;taquara;taquara;Taquara;262;nenhuma;formatacao
RS;taquari;taquari;Taquari;138;nenhuma;formatacao
RS;taquarucu do sul;taquarucu do sul;Taquaruçu do Sul;8;nenhuma;formatacao
RS;taquaruçu do sul;taquarucu do sul;Taquaruçu do Sul;4;acento;formatacao
RS;tavares;tavares;Tavares;27;nenhuma;formatacao
RS;tenente portela;tenente portela;Tenente Portela;71;nenhuma;formatacao
RS;terra de areia;terra de areia;Terra de Areia;45;nenhuma;formatacao
RS;teutonia;teutonia;Teutônia;148;nenhuma;formatacao
RS;teutônia;teutonia;Teutônia;19;acento;formatacao
RS;tio hugo;tio hugo;Tio Hugo;6;nenhuma;formatacao
RS;tiradentes do sul;tiradentes do sul;Tiradentes do Sul;20;nenhuma;formatacao
RS;toropi;toropi;Toropi;10;nenhuma;formatacao
RS;torres;torres;Torres;295;nenhuma;formatacao
RS;tramandai;tramandai;Tramandaí;285;nenhuma;formatacao
RS;tramandaí;tramandai;Tramandaí;36;acento;formatacao
RS;travesseiro;travesseiro;Travesseiro;4;nenhuma;formatacao
RS;tres forquilhas;tres forquilhas;Tres Forquilhas;5;nenhuma;formatacao
RS;trindade do sul;trindade do sul;Trindade do Sul;28;nenhuma;formatacao
RS;triunfo;triunfo;Triunfo;74;nenhuma;formatacao
RS;tres arroios;tres arroios;Três Arroios;13;nenhuma;formatacao
RS;três arroios;tres arroios;Três Arroios;1;acento;formatacao
RS;tres cachoeiras;tres cachoeiras;Três Cachoeiras;84;nenhuma;formatacao
RS;três cachoeiras;tres cachoeiras;Três Cachoeiras;12;acento;formatacao
RS;tres coroas;tres coroas;Três Coroas;100;nenhuma;formatacao
RS;três coroas;tres coroas;Três Coroas;29;acento;formatacao
RS;tres palmeiras;tres palmeiras;Três Palmeiras;16;nenhuma;formatacao
RS;três palmeiras;tres palmeiras;Três Palmeiras;2;acento;formatacao
RS;tres passos;tres passos;Três Passos;123;nenhuma;formatacao
RS;três passos;tres passos;Três Passos;25;acento;formatacao
RS;tres de maio;tres de maio;Três de Maio;129;nenhuma;formatacao
RS;três de maio;tres de maio;Três de Maio;19;acento;formatacao
RS;tucunduva;tucunduva;Tucunduva;37;nenhuma;formatacao
RS;tuiuti;tuiuti;Tuiuti;1;nenhuma;formatacao
RS;tunas;tunas;Tunas;5;nenhuma;formatacao
RS;tupanci do sul;tupanci do sul;Tupanci do Sul;2;nenhuma;formatacao
RS;tupancireta;tupancireta;Tupanciretã;83;nenhuma;formatacao
RS;tupanciretã;tupancireta;Tupanciretã;15;acento;formatacao
RS;tupandi;tupandi;Tupandi;34;nenhuma;formatacao
RS;tuparendi;tuparendi;Tuparendi;38;nenhuma;formatacao
RS;turucu;turucu;Turuçu;3;nenhuma;formatacao
RS;turuçu;turucu;Turuçu;1;acento;formatacao
RS;ubiretama;ubiretama;Ubiretama;2;nenhuma;formatacao
RS;unistalda;unistalda;Unistalda;5;nenhuma;formatacao
RS;uniao da serra;uniao da serra;União da Serra;5;nenhuma;formatacao
RS;união da serra;uniao da serra;União da Serra;1;acento;formatacao
RS;uruguaiana;uruguaiana;Uruguaiana;593;nenhuma;formatacao
RS;vacaria;vacaria;Vacaria;336;nenhuma;formatacao
RS;vale real;vale real;Vale Real;26;nenhuma;formatacao
RS;vale verde;vale verde;Vale Verde;3;nenhuma;formatacao
RS;vale do sol;vale do sol;Vale do Sol;12;nenhuma;formatacao
RS;vale dos vinhedos;vale dos vinhedos;Vale dos Vinhedos;1;nenhuma;formatacao
RS;vanini;vanini;Vanini;16;nenhuma;formatacao
RS;venancio aires;venancio aires;Venâncio Aires;224;nenhuma;formatacao
RS;venâncio aires;venancio aires;Venâncio Aires;36;acento;formatacao
RS;vera cruz;vera cruz;Vera Cruz;84;nenhuma;formatacao
RS;veranopolis;veranopolis;Veranópolis;190;nenhuma;formatacao
RS;veranópolis;veranopolis;Veranópolis;34;acento;formatacao
RS;vespasiano correa;vespasiano correa;Vespasiano Correa;6;nenhuma;formatacao
RS;viadutos;viadutos;Viadutos;13;nenhuma;formatacao
RS;viamao;viamao;Viamão;789;nenhuma;formatacao
RS;viamão;viamao;Viamão;148;acento;formatacao
RS;vicente dutra;vicente dutra;Vicente Dutra;11;nenhuma;formatacao
RS;victor graeff;victor graeff;Victor Graeff;19;nenhuma;formatacao
RS;vila flores;vila flores;Vila Flores;9;nenhuma;formatacao
RS;vila langaro;vila langaro;Vila Lângaro;13;nenhuma;formatacao
RS;vila lângaro;vila langaro;Vila Lângaro;2;acento;formatacao
RS;vila maria;vila maria;Vila Maria;11;nenhuma;formatacao
RS;vila nova do sul;vila nova do sul;Vila Nova do Sul;12;nenhuma;formatacao
RS;vista alegre;vista alegre;Vista Alegre;7;nenhuma;formatacao
RS;vista alegre do prata;vista alegre do prata;Vista Alegre do Prata;7;nenhuma;formatacao
RS;vista gaucha;vista gaucha;Vista Gaúcha;7;nenhuma;formatacao
RS;vista gaúcha;vista gaucha;Vista Gaúcha;2;acento;formatacao
RS;vitoria das missoes;vitoria das missoes;Vitória das Missões;8;nenhuma;formatacao
RS;vitória das missões;vitoria das missoes;Vitória das Missões;1;acento;formatacao
RS;westfalia;westfalia;Westfália;8;nenhuma;formatacao
RS;westfália;westfalia;Westfália;1;acento;formatacao
RS;xangri-la;xangri la;Xangri-lá;104;sufixo-uf;formatacao
RS;xangri-lá;xangri la;Xangri-lá;21;sufixo-uf|acento;formatacao
RS;xangrila;xangrila;Xangrila;1;nenhuma;formatacao
RS;aurea;aurea;Áurea;14;nenhuma;formatacao
RS;áurea;aurea;Áurea;2;acento;formatacao
SC;abdon batista;abdon batista;Abdon Batista;11;nenhuma;formatacao
SC;abelardo luz;abelardo luz;Abelardo Luz;64;nenhuma;formatacao
SC;agrolandia;agrolandia;Agrolândia;35;nenhuma;formatacao
SC;agrolândia;agrolandia;Agrolândia;6;acento;formatacao
SC;agronomica;agronomica;Agronômica;12;nenhuma;formatacao
SC;agronômica;agronomica;Agronômica;6;acento;formatacao
SC;aguas mornas;aguas mornas;Aguas Mornas;9;nenhuma;formatacao
SC;alfredo wagner;alfredo wagner;Alfredo Wagner;36;nenhuma;formatacao
SC;alto bela vista;alto bela vista;Alto Bela Vista;7;nenhuma;formatacao
SC;anchieta;anchieta;Anchieta;43;nenhuma;formatacao
SC;angelina;angelina;Angelina;10;nenhuma;formatacao
SC;anita garibaldi;anita garibaldi;Anita Garibaldi;36;nenhuma;formatacao
SC;anitapolis;anitapolis;Anitápolis;9;nenhuma;formatacao
SC;anitápolis;anitapolis;Anitápolis;2;acento;formatacao
SC;antonio carlos;antonio carlos;Antônio Carlos;32;nenhuma;formatacao
SC;antônio carlos;antonio carlos;Antônio Carlos;5;acento;formatacao
SC;apiuna;apiuna;Apiúna;45;nenhuma;formatacao
SC;apiúna;apiuna;Apiúna;12;acento;formatacao
SC;arabuta;arabuta;Arabuta;8;nenhuma;formatacao
SC;araquari;araquari;Araquari;91;nenhuma;formatacao
SC;ararangua;ararangua;Araranguá;263;nenhuma;formatacao
SC;araranguá;ararangua;Araranguá;46;acento;formatacao
SC;armazem;armazem;Armazém;33;nenhuma;formatacao
SC;armazém;armazem;Armazém;6;acento;formatacao
SC;arroio trinta;arroio trinta;Arroio Trinta;30;nenhuma;formatacao
SC;arvoredo;arvoredo;Arvoredo;7;nenhuma;formatacao
SC;ascurra;ascurra;Ascurra;58;nenhuma;formatacao
SC;atalanta;atalanta;Atalanta;13;nenhuma;formatacao
SC;aurora;aurora;Aurora;12;nenhuma;formatacao
SC;azambuja;azambuja;Azambuja;1;nenhuma;formatacao
SC;balenario camboriu;balenario camboriu;Balenario Camboriu;1;nenhuma;formatacao
SC;balneario de picarras;balneario de picarras;Balneario de Picarras;1;nenhuma;formatacao
SC;balneario arroio do silva;balneario arroio do silva;Balneário Arroio do Silva;49;nenhuma;formatacao
SC;balneário arroio do silva;balneario arroio do silva;Balneário Arroio do Silva;8;acento;formatacao
SC;balneario barra do sul;balneario barra do sul;Balneário Barra do Sul;34;nenhuma;formatacao
SC;balneário barra do sul;balneario barra do sul;Balneário Barra do Sul;9;acento;formatacao
SC;balneario camboriu;balneario camboriu;Balneário Camboriú;1016;nenhuma;formatacao
SC;balneário camboriú;balneario camboriu;Balneário Camboriú;178;acento;formatacao
SC;balneario gaivota;balneario gaivota;Balneário Gaivota;39;nenhuma;formatacao
SC;balneário gaivota;balneario gaivota;Balneário Gaivota;7;acento;formatacao
SC;balneario picarras;balneario picarras;Balneário Piçarras;87;nenhuma;formatacao
SC;balneário piçarras;balneario picarras;Balneário Piçarras;45;acento;formatacao
SC;balneario rincao;balneario rincao;Balneário Rincão;11;nenhuma;formatacao
SC;balneário rincão;balneario rincao;Balneário Rincão;6;acento;formatacao
SC;bandeirante;bandeirante;Bandeirante;7;nenhuma;formatacao
SC;barra bonita;barra bonita;Barra Bonita;1;nenhuma;formatacao
SC;barra velha;barra velha;Barra Velha;119;nenhuma;formatacao
SC;bela vista do toldo;bela vista do toldo;Bela Vista do Toldo;8;nenhuma;formatacao
SC;belmonte;belmonte;Belmonte;8;nenhuma;formatacao
SC;benedito novo;benedito novo;Benedito Novo;43;nenhuma;formatacao
SC;biguacu;biguacu;Biguaçu;197;nenhuma;formatacao
SC;biguaçu;biguacu;Biguaçu;49;acento;formatacao
SC;blumenau;blumenau;Blumenau;2658;nenhuma;formatacao
SC;bocaina do sul;bocaina do sul;Bocaína do Sul;6;nenhuma;formatacao
SC;bocaína do sul;bocaina do sul;Bocaína do Sul;1;acento;formatacao
SC;bom jardim da serra;bom jardim da serra;Bom Jardim da Serra;6;nenhuma;formatacao
SC;bom jesus;bom jesus;Bom Jesus;4;nenhuma;formatacao
SC;bom retiro;bom retiro;Bom Retiro;27;nenhuma;formatacao
SC;bombinhas;bombinhas;Bombinhas;233;nenhuma;formatacao
SC;botuvera;botuvera;Botuverá;6;nenhuma;formatacao
SC;botuverá;botuvera;Botuverá;2;acento;formatacao
SC;braco do norte;braco do norte;Braço do Norte;163;nenhuma;formatacao
SC;braço do norte;braco do norte;Braço do Norte;38;acento;formatacao
SC;braco do trombudo;braco do trombudo;Braço do Trombudo;13;nenhuma;formatacao
SC;braço do trombudo;braco do trombudo;Braço do Trombudo;4;acento;formatacao
SC;brunopolis;brunopolis;Brunópolis;5;nenhuma;formatacao
SC;brunópolis;brunopolis;Brunópolis;2;acento;formatacao
SC;brusque;brusque;Brusque;707;nenhuma;formatacao
SC;caibi;caibi;Caibi;28;nenhuma;formatacao
SC;calmon;calmon;Calmon;3;nenhuma;formatacao
SC;camboriu;camboriu;Camboriú;225;nenhuma;formatacao
SC;camboriú;camboriu;Camboriú;62;acento;formatacao
SC;campo alegre;campo alegre;Campo Alegre;20;nenhuma;formatacao
SC;campo belo do sul;campo belo do sul;Campo Belo do Sul;25;nenhuma;formatacao
SC;campo ere;campo ere;Campo Erê;50;nenhuma;formatacao
SC;campo erê;campo ere;Campo Erê;8;acento;formatacao
SC;campos novos;campos novos;Campos Novos;211;nenhuma;formatacao
SC;canelinha;canelinha;Canelinha;51;nenhuma;formatacao
SC;canoinhas;canoinhas;Canoinhas;294;nenhuma;formatacao
SC;capao alto;capao alto;Capao Alto;8;nenhuma;formatacao
SC;capinzal;capinzal;Capinzal;158;nenhuma;formatacao
SC;capivari de baixo;capivari de baixo;Capivari de Baixo;107;nenhuma;formatacao
SC;catanduvas;catanduvas;Catanduvas;72;nenhuma;formatacao
SC;caxambu do sul;caxambu do sul;Caxambu do Sul;10;nenhuma;formatacao
SC;cacador;cacador;Caçador;433;nenhuma;formatacao
SC;caçador;cacador;Caçador;46;acento;formatacao
SC;celso ramos;celso ramos;Celso Ramos;14;nenhuma;formatacao
SC;cerro negro;cerro negro;Cerro Negro;6;nenhuma;formatacao
SC;chapadao do lageado;chapadao do lageado;Chapadão do Lageado;4;nenhuma;formatacao
SC;chapadão do lageado;chapadao do lageado;Chapadão do Lageado;1;acento;formatacao
SC;chapeco;chapeco;Chapecó;1040;nenhuma;formatacao
SC;chapecó;chapeco;Chapecó;186;acento;formatacao
SC;cocal do sul;cocal do sul;Cocal do Sul;74;nenhuma;formatacao
SC;concordia;concordia;Concórdia;468;nenhuma;formatacao
SC;concórdia;concordia;Concórdia;65;acento;formatacao
SC;cordilheira alta;cordilheira alta;Cordilheira Alta;14;nenhuma;formatacao
SC;coronel freitas;coronel freitas;Coronel Freitas;54;nenhuma;formatacao
SC;coronel martins;coronel martins;Coronel Martins;6;nenhuma;formatacao
SC;correia pinto;correia pinto;Correia Pinto;86;nenhuma;formatacao
SC;corupa;corupa;Corupá;51;nenhuma;formatacao
SC;corupá;corupa;Corupá;6;acento;formatacao
SC;criciuma;criciuma;Criciúma;935;nenhuma;formatacao
SC;criciúma;criciuma;Criciúma;161;acento;formatacao
SC;cunha pora;cunha pora;Cunha Porã;55;nenhuma;formatacao
SC;cunha porã;cunha pora;Cunha Porã;5;acento;formatacao
SC;cunhatai;cunhatai;Cunhatai;12;nenhuma;formatacao
SC;curitibanos;curitibanos;Curitibanos;284;nenhuma;formatacao
SC;dalbergia;dalbergia;Dalbergia;3;nenhuma;formatacao
SC;descanso;descanso;Descanso;31;nenhuma;formatacao
SC;dionisio cerqueira;dionisio cerqueira;Dionísio Cerqueira;65;nenhuma;formatacao
SC;dionísio cerqueira;dionisio cerqueira;Dionísio Cerqueira;10;acento;formatacao
SC;dona emma;dona emma;Dona Emma;15;nenhuma;formatacao
SC;doutor pedrinho;doutor pedrinho;Doutor Pedrinho;10;nenhuma;formatacao
SC;entre rios;entre rios;Entre Rios;1;nenhuma;formatacao
SC;ermo;ermo;Ermo;4;nenhuma;formatacao
SC;erval velho;erval velho;Erval Velho;23;nenhuma;formatacao
SC;estacao cocal;estacao cocal;Estação Cocal;5;nenhuma;formatacao
SC;estação cocal;estacao cocal;Estação Cocal;2;acento;formatacao
SC;faxinal dos guedes;faxinal dos guedes;Faxinal dos Guedes;75;nenhuma;formatacao
SC;flor do sertao;flor do sertao;Flor do Sertão;3;nenhuma;formatacao
SC;flor do sertão;flor do sertao;Flor do Sertão;1;acento;formatacao
SC;floranopolis;floranopolis;Floranopolis;1;nenhuma;formatacao
SC;"florian&oacute;polis";"florian&oacute;polis";"Florian&oacute;polis";1;nenhuma;formatacao
SC;florianopolis;florianopolis;Florianópolis;4735;nenhuma;formatacao
SC;florianópolis;florianopolis;Florianópolis;850;acento;formatacao
SC;floripa;floripa;Floripa;1;nenhuma;formatacao
SC;formosa do sul;formosa do sul;Formosa do Sul;11;nenhuma;formatacao
SC;forquilhinha;forquilhinha;Forquilhinha;78;nenhuma;formatacao
SC;fragosos;fragosos;Fragosos;2;nenhuma;formatacao
SC;fraiburgo;fraiburgo;Fraiburgo;206;nenhuma;formatacao
SC;frei rogerio;frei rogerio;Frei Rogério;6;nenhuma;formatacao
SC;frei rogério;frei rogerio;Frei Rogério;2;acento;formatacao
SC;galvao;galvao;Galvão;14;nenhuma;formatacao
SC;galvão;galvao;Galvão;2;acento;formatacao
SC;garopaba;garopaba;Garopaba;191;nenhuma;formatacao
SC;garuva;garuva;Garuva;51;nenhuma;formatacao
SC;gaspar;gaspar;Gaspar;293;nenhuma;formatacao
SC;governador celso ramos;governador celso ramos;Governador Celso Ramos;54;nenhuma;formatacao
SC;gravatal;gravatal;Gravatal;31;nenhuma;formatacao
SC;grao para;grao para;Grão Pará;24;nenhuma;formatacao
SC;grão pará;grao para;Grão Pará;2;acento;formatacao
SC;guabiruba;guabiruba;Guabiruba;104;nenhuma;formatacao
SC;guaporanga;guaporanga;Guaporanga;1;nenhuma;formatacao
SC;guaraciaba;guaraciaba;Guaraciaba;38;nenhuma;formatacao
SC;guaramirim;guaramirim;Guaramirim;137;nenhuma;formatacao
SC;guaruja do sul;guaruja do sul;Guarujá do Sul;32;nenhuma;formatacao
SC;guarujá do sul;guaruja do sul;Guarujá do Sul;3;acento;formatacao
SC;guatambu;guatambu;Guatambú;9;nenhuma;formatacao
SC;guatambú;guatambu;Guatambú;4;acento;formatacao
SC;herval d'oeste;herval d oeste;Herval D'oeste;95;nenhuma;formatacao
SC;herval d oeste;herval d oeste;Herval D'oeste;14;nenhuma;formatacao
SC;herval d' oeste;herval d oeste;Herval D'oeste;1;nenhuma;formatacao
SC;herval doeste;herval doeste;Herval Doeste;1;nenhuma;formatacao
SC;ibiam;ibiam;Ibiam;12;nenhuma;formatacao
SC;ibicare;ibicare;Ibicaré;19;nenhuma;formatacao
SC;ibicaré;ibicare;Ibicaré;2;acento;formatacao
SC;ibirama;ibirama;Ibirama;105;nenhuma;formatacao
SC;ilhota;ilhota;Ilhota;35;nenhuma;formatacao
SC;imarui;imarui;Imaruí;20;nenhuma;formatacao
SC;imaruí;imarui;Imaruí;4;acento;formatacao
SC;imbituba;imbituba;Imbituba;283;nenhuma;formatacao
SC;imbuia;imbuia;Imbuia;31;nenhuma;formatacao
SC;indaial;indaial;Indaial;297;nenhuma;formatacao
SC;iomere;iomere;Iomerê;7;nenhuma;formatacao
SC;iomerê;iomere;Iomerê;3;acento;formatacao
SC;ipira;ipira;Ipira;31;nenhuma;formatacao
SC;ipora do oeste;ipora do oeste;Iporã do Oeste;50;nenhuma;formatacao
SC;iporã do oeste;ipora do oeste;Iporã do Oeste;10;acento;formatacao
SC;ipuacu;ipuacu;Ipuaçu;9;nenhuma;formatacao
SC;ipuaçu;ipuacu;Ipuaçu;3;acento;formatacao
SC;ipumirim;ipumirim;Ipumirim;20;nenhuma;formatacao
SC;iraceminha;iraceminha;Iraceminha;14;nenhuma;formatacao
SC;irani;irani;Irani;44;nenhuma;formatacao
SC;irati;irati;Irati;7;nenhuma;formatacao
SC;irineopolis;irineopolis;Irineópolis;28;nenhuma;formatacao
SC;irineópolis;irineopolis;Irineópolis;5;acento;formatacao
SC;itaiopolis;itaiopolis;Itaiópolis;56;nenhuma;formatacao
SC;itaiópolis;itaiopolis;Itaiópolis;6;acento;formatacao
SC;itajai;itajai;Itajaí;1398;nenhuma;formatacao
SC;itajaí;itajai;Itajaí;251;acento;formatacao
SC;itapema;itapema;Itapema;517;nenhuma;formatacao
SC;itapiranga;itapiranga;Itapiranga;96;nenhuma;formatacao
SC;itapocu;itapocu;Itapocu;3;nenhuma;formatacao
SC;itapoa;itapoa;Itapoá;107;nenhuma;formatacao
SC;itapoá;itapoa;Itapoá;17;acento;formatacao
SC;ituporanga;ituporanga;Ituporanga;133;nenhuma;formatacao
SC;ita;ita;Itá;41;nenhuma;formatacao
SC;itá;ita;Itá;1;acento;formatacao
SC;icara;icara;Içara;161;nenhuma;formatacao
SC;içara;icara;Içara;23;acento;formatacao
SC;jabora;jabora;Jaborá;14;nenhuma;formatacao
SC;jaborá;jabora;Jaborá;2;acento;formatacao
SC;jacinto machado;jacinto machado;Jacinto Machado;63;nenhuma;formatacao
SC;jaguaruna;jaguaruna;Jaguaruna;74;nenhuma;formatacao
SC;jaragua do sul;jaragua do sul;Jaraguá do Sul;752;nenhuma;formatacao
SC;jaraguá do sul;jaragua do sul;Jaraguá do Sul;147;acento;formatacao
SC;jardinopolis;jardinopolis;Jardinópolis;5;nenhuma;formatacao
SC;jardinópolis;jardinopolis;Jardinópolis;1;acento;formatacao
SC;joacaba;joacaba;Joaçaba;254;nenhuma;formatacao
SC;joaçaba;joacaba;Joaçaba;41;acento;formatacao
SC;joinville;joinville;Joinville;3208;nenhuma;formatacao
SC;jose boiteux;jose boiteux;José Boiteux;21;nenhuma;formatacao
SC;josé boiteux;jose boiteux;José Boiteux;1;acento;formatacao
SC;jupia;jupia;Jupiá;13;nenhuma;formatacao
SC;jupiá;jupia;Jupiá;4;acento;formatacao
SC;lacerdopolis;lacerdopolis;Lacerdopolis;5;nenhuma;formatacao
SC;lages;lages;Lages;1011;nenhuma;formatacao
SC;lages - sc;lages;Lages;1;sufixo-uf;estrutural
SC;laguna;laguna;Laguna;219;nenhuma;formatacao
SC;lajeado grande;lajeado grande;Lajeado Grande;4;nenhuma;formatacao
SC;laurentino;laurentino;Laurentino;52;nenhuma;formatacao
SC;lauro muller;lauro muller;Lauro Müller;66;nenhuma;formatacao
SC;lauro müller;lauro muller;Lauro Müller;10;acento;formatacao
SC;lebon regis;lebon regis;Lebon Régis;33;nenhuma;formatacao
SC;lebon régis;lebon regis;Lebon Régis;9;acento;formatacao
SC;leoberto leal;leoberto leal;Leoberto Leal;14;nenhuma;formatacao
SC;lindoia do sul;lindoia do sul;Lindóia do Sul;14;nenhuma;formatacao
SC;lindóia do sul;lindoia do sul;Lindóia do Sul;2;acento;formatacao
SC;lontras;lontras;Lontras;47;nenhuma;formatacao
SC;luiz alves;luiz alves;Luiz Alves;44;nenhuma;formatacao
SC;luzerna;luzerna;Luzerna;38;nenhuma;formatacao
SC;macieira;macieira;Macieira;4;nenhuma;formatacao
SC;mafra;mafra;Mafra;293;nenhuma;formatacao
SC;major gercino;major gercino;Major Gercino;7;nenhuma;formatacao
SC;major vieira;major vieira;Major Vieira;23;nenhuma;formatacao
SC;maracaja;maracaja;Maracajá;6;nenhuma;formatacao
SC;maracajá;maracaja;Maracajá;2;acento;formatacao
SC;maracana;maracana;Maracana;7;nenhuma;formatacao
SC;maravilha;maravilha;Maravilha;170;nenhuma;formatacao
SC;marema;marema;Marema;2;nenhuma;formatacao
SC;massaranduba;massaranduba;Massaranduba;58;nenhuma;formatacao
SC;matos costa;matos costa;Matos Costa;6;nenhuma;formatacao
SC;meleiro;meleiro;Meleiro;29;nenhuma;formatacao
SC;mirim doce;mirim doce;Mirim Doce;3;nenhuma;formatacao
SC;modelo;modelo;Modelo;12;nenhuma;formatacao
SC;mondai;mondai;Mondaí;38;nenhuma;formatacao
SC;mondaí;mondai;Mondaí;1;acento;formatacao
SC;monte carlo;monte carlo;Monte Carlo;42;nenhuma;formatacao
SC;monte castelo;monte castelo;Monte Castelo;14;nenhuma;formatacao
SC;morro chato;morro chato;Morro Chato;1;nenhuma;formatacao
SC;morro grande;morro grande;Morro Grande;9;nenhuma;formatacao
SC;morro da fumaca;morro da fumaca;Morro da Fumaça;47;nenhuma;formatacao
SC;morro da fumaça;morro da fumaca;Morro da Fumaça;11;acento;formatacao
SC;navegantes;navegantes;Navegantes;381;nenhuma;formatacao
SC;nossa senhora de caravaggio;nossa senhora de caravaggio;Nossa Senhora de Caravaggio;18;nenhuma;formatacao
SC;nova erechim;nova erechim;Nova Erechim;16;nenhuma;formatacao
SC;nova itaberaba;nova itaberaba;Nova Itaberaba;10;nenhuma;formatacao
SC;nova trento;nova trento;Nova Trento;54;nenhuma;formatacao
SC;nova veneza;nova veneza;Nova Veneza;29;nenhuma;formatacao
SC;novo horizonte;novo horizonte;Novo Horizonte;4;nenhuma;formatacao
SC;orleans;orleans;Orleans;90;nenhuma;formatacao
SC;otacilio costa;otacilio costa;Otacílio Costa;87;nenhuma;formatacao
SC;otacílio costa;otacilio costa;Otacílio Costa;12;acento;formatacao
SC;ouro;ouro;Ouro;27;nenhuma;formatacao
SC;ouro verde;ouro verde;Ouro Verde;7;nenhuma;formatacao
SC;paial;paial;Paial;4;nenhuma;formatacao
SC;painel;painel;Painel;3;nenhuma;formatacao
SC;palhoca;palhoca;Palhoça;781;nenhuma;formatacao
SC;palhoça;palhoca;Palhoça;172;acento;formatacao
SC;palma sola;palma sola;Palma Sola;37;nenhuma;formatacao
SC;palmeira;palmeira;Palmeira;8;nenhuma;formatacao
SC;palmitos;palmitos;Palmitos;76;nenhuma;formatacao
SC;papanduva;papanduva;Papanduva;87;nenhuma;formatacao
SC;paraiso;paraiso;Paraíso;15;nenhuma;formatacao
SC;paraíso;paraiso;Paraíso;4;acento;formatacao
SC;passo de torres;passo de torres;Passo de Torres;47;nenhuma;formatacao
SC;passos maia;passos maia;Passos Maia;26;nenhuma;formatacao
SC;paulo lopes;paulo lopes;Paulo Lopes;26;nenhuma;formatacao
SC;pedras grandes;pedras grandes;Pedras Grandes;5;nenhuma;formatacao
SC;penha;penha;Penha;191;nenhuma;formatacao
SC;peritiba;peritiba;Peritiba;15;nenhuma;formatacao
SC;pescaria brava;pescaria brava;Pescaria Brava;4;nenhuma;formatacao
SC;petrolandia;petrolandia;Petrolândia;21;nenhuma;formatacao
SC;petrolândia;petrolandia;Petrolândia;3;acento;formatacao
SC;picarras;picarras;Picarras;11;nenhuma;formatacao
SC;pinhalzinho;pinhalzinho;Pinhalzinho;132;nenhuma;formatacao
SC;pinheiro preto;pinheiro preto;Pinheiro Preto;28;nenhuma;formatacao
SC;piratuba;piratuba;Piratuba;57;nenhuma;formatacao
SC;planalto alegre;planalto alegre;Planalto Alegre;6;nenhuma;formatacao
SC;pomerode;pomerode;Pomerode;205;nenhuma;formatacao
SC;ponte alta;ponte alta;Ponte Alta;11;nenhuma;formatacao
SC;ponte alta do norte;ponte alta do norte;Ponte Alta do Norte;10;nenhuma;formatacao
SC;ponte serrada;ponte serrada;Ponte Serrada;49;nenhuma;formatacao
SC;porto belo;porto belo;Porto Belo;103;nenhuma;formatacao
SC;porto uniao;porto uniao;Porto União;158;nenhuma;formatacao
SC;porto união;porto uniao;Porto União;14;acento;formatacao
SC;pouso redondo;pouso redondo;Pouso Redondo;80;nenhuma;formatacao
SC;praia grande;praia grande;Praia Grande;44;nenhuma;formatacao
SC;presidente castello branco;presidente castello branco;Presidente Castello Branco;13;nenhuma;formatacao
SC;presidente getulio;presidente getulio;Presidente Getúlio;90;nenhuma;formatacao
SC;presidente getúlio;presidente getulio;Presidente Getúlio;21;acento;formatacao
SC;presidente nereu;presidente nereu;Presidente Nereu;10;nenhuma;formatacao
SC;princesa;princesa;Princesa;9;nenhuma;formatacao
SC;quilombo;quilombo;Quilombo;41;nenhuma;formatacao
SC;rancho queimado;rancho queimado;Rancho Queimado;11;nenhuma;formatacao
SC;residencia fuck;residencia fuck;Residencia Fuck;1;nenhuma;formatacao
SC;rio bonito;rio bonito;Rio Bonito;1;nenhuma;formatacao
SC;rio fortuna;rio fortuna;Rio Fortuna;22;nenhuma;formatacao
SC;rio negrinho;rio negrinho;Rio Negrinho;129;nenhuma;formatacao
SC;rio rufino;rio rufino;Rio Rufino;11;nenhuma;formatacao
SC;rio das antas;rio das antas;Rio das Antas;21;nenhuma;formatacao
SC;rio do campo;rio do campo;Rio do Campo;34;nenhuma;formatacao
SC;rio do oeste;rio do oeste;Rio do Oeste;32;nenhuma;formatacao
SC;rio do sul;rio do sul;Rio do Sul;460;nenhuma;formatacao
SC;rio dos cedros;rio dos cedros;Rio dos Cedros;22;nenhuma;formatacao
SC;riqueza;riqueza;Riqueza;19;nenhuma;formatacao
SC;rodeio;rodeio;Rodeio;80;nenhuma;formatacao
SC;romelandia;romelandia;Romelândia;12;nenhuma;formatacao
SC;romelândia;romelandia;Romelândia;1;acento;formatacao
SC;salete;salete;Salete;53;nenhuma;formatacao
SC;salto veloso;salto veloso;Salto Veloso;48;nenhuma;formatacao
SC;sangao;sangao;Sangão;32;nenhuma;formatacao
SC;sangão;sangao;Sangão;8;acento;formatacao
SC;santa catarina;santa catarina;Santa Catarina;1;nenhuma;formatacao
SC;santa cecilia;santa cecilia;Santa Cecília;96;nenhuma;formatacao
SC;santa cecília;santa cecilia;Santa Cecília;19;acento;formatacao
SC;santa cruz do timbo;santa cruz do timbo;Santa Cruz do Timbo;4;nenhuma;formatacao
SC;santa helena;santa helena;Santa Helena;5;nenhuma;formatacao
SC;santa rosa de lima;santa rosa de lima;Santa Rosa de Lima;16;nenhuma;formatacao
SC;santa rosa do sul;santa rosa do sul;Santa Rosa do Sul;30;nenhuma;formatacao
SC;santa terezinha;santa terezinha;Santa Terezinha;17;nenhuma;formatacao
SC;santa terezinha do progresso;santa terezinha do progresso;Santa Terezinha do Progresso;4;nenhuma;formatacao
SC;santiago do sul;santiago do sul;Santiago do Sul;7;nenhuma;formatacao
SC;santo amaro da imperatriz;santo amaro da imperatriz;Santo Amaro da Imperatriz;127;nenhuma;formatacao
SC;sao bonifacio;sao bonifacio;Sao Bonifacio;10;nenhuma;formatacao
SC;sao miguel d'oeste;sao miguel d oeste;Sao Miguel D'oeste;1;nenhuma;formatacao
SC;sapiranga;sapiranga;Sapiranga;1;nenhuma;formatacao
SC;saudades;saudades;Saudades;31;nenhuma;formatacao
SC;schroeder;schroeder;Schroeder;74;nenhuma;formatacao
SC;seara;seara;Seara;103;nenhuma;formatacao
SC;serra alta;serra alta;Serra Alta;14;nenhuma;formatacao
SC;sideropolis;sideropolis;Siderópolis;32;nenhuma;formatacao
SC;siderópolis;sideropolis;Siderópolis;2;acento;formatacao
SC;sombrio;sombrio;Sombrio;152;nenhuma;formatacao
SC;sul brasil;sul brasil;Sul Brasil;12;nenhuma;formatacao
SC;sao bento do sul;sao bento do sul;São Bento do Sul;357;nenhuma;formatacao
SC;são bento do sul;sao bento do sul;São Bento do Sul;51;acento;formatacao
SC;sao bernardino;sao bernardino;São Bernardino;7;nenhuma;formatacao
SC;são bernardino;sao bernardino;São Bernardino;1;acento;formatacao
SC;sao carlos;sao carlos;São Carlos;54;nenhuma;formatacao
SC;são carlos;sao carlos;São Carlos;11;acento;formatacao
SC;sao cristovao do sul;sao cristovao do sul;São Cristóvão do Sul;14;nenhuma;formatacao
SC;são cristóvão do sul;sao cristovao do sul;São Cristóvão do Sul;4;acento;formatacao
SC;sao domingos;sao domingos;São Domingos;37;nenhuma;formatacao
SC;são domingos;sao domingos;São Domingos;8;acento;formatacao
SC;sao francisco do sul;sao francisco do sul;São Francisco do Sul;237;nenhuma;formatacao
SC;são francisco do sul;sao francisco do sul;São Francisco do Sul;41;acento;formatacao
SC;sao joaquim;sao joaquim;São Joaquim;109;nenhuma;formatacao
SC;são joaquim;sao joaquim;São Joaquim;9;acento;formatacao
SC;sao jose;sao jose;São José;1671;nenhuma;formatacao
SC;são josé;sao jose;São José;296;acento;formatacao
SC;sao jose do cedro;sao jose do cedro;São José do Cedro;78;nenhuma;formatacao
SC;são josé do cedro;sao jose do cedro;São José do Cedro;15;acento;formatacao
SC;sao jose do cerrito;sao jose do cerrito;São José do Cerrito;22;nenhuma;formatacao
SC;são josé do cerrito;sao jose do cerrito;São José do Cerrito;4;acento;formatacao
SC;sao joao batista;sao joao batista;São João Batista;98;nenhuma;formatacao
SC;são joão batista;sao joao batista;São João Batista;23;acento;formatacao
SC;sao joao do itaperiu;sao joao do itaperiu;São João do Itaperiú;7;nenhuma;formatacao
SC;são joão do itaperiú;sao joao do itaperiu;São João do Itaperiú;1;acento;formatacao
SC;sao joao do oeste;sao joao do oeste;São João do Oeste;30;nenhuma;formatacao
SC;são joão do oeste;sao joao do oeste;São João do Oeste;1;acento;formatacao
SC;sao joao do sul;sao joao do sul;São João do Sul;26;nenhuma;formatacao
SC;são joão do sul;sao joao do sul;São João do Sul;5;acento;formatacao
SC;sao lourenco do oeste;sao lourenco do oeste;São Lourenço do Oeste;122;nenhuma;formatacao
SC;são lourenço do oeste;sao lourenco do oeste;São Lourenço do Oeste;24;acento;formatacao
SC;sao ludgero;sao ludgero;São Ludgero;60;nenhuma;formatacao
SC;são ludgero;sao ludgero;São Ludgero;10;acento;formatacao
SC;sao martinho;sao martinho;São Martinho;15;nenhuma;formatacao
SC;são martinho;sao martinho;São Martinho;4;acento;formatacao
SC;sao miguel da boa vista;sao miguel da boa vista;São Miguel da Boa Vista;6;nenhuma;formatacao
SC;são miguel da boa vista;sao miguel da boa vista;São Miguel da Boa Vista;1;acento;formatacao
SC;sao miguel do oeste;sao miguel do oeste;São Miguel do Oeste;348;nenhuma;formatacao
SC;são miguel do oeste;sao miguel do oeste;São Miguel do Oeste;68;acento;formatacao
SC;sao pedro de alcantara;sao pedro de alcantara;São Pedro de Alcântara;14;nenhuma;formatacao
SC;são pedro de alcântara;sao pedro de alcantara;São Pedro de Alcântara;3;acento;formatacao
SC;taio;taio;Taió;92;nenhuma;formatacao
SC;taió;taio;Taió;16;acento;formatacao
SC;tangara;tangara;Tangará;47;nenhuma;formatacao
SC;tangará;tangara;Tangará;10;acento;formatacao
SC;tigrinhos;tigrinhos;Tigrinhos;3;nenhuma;formatacao
SC;tijucas;tijucas;Tijucas;250;nenhuma;formatacao
SC;timbe do sul;timbe do sul;Timbé do Sul;21;nenhuma;formatacao
SC;timbé do sul;timbe do sul;Timbé do Sul;2;acento;formatacao
SC;timbo;timbo;Timbó;273;nenhuma;formatacao
SC;timbó;timbo;Timbó;44;acento;formatacao
SC;timbo grande;timbo grande;Timbó Grande;15;nenhuma;formatacao
SC;timbó grande;timbo grande;Timbó Grande;7;acento;formatacao
SC;treviso;treviso;Treviso;9;nenhuma;formatacao
SC;treze tilias;treze tilias;Treze Tílias;70;nenhuma;formatacao
SC;treze tílias;treze tilias;Treze Tílias;16;acento;formatacao
SC;treze de maio;treze de maio;Treze de Maio;18;nenhuma;formatacao
SC;trombudo central;trombudo central;Trombudo Central;33;nenhuma;formatacao
SC;tres barras;tres barras;Três Barras;42;nenhuma;formatacao
SC;três barras;tres barras;Três Barras;5;acento;formatacao
SC;tubarao;tubarao;Tubarão;586;nenhuma;formatacao
SC;tubarão;tubarao;Tubarão;89;acento;formatacao
SC;tunapolis;tunapolis;Tunápolis;13;nenhuma;formatacao
SC;tunápolis;tunapolis;Tunápolis;1;acento;formatacao
SC;turvo;turvo;Turvo;57;nenhuma;formatacao
SC;uniao do oeste;uniao do oeste;União do Oeste;5;nenhuma;formatacao
SC;união do oeste;uniao do oeste;União do Oeste;2;acento;formatacao
SC;urubici;urubici;Urubici;55;nenhuma;formatacao
SC;urupema;urupema;Urupema;6;nenhuma;formatacao
SC;urussanga;urussanga;Urussanga;86;nenhuma;formatacao
SC;vargem;vargem;Vargem;5;nenhuma;formatacao
SC;vargem bonita;vargem bonita;Vargem Bonita;23;nenhuma;formatacao
SC;vargeao;vargeao;Vargeão;20;nenhuma;formatacao
SC;vargeão;vargeao;Vargeão;2;acento;formatacao
SC;vidal ramos;vidal ramos;Vidal Ramos;19;nenhuma;formatacao
SC;videira;videira;Videira;481;nenhuma;formatacao
SC;vitor meireles;vitor meireles;Vítor Meireles;11;nenhuma;formatacao
SC;vítor meireles;vitor meireles;Vítor Meireles;5;acento;formatacao
SC;witmarsum;witmarsum;Witmarsum;20;nenhuma;formatacao
SC;xanxere;xanxere;Xanxerê;294;nenhuma;formatacao
SC;xanxerê;xanxere;Xanxerê;48;acento;formatacao
SC;xavantina;xavantina;Xavantina;11;nenhuma;formatacao
SC;xaxim;xaxim;Xaxim;147;nenhuma;formatacao
SC;zortea;zortea;Zortéa;11;nenhuma;formatacao
SC;zortéa;zortea;Zortéa;3;acento;formatacao
SC;agua doce;agua doce;Água Doce;34;nenhuma;formatacao
SC;água doce;agua doce;Água Doce;3;acento;formatacao
SC;aguas frias;aguas frias;Águas Frias;6;nenhuma;formatacao
SC;águas frias;aguas frias;Águas Frias;1;acento;formatacao
SC;aguas de chapeco;aguas de chapeco;Águas de Chapecó;7;nenhuma;formatacao
SC;águas de chapecó;aguas de chapeco;Águas de Chapecó;3;acento;formatacao
SE;amparo de sao francisco;amparo de sao francisco;Amparo de Sao Francisco;1;nenhuma;formatacao
SE;aquidaba;aquidaba;Aquidabã;16;nenhuma;formatacao
SE;aquidabã;aquidaba;Aquidabã;3;acento;formatacao
SE;aracaju;aracaju;Aracaju;2437;nenhuma;formatacao
SE;araua;araua;Arauá;2;nenhuma;formatacao
SE;arauá;araua;Arauá;1;acento;formatacao
SE;areia branca;areia branca;Areia Branca;3;nenhuma;formatacao
SE;barra dos coqueiros;barra dos coqueiros;Barra dos Coqueiros;36;nenhuma;formatacao
SE;boquim;boquim;Boquim;19;nenhuma;formatacao
SE;brejo grande;brejo grande;Brejo Grande;3;nenhuma;formatacao
SE;campo do brito;campo do brito;Campo do Brito;28;nenhuma;formatacao
SE;canhoba;canhoba;Canhoba;1;nenhuma;formatacao
SE;caninde de sao francisco;caninde de sao francisco;Canindé de São Francisco;34;nenhuma;formatacao
SE;canindé de são francisco;caninde de sao francisco;Canindé de São Francisco;4;acento;formatacao
SE;capela;capela;Capela;15;nenhuma;formatacao
SE;carira;carira;Carira;6;nenhuma;formatacao
SE;carmopolis;carmopolis;Carmópolis;14;nenhuma;formatacao
SE;carmópolis;carmopolis;Carmópolis;3;acento;formatacao
SE;cedro de sao joao;cedro de sao joao;Cedro de São João;12;nenhuma;formatacao
SE;cedro de são joão;cedro de sao joao;Cedro de São João;1;acento;formatacao
SE;cristinapolis;cristinapolis;Cristinápolis;10;nenhuma;formatacao
SE;cristinápolis;cristinapolis;Cristinápolis;2;acento;formatacao
SE;cumbe;cumbe;Cumbe;3;nenhuma;formatacao
SE;divina pastora;divina pastora;Divina Pastora;2;nenhuma;formatacao
SE;estancia;estancia;Estância;77;nenhuma;formatacao
SE;estância;estancia;Estância;14;acento;formatacao
SE;feira nova;feira nova;Feira Nova;3;nenhuma;formatacao
SE;frei paulo;frei paulo;Frei Paulo;11;nenhuma;formatacao
SE;gararu;gararu;Gararu;3;nenhuma;formatacao
SE;general maynard;general maynard;General Maynard;3;nenhuma;formatacao
SE;graccho cardoso;graccho cardoso;Graccho Cardoso;3;nenhuma;formatacao
SE;ilha das flores;ilha das flores;Ilha das Flores;5;nenhuma;formatacao
SE;indiaroba;indiaroba;Indiaroba;4;nenhuma;formatacao
SE;itabaiana;itabaiana;Itabaiana;137;nenhuma;formatacao
SE;itabaianinha;itabaianinha;Itabaianinha;32;nenhuma;formatacao
SE;itabi;itabi;Itabi;1;nenhuma;formatacao
SE;itaporanga d'ajuda;itaporanga d ajuda;Itaporanga D'ajuda;8;nenhuma;formatacao
SE;japaratuba;japaratuba;Japaratuba;10;nenhuma;formatacao
SE;japoata;japoata;Japoatã;8;nenhuma;formatacao
SE;japoatã;japoata;Japoatã;3;acento;formatacao
SE;lagarto;lagarto;Lagarto;123;nenhuma;formatacao
SE;laranjeiras;laranjeiras;Laranjeiras;9;nenhuma;formatacao
SE;macambira;macambira;Macambira;7;nenhuma;formatacao
SE;malhada dos bois;malhada dos bois;Malhada dos Bois;3;nenhuma;formatacao
SE;malhador;malhador;Malhador;13;nenhuma;formatacao
SE;maruim;maruim;Maruim;10;nenhuma;formatacao
SE;moita bonita;moita bonita;Moita Bonita;14;nenhuma;formatacao
SE;monte alegre de sergipe;monte alegre de sergipe;Monte Alegre de Sergipe;13;nenhuma;formatacao
SE;muribeca;muribeca;Muribeca;1;nenhuma;formatacao
SE;neopolis;neopolis;Neópolis;19;nenhuma;formatacao
SE;neópolis;neopolis;Neópolis;3;acento;formatacao
SE;nossa senhora aparecida;nossa senhora aparecida;Nossa Senhora Aparecida;5;nenhuma;formatacao
SE;nossa senhora da gloria;nossa senhora da gloria;Nossa Senhora da Glória;39;nenhuma;formatacao
SE;nossa senhora da glória;nossa senhora da gloria;Nossa Senhora da Glória;5;acento;formatacao
SE;nossa senhora das dores;nossa senhora das dores;Nossa Senhora das Dores;21;nenhuma;formatacao
SE;nossa senhora de lourdes;nossa senhora de lourdes;Nossa Senhora de Lourdes;8;nenhuma;formatacao
SE;nossa senhora do socorro;nossa senhora do socorro;Nossa Senhora do Socorro;190;nenhuma;formatacao
SE;pacatuba;pacatuba;Pacatuba;7;nenhuma;formatacao
SE;pedrinhas;pedrinhas;Pedrinhas;6;nenhuma;formatacao
SE;pinhao;pinhao;Pinhão;6;nenhuma;formatacao
SE;pinhão;pinhao;Pinhão;1;acento;formatacao
SE;pirambu;pirambu;Pirambu;7;nenhuma;formatacao
SE;porto da folha;porto da folha;Porto da Folha;6;nenhuma;formatacao
SE;poco redondo;poco redondo;Poço Redondo;17;nenhuma;formatacao
SE;poço redondo;poco redondo;Poço Redondo;1;acento;formatacao
SE;poco verde;poco verde;Poço Verde;26;nenhuma;formatacao
SE;poço verde;poco verde;Poço Verde;1;acento;formatacao
SE;propria;propria;Propriá;46;nenhuma;formatacao
SE;propriá;propria;Propriá;5;acento;formatacao
SE;riachuelo;riachuelo;Riachuelo;7;nenhuma;formatacao
SE;riachao do dantas;riachao do dantas;Riachão do Dantas;3;nenhuma;formatacao
SE;riachão do dantas;riachao do dantas;Riachão do Dantas;1;acento;formatacao
SE;ribeiropolis;ribeiropolis;Ribeirópolis;18;nenhuma;formatacao
SE;ribeirópolis;ribeiropolis;Ribeirópolis;2;acento;formatacao
SE;rosario do catete;rosario do catete;Rosário do Catete;2;nenhuma;formatacao
SE;rosário do catete;rosario do catete;Rosário do Catete;1;acento;formatacao
SE;salgado;salgado;Salgado;7;nenhuma;formatacao
SE;santa luzia do itanhy;santa luzia do itanhy;Santa Luzia do Itanhy;1;nenhuma;formatacao
SE;santa rosa de lima;santa rosa de lima;Santa Rosa de Lima;1;nenhuma;formatacao
SE;santana do sao francisco;santana do sao francisco;Santana do São Francisco;4;nenhuma;formatacao
SE;santana do são francisco;santana do sao francisco;Santana do São Francisco;1;acento;formatacao
SE;santo amaro das brotas;santo amaro das brotas;Santo Amaro das Brotas;10;nenhuma;formatacao
SE;sao miguel do aleixo;sao miguel do aleixo;Sao Miguel do Aleixo;2;nenhuma;formatacao
SE;simao dias;simao dias;Simão Dias;44;nenhuma;formatacao
SE;simão dias;simao dias;Simão Dias;5;acento;formatacao
SE;siriri;siriri;Siriri;4;nenhuma;formatacao
SE;sao cristovao;sao cristovao;São Cristóvão;76;nenhuma;formatacao
SE;são cristóvão;sao cristovao;São Cristóvão;15;acento;formatacao
SE;sao domingos;sao domingos;São Domingos;7;nenhuma;formatacao
SE;são domingos;sao domingos;São Domingos;1;acento;formatacao
SE;sao francisco;sao francisco;São Francisco;11;nenhuma;formatacao
SE;são francisco;sao francisco;São Francisco;2;acento;formatacao
SE;telha;telha;Telha;3;nenhuma;formatacao
SE;tobias barreto;tobias barreto;Tobias Barreto;52;nenhuma;formatacao
SE;tomar do geru;tomar do geru;Tomar do Geru;11;nenhuma;formatacao
SE;umbauba;umbauba;Umbaúba;30;nenhuma;formatacao
SE;umbaúba;umbauba;Umbaúba;4;acento;formatacao
SP;adamantina;adamantina;Adamantina;342;nenhuma;formatacao
SP;adolfo;adolfo;Adolfo;35;nenhuma;formatacao
SP;agisse;agisse;Agisse;6;nenhuma;formatacao
SP;agua vermelha;agua vermelha;Agua Vermelha;1;nenhuma;formatacao
SP;aguas claras df;aguas claras df;Aguas Claras Df;1;nenhuma;formatacao
SP;aguai;aguai;Aguaí;174;nenhuma;formatacao
SP;aguaí;aguai;Aguaí;33;acento;formatacao
SP;agudos;agudos;Agudos;232;nenhuma;formatacao
SP;agulha;agulha;Agulha;3;nenhuma;formatacao
SP;ajapi;ajapi;Ajapi;1;nenhuma;formatacao
SP;alambari;alambari;Alambari;14;nenhuma;formatacao
SP;alfredo guedes;alfredo guedes;Alfredo Guedes;3;nenhuma;formatacao
SP;alfredo marcondes;alfredo marcondes;Alfredo Marcondes;19;nenhuma;formatacao
SP;altair;altair;Altair;23;nenhuma;formatacao
SP;altinopolis;altinopolis;Altinópolis;67;nenhuma;formatacao
SP;altinópolis;altinopolis;Altinópolis;14;acento;formatacao
SP;alto alegre;alto alegre;Alto Alegre;19;nenhuma;formatacao
SP;aluminio;aluminio;Alumínio;137;nenhuma;formatacao
SP;alumínio;aluminio;Alumínio;11;acento;formatacao
SP;alvinlandia;alvinlandia;Alvinlândia;11;nenhuma;formatacao
SP;alvinlândia;alvinlandia;Alvinlândia;6;acento;formatacao
SP;americana;americana;Americana;1456;nenhuma;formatacao
SP;amparo;amparo;Amparo;721;nenhuma;formatacao
SP;americo brasiliense;americo brasiliense;Américo Brasiliense;148;nenhuma;formatacao
SP;américo brasiliense;americo brasiliense;Américo Brasiliense;29;acento;formatacao
SP;americo de campos;americo de campos;Américo de Campos;21;nenhuma;formatacao
SP;américo de campos;americo de campos;Américo de Campos;4;acento;formatacao
SP;ana dias;ana dias;Ana Dias;1;nenhuma;formatacao
SP;analandia;analandia;Analandia;32;nenhuma;formatacao
SP;andradas;andradas;Andradas;1;nenhuma;formatacao
SP;andradina;andradina;Andradina;581;nenhuma;formatacao
SP;angatuba;angatuba;Angatuba;106;nenhuma;formatacao
SP;anhembi;anhembi;Anhembi;15;nenhuma;formatacao
SP;anhumas;anhumas;Anhumas;22;nenhuma;formatacao
SP;ao bernardo do campo;ao bernardo do campo;Ao Bernardo do Campo;1;nenhuma;formatacao
SP;aparecida;aparecida;Aparecida;327;nenhuma;formatacao
SP;aparecida d'oeste;aparecida d oeste;Aparecida D'oeste;19;nenhuma;formatacao
SP;aparecida d oeste;aparecida d oeste;Aparecida D'oeste;4;nenhuma;formatacao
SP;aparecida doeste;aparecida doeste;Aparecida Doeste;1;nenhuma;formatacao
SP;aparecida de monte alto;aparecida de monte alto;Aparecida de Monte Alto;6;nenhuma;formatacao
SP;aparecida de sao manuel;aparecida de sao manuel;Aparecida de São Manuel;10;nenhuma;formatacao
SP;aparecida de são manuel;aparecida de sao manuel;Aparecida de São Manuel;2;acento;formatacao
SP;apiai;apiai;Apiaí;133;nenhuma;formatacao
SP;apiaí;apiai;Apiaí;28;acento;formatacao
SP;aramina;aramina;Aramina;42;nenhuma;formatacao
SP;arandu;arandu;Arandu;44;nenhuma;formatacao
SP;arapei;arapei;Arapeí;11;nenhuma;formatacao
SP;arapeí;arapei;Arapeí;2;acento;formatacao
SP;araraquara;araraquara;Araraquara;2069;nenhuma;formatacao
SP;araras;araras;Araras;1130;nenhuma;formatacao
SP;aracariguama;aracariguama;Araçariguama;118;nenhuma;formatacao
SP;araçariguama;aracariguama;Araçariguama;17;acento;formatacao
SP;aracatuba;aracatuba;Araçatuba;1475;nenhuma;formatacao
SP;araçatuba;aracatuba;Araçatuba;220;acento;formatacao
SP;aracoiaba da serra;aracoiaba da serra;Araçoiaba da Serra;154;nenhuma;formatacao
SP;araçoiaba da serra;aracoiaba da serra;Araçoiaba da Serra;28;acento;formatacao
SP;arco-iris;arco iris;Arco-iris;6;sufixo-uf;formatacao
SP;arealva;arealva;Arealva;31;nenhuma;formatacao
SP;areias;areias;Areias;32;nenhuma;formatacao
SP;areiopolis;areiopolis;Areiópolis;45;nenhuma;formatacao
SP;areiópolis;areiopolis;Areiópolis;13;acento;formatacao
SP;ariranha;ariranha;Ariranha;64;nenhuma;formatacao
SP;artur nogueira;artur nogueira;Artur Nogueira;386;nenhuma;formatacao
SP;aruja;aruja;Arujá;647;nenhuma;formatacao
SP;arujá;aruja;Arujá;146;acento;formatacao
SP;aspasia;aspasia;Aspásia;7;nenhuma;formatacao
SP;aspásia;aspasia;Aspásia;1;acento;formatacao
SP;assis;assis;Assis;963;nenhuma;formatacao
SP;atibaia;atibaia;Atibaia;1424;nenhuma;formatacao
SP;auriflama;auriflama;Auriflama;102;nenhuma;formatacao
SP;auriflama/sp;auriflama;Auriflama;1;sufixo-uf;estrutural
SP;avanhandava;avanhandava;Avanhandava;57;nenhuma;formatacao
SP;avare;avare;Avaré;647;nenhuma;formatacao
SP;avaré;avare;Avaré;87;acento;formatacao
SP;avai;avai;Avaí;17;nenhuma;formatacao
SP;avaí;avai;Avaí;3;acento;formatacao
SP;bady bassitt;bady bassitt;Bady Bassitt;95;nenhuma;formatacao
SP;baguacu;baguacu;Baguacu;3;nenhuma;formatacao
SP;balbinos;balbinos;Balbinos;11;nenhuma;formatacao
SP;bananal;bananal;Bananal;89;nenhuma;formatacao
SP;bandeirantes d'oeste;bandeirantes d oeste;Bandeirantes D'oeste;2;nenhuma;formatacao
SP;barbosa;barbosa;Barbosa;20;nenhuma;formatacao
SP;bariri;bariri;Bariri;205;nenhuma;formatacao
SP;barra bonita;barra bonita;Barra Bonita;315;nenhuma;formatacao
SP;barra do chapeu;barra do chapeu;Barra do Chapéu;13;nenhuma;formatacao
SP;barra do chapéu;barra do chapeu;Barra do Chapéu;4;acento;formatacao
SP;barra do turvo;barra do turvo;Barra do Turvo;17;nenhuma;formatacao
SP;barretos;barretos;Barretos;895;nenhuma;formatacao
SP;barrinha;barrinha;Barrinha;175;nenhuma;formatacao
SP;barueri;barueri;Barueri;5417;nenhuma;formatacao
SP;barao ataliba nogueira;barao ataliba nogueira;Barão Ataliba Nogueira;6;nenhuma;formatacao
SP;barão ataliba nogueira;barao ataliba nogueira;Barão Ataliba Nogueira;3;acento;formatacao
SP;barao de antonina;barao de antonina;Barão de Antonina;13;nenhuma;formatacao
SP;barão de antonina;barao de antonina;Barão de Antonina;5;acento;formatacao
SP;bastos;bastos;Bastos;215;nenhuma;formatacao
SP;batatais;batatais;Batatais;379;nenhuma;formatacao
SP;bauru;bauru;Bauru;3557;nenhuma;formatacao
SP;bebedouro;bebedouro;Bebedouro;679;nenhuma;formatacao
SP;belo horizonte;belo horizonte;Belo Horizonte;2;nenhuma;formatacao
SP;bento de abreu;bento de abreu;Bento de Abreu;19;nenhuma;formatacao
SP;bernardino de campos;bernardino de campos;Bernardino de Campos;87;nenhuma;formatacao
SP;bertioga;bertioga;Bertioga;652;nenhuma;formatacao
SP;bilac;bilac;Bilac;63;nenhuma;formatacao
SP;birigui;birigui;Birigüi;749;nenhuma;formatacao
SP;birigüi;birigui;Birigüi;90;acento;formatacao
SP;biritiba-mirim;biritiba mirim;Biritiba-mirim;120;sufixo-uf;formatacao
SP;biritiba mirim;biritiba mirim;Biritiba-mirim;7;nenhuma;formatacao
SP;blumenau;blumenau;Blumenau;1;nenhuma;formatacao
SP;boa esperanca do sul;boa esperanca do sul;Boa Esperança do Sul;71;nenhuma;formatacao
SP;boa esperança do sul;boa esperanca do sul;Boa Esperança do Sul;8;acento;formatacao
SP;boa vista dos andradas;boa vista dos andradas;Boa Vista dos Andradas;1;nenhuma;formatacao
SP;bocaina;bocaina;Bocaina;62;nenhuma;formatacao
SP;bofete;bofete;Bofete;60;nenhuma;formatacao
SP;boituva;boituva;Boituva;543;nenhuma;formatacao
SP;bom fim do bom jesus;bom fim do bom jesus;Bom Fim do Bom Jesus;1;nenhuma;formatacao
SP;bom jesus dos perdoes;bom jesus dos perdoes;Bom Jesus dos Perdões;174;nenhuma;formatacao
SP;bom jesus dos perdões;bom jesus dos perdoes;Bom Jesus dos Perdões;21;acento;formatacao
SP;bom retiro da esperanca;bom retiro da esperanca;Bom Retiro da Esperanca;1;nenhuma;formatacao
SP;bom sucesso de itararé;bom sucesso de itarare;Bom Sucesso de Itararé;2;acento;formatacao
SP;bom sucesso de itarare;bom sucesso de itarare;Bom Sucesso de Itararé;1;nenhuma;formatacao
SP;bonfim paulista;bonfim paulista;Bonfim Paulista;144;nenhuma;formatacao
SP;bora;bora;Bora;1;nenhuma;formatacao
SP;boraceia;boraceia;Boracéia;26;nenhuma;formatacao
SP;boracéia;boraceia;Boracéia;6;acento;formatacao
SP;borborema;borborema;Borborema;108;nenhuma;formatacao
SP;borebi;borebi;Borebi;13;nenhuma;formatacao
SP;botelho;botelho;Botelho;4;nenhuma;formatacao
SP;botucatu;botucatu;Botucatu;1311;nenhuma;formatacao
SP;braganca paulista;braganca paulista;Bragança Paulista;1481;nenhuma;formatacao
SP;bragança paulista;braganca paulista;Bragança Paulista;235;acento;formatacao
SP;brasitania;brasitania;Brasitânia;2;nenhuma;formatacao
SP;brasitânia;brasitania;Brasitânia;1;acento;formatacao
SP;brauna;brauna;Brauna;20;nenhuma;formatacao
SP;brejo alegre;brejo alegre;Brejo Alegre;10;nenhuma;formatacao
SP;brodowski;brodowski;Brodowski;131;nenhuma;formatacao
SP;brotas;brotas;Brotas;235;nenhuma;formatacao
SP;buri;buri;Buri;101;nenhuma;formatacao
SP;buritama;buritama;Buritama;126;nenhuma;formatacao
SP;buritizal;buritizal;Buritizal;42;nenhuma;formatacao
SP;balsamo;balsamo;Bálsamo;59;nenhuma;formatacao
SP;bálsamo;balsamo;Bálsamo;9;acento;formatacao
SP;cabreuva;cabreuva;Cabreúva;94;nenhuma;formatacao
SP;cabreúva;cabreuva;Cabreúva;18;acento;formatacao
SP;cabralia paulista;cabralia paulista;Cabrália Paulista;24;nenhuma;formatacao
SP;cabrália paulista;cabralia paulista;Cabrália Paulista;5;acento;formatacao
SP;cachoeira paulista;cachoeira paulista;Cachoeira Paulista;310;nenhuma;formatacao
SP;caconde;caconde;Caconde;120;nenhuma;formatacao
SP;cafelandia;cafelandia;Cafelândia;119;nenhuma;formatacao
SP;cafelândia;cafelandia;Cafelândia;23;acento;formatacao
SP;caiabu;caiabu;Caiabu;10;nenhuma;formatacao
SP;caieiras;caieiras;Caieiras;1068;nenhuma;formatacao
SP;caiua;caiua;Caiuá;15;nenhuma;formatacao
SP;caiuá;caiua;Caiuá;2;acento;formatacao
SP;cajamar;cajamar;Cajamar;712;nenhuma;formatacao
SP;cajati;cajati;Cajati;213;nenhuma;formatacao
SP;cajobi;cajobi;Cajobi;63;nenhuma;formatacao
SP;cajuru;cajuru;Cajuru;139;nenhuma;formatacao
SP;campina do monte alegre;campina do monte alegre;Campina do Monte Alegre;42;nenhuma;formatacao
SP;campinal;campinal;Campinal;1;nenhuma;formatacao
SP;campinas;campinas;Campinas;6963;nenhuma;formatacao
SP;campo limpo paulista;campo limpo paulista;Campo Limpo Paulista;294;nenhuma;formatacao
SP;campos novos paulista;campos novos paulista;Campos Novos Paulista;22;nenhuma;formatacao
SP;campos de cunha;campos de cunha;Campos de Cunha;5;nenhuma;formatacao
SP;campos do jordao;campos do jordao;Campos do Jordão;500;nenhuma;formatacao
SP;campos do jordão;campos do jordao;Campos do Jordão;87;acento;formatacao
SP;cananeia;cananeia;Cananéia;89;nenhuma;formatacao
SP;cananéia;cananeia;Cananéia;22;acento;formatacao
SP;canas;canas;Canas;13;nenhuma;formatacao
SP;candia;candia;Candia;4;nenhuma;formatacao
SP;canitar;canitar;Canitar;19;nenhuma;formatacao
SP;capela do alto;capela do alto;Capela do Alto;79;nenhuma;formatacao
SP;capivari;capivari;Capivari;360;nenhuma;formatacao
SP;caporanga;caporanga;Caporanga;1;nenhuma;formatacao
SP;capao bonito;capao bonito;Capão Bonito;253;nenhuma;formatacao
SP;capão bonito;capao bonito;Capão Bonito;48;acento;formatacao
SP;caraguatatuba;caraguatatuba;Caraguatatuba;1122;nenhuma;formatacao
SP;carapicuiba;carapicuiba;Carapicuíba;3379;nenhuma;formatacao
SP;carapicuíba;carapicuiba;Carapicuíba;596;acento;formatacao
SP;carapicuiba / sao paulo;carapicuiba;Carapicuíba;1;sufixo-uf;estrutural
SP;cardeal;cardeal;Cardeal;1;nenhuma;formatacao
SP;cardoso;cardoso;Cardoso;63;nenhuma;formatacao
SP;caruara;caruara;Caruara;3;nenhuma;formatacao
SP;casa branca;casa branca;Casa Branca;179;nenhuma;formatacao
SP;castilho;castilho;Castilho;136;nenhuma;formatacao
SP;catanduva;catanduva;Catanduva;963;nenhuma;formatacao
SP;catigua;catigua;Catiguá;31;nenhuma;formatacao
SP;catiguá;catigua;Catiguá;6;acento;formatacao
SP;catucaba;catucaba;Catucaba;2;nenhuma;formatacao
SP;caxias do sul;caxias do sul;Caxias do Sul;2;nenhuma;formatacao
SP;cacapava;cacapava;Caçapava;464;nenhuma;formatacao
SP;caçapava;cacapava;Caçapava;73;acento;formatacao
SP;cedral;cedral;Cedral;82;nenhuma;formatacao
SP;cerqueira cesar;cerqueira cesar;Cerqueira César;161;nenhuma;formatacao
SP;cerqueira césar;cerqueira cesar;Cerqueira César;21;acento;formatacao
SP;cerquilho;cerquilho;Cerquilho;394;nenhuma;formatacao
SP;cesario lange;cesario lange;Cesário Lange;119;nenhuma;formatacao
SP;cesário lange;cesario lange;Cesário Lange;19;acento;formatacao
SP;chapeco;chapeco;Chapeco;1;nenhuma;formatacao
SP;charqueada;charqueada;Charqueada;105;nenhuma;formatacao
SP;chavantes;chavantes;Chavantes;94;nenhuma;formatacao
SP;cipo-guacu;cipo guacu;Cipo-guacu;1;sufixo-uf;formatacao
SP;clementina;clementina;Clementina;50;nenhuma;formatacao
SP;colina;colina;Colina;122;nenhuma;formatacao
SP;colombia;colombia;Colômbia;29;nenhuma;formatacao
SP;colômbia;colombia;Colômbia;5;acento;formatacao
SP;conceição;conceicao;Conceição;1;acento;formatacao
SP;conchal;conchal;Conchal;212;nenhuma;formatacao
SP;conchas;conchas;Conchas;139;nenhuma;formatacao
SP;cordeiropolis;cordeiropolis;Cordeirópolis;97;nenhuma;formatacao
SP;cordeirópolis;cordeiropolis;Cordeirópolis;16;acento;formatacao
SP;coroados;coroados;Coroados;18;nenhuma;formatacao
SP;coronel macedo;coronel macedo;Coronel Macedo;31;nenhuma;formatacao
SP;corumbatai;corumbatai;Corumbataí;22;nenhuma;formatacao
SP;corumbataí;corumbatai;Corumbataí;9;acento;formatacao
SP;cosmorama;cosmorama;Cosmorama;49;nenhuma;formatacao
SP;cosmopolis;cosmopolis;Cosmópolis;399;nenhuma;formatacao
SP;cosmópolis;cosmopolis;Cosmópolis;55;acento;formatacao
SP;costa machado;costa machado;Costa Machado;3;nenhuma;formatacao
SP;cotia;cotia;Cotia;2577;nenhuma;formatacao
SP;cravinhos;cravinhos;Cravinhos;234;nenhuma;formatacao
SP;cristais paulista;cristais paulista;Cristais Paulista;34;nenhuma;formatacao
SP;cruzeiro;cruzeiro;Cruzeiro;696;nenhuma;formatacao
SP;cruzalia;cruzalia;Cruzália;14;nenhuma;formatacao
SP;cruzália;cruzalia;Cruzália;2;acento;formatacao
SP;cubatao;cubatao;Cubatão;801;nenhuma;formatacao
SP;cubatão;cubatao;Cubatão;145;acento;formatacao
SP;cuiaba paulista;cuiaba paulista;Cuiabá Paulista;3;nenhuma;formatacao
SP;cuiabá paulista;cuiaba paulista;Cuiabá Paulista;1;acento;formatacao
SP;cunha;cunha;Cunha;143;nenhuma;formatacao
SP;curitiba;curitiba;Curitiba;3;nenhuma;formatacao
SP;curupa;curupa;Curupa;2;nenhuma;formatacao
SP;cassia dos coqueiros;cassia dos coqueiros;Cássia dos Coqueiros;8;nenhuma;formatacao
SP;cássia dos coqueiros;cassia dos coqueiros;Cássia dos Coqueiros;5;acento;formatacao
SP;candido mota;candido mota;Cândido Mota;167;nenhuma;formatacao
SP;cândido mota;candido mota;Cândido Mota;34;acento;formatacao
SP;candido rodrigues;candido rodrigues;Cândido Rodrigues;27;nenhuma;formatacao
SP;cândido rodrigues;candido rodrigues;Cândido Rodrigues;4;acento;formatacao
SP;descalvado;descalvado;Descalvado;193;nenhuma;formatacao
SP;diadema;diadema;Diadema;3281;nenhuma;formatacao
SP;dirce reis;dirce reis;Dirce Reis;6;nenhuma;formatacao
SP;divinolandia;divinolandia;Divinolândia;73;nenhuma;formatacao
SP;divinolândia;divinolandia;Divinolândia;12;acento;formatacao
SP;dobrada;dobrada;Dobrada;28;nenhuma;formatacao
SP;dois corregos;dois corregos;Dois Córregos;126;nenhuma;formatacao
SP;dois córregos;dois corregos;Dois Córregos;32;acento;formatacao
SP;dolcinopolis;dolcinopolis;Dolcinópolis;14;nenhuma;formatacao
SP;dolcinópolis;dolcinopolis;Dolcinópolis;1;acento;formatacao
SP;domelia;domelia;Domelia;3;nenhuma;formatacao
SP;dourado;dourado;Dourado;74;nenhuma;formatacao
SP;dracena;dracena;Dracena;407;nenhuma;formatacao
SP;duartina;duartina;Duartina;124;nenhuma;formatacao
SP;dumont;dumont;Dumont;41;nenhuma;formatacao
SP;echapora;echapora;Echaporã;32;nenhuma;formatacao
SP;echaporã;echapora;Echaporã;5;acento;formatacao
SP;eldorado;eldorado;Eldorado;52;nenhuma;formatacao
SP;eleutério;eleuterio;Eleutério;1;acento;formatacao
SP;eleuterio;eleuterio;Eleutério;1;nenhuma;formatacao
SP;elias fausto;elias fausto;Elias Fausto;86;nenhuma;formatacao
SP;elisiario;elisiario;Elisiario;4;nenhuma;formatacao
SP;embauba;embauba;Embaúba;7;nenhuma;formatacao
SP;embaúba;embauba;Embaúba;1;acento;formatacao
SP;embu;embu;Embu;333;nenhuma;formatacao
SP;embu das artes;embu das artes;Embu das Artes;1648;nenhuma;formatacao
SP;embu-guacu;embu guacu;Embu-guaçu;415;sufixo-uf;formatacao
SP;embu-guaçu;embu guacu;Embu-guaçu;46;sufixo-uf|acento;formatacao
SP;embu guaçu;embu guacu;Embu-guaçu;21;acento;formatacao
SP;embu guacu;embu guacu;Embu-guaçu;8;nenhuma;formatacao
SP;embuguacu;embuguacu;Embuguacu;4;nenhuma;formatacao
SP;emilianopolis;emilianopolis;Emilianópolis;24;nenhuma;formatacao
SP;emilianópolis;emilianopolis;Emilianópolis;1;acento;formatacao
SP;eneida;eneida;Eneida;1;nenhuma;formatacao
SP;engenheiro balduino;engenheiro balduino;Engenheiro Balduíno;4;nenhuma;formatacao
SP;engenheiro balduíno;engenheiro balduino;Engenheiro Balduíno;1;acento;formatacao
SP;engenheiro coelho;engenheiro coelho;Engenheiro Coelho;85;nenhuma;formatacao
SP;espigao;espigao;Espigao;8;nenhuma;formatacao
SP;espirito santo do pinhal;espirito santo do pinhal;Espírito Santo do Pinhal;277;nenhuma;formatacao
SP;espírito santo do pinhal;espirito santo do pinhal;Espírito Santo do Pinhal;66;acento;formatacao
SP;espirito santo do turvo;espirito santo do turvo;Espírito Santo do Turvo;20;nenhuma;formatacao
SP;espírito santo do turvo;espirito santo do turvo;Espírito Santo do Turvo;3;acento;formatacao
SP;estiva gerbi;estiva gerbi;Estiva Gerbi;57;nenhuma;formatacao
SP;estrela d'oeste;estrela d oeste;Estrela D'oeste;31;nenhuma;formatacao
SP;estrela d oeste;estrela d oeste;Estrela D'oeste;6;nenhuma;formatacao
SP;estrela doeste;estrela doeste;Estrela Doeste;3;nenhuma;formatacao
SP;estrela do norte;estrela do norte;Estrela do Norte;28;nenhuma;formatacao
SP;euclides da cunha paulista;euclides da cunha paulista;Euclides da Cunha Paulista;40;nenhuma;formatacao
SP;fartura;fartura;Fartura;139;nenhuma;formatacao
SP;fernando prestes;fernando prestes;Fernando Prestes;39;nenhuma;formatacao
SP;fernandopolis;fernandopolis;Fernandópolis;516;nenhuma;formatacao
SP;fernandópolis;fernandopolis;Fernandópolis;77;acento;formatacao
SP;fernao;fernao;Fernão;8;nenhuma;formatacao
SP;fernão;fernao;Fernão;1;acento;formatacao
SP;ferraz de vasconcelos;ferraz de vasconcelos;Ferraz de Vasconcelos;1355;nenhuma;formatacao
SP;ferraz de  vasconcelos;ferraz de vasconcelos;Ferraz de Vasconcelos;1;espacos;formatacao
SP;flora rica;flora rica;Flora Rica;11;nenhuma;formatacao
SP;floreal;floreal;Floreal;19;nenhuma;formatacao
SP;floresta do sul;floresta do sul;Floresta do Sul;3;nenhuma;formatacao
SP;florianopolis;florianopolis;Florianopolis;1;nenhuma;formatacao
SP;florínea;florinea;Florínea;2;acento;formatacao
SP;florinea;florinea;Florínea;1;nenhuma;formatacao
SP;florinia;florinia;Florínia;14;nenhuma;formatacao
SP;florínia;florinia;Florínia;3;acento;formatacao
SP;florida paulista;florida paulista;Flórida Paulista;65;nenhuma;formatacao
SP;flórida paulista;florida paulista;Flórida Paulista;6;acento;formatacao
SP;franca;franca;Franca;2186;nenhuma;formatacao
SP;franca sp;franca;Franca;1;sufixo-uf;estrutural
SP;francisco morato;francisco morato;Francisco Morato;874;nenhuma;formatacao
SP;franco da rocha;franco da rocha;Franco da Rocha;1183;nenhuma;formatacao
SP;frutal do campo;frutal do campo;Frutal do Campo;5;nenhuma;formatacao
SP;gabriel monteiro;gabriel monteiro;Gabriel Monteiro;14;nenhuma;formatacao
SP;gardenia;gardenia;Gardenia;1;nenhuma;formatacao
SP;garulhos;garulhos;Garulhos;1;nenhuma;formatacao
SP;garca;garca;Garça;272;nenhuma;formatacao
SP;garça;garca;Garça;47;acento;formatacao
SP;gastao vidigal;gastao vidigal;Gastão Vidigal;16;nenhuma;formatacao
SP;gastão vidigal;gastao vidigal;Gastão Vidigal;5;acento;formatacao
SP;gaviao peixoto;gaviao peixoto;Gavião Peixoto;27;nenhuma;formatacao
SP;gavião peixoto;gaviao peixoto;Gavião Peixoto;3;acento;formatacao
SP;general salgado;general salgado;General Salgado;80;nenhuma;formatacao
SP;getulina;getulina;Getulina;42;nenhuma;formatacao
SP;glicerio;glicerio;Glicério;11;nenhuma;formatacao
SP;glicério;glicerio;Glicério;3;acento;formatacao
SP;goioere;goioere;Goioere;1;nenhuma;formatacao
SP;gramadinho;gramadinho;Gramadinho;1;nenhuma;formatacao
SP;guaianas;guaianas;Guaianas;1;nenhuma;formatacao
SP;guaimbe;guaimbe;Guaimbê;16;nenhuma;formatacao
SP;guaimbê;guaimbe;Guaimbê;4;acento;formatacao
SP;guaicara;guaicara;Guaiçara;57;nenhuma;formatacao
SP;guaiçara;guaicara;Guaiçara;9;acento;formatacao
SP;guapiara;guapiara;Guapiara;53;nenhuma;formatacao
SP;guapiacu;guapiacu;Guapiaçu;98;nenhuma;formatacao
SP;guapiaçu;guapiacu;Guapiaçu;19;acento;formatacao
SP;guaraci;guaraci;Guaraci;72;nenhuma;formatacao
SP;guarani d'oeste;guarani d oeste;Guarani D'oeste;7;nenhuma;formatacao
SP;guaranta;guaranta;Guarantã;40;nenhuma;formatacao
SP;guarantã;guaranta;Guarantã;3;acento;formatacao
SP;guarapua;guarapua;Guarapua;2;nenhuma;formatacao
SP;guararapes;guararapes;Guararapes;246;nenhuma;formatacao
SP;guararema;guararema;Guararema;212;nenhuma;formatacao
SP;guaratingueta;guaratingueta;Guaratinguetá;1007;nenhuma;formatacao
SP;guaratinguetá;guaratingueta;Guaratinguetá;158;acento;formatacao
SP;guaracai;guaracai;Guaraçaí;54;nenhuma;formatacao
SP;guaraçaí;guaracai;Guaraçaí;13;acento;formatacao
SP;guarei;guarei;Guareí;54;nenhuma;formatacao
SP;guareí;guarei;Guareí;13;acento;formatacao
SP;guariba;guariba;Guariba;185;nenhuma;formatacao
SP;guariroba;guariroba;Guariroba;2;nenhuma;formatacao
SP;guarizinho;guarizinho;Guarizinho;6;nenhuma;formatacao
SP;guaruja;guaruja;Guarujá;2400;nenhuma;formatacao
SP;guarujá;guaruja;Guarujá;461;acento;formatacao
SP;guarulhos;guarulhos;Guarulhos;12579;nenhuma;formatacao
SP;guarulhos-sp;guarulhos;Guarulhos;1;sufixo-uf;estrutural
SP;guara;guara;Guará;81;nenhuma;formatacao
SP;guará;guara;Guará;19;acento;formatacao
SP;guatapara;guatapara;Guatapará;30;nenhuma;formatacao
SP;guatapará;guatapara;Guatapará;4;acento;formatacao
SP;guaira;guaira;Guaíra;262;nenhuma;formatacao
SP;guaíra;guaira;Guaíra;50;acento;formatacao
SP;guzolandia;guzolandia;Guzolândia;24;nenhuma;formatacao
SP;guzolândia;guzolandia;Guzolândia;5;acento;formatacao
SP;galia;galia;Gália;45;nenhuma;formatacao
SP;gália;galia;Gália;7;acento;formatacao
SP;herculandia;herculandia;Herculândia;44;nenhuma;formatacao
SP;herculândia;herculandia;Herculândia;5;acento;formatacao
SP;holambra;holambra;Holambra;233;nenhuma;formatacao
SP;holambra ii;holambra ii;Holambra Ii;21;nenhuma;formatacao
SP;hortolandia;hortolandia;Hortolândia;1187;nenhuma;formatacao
SP;hortolândia;hortolandia;Hortolândia;170;acento;formatacao
SP;iacanga;iacanga;Iacanga;62;nenhuma;formatacao
SP;iacri;iacri;Iacri;47;nenhuma;formatacao
SP;iaras;iaras;Iaras;28;nenhuma;formatacao
SP;ibate;ibate;Ibaté;129;nenhuma;formatacao
SP;ibaté;ibate;Ibaté;32;acento;formatacao
SP;ibirarema;ibirarema;Ibirarema;53;nenhuma;formatacao
SP;ibira;ibira;Ibirá;63;nenhuma;formatacao
SP;ibirá;ibira;Ibirá;9;acento;formatacao
SP;ibitinga;ibitinga;Ibitinga;357;nenhuma;formatacao
SP;ibitiuva;ibitiuva;Ibitiuva;15;nenhuma;formatacao
SP;ibiuna;ibiuna;Ibiúna;228;nenhuma;formatacao
SP;ibiúna;ibiuna;Ibiúna;43;acento;formatacao
SP;icem;icem;Icém;61;nenhuma;formatacao
SP;icém;icem;Icém;8;acento;formatacao
SP;iepe;iepe;Iepê;53;nenhuma;formatacao
SP;iepê;iepe;Iepê;7;acento;formatacao
SP;igarapava;igarapava;Igarapava;193;nenhuma;formatacao
SP;igarata;igarata;Igaratá;53;nenhuma;formatacao
SP;igaratá;igarata;Igaratá;11;acento;formatacao
SP;igaracu do tiete;igaracu do tiete;Igaraçu do Tietê;88;nenhuma;formatacao
SP;igaraçu do tietê;igaracu do tiete;Igaraçu do Tietê;20;acento;formatacao
SP;igarai;igarai;Igaraí;12;nenhuma;formatacao
SP;igaraí;igarai;Igaraí;3;acento;formatacao
SP;iguape;iguape;Iguape;227;nenhuma;formatacao
SP;ilha comprida;ilha comprida;Ilha Comprida;106;nenhuma;formatacao
SP;ilha solteira;ilha solteira;Ilha Solteira;362;nenhuma;formatacao
SP;ilhabela;ilhabela;Ilhabela;577;nenhuma;formatacao
SP;indaiatuba;indaiatuba;Indaiatuba;2287;nenhuma;formatacao
SP;indiana;indiana;Indiana;37;nenhuma;formatacao
SP;indiapora;indiapora;Indiaporã;29;nenhuma;formatacao
SP;indiaporã;indiapora;Indiaporã;3;acento;formatacao
SP;inubia paulista;inubia paulista;Inúbia Paulista;36;nenhuma;formatacao
SP;inúbia paulista;inubia paulista;Inúbia Paulista;4;acento;formatacao
SP;ipaussu;ipaussu;Ipaussu;96;nenhuma;formatacao
SP;ipero;ipero;Iperó;110;nenhuma;formatacao
SP;iperó;ipero;Iperó;17;acento;formatacao
SP;ipeuna;ipeuna;Ipeúna;30;nenhuma;formatacao
SP;ipeúna;ipeuna;Ipeúna;5;acento;formatacao
SP;ipigua;ipigua;Ipiguá;16;nenhuma;formatacao
SP;ipiguá;ipigua;Ipiguá;4;acento;formatacao
SP;ipira;ipira;Ipira;1;nenhuma;formatacao
SP;iporanga;iporanga;Iporanga;34;nenhuma;formatacao
SP;ipua;ipua;Ipuã;98;nenhuma;formatacao
SP;ipuã;ipua;Ipuã;18;acento;formatacao
SP;iracemapolis;iracemapolis;Iracemápolis;97;nenhuma;formatacao
SP;iracemápolis;iracemapolis;Iracemápolis;18;acento;formatacao
SP;irapuru;irapuru;Irapuru;48;nenhuma;formatacao
SP;irapua;irapua;Irapuã;41;nenhuma;formatacao
SP;irapuã;irapua;Irapuã;6;acento;formatacao
SP;irape;irape;Irapé;7;nenhuma;formatacao
SP;irapé;irape;Irapé;1;acento;formatacao
SP;itabera;itabera;Itaberá;83;nenhuma;formatacao
SP;itaberá;itabera;Itaberá;13;acento;formatacao
SP;itajai;itajai;Itajai;2;nenhuma;formatacao
SP;itajobi;itajobi;Itajobi;138;nenhuma;formatacao
SP;itaju;itaju;Itaju;34;nenhuma;formatacao
SP;itanhaem;itanhaem;Itanhaém;749;nenhuma;formatacao
SP;itanhaém;itanhaem;Itanhaém;119;acento;formatacao
SP;itapecerica da serra;itapecerica da serra;Itapecerica da Serra;1208;nenhuma;formatacao
SP;itapetininga;itapetininga;Itapetininga;1038;nenhuma;formatacao
SP;itapeva;itapeva;Itapeva;599;nenhuma;formatacao
SP;itapevi;itapevi;Itapevi;1574;nenhuma;formatacao
SP;itapira;itapira;Itapira;646;nenhuma;formatacao
SP;itapirapua paulista;itapirapua paulista;Itapirapuã Paulista;18;nenhuma;formatacao
SP;itapirapuã paulista;itapirapua paulista;Itapirapuã Paulista;1;acento;formatacao
SP;itaporanga;itaporanga;Itaporanga;109;nenhuma;formatacao
SP;itapura;itapura;Itapura;47;nenhuma;formatacao
SP;itapui;itapui;Itapuí;81;nenhuma;formatacao
SP;itapuí;itapui;Itapuí;7;acento;formatacao
SP;itaquaquecetuba;itaquaquecetuba;Itaquaquecetuba;1914;nenhuma;formatacao
SP;itarare;itarare;Itararé;249;nenhuma;formatacao
SP;itararé;itarare;Itararé;29;acento;formatacao
SP;itariri;itariri;Itariri;45;nenhuma;formatacao
SP;itatiba;itatiba;Itatiba;520;nenhuma;formatacao
SP;itatinga;itatinga;Itatinga;112;nenhuma;formatacao
SP;itai;itai;Itaí;138;nenhuma;formatacao
SP;itaí;itai;Itaí;22;acento;formatacao
SP;itaoca;itaoca;Itaóca;8;nenhuma;formatacao
SP;itaóca;itaoca;Itaóca;3;acento;formatacao
SP;itirapina;itirapina;Itirapina;83;nenhuma;formatacao
SP;itirapua;itirapua;Itirapuã;9;nenhuma;formatacao
SP;itirapuã;itirapua;Itirapuã;5;acento;formatacao
SP;itobi;itobi;Itobi;54;nenhuma;formatacao
SP;itu;itu;Itu;1342;nenhuma;formatacao
SP;itupeva;itupeva;Itupeva;220;nenhuma;formatacao
SP;ituverava;ituverava;Ituverava;347;nenhuma;formatacao
SP;itapolis;itapolis;Itápolis;213;nenhuma;formatacao
SP;itápolis;itapolis;Itápolis;24;acento;formatacao
SP;iubatinga;iubatinga;Iubatinga;1;nenhuma;formatacao
SP;jaborandi;jaborandi;Jaborandi;28;nenhuma;formatacao
SP;jaboticabal;jaboticabal;Jaboticabal;574;nenhuma;formatacao
SP;jacarei;jacarei;Jacareí;1598;nenhuma;formatacao
SP;jacareí;jacarei;Jacareí;260;acento;formatacao
SP;jacarei / sao paulo;jacarei;Jacareí;1;sufixo-uf;estrutural
SP;jacare;jacare;Jacaré;43;nenhuma;formatacao
SP;jacaré;jacare;Jacaré;4;acento;formatacao
SP;jacaré (cabreúva);jacare (cabreuva);Jacaré (cabreúva);1;acento;formatacao
SP;jacare (cabreuva);jacare (cabreuva);Jacaré (cabreúva);1;nenhuma;formatacao
SP;jaci;jaci;Jaci;38;nenhuma;formatacao
SP;jacuba;jacuba;Jacuba;2;nenhuma;formatacao
SP;jacupiranga;jacupiranga;Jacupiranga;120;nenhuma;formatacao
SP;jafa;jafa;Jafa;4;nenhuma;formatacao
SP;jaguariuna;jaguariuna;Jaguariúna;617;nenhuma;formatacao
SP;jaguariúna;jaguariuna;Jaguariúna;86;acento;formatacao
SP;jales;jales;Jales;397;nenhuma;formatacao
SP;jamaica;jamaica;Jamaica;4;nenhuma;formatacao
SP;jambeiro;jambeiro;Jambeiro;23;nenhuma;formatacao
SP;jandira;jandira;Jandira;1219;nenhuma;formatacao
SP;jardinopolis;jardinopolis;Jardinópolis;186;nenhuma;formatacao
SP;jardinópolis;jardinopolis;Jardinópolis;40;acento;formatacao
SP;jarinu;jarinu;Jarinu;87;nenhuma;formatacao
SP;jau;jau;Jaú;883;nenhuma;formatacao
SP;jaú;jau;Jaú;177;acento;formatacao
SP;jeriquara;jeriquara;Jeriquara;12;nenhuma;formatacao
SP;joanopolis;joanopolis;Joanópolis;70;nenhuma;formatacao
SP;joanópolis;joanopolis;Joanópolis;13;acento;formatacao
SP;jordanesia;jordanesia;Jordanésia;7;nenhuma;formatacao
SP;jordanésia;jordanesia;Jordanésia;1;acento;formatacao
SP;jose bonifacio;jose bonifacio;José Bonifácio;178;nenhuma;formatacao
SP;josé bonifácio;jose bonifacio;José Bonifácio;35;acento;formatacao
SP;joao ramalho;joao ramalho;João Ramalho;25;nenhuma;formatacao
SP;joão ramalho;joao ramalho;João Ramalho;5;acento;formatacao
SP;juiz de fora;juiz de fora;Juiz de Fora;1;nenhuma;formatacao
SP;jumirim;jumirim;Jumirim;22;nenhuma;formatacao
SP;jundiai;jundiai;Jundiaí;2666;nenhuma;formatacao
SP;jundiaí;jundiai;Jundiaí;369;acento;formatacao
SP;junqueiropolis;junqueiropolis;Junqueirópolis;126;nenhuma;formatacao
SP;junqueirópolis;junqueiropolis;Junqueirópolis;16;acento;formatacao
SP;juquitiba;juquitiba;Juquitiba;216;nenhuma;formatacao
SP;juquia;juquia;Juquiá;98;nenhuma;formatacao
SP;juquiá;juquia;Juquiá;9;acento;formatacao
SP;juritis;juritis;Juritis;2;nenhuma;formatacao
SP;jurucê;juruce;Jurucê;5;acento;formatacao
SP;juruce;juruce;Jurucê;3;nenhuma;formatacao
SP;jurupema;jurupema;Jurupema;1;nenhuma;formatacao
SP;julio mesquita;julio mesquita;Júlio Mesquita;19;nenhuma;formatacao
SP;júlio mesquita;julio mesquita;Júlio Mesquita;4;acento;formatacao
SP;lagoa branca;lagoa branca;Lagoa Branca;3;nenhuma;formatacao
SP;lagoinha;lagoinha;Lagoinha;23;nenhuma;formatacao
SP;laguna;laguna;Laguna;1;nenhuma;formatacao
SP;laranjal paulista;laranjal paulista;Laranjal Paulista;243;nenhuma;formatacao
SP;laranjeiras do sul;laranjeiras do sul;Laranjeiras do Sul;1;nenhuma;formatacao
SP;lavrinhas;lavrinhas;Lavrinhas;17;nenhuma;formatacao
SP;lavinia;lavinia;Lavínia;32;nenhuma;formatacao
SP;lavínia;lavinia;Lavínia;10;acento;formatacao
SP;leme;leme;Leme;677;nenhuma;formatacao
SP;lencois paulista;lencois paulista;Lençóis Paulista;427;nenhuma;formatacao
SP;lençóis paulista;lencois paulista;Lençóis Paulista;82;acento;formatacao
SP;limeira;limeira;Limeira;1279;nenhuma;formatacao
SP;lindoia;lindoia;Lindóia;61;nenhuma;formatacao
SP;lindóia;lindoia;Lindóia;9;acento;formatacao
SP;lins;lins;Lins;661;nenhuma;formatacao
SP;londrina;londrina;Londrina;1;nenhuma;formatacao
SP;lorena;lorena;Lorena;833;nenhuma;formatacao
SP;lourdes;lourdes;Lourdes;15;nenhuma;formatacao
SP;louveira;louveira;Louveira;204;nenhuma;formatacao
SP;lucianopolis;lucianopolis;Lucianópolis;16;nenhuma;formatacao
SP;lucianópolis;lucianopolis;Lucianópolis;2;acento;formatacao
SP;lucelia;lucelia;Lucélia;125;nenhuma;formatacao
SP;lucélia;lucelia;Lucélia;20;acento;formatacao
SP;luiziania;luiziania;Luiziânia;32;nenhuma;formatacao
SP;luiziânia;luiziania;Luiziânia;4;acento;formatacao
SP;lupercio;lupercio;Lupércio;20;nenhuma;formatacao
SP;lupércio;lupercio;Lupércio;1;acento;formatacao
SP;lutecia;lutecia;Lutécia;17;nenhuma;formatacao
SP;lutécia;lutecia;Lutécia;2;acento;formatacao
SP;luis antonio;luis antonio;Luís Antônio;93;nenhuma;formatacao
SP;luís antônio;luis antonio;Luís Antônio;9;acento;formatacao
SP;macatuba;macatuba;Macatuba;132;nenhuma;formatacao
SP;macaubal;macaubal;Macaubal;56;nenhuma;formatacao
SP;macedonia;macedonia;Macedônia;22;nenhuma;formatacao
SP;macedônia;macedonia;Macedônia;3;acento;formatacao
SP;mairinque;mairinque;Mairinque;302;nenhuma;formatacao
SP;mairipora;mairipora;Mairiporã;586;nenhuma;formatacao
SP;mairiporã;mairipora;Mairiporã;78;acento;formatacao
SP;manduri;manduri;Manduri;60;nenhuma;formatacao
SP;maraba paulista;maraba paulista;Maraba Paulista;15;nenhuma;formatacao
SP;maracai;maracai;Maracaí;93;nenhuma;formatacao
SP;maracaí;maracai;Maracaí;14;acento;formatacao
SP;marapoama;marapoama;Marapoama;22;nenhuma;formatacao
SP;marechal candido rondon;marechal candido rondon;Marechal Candido Rondon;1;nenhuma;formatacao
SP;maresias;maresias;Maresias;18;nenhuma;formatacao
SP;marinopolis;marinopolis;Marinópolis;10;nenhuma;formatacao
SP;marinópolis;marinopolis;Marinópolis;3;acento;formatacao
SP;maristela;maristela;Maristela;10;nenhuma;formatacao
SP;mariapolis;mariapolis;Mariápolis;20;nenhuma;formatacao
SP;mariápolis;mariapolis;Mariápolis;3;acento;formatacao
SP;martinho prado junior;martinho prado junior;Martinho Prado Junior;1;nenhuma;formatacao
SP;martinopolis;martinopolis;Martinópolis;149;nenhuma;formatacao
SP;martinópolis;martinopolis;Martinópolis;16;acento;formatacao
SP;marilia;marilia;Marília;1861;nenhuma;formatacao
SP;marília;marilia;Marília;281;acento;formatacao
SP;matao;matao;Matão;481;nenhuma;formatacao
SP;matão;matao;Matão;86;acento;formatacao
SP;maua;maua;Mauá;2987;nenhuma;formatacao
SP;mauá;maua;Mauá;492;acento;formatacao
SP;maua/sao paulo;maua;Mauá;1;sufixo-uf;estrutural
SP;mendonca;mendonca;Mendonça;28;nenhuma;formatacao
SP;mendonça;mendonca;Mendonça;6;acento;formatacao
SP;meridiano;meridiano;Meridiano;21;nenhuma;formatacao
SP;mesopolis;mesopolis;Mesopolis;5;nenhuma;formatacao
SP;miguelopolis;miguelopolis;Miguelópolis;112;nenhuma;formatacao
SP;miguelópolis;miguelopolis;Miguelópolis;23;acento;formatacao
SP;mineiros do tiete;mineiros do tiete;Mineiros do Tietê;56;nenhuma;formatacao
SP;mineiros do tietê;mineiros do tiete;Mineiros do Tietê;10;acento;formatacao
SP;mira estrela;mira estrela;Mira Estrela;11;nenhuma;formatacao
SP;miracatu;miracatu;Miracatu;108;nenhuma;formatacao
SP;mirandopolis;mirandopolis;Mirandópolis;172;nenhuma;formatacao
SP;mirandópolis;mirandopolis;Mirandópolis;15;acento;formatacao
SP;mirante do paranapanema;mirante do paranapanema;Mirante do Paranapanema;90;nenhuma;formatacao
SP;mirassol;mirassol;Mirassol;444;nenhuma;formatacao
SP;mirassolandia;mirassolandia;Mirassolândia;10;nenhuma;formatacao
SP;mirassolândia;mirassolandia;Mirassolândia;1;acento;formatacao
SP;mococa;mococa;Mococa;412;nenhuma;formatacao
SP;mogi-guacu;mogi guacu;Mogi Guaçu;643;sufixo-uf;formatacao
SP;mogi guacu;mogi guacu;Mogi Guaçu;299;nenhuma;formatacao
SP;mogi guaçu;mogi guacu;Mogi Guaçu;201;acento;formatacao
SP;mogi mirim;mogi mirim;Mogi Mirim;716;nenhuma;formatacao
SP;mogi-mirim;mogi mirim;Mogi Mirim;95;sufixo-uf;formatacao
SP;mogi das cruses;mogi das cruses;Mogi das Cruses;1;nenhuma;formatacao
SP;mogi das cruzes;mogi das cruzes;Mogi das Cruzes;4311;nenhuma;formatacao
SP;mogi das cruzes / sp;mogi das cruzes;Mogi das Cruzes;1;sufixo-uf;estrutural
SP;mogidascruzes;mogidascruzes;Mogidascruzes;2;nenhuma;formatacao
SP;mombuca;mombuca;Mombuca;14;nenhuma;formatacao
SP;mongagua;mongagua;Mongaguá;399;nenhuma;formatacao
SP;mongaguá;mongagua;Mongaguá;81;acento;formatacao
SP;monte alegre do sul;monte alegre do sul;Monte Alegre do Sul;46;nenhuma;formatacao
SP;monte alto;monte alto;Monte Alto;366;nenhuma;formatacao
SP;monte aprazivel;monte aprazivel;Monte Aprazível;115;nenhuma;formatacao
SP;monte aprazível;monte aprazivel;Monte Aprazível;19;acento;formatacao
SP;monte azul paulista;monte azul paulista;Monte Azul Paulista;182;nenhuma;formatacao
SP;monte castelo;monte castelo;Monte Castelo;19;nenhuma;formatacao
SP;monte mor;monte mor;Monte Mor;252;nenhuma;formatacao
SP;monte verde paulista;monte verde paulista;Monte Verde Paulista;2;nenhuma;formatacao
SP;monteiro lobato;monteiro lobato;Monteiro Lobato;7;nenhuma;formatacao
SP;moncoes;moncoes;Monções;23;nenhuma;formatacao
SP;monções;moncoes;Monções;3;acento;formatacao
SP;morro agudo;morro agudo;Morro Agudo;188;nenhuma;formatacao
SP;morungaba;morungaba;Morungaba;43;nenhuma;formatacao
SP;motuca;motuca;Motuca;25;nenhuma;formatacao
SP;murutinga do sul;murutinga do sul;Murutinga do Sul;21;nenhuma;formatacao
SP;magda;magda;Mágda;33;nenhuma;formatacao
SP;mágda;magda;Mágda;4;acento;formatacao
SP;nantes;nantes;Nantes;19;nenhuma;formatacao
SP;narandiba;narandiba;Narandiba;25;nenhuma;formatacao
SP;natividade da serra;natividade da serra;Natividade da Serra;30;nenhuma;formatacao
SP;nazare paulista;nazare paulista;Nazaré Paulista;71;nenhuma;formatacao
SP;nazaré paulista;nazare paulista;Nazaré Paulista;14;acento;formatacao
SP;neves paulista;neves paulista;Neves Paulista;62;nenhuma;formatacao
SP;nhandeara;nhandeara;Nhandeara;75;nenhuma;formatacao
SP;nipoa;nipoa;Nipoã;32;nenhuma;formatacao
SP;nipoã;nipoa;Nipoã;4;acento;formatacao
SP;nossa senhora do remedio;nossa senhora do remedio;Nossa Senhora do Remedio;2;nenhuma;formatacao
SP;nova alexandria;nova alexandria;Nova Alexandria;2;nenhuma;formatacao
SP;nova alianca;nova alianca;Nova Aliança;19;nenhuma;formatacao
SP;nova aliança;nova alianca;Nova Aliança;4;acento;formatacao
SP;nova america;nova america;Nova América;3;nenhuma;formatacao
SP;nova américa;nova america;Nova América;1;acento;formatacao
SP;nova campina;nova campina;Nova Campina;19;nenhuma;formatacao
SP;nova canaa paulista;nova canaa paulista;Nova Canaã Paulista;11;nenhuma;formatacao
SP;nova canaã paulista;nova canaa paulista;Nova Canaã Paulista;4;acento;formatacao
SP;nova castilho;nova castilho;Nova Castilho;3;nenhuma;formatacao
SP;nova europa;nova europa;Nova Europa;71;nenhuma;formatacao
SP;nova granada;nova granada;Nova Granada;186;nenhuma;formatacao
SP;nova guataporanga;nova guataporanga;Nova Guataporanga;12;nenhuma;formatacao
SP;nova independencia;nova independencia;Nova Independência;12;nenhuma;formatacao
SP;nova independência;nova independencia;Nova Independência;5;acento;formatacao
SP;nova itapirema;nova itapirema;Nova Itapirema;2;nenhuma;formatacao
SP;nova luzitania;nova luzitania;Nova Luzitania;19;nenhuma;formatacao
SP;nova odessa;nova odessa;Nova Odessa;313;nenhuma;formatacao
SP;nova patria;nova patria;Nova Patria;2;nenhuma;formatacao
SP;novais;novais;Novais;19;nenhuma;formatacao
SP;novo horizonte;novo horizonte;Novo Horizonte;259;nenhuma;formatacao
SP;nuporanga;nuporanga;Nuporanga;51;nenhuma;formatacao
SP;ocaucu;ocaucu;Ocauçu;24;nenhuma;formatacao
SP;ocauçu;ocaucu;Ocauçu;4;acento;formatacao
SP;olimpia;olimpia;Olímpia;316;nenhuma;formatacao
SP;olímpia;olimpia;Olímpia;74;acento;formatacao
SP;onda verde;onda verde;Onda Verde;17;nenhuma;formatacao
SP;oriente;oriente;Oriente;26;nenhuma;formatacao
SP;orindiuva;orindiuva;Orindiúva;42;nenhuma;formatacao
SP;orindiúva;orindiuva;Orindiúva;15;acento;formatacao
SP;orlandia;orlandia;Orlândia;292;nenhuma;formatacao
SP;orlândia;orlandia;Orlândia;46;acento;formatacao
SP;osasco;osasco;Osasco;8436;nenhuma;formatacao
SP;oscar bressane;oscar bressane;Oscar Bressane;21;nenhuma;formatacao
SP;osvaldo cruz;osvaldo cruz;Osvaldo Cruz;272;nenhuma;formatacao
SP;ourinhos;ourinhos;Ourinhos;919;nenhuma;formatacao
SP;ouro verde;ouro verde;Ouro Verde;32;nenhuma;formatacao
SP;ouroeste;ouroeste;Ouroeste;88;nenhuma;formatacao
SP;pacaembu;pacaembu;Pacaembu;83;nenhuma;formatacao
SP;palestina;palestina;Palestina;76;nenhuma;formatacao
SP;palhoca;palhoca;Palhoca;1;nenhuma;formatacao
SP;palmares paulista;palmares paulista;Palmares Paulista;59;nenhuma;formatacao
SP;palmeira d'oeste;palmeira d oeste;Palmeira D'oeste;41;nenhuma;formatacao
SP;palmeira d oeste;palmeira d oeste;Palmeira D'oeste;11;nenhuma;formatacao
SP;palmeira doeste;palmeira doeste;Palmeira Doeste;2;nenhuma;formatacao
SP;palmital;palmital;Palmital;236;nenhuma;formatacao
SP;panorama;panorama;Panorama;71;nenhuma;formatacao
SP;paraguacu paulista;paraguacu paulista;Paraguaçu Paulista;259;nenhuma;formatacao
SP;paraguaçu paulista;paraguacu paulista;Paraguaçu Paulista;54;acento;formatacao
SP;paraibuna;paraibuna;Paraibuna;65;nenhuma;formatacao
SP;paranapanema;paranapanema;Paranapanema;103;nenhuma;formatacao
SP;paranapua;paranapua;Paranapuã;18;nenhuma;formatacao
SP;paranapuã;paranapua;Paranapuã;2;acento;formatacao
SP;parapua;parapua;Parapuã;81;nenhuma;formatacao
SP;parapuã;parapua;Parapuã;12;acento;formatacao
SP;paraiso;paraiso;Paraíso;36;nenhuma;formatacao
SP;paraíso;paraiso;Paraíso;7;acento;formatacao
SP;pardinho;pardinho;Pardinho;42;nenhuma;formatacao
SP;pariquera-acu;pariquera acu;Pariquera-açu;131;sufixo-uf;formatacao
SP;pariquera-açu;pariquera acu;Pariquera-açu;32;sufixo-uf|acento;formatacao
SP;parisi;parisi;Parisi;9;nenhuma;formatacao
SP;paruru;paruru;Paruru;2;nenhuma;formatacao
SP;patrocinio paulista;patrocinio paulista;Patrocínio Paulista;36;nenhuma;formatacao
SP;patrocínio paulista;patrocinio paulista;Patrocínio Paulista;8;acento;formatacao
SP;pauliceia;pauliceia;Paulicéia;47;nenhuma;formatacao
SP;paulicéia;pauliceia;Paulicéia;5;acento;formatacao
SP;paulistania;paulistania;Paulistânia;7;nenhuma;formatacao
SP;paulistânia;paulistania;Paulistânia;1;acento;formatacao
SP;paulo de faria;paulo de faria;Paulo de Faria;61;nenhuma;formatacao
SP;paulinia;paulinia;Paulínia;898;nenhuma;formatacao
SP;paulínia;paulinia;Paulínia;150;acento;formatacao
SP;pederneiras;pederneiras;Pederneiras;260;nenhuma;formatacao
SP;pedra bela;pedra bela;Pedra Bela;32;nenhuma;formatacao
SP;pedranopolis;pedranopolis;Pedranopolis;10;nenhuma;formatacao
SP;pedregulho;pedregulho;Pedregulho;70;nenhuma;formatacao
SP;pedreira;pedreira;Pedreira;453;nenhuma;formatacao
SP;pedrinhas paulista;pedrinhas paulista;Pedrinhas Paulista;35;nenhuma;formatacao
SP;pedro de toledo;pedro de toledo;Pedro de Toledo;50;nenhuma;formatacao
SP;penapolis;penapolis;Penápolis;394;nenhuma;formatacao
SP;penápolis;penapolis;Penápolis;63;acento;formatacao
SP;pereira barreto;pereira barreto;Pereira Barreto;212;nenhuma;formatacao
SP;pereiras;pereiras;Pereiras;39;nenhuma;formatacao
SP;peruibe;peruibe;Peruíbe;473;nenhuma;formatacao
SP;peruíbe;peruibe;Peruíbe;71;acento;formatacao
SP;piacatu;piacatu;Piacatu;44;nenhuma;formatacao
SP;piedade;piedade;Piedade;207;nenhuma;formatacao
SP;pilar do sul;pilar do sul;Pilar do Sul;177;nenhuma;formatacao
SP;pindamonhangaba;pindamonhangaba;Pindamonhangaba;1270;nenhuma;formatacao
SP;pindorama;pindorama;Pindorama;60;nenhuma;formatacao
SP;pinhais;pinhais;Pinhais;1;nenhuma;formatacao
SP;pinhalzinho;pinhalzinho;Pinhalzinho;85;nenhuma;formatacao
SP;pinheiros;pinheiros;Pinheiros;1;nenhuma;formatacao
SP;pioneiros;pioneiros;Pioneiros;1;nenhuma;formatacao
SP;piquerobi;piquerobi;Piquerobi;21;nenhuma;formatacao
SP;piquete;piquete;Piquete;79;nenhuma;formatacao
SP;piracaia;piracaia;Piracaia;235;nenhuma;formatacao
SP;piracicaba;piracicaba;Piracicaba;2155;nenhuma;formatacao
SP;piraju;piraju;Piraju;306;nenhuma;formatacao
SP;pirajui;pirajui;Pirajuí;146;nenhuma;formatacao
SP;pirajuí;pirajui;Pirajuí;34;acento;formatacao
SP;piramboia;piramboia;Piramboia;1;nenhuma;formatacao
SP;pirangi;pirangi;Pirangi;88;nenhuma;formatacao
SP;pirapora do bom jesus;pirapora do bom jesus;Pirapora do Bom Jesus;128;nenhuma;formatacao
SP;pirapozinho;pirapozinho;Pirapozinho;166;nenhuma;formatacao
SP;pirassununga;pirassununga;Pirassununga;700;nenhuma;formatacao
SP;piratininga;piratininga;Piratininga;85;nenhuma;formatacao
SP;pirituba;pirituba;Pirituba;1;nenhuma;formatacao
SP;pitangueiras;pitangueiras;Pitangueiras;175;nenhuma;formatacao
SP;planalto;planalto;Planalto;36;nenhuma;formatacao
SP;platina;platina;Platina;7;nenhuma;formatacao
SP;poloni;poloni;Poloni;47;nenhuma;formatacao
SP;polvilho;polvilho;Polvilho;3;nenhuma;formatacao
SP;pompeia;pompeia;Pompéia;166;nenhuma;formatacao
SP;pompéia;pompeia;Pompéia;24;acento;formatacao
SP;pongai;pongai;Pongaí;25;nenhuma;formatacao
SP;pongaí;pongai;Pongaí;1;acento;formatacao
SP;pontal;pontal;Pontal;201;nenhuma;formatacao
SP;pontalinda;pontalinda;Pontalinda;13;nenhuma;formatacao
SP;pontes gestal;pontes gestal;Pontes Gestal;26;nenhuma;formatacao
SP;populina;populina;Populina;24;nenhuma;formatacao
SP;porangaba;porangaba;Porangaba;50;nenhuma;formatacao
SP;porto alegre;porto alegre;Porto Alegre;1;nenhuma;formatacao
SP;porto feliz;porto feliz;Porto Feliz;407;nenhuma;formatacao
SP;porto ferreira;porto ferreira;Porto Ferreira;377;nenhuma;formatacao
SP;portoferreira;portoferreira;Portoferreira;1;nenhuma;formatacao
SP;potim;potim;Potim;59;nenhuma;formatacao
SP;potirendaba;potirendaba;Potirendaba;139;nenhuma;formatacao
SP;potunduva;potunduva;Potunduva;1;nenhuma;formatacao
SP;poa;poa;Poá;945;nenhuma;formatacao
SP;poá;poa;Poá;136;acento;formatacao
SP;pracinha;pracinha;Pracinha;9;nenhuma;formatacao
SP;pradopolis;pradopolis;Pradópolis;123;nenhuma;formatacao
SP;pradópolis;pradopolis;Pradópolis;21;acento;formatacao
SP;praia grande;praia grande;Praia Grande;3223;nenhuma;formatacao
SP;pratania;pratania;Pratânia;9;nenhuma;formatacao
SP;pratânia;pratania;Pratânia;1;acento;formatacao
SP;presidente alves;presidente alves;Presidente Alves;34;nenhuma;formatacao
SP;presidente bernardes;presidente bernardes;Presidente Bernardes;93;nenhuma;formatacao
SP;presidente epitacio;presidente epitacio;Presidente Epitácio;258;nenhuma;formatacao
SP;presidente epitácio;presidente epitacio;Presidente Epitácio;44;acento;formatacao
SP;presidente prudente;presidente prudente;Presidente Prudente;1926;nenhuma;formatacao
SP;presidente venceslau;presidente venceslau;Presidente Venceslau;325;nenhuma;formatacao
SP;primavera;primavera;Primavera;69;nenhuma;formatacao
SP;promissao;promissao;Promissão;272;nenhuma;formatacao
SP;promissão;promissao;Promissão;34;acento;formatacao
SP;quadra;quadra;Quadra;12;nenhuma;formatacao
SP;quata;quata;Quatá;106;nenhuma;formatacao
SP;quatá;quata;Quatá;22;acento;formatacao
SP;queiroz;queiroz;Queiroz;20;nenhuma;formatacao
SP;queluz;queluz;Queluz;36;nenhuma;formatacao
SP;quintana;quintana;Quintana;67;nenhuma;formatacao
SP;rafard;rafard;Rafard;47;nenhuma;formatacao
SP;rancharia;rancharia;Rancharia;251;nenhuma;formatacao
SP;rechan;rechan;Rechan;9;nenhuma;formatacao
SP;redencao da serra;redencao da serra;Redencao da Serra;13;nenhuma;formatacao
SP;regente feijo;regente feijo;Regente Feijó;116;nenhuma;formatacao
SP;regente feijó;regente feijo;Regente Feijó;23;acento;formatacao
SP;reginopolis;reginopolis;Reginópolis;30;nenhuma;formatacao
SP;reginópolis;reginopolis;Reginópolis;7;acento;formatacao
SP;registro;registro;Registro;547;nenhuma;formatacao
SP;restinga;restinga;Restinga;18;nenhuma;formatacao
SP;ribeira;ribeira;Ribeira;17;nenhuma;formatacao
SP;ribeirao pretp;ribeirao pretp;Ribeirao Pretp;1;nenhuma;formatacao
SP;ribeirao bonito;ribeirao bonito;Ribeirão Bonito;46;nenhuma;formatacao
SP;ribeirão bonito;ribeirao bonito;Ribeirão Bonito;2;acento;formatacao
SP;ribeirao branco;ribeirao branco;Ribeirão Branco;37;nenhuma;formatacao
SP;ribeirão branco;ribeirao branco;Ribeirão Branco;6;acento;formatacao
SP;ribeirao corrente;ribeirao corrente;Ribeirão Corrente;15;nenhuma;formatacao
SP;ribeirão corrente;ribeirao corrente;Ribeirão Corrente;4;acento;formatacao
SP;ribeirao grande;ribeirao grande;Ribeirão Grande;15;nenhuma;formatacao
SP;ribeirão grande;ribeirao grande;Ribeirão Grande;5;acento;formatacao
SP;ribeirao pires;ribeirao pires;Ribeirão Pires;1034;nenhuma;formatacao
SP;ribeirão pires;ribeirao pires;Ribeirão Pires;163;acento;formatacao
SP;ribeirao preto;ribeirao preto;Ribeirão Preto;4749;nenhuma;formatacao
SP;ribeirão preto;ribeirao preto;Ribeirão Preto;823;acento;formatacao
SP;ribeirao preto / sao paulo;ribeirao preto;Ribeirão Preto;1;sufixo-uf;estrutural
SP;ribeirao do sul;ribeirao do sul;Ribeirão do Sul;24;nenhuma;formatacao
SP;ribeirão do sul;ribeirao do sul;Ribeirão do Sul;3;acento;formatacao
SP;ribeirao dos indios;ribeirao dos indios;Ribeirão dos Índios;6;nenhuma;formatacao
SP;ribeirão dos índios;ribeirao dos indios;Ribeirão dos Índios;2;acento;formatacao
SP;riberao preto;riberao preto;Riberao Preto;1;nenhuma;formatacao
SP;rifaina;rifaina;Rifaina;26;nenhuma;formatacao
SP;rincao;rincao;Rincão;36;nenhuma;formatacao
SP;rincão;rincao;Rincão;3;acento;formatacao
SP;rinopolis;rinopolis;Rinópolis;59;nenhuma;formatacao
SP;rinópolis;rinopolis;Rinópolis;14;acento;formatacao
SP;rio bonito;rio bonito;Rio Bonito;1;nenhuma;formatacao
SP;rio claro;rio claro;Rio Claro;1811;nenhuma;formatacao
SP;rio grande da serra;rio grande da serra;Rio Grande da Serra;327;nenhuma;formatacao
SP;rio das pedras;rio das pedras;Rio das Pedras;160;nenhuma;formatacao
SP;rio de janeiro;rio de janeiro;Rio de Janeiro;2;nenhuma;formatacao
SP;riolandia;riolandia;Riolândia;46;nenhuma;formatacao
SP;riolândia;riolandia;Riolândia;9;acento;formatacao
SP;riversul;riversul;Riversul;27;nenhuma;formatacao
SP;robeirao preto;robeirao preto;Robeirao Preto;1;nenhuma;formatacao
SP;roberto;roberto;Roberto;1;nenhuma;formatacao
SP;rosana;rosana;Rosana;51;nenhuma;formatacao
SP;roseira;roseira;Roseira;51;nenhuma;formatacao
SP;rubiao junior;rubiao junior;Rubiao Junior;1;nenhuma;formatacao
SP;rubineia;rubineia;Rubinéia;14;nenhuma;formatacao
SP;rubinéia;rubineia;Rubinéia;2;acento;formatacao
SP;rubiacea;rubiacea;Rubiácea;15;nenhuma;formatacao
SP;rubiácea;rubiacea;Rubiácea;5;acento;formatacao
SP;s jose do rio preto;s jose do rio preto;S Jose do Rio Preto;1;nenhuma;formatacao
SP;sabino;sabino;Sabino;48;nenhuma;formatacao
SP;sagres;sagres;Sagres;9;nenhuma;formatacao
SP;sales;sales;Sales;42;nenhuma;formatacao
SP;sales oliveira;sales oliveira;Sales Oliveira;72;nenhuma;formatacao
SP;salesopolis;salesopolis;Salesópolis;88;nenhuma;formatacao
SP;salesópolis;salesopolis;Salesópolis;8;acento;formatacao
SP;salmourao;salmourao;Salmourão;23;nenhuma;formatacao
SP;salmourão;salmourao;Salmourão;3;acento;formatacao
SP;saltinho;saltinho;Saltinho;28;nenhuma;formatacao
SP;salto;salto;Salto;949;nenhuma;formatacao
SP;salto grande;salto grande;Salto Grande;36;nenhuma;formatacao
SP;salto de pirapora;salto de pirapora;Salto de Pirapora;217;nenhuma;formatacao
SP;sando andre;sando andre;Sando Andre;1;nenhuma;formatacao
SP;sandovalina;sandovalina;Sandovalina;15;nenhuma;formatacao
SP;santa adelia;santa adelia;Santa Adélia;100;nenhuma;formatacao
SP;santa adélia;santa adelia;Santa Adélia;19;acento;formatacao
SP;santa albertina;santa albertina;Santa Albertina;46;nenhuma;formatacao
SP;santa branca;santa branca;Santa Branca;84;nenhuma;formatacao
SP;santa barbara d'oeste;santa barbara d oeste;Santa Bárbara D'oeste;548;nenhuma;formatacao
SP;santa bárbara d'oeste;santa barbara d oeste;Santa Bárbara D'oeste;125;acento;formatacao
SP;santa barbara d oeste;santa barbara d oeste;Santa Bárbara D'oeste;86;nenhuma;formatacao
SP;santa barbara d´oeste;santa barbara d oeste;Santa Bárbara D'oeste;2;acento;formatacao
SP;santa bárbara d`oeste;santa barbara d oeste;Santa Bárbara D'oeste;1;acento;formatacao
SP;santa bárbara doeste;santa barbara doeste;Santa Bárbara Doeste;11;acento;formatacao
SP;santa barbara doeste;santa barbara doeste;Santa Bárbara Doeste;4;nenhuma;formatacao
SP;santa clara d'oeste;santa clara d oeste;Santa Clara D'oeste;12;nenhuma;formatacao
SP;santa clara d oeste;santa clara d oeste;Santa Clara D'oeste;3;nenhuma;formatacao
SP;santa cruz da conceicao;santa cruz da conceicao;Santa Cruz da Conceição;34;nenhuma;formatacao
SP;santa cruz da conceição;santa cruz da conceicao;Santa Cruz da Conceição;1;acento;formatacao
SP;santa cruz da esperanca;santa cruz da esperanca;Santa Cruz da Esperanca;7;nenhuma;formatacao
SP;santa cruz das palmeiras;santa cruz das palmeiras;Santa Cruz das Palmeiras;181;nenhuma;formatacao
SP;santa cruz do rio pardo;santa cruz do rio pardo;Santa Cruz do Rio Pardo;377;nenhuma;formatacao
SP;santa ernestina;santa ernestina;Santa Ernestina;35;nenhuma;formatacao
SP;santa eudóxia;santa eudoxia;Santa Eudóxia;1;acento;formatacao
SP;santa fe do sul;santa fe do sul;Santa Fé do Sul;352;nenhuma;formatacao
SP;santa fé do sul;santa fe do sul;Santa Fé do Sul;50;acento;formatacao
SP;santa gertrudes;santa gertrudes;Santa Gertrudes;154;nenhuma;formatacao
SP;santa isabel;santa isabel;Santa Isabel;387;nenhuma;formatacao
SP;santa lucia;santa lucia;Santa Lúcia;44;nenhuma;formatacao
SP;santa lúcia;santa lucia;Santa Lúcia;7;acento;formatacao
SP;santa maria da serra;santa maria da serra;Santa Maria da Serra;40;nenhuma;formatacao
SP;santa mercedes;santa mercedes;Santa Mercedes;17;nenhuma;formatacao
SP;santa rita d'oeste;santa rita d oeste;Santa Rita D'oeste;11;nenhuma;formatacao
SP;santa rita d oeste;santa rita d oeste;Santa Rita D'oeste;2;nenhuma;formatacao
SP;santa rita doeste;santa rita doeste;Santa Rita Doeste;1;nenhuma;formatacao
SP;santa rita do passa quatro;santa rita do passa quatro;Santa Rita do Passa Quatro;190;nenhuma;formatacao
SP;santa rosa de viterbo;santa rosa de viterbo;Santa Rosa de Viterbo;178;nenhuma;formatacao
SP;santa salete;santa salete;Santa Salete;7;nenhuma;formatacao
SP;santana da ponte pensa;santana da ponte pensa;Santana da Ponte Pensa;5;nenhuma;formatacao
SP;santana de parnaiba;santana de parnaiba;Santana de Parnaíba;2090;nenhuma;formatacao
SP;santana de parnaíba;santana de parnaiba;Santana de Parnaíba;429;acento;formatacao
SP;santelmo;santelmo;Santelmo;1;nenhuma;formatacao
SP;santo anastacio;santo anastacio;Santo Anastácio;152;nenhuma;formatacao
SP;santo anastácio;santo anastacio;Santo Anastácio;25;acento;formatacao
SP;santo andre;santo andre;Santo André;7702;nenhuma;formatacao
SP;santo andré;santo andre;Santo André;1188;acento;formatacao
SP;santo andre/sao paulo;santo andre;Santo André;1;sufixo-uf;estrutural
SP;santo antonio da alegria;santo antonio da alegria;Santo Antônio da Alegria;31;nenhuma;formatacao
SP;santo antônio da alegria;santo antonio da alegria;Santo Antônio da Alegria;4;acento;formatacao
SP;santo antonio de posse;santo antonio de posse;Santo Antônio de Posse;156;nenhuma;formatacao
SP;santo antônio de posse;santo antonio de posse;Santo Antônio de Posse;27;acento;formatacao
SP;santo antonio do aracangua;santo antonio do aracangua;Santo Antônio do Aracanguá;24;nenhuma;formatacao
SP;santo antônio do aracanguá;santo antonio do aracangua;Santo Antônio do Aracanguá;6;acento;formatacao
SP;santo antonio do jardim;santo antonio do jardim;Santo Antônio do Jardim;31;nenhuma;formatacao
SP;santo antônio do jardim;santo antonio do jardim;Santo Antônio do Jardim;5;acento;formatacao
SP;santo antonio do pinhal;santo antonio do pinhal;Santo Antônio do Pinhal;49;nenhuma;formatacao
SP;santo antônio do pinhal;santo antonio do pinhal;Santo Antônio do Pinhal;9;acento;formatacao
SP;santo expedito;santo expedito;Santo Expedito;10;nenhuma;formatacao
SP;santos;santos;Santos;5729;nenhuma;formatacao
SP;santopolis do aguapei;santopolis do aguapei;Santópolis do Aguapeí;24;nenhuma;formatacao
SP;santópolis do aguapeí;santopolis do aguapei;Santópolis do Aguapeí;4;acento;formatacao
SP;sao benedito da cachoeirinha;sao benedito da cachoeirinha;Sao Benedito da Cachoeirinha;1;nenhuma;formatacao
SP;sao bernardo do capo;sao bernardo do capo;Sao Bernardo do Capo;1;nenhuma;formatacao
SP;sao joao do pau dalho;sao joao do pau dalho;Sao Joao do Pau Dalho;2;nenhuma;formatacao
SP;sao jose do rio pret;sao jose do rio pret;Sao Jose do Rio Pret;1;nenhuma;formatacao
SP;sao jose dos pinhais;sao jose dos pinhais;Sao Jose dos Pinhais;1;nenhuma;formatacao
SP;sao luis do paraitinga;sao luis do paraitinga;Sao Luis do Paraitinga;26;nenhuma;formatacao
SP;sao paluo;sao paluo;Sao Paluo;1;nenhuma;formatacao
SP;sao paulop;sao paulop;Sao Paulop;1;nenhuma;formatacao
SP;sao pauo;sao pauo;Sao Pauo;1;nenhuma;formatacao
SP;sao roque da fartura;sao roque da fartura;Sao Roque da Fartura;2;nenhuma;formatacao
SP;sao sebastiao da serra;sao sebastiao da serra;Sao Sebastiao da Serra;1;nenhuma;formatacao
SP;sarapui;sarapui;Sarapuí;24;nenhuma;formatacao
SP;sarapuí;sarapui;Sarapuí;10;acento;formatacao
SP;sarutaia;sarutaia;Sarutaiá;14;nenhuma;formatacao
SP;sarutaiá;sarutaia;Sarutaiá;4;acento;formatacao
SP;sa£o paulo;sa£o paulo;Sa£o Paulo;1;nenhuma;formatacao
SP;scao jose do rio pardo;scao jose do rio pardo;Scao Jose do Rio Pardo;1;nenhuma;formatacao
SP;sebastianopolis do sul;sebastianopolis do sul;Sebastianópolis do Sul;14;nenhuma;formatacao
SP;sebastianópolis do sul;sebastianopolis do sul;Sebastianópolis do Sul;1;acento;formatacao
SP;serra azul;serra azul;Serra Azul;36;nenhuma;formatacao
SP;serra negra;serra negra;Serra Negra;243;nenhuma;formatacao
SP;serrana;serrana;Serrana;200;nenhuma;formatacao
SP;sertanopolis;sertanopolis;Sertanopolis;1;nenhuma;formatacao
SP;sertaozinho;sertaozinho;Sertãozinho;697;nenhuma;formatacao
SP;sertãozinho;sertaozinho;Sertãozinho;132;acento;formatacao
SP;sete barras;sete barras;Sete Barras;46;nenhuma;formatacao
SP;severinia;severinia;Severínia;72;nenhuma;formatacao
SP;severínia;severinia;Severínia;9;acento;formatacao
SP;silveiras;silveiras;Silveiras;24;nenhuma;formatacao
SP;simoes;simoes;Simoes;1;nenhuma;formatacao
SP;socorro;socorro;Socorro;265;nenhuma;formatacao
SP;sodrelia;sodrelia;Sodrelia;1;nenhuma;formatacao
SP;sorocaba;sorocaba;Sorocaba;6026;nenhuma;formatacao
SP;sud mennucci;sud mennucci;Sud Mennucci;42;nenhuma;formatacao
SP;sumare;sumare;Sumaré;1342;nenhuma;formatacao
SP;sumaré;sumare;Sumaré;221;acento;formatacao
SP;suzano;suzano;Suzano;2497;nenhuma;formatacao
SP;suzanapolis;suzanapolis;Suzanápolis;14;nenhuma;formatacao
SP;suzanápolis;suzanapolis;Suzanápolis;3;acento;formatacao
SP;sao benedito das areias;sao benedito das areias;São Benedito das Areias;4;nenhuma;formatacao
SP;são benedito das areias;sao benedito das areias;São Benedito das Areias;3;acento;formatacao
SP;sao bento do sapucai;sao bento do sapucai;São Bento do Sapucaí;83;nenhuma;formatacao
SP;são bento do sapucaí;sao bento do sapucai;São Bento do Sapucaí;12;acento;formatacao
SP;sao bernardo do campo;sao bernardo do campo;São Bernardo do Campo;9082;nenhuma;formatacao
SP;são bernardo do campo;sao bernardo do campo;São Bernardo do Campo;1517;acento;formatacao
SP;sbcampo;sao bernardo do campo;São Bernardo do Campo;1;nenhuma;estrutural
SP;sbc/sp;sao bernardo do campo;São Bernardo do Campo;1;sufixo-uf;estrutural
SP;sbc;sao bernardo do campo;São Bernardo do Campo;1;nenhuma;estrutural
SP;sao caetano do sul;sao caetano do sul;São Caetano do Sul;2759;nenhuma;formatacao
SP;são caetano do sul;sao caetano do sul;São Caetano do Sul;476;acento;formatacao
SP;sao carlos;sao carlos;São Carlos;2171;nenhuma;formatacao
SP;são carlos;sao carlos;São Carlos;350;acento;formatacao
SP;sao francisco;sao francisco;São Francisco;11;nenhuma;formatacao
SP;são francisco;sao francisco;São Francisco;3;acento;formatacao
SP;sao francisco xavier;sao francisco xavier;São Francisco Xavier;12;nenhuma;formatacao
SP;são francisco xavier;sao francisco xavier;São Francisco Xavier;1;acento;formatacao
SP;sao francisco da praia;sao francisco da praia;São Francisco da Praia;4;nenhuma;formatacao
SP;são francisco da praia;sao francisco da praia;São Francisco da Praia;1;acento;formatacao
SP;sao joaquim da barra;sao joaquim da barra;São Joaquim da Barra;323;nenhuma;formatacao
SP;são joaquim da barra;sao joaquim da barra;São Joaquim da Barra;57;acento;formatacao
SP;sao jose da bela vista;sao jose da bela vista;São José da Bela Vista;23;nenhuma;formatacao
SP;são josé da bela vista;sao jose da bela vista;São José da Bela Vista;2;acento;formatacao
SP;são josé das laranjeiras;sao jose das laranjeiras;São José das Laranjeiras;1;acento;formatacao
SP;sao jose das laranjeiras;sao jose das laranjeiras;São José das Laranjeiras;1;nenhuma;formatacao
SP;sao jose do barreiro;sao jose do barreiro;São José do Barreiro;21;nenhuma;formatacao
SP;são josé do barreiro;sao jose do barreiro;São José do Barreiro;4;acento;formatacao
SP;sao jose do rio pardo;sao jose do rio pardo;São José do Rio Pardo;399;nenhuma;formatacao
SP;são josé do rio pardo;sao jose do rio pardo;São José do Rio Pardo;76;acento;formatacao
SP;sao jose do rio preto;sao jose do rio preto;São José do Rio Preto;3558;nenhuma;formatacao
SP;são josé do rio preto;sao jose do rio preto;São José do Rio Preto;673;acento;formatacao
SP;sao jose dos campos;sao jose dos campos;São José dos Campos;4468;nenhuma;formatacao
SP;são josé dos campos;sao jose dos campos;São José dos Campos;688;acento;formatacao
SP;sao joao da boa vista;sao joao da boa vista;São João da Boa Vista;708;nenhuma;formatacao
SP;são joão da boa vista;sao joao da boa vista;São João da Boa Vista;137;acento;formatacao
SP;sao joao das duas pontes;sao joao das duas pontes;São João das Duas Pontes;8;nenhuma;formatacao
SP;são joão das duas pontes;sao joao das duas pontes;São João das Duas Pontes;4;acento;formatacao
SP;sao joao de iracema;sao joao de iracema;São João de Iracema;19;nenhuma;formatacao
SP;são joão de iracema;sao joao de iracema;São João de Iracema;5;acento;formatacao
SP;sao joao de itaguacu;sao joao de itaguacu;São João de Itaguaçu;2;nenhuma;formatacao
SP;são joão de itaguaçu;sao joao de itaguacu;São João de Itaguaçu;1;acento;formatacao
SP;são joão do pau d%26apos%3balho;sao joao do pau d%26apos%3balho;São João do Pau D%26apos%3balho;1;acento;formatacao
SP;sao joao do pau d'alho;sao joao do pau d alho;São João do Pau D'alho;5;nenhuma;formatacao
SP;são joão do pau d'alho;sao joao do pau d alho;São João do Pau D'alho;5;acento;formatacao
SP;sao joao do pau d alho;sao joao do pau d alho;São João do Pau D'alho;3;nenhuma;formatacao
SP;sao lourenco da serra;sao lourenco da serra;São Lourenço da Serra;103;nenhuma;formatacao
SP;são lourenço da serra;sao lourenco da serra;São Lourenço da Serra;13;acento;formatacao
SP;sao luiz do paraitinga;sao luiz do paraitinga;São Luiz do Paraitinga;13;nenhuma;formatacao
SP;são luiz do paraitinga;sao luiz do paraitinga;São Luiz do Paraitinga;11;acento;formatacao
SP;sao manuel;sao manuel;São Manuel;224;nenhuma;formatacao
SP;são manuel;sao manuel;São Manuel;34;acento;formatacao
SP;sao miguel arcanjo;sao miguel arcanjo;São Miguel Arcanjo;142;nenhuma;formatacao
SP;são miguel arcanjo;sao miguel arcanjo;São Miguel Arcanjo;23;acento;formatacao
SP;sao paulo;sao paulo;São Paulo;152033;nenhuma;formatacao
SP;são paulo;sao paulo;São Paulo;24917;acento;formatacao
SP;sp;sao paulo;São Paulo;7;nenhuma;estrutural
SP;sao paulo - sp;sao paulo;São Paulo;3;sufixo-uf;estrutural
SP;sao paulo / sao paulo;sao paulo;São Paulo;1;sufixo-uf;estrutural
SP;são paulo;sao paulo;São Paulo;1;NFC|acento;formatacao
SP;sp / sp;sao paulo;São Paulo;1;sufixo-uf;estrutural
SP;sao paulo sp;sao paulo;São Paulo;1;sufixo-uf;estrutural
SP;sao  paulo;sao paulo;São Paulo;1;espacos;formatacao
SP;sao pedro;sao pedro;São Pedro;173;nenhuma;formatacao
SP;são pedro;sao pedro;São Pedro;43;acento;formatacao
SP;sao pedro do turvo;sao pedro do turvo;São Pedro do Turvo;31;nenhuma;formatacao
SP;são pedro do turvo;sao pedro do turvo;São Pedro do Turvo;8;acento;formatacao
SP;sao roque;sao roque;São Roque;632;nenhuma;formatacao
SP;são roque;sao roque;São Roque;99;acento;formatacao
SP;sao sebastiao;sao sebastiao;São Sebastião;866;nenhuma;formatacao
SP;são sebastião;sao sebastiao;São Sebastião;143;acento;formatacao
SP;sao sebastiao da grama;sao sebastiao da grama;São Sebastião da Grama;43;nenhuma;formatacao
SP;são sebastião da grama;sao sebastiao da grama;São Sebastião da Grama;10;acento;formatacao
SP;sao sebastiao da grama/sp;sao sebastiao da grama;São Sebastião da Grama;1;sufixo-uf;estrutural
SP;sao simao;sao simao;São Simão;83;nenhuma;formatacao
SP;são simão;sao simao;São Simão;9;acento;formatacao
SP;sao vicente;sao vicente;São Vicente;1763;nenhuma;formatacao
SP;são vicente;sao vicente;São Vicente;274;acento;formatacao
SP;sãopaulo;saopaulo;Sãopaulo;2;acento;formatacao
SP;tabao da serra;tabao da serra;Tabao da Serra;1;nenhuma;formatacao
SP;tabapua;tabapua;Tabapuã;84;nenhuma;formatacao
SP;tabapuã;tabapua;Tabapuã;9;acento;formatacao
SP;tabatinga;tabatinga;Tabatinga;76;nenhuma;formatacao
SP;taboao da serra;taboao da serra;Taboão da Serra;2237;nenhuma;formatacao
SP;taboão da serra;taboao da serra;Taboão da Serra;321;acento;formatacao
SP;taciba;taciba;Taciba;33;nenhuma;formatacao
SP;taguai;taguai;Taguaí;94;nenhuma;formatacao
SP;taguaí;taguai;Taguaí;15;acento;formatacao
SP;taiacu;taiacu;Taiaçu;26;nenhuma;formatacao
SP;taiaçu;taiacu;Taiaçu;4;acento;formatacao
SP;taiuva;taiuva;Taiúva;39;nenhuma;formatacao
SP;taiúva;taiuva;Taiúva;7;acento;formatacao
SP;tambau;tambau;Tambaú;112;nenhuma;formatacao
SP;tambaú;tambau;Tambaú;14;acento;formatacao
SP;tanabi;tanabi;Tanabi;129;nenhuma;formatacao
SP;tapinas;tapinas;Tapinas;7;nenhuma;formatacao
SP;tapiratiba;tapiratiba;Tapiratiba;100;nenhuma;formatacao
SP;tapirai;tapirai;Tapiraí;15;nenhuma;formatacao
SP;tapiraí;tapirai;Tapiraí;8;acento;formatacao
SP;taquaral;taquaral;Taquaral;16;nenhuma;formatacao
SP;taquaritinga;taquaritinga;Taquaritinga;364;nenhuma;formatacao
SP;taquarituba;taquarituba;Taquarituba;169;nenhuma;formatacao
SP;taquarivai;taquarivai;Taquarivaí;29;nenhuma;formatacao
SP;taquarivaí;taquarivai;Taquarivaí;3;acento;formatacao
SP;tarabai;tarabai;Tarabai;39;nenhuma;formatacao
SP;taruma;taruma;Tarumã;89;nenhuma;formatacao
SP;tarumã;taruma;Tarumã;9;acento;formatacao
SP;tatui;tatui;Tatuí;768;nenhuma;formatacao
SP;tatuí;tatui;Tatuí;119;acento;formatacao
SP;taubate;taubate;Taubaté;2574;nenhuma;formatacao
SP;taubaté;taubate;Taubaté;390;acento;formatacao
SP;tecainda;tecainda;Tecainda;3;nenhuma;formatacao
SP;tejupa;tejupa;Tejupá;14;nenhuma;formatacao
SP;tejupá;tejupa;Tejupá;2;acento;formatacao
SP;teodoro sampaio;teodoro sampaio;Teodoro Sampaio;179;nenhuma;formatacao
SP;termas de ibira;termas de ibira;Termas de Ibira;2;nenhuma;formatacao
SP;terra roxa;terra roxa;Terra Roxa;46;nenhuma;formatacao
SP;tiete;tiete;Tietê;319;nenhuma;formatacao
SP;tietê;tiete;Tietê;56;acento;formatacao
SP;timburi;timburi;Timburi;31;nenhuma;formatacao
SP;tocantins;tocantins;Tocantins;1;nenhuma;formatacao
SP;torre de pedra;torre de pedra;Torre de Pedra;8;nenhuma;formatacao
SP;torrinha;torrinha;Torrinha;77;nenhuma;formatacao
SP;trabiju;trabiju;Trabiju;8;nenhuma;formatacao
SP;tremembe;tremembe;Tremembé;307;nenhuma;formatacao
SP;tremembé;tremembe;Tremembé;47;acento;formatacao
SP;tres aliancas;tres aliancas;Tres Aliancas;1;nenhuma;formatacao
SP;tres fronteiras;tres fronteiras;Três Fronteiras;38;nenhuma;formatacao
SP;três fronteiras;tres fronteiras;Três Fronteiras;9;acento;formatacao
SP;tuiuti;tuiuti;Tuiuti;19;nenhuma;formatacao
SP;tupi paulista;tupi paulista;Tupi Paulista;118;nenhuma;formatacao
SP;tupa;tupa;Tupã;561;nenhuma;formatacao
SP;tupã;tupa;Tupã;81;acento;formatacao
SP;turiuba;turiuba;Turiúba;10;nenhuma;formatacao
SP;turiúba;turiuba;Turiúba;2;acento;formatacao
SP;turmalina;turmalina;Turmalina;10;nenhuma;formatacao
SP;ubarana;ubarana;Ubarana;32;nenhuma;formatacao
SP;ubatuba;ubatuba;Ubatuba;956;nenhuma;formatacao
SP;ubirajara;ubirajara;Ubirajara;23;nenhuma;formatacao
SP;uchoa;uchoa;Uchoa;58;nenhuma;formatacao
SP;uniao paulista;uniao paulista;União Paulista;10;nenhuma;formatacao
SP;união paulista;uniao paulista;União Paulista;2;acento;formatacao
SP;uru;uru;Uru;14;nenhuma;formatacao
SP;urupes;urupes;Urupês;85;nenhuma;formatacao
SP;urupês;urupes;Urupês;12;acento;formatacao
SP;urania;urania;Urânia;49;nenhuma;formatacao
SP;urânia;urania;Urânia;8;acento;formatacao
SP;valentim gentil;valentim gentil;Valentim Gentil;70;nenhuma;formatacao
SP;valinhos;valinhos;Valinhos;911;nenhuma;formatacao
SP;valparaiso;valparaiso;Valparaíso;142;nenhuma;formatacao
SP;valparaíso;valparaiso;Valparaíso;21;acento;formatacao
SP;vargem;vargem;Vargem;35;nenhuma;formatacao
SP;vargem grande paulista;vargem grande paulista;Vargem Grande Paulista;477;nenhuma;formatacao
SP;vargem grande do sul;vargem grande do sul;Vargem Grande do Sul;255;nenhuma;formatacao
SP;venda branca;venda branca;Venda Branca;3;nenhuma;formatacao
SP;vera cruz;vera cruz;Vera Cruz;73;nenhuma;formatacao
SP;vicente de carvalho;vicente de carvalho;Vicente de Carvalho;1;nenhuma;formatacao
SP;vila velha;vila velha;Vila Velha;1;nenhuma;formatacao
SP;vinhedo;vinhedo;Vinhedo;526;nenhuma;formatacao
SP;viradouro;viradouro;Viradouro;150;nenhuma;formatacao
SP;vista alegre do alto;vista alegre do alto;Vista Alegre do Alto;53;nenhuma;formatacao
SP;vitoria brasil;vitoria brasil;Vitória Brasil;5;nenhuma;formatacao
SP;vitória brasil;vitoria brasil;Vitória Brasil;2;acento;formatacao
SP;volta redonda;volta redonda;Volta Redonda;1;nenhuma;formatacao
SP;votorantim;votorantim;Votorantim;883;nenhuma;formatacao
SP;votuporanga;votuporanga;Votuporanga;739;nenhuma;formatacao
SP;varzea paulista;varzea paulista;Várzea Paulista;330;nenhuma;formatacao
SP;várzea paulista;varzea paulista;Várzea Paulista;43;acento;formatacao
SP;zacarias;zacarias;Zacarias;16;nenhuma;formatacao
SP;aguas da prata;aguas da prata;Águas da Prata;62;nenhuma;formatacao
SP;águas da prata;aguas da prata;Águas da Prata;7;acento;formatacao
SP;aguas de lindoia;aguas de lindoia;Águas de Lindóia;191;nenhuma;formatacao
SP;águas de lindóia;aguas de lindoia;Águas de Lindóia;34;acento;formatacao
SP;aguas de santa barbara;aguas de santa barbara;Águas de Santa Bárbara;60;nenhuma;formatacao
SP;águas de santa bárbara;aguas de santa barbara;Águas de Santa Bárbara;10;acento;formatacao
SP;aguas de sao pedro;aguas de sao pedro;Águas de São Pedro;20;nenhuma;formatacao
SP;águas de são pedro;aguas de sao pedro;Águas de São Pedro;7;acento;formatacao
SP;alvares florence;alvares florence;Álvares Florence;11;nenhuma;formatacao
SP;álvares florence;alvares florence;Álvares Florence;3;acento;formatacao
SP;alvares machado;alvares machado;Álvares Machado;99;nenhuma;formatacao
SP;álvares machado;alvares machado;Álvares Machado;26;acento;formatacao
SP;alvaro de carvalho;alvaro de carvalho;Álvaro de Carvalho;12;nenhuma;formatacao
SP;álvaro de carvalho;alvaro de carvalho;Álvaro de Carvalho;2;acento;formatacao
SP;oleo;oleo;Óleo;17;nenhuma;formatacao
SP;óleo;oleo;Óleo;4;acento;formatacao
TO;abreulândia;abreulandia;Abreulândia;1;acento;formatacao
TO;aguiarnopolis;aguiarnopolis;Aguiarnópolis;12;nenhuma;formatacao
TO;aguiarnópolis;aguiarnopolis;Aguiarnópolis;1;acento;formatacao
TO;alianca do tocantins;alianca do tocantins;Aliança do Tocantins;11;nenhuma;formatacao
TO;aliança do tocantins;alianca do tocantins;Aliança do Tocantins;1;acento;formatacao
TO;almas;almas;Almas;15;nenhuma;formatacao
TO;alvorada;alvorada;Alvorada;31;nenhuma;formatacao
TO;ananas;ananas;Ananás;19;nenhuma;formatacao
TO;ananás;ananas;Ananás;5;acento;formatacao
TO;angico;angico;Angico;3;nenhuma;formatacao
TO;aparecida do rio negro;aparecida do rio negro;Aparecida do Rio Negro;3;nenhuma;formatacao
TO;aragominas;aragominas;Aragominas;4;nenhuma;formatacao
TO;araguacema;araguacema;Araguacema;11;nenhuma;formatacao
TO;araguana;araguana;Araguanã;5;nenhuma;formatacao
TO;araguanã;araguana;Araguanã;2;acento;formatacao
TO;araguatins;araguatins;Araguatins;57;nenhuma;formatacao
TO;araguacu;araguacu;Araguaçu;18;nenhuma;formatacao
TO;araguaçu;araguacu;Araguaçu;1;acento;formatacao
TO;araguaina;araguaina;Araguaína;446;nenhuma;formatacao
TO;araguaína;araguaina;Araguaína;54;acento;formatacao
TO;arapoema;arapoema;Arapoema;32;nenhuma;formatacao
TO;arraias;arraias;Arraias;18;nenhuma;formatacao
TO;augustinopolis;augustinopolis;Augustinópolis;48;nenhuma;formatacao
TO;augustinópolis;augustinopolis;Augustinópolis;8;acento;formatacao
TO;aurora do tocantins;aurora do tocantins;Aurora do Tocantins;4;nenhuma;formatacao
TO;axixa do tocantins;axixa do tocantins;Axixá do Tocantins;5;nenhuma;formatacao
TO;axixá do tocantins;axixa do tocantins;Axixá do Tocantins;2;acento;formatacao
TO;babaculandia;babaculandia;Babaculandia;3;nenhuma;formatacao
TO;bandeirantes do tocantins;bandeirantes do tocantins;Bandeirantes do Tocantins;5;nenhuma;formatacao
TO;barrolandia;barrolandia;Barrolândia;8;nenhuma;formatacao
TO;barrolândia;barrolandia;Barrolândia;2;acento;formatacao
TO;bernardo sayao;bernardo sayao;Bernardo Sayão;6;nenhuma;formatacao
TO;bernardo sayão;bernardo sayao;Bernardo Sayão;2;acento;formatacao
TO;bom jesus do tocantins;bom jesus do tocantins;Bom Jesus do Tocantins;3;nenhuma;formatacao
TO;brasilândia do tocantins;brasilandia do tocantins;Brasilândia do Tocantins;3;acento;formatacao
TO;brasilandia do tocantins;brasilandia do tocantins;Brasilândia do Tocantins;2;nenhuma;formatacao
TO;brejinho de nazare;brejinho de nazare;Brejinho de Nazaré;12;nenhuma;formatacao
TO;brejinho de nazaré;brejinho de nazare;Brejinho de Nazaré;1;acento;formatacao
TO;buriti do tocantins;buriti do tocantins;Buriti do Tocantins;15;nenhuma;formatacao
TO;cachoeirinha;cachoeirinha;Cachoeirinha;2;nenhuma;formatacao
TO;campos lindos;campos lindos;Campos Lindos;15;nenhuma;formatacao
TO;cariri do tocantins;cariri do tocantins;Cariri do Tocantins;6;nenhuma;formatacao
TO;carmolandia;carmolandia;Carmolandia;4;nenhuma;formatacao
TO;caseara;caseara;Caseara;6;nenhuma;formatacao
TO;centenario;centenario;Centenario;4;nenhuma;formatacao
TO;chapada da natividade;chapada da natividade;Chapada da Natividade;2;nenhuma;formatacao
TO;colinas do tocantins;colinas do tocantins;Colinas do Tocantins;92;nenhuma;formatacao
TO;colmeia;colmeia;Colméia;23;nenhuma;formatacao
TO;colméia;colmeia;Colméia;3;acento;formatacao
TO;combinado;combinado;Combinado;20;nenhuma;formatacao
TO;conceicao do tocantins;conceicao do tocantins;Conceição do Tocantins;10;nenhuma;formatacao
TO;conceição do tocantins;conceicao do tocantins;Conceição do Tocantins;2;acento;formatacao
TO;couto de magalhaes;couto de magalhaes;Couto de Magalhães;11;nenhuma;formatacao
TO;couto de magalhães;couto de magalhaes;Couto de Magalhães;2;acento;formatacao
TO;cristalandia;cristalandia;Cristalandia;14;nenhuma;formatacao
TO;crixas do tocantins;crixas do tocantins;Crixas do Tocantins;1;nenhuma;formatacao
TO;darcinopolis;darcinopolis;Darcinopolis;10;nenhuma;formatacao
TO;dianopolis;dianopolis;Dianópolis;55;nenhuma;formatacao
TO;dianópolis;dianopolis;Dianópolis;9;acento;formatacao
TO;divinopolis do tocantins;divinopolis do tocantins;Divinópolis do Tocantins;7;nenhuma;formatacao
TO;divinópolis do tocantins;divinopolis do tocantins;Divinópolis do Tocantins;5;acento;formatacao
TO;dois irmaos do tocantins;dois irmaos do tocantins;Dois Irmaos do Tocantins;10;nenhuma;formatacao
TO;duere;duere;Duere;4;nenhuma;formatacao
TO;esperantina;esperantina;Esperantina;14;nenhuma;formatacao
TO;figueiropolis;figueiropolis;Figueiropolis;17;nenhuma;formatacao
TO;filadelfia;filadelfia;Filadelfia;4;nenhuma;formatacao
TO;formoso do araguaia;formoso do araguaia;Formoso do Araguaia;51;nenhuma;formatacao
TO;fortaleza do tabocao;fortaleza do tabocao;Fortaleza do Tabocão;3;nenhuma;formatacao
TO;fortaleza do tabocão;fortaleza do tabocao;Fortaleza do Tabocão;2;acento;formatacao
TO;fatima;fatima;Fátima;11;nenhuma;formatacao
TO;fátima;fatima;Fátima;1;acento;formatacao
TO;goianorte;goianorte;Goianorte;6;nenhuma;formatacao
TO;goiatins;goiatins;Goiatins;10;nenhuma;formatacao
TO;guarai;guarai;Guaraí;65;nenhuma;formatacao
TO;guaraí;guarai;Guaraí;10;acento;formatacao
TO;gurupi;gurupi;Gurupi;296;nenhuma;formatacao
TO;itacaja;itacaja;Itacajá;15;nenhuma;formatacao
TO;itacajá;itacaja;Itacajá;3;acento;formatacao
TO;itaguatins;itaguatins;Itaguatins;6;nenhuma;formatacao
TO;itapiratins;itapiratins;Itapiratins;4;nenhuma;formatacao
TO;itaporã do tocantins;itapora do tocantins;Itaporã do Tocantins;1;acento;formatacao
TO;itapora do tocantins;itapora do tocantins;Itaporã do Tocantins;1;nenhuma;formatacao
TO;jau do tocantins;jau do tocantins;Jaú do Tocantins;11;nenhuma;formatacao
TO;jaú do tocantins;jau do tocantins;Jaú do Tocantins;1;acento;formatacao
TO;juarina;juarina;Juarina;1;nenhuma;formatacao
TO;lagoa da confusao;lagoa da confusao;Lagoa da Confusão;37;nenhuma;formatacao
TO;lagoa da confusão;lagoa da confusao;Lagoa da Confusão;4;acento;formatacao
TO;lagoa do tocantins;lagoa do tocantins;Lagoa do Tocantins;2;nenhuma;formatacao
TO;lajeado;lajeado;Lajeado;4;nenhuma;formatacao
TO;lizarda;lizarda;Lizarda;2;nenhuma;formatacao
TO;luzinopolis;luzinopolis;Luzinópolis;3;nenhuma;formatacao
TO;luzinópolis;luzinopolis;Luzinópolis;1;acento;formatacao
TO;marianopolis do tocantins;marianopolis do tocantins;Marianópolis do Tocantins;5;nenhuma;formatacao
TO;marianópolis do tocantins;marianopolis do tocantins;Marianópolis do Tocantins;3;acento;formatacao
TO;mateiros;mateiros;Mateiros;3;nenhuma;formatacao
TO;maurilandia do tocantins;maurilandia do tocantins;Maurilândia do Tocantins;4;nenhuma;formatacao
TO;maurilândia do tocantins;maurilandia do tocantins;Maurilândia do Tocantins;1;acento;formatacao
TO;miracema do tocantins;miracema do tocantins;Miracema do Tocantins;47;nenhuma;formatacao
TO;miranorte;miranorte;Miranorte;24;nenhuma;formatacao
TO;monte santo do tocantins;monte santo do tocantins;Monte Santo do Tocantins;2;nenhuma;formatacao
TO;monte do carmo;monte do carmo;Monte do Carmo;1;nenhuma;formatacao
TO;muricilandia;muricilandia;Muricilandia;1;nenhuma;formatacao
TO;natividade;natividade;Natividade;12;nenhuma;formatacao
TO;nazare;nazare;Nazaré;9;nenhuma;formatacao
TO;nazaré;nazare;Nazaré;2;acento;formatacao
TO;nova olinda;nova olinda;Nova Olinda;19;nenhuma;formatacao
TO;nova rosalândia;nova rosalandia;Nova Rosalândia;2;acento;formatacao
TO;nova rosalandia;nova rosalandia;Nova Rosalândia;2;nenhuma;formatacao
TO;novo acordo;novo acordo;Novo Acordo;4;nenhuma;formatacao
TO;novo alegre;novo alegre;Novo Alegre;9;nenhuma;formatacao
TO;novo jardim;novo jardim;Novo Jardim;7;nenhuma;formatacao
TO;oliveira de fatima;oliveira de fatima;Oliveira de Fatima;1;nenhuma;formatacao
TO;palmas;palmas;Palmas;1220;nenhuma;formatacao
TO;palmeiras do tocantins;palmeiras do tocantins;Palmeiras do Tocantins;7;nenhuma;formatacao
TO;palmeiropolis;palmeiropolis;Palmeirópolis;19;nenhuma;formatacao
TO;palmeirópolis;palmeiropolis;Palmeirópolis;4;acento;formatacao
TO;parana;parana;Paranã;15;nenhuma;formatacao
TO;paranã;parana;Paranã;1;acento;formatacao
TO;paraiso do tocantins;paraiso do tocantins;Paraíso do Tocantins;128;nenhuma;formatacao
TO;paraíso do tocantins;paraiso do tocantins;Paraíso do Tocantins;17;acento;formatacao
TO;pau d'arco;pau d arco;Pau D'arco;4;nenhuma;formatacao
TO;pedro afonso;pedro afonso;Pedro Afonso;23;nenhuma;formatacao
TO;peixe;peixe;Peixe;12;nenhuma;formatacao
TO;pequizeiro;pequizeiro;Pequizeiro;10;nenhuma;formatacao
TO;pindorama do tocantins;pindorama do tocantins;Pindorama do Tocantins;9;nenhuma;formatacao
TO;pium;pium;Pium;11;nenhuma;formatacao
TO;ponte alta do bom jesus;ponte alta do bom jesus;Ponte Alta do Bom Jesus;5;nenhuma;formatacao
TO;ponte alta do tocantins;ponte alta do tocantins;Ponte Alta do Tocantins;12;nenhuma;formatacao
TO;porto alegre do tocantins;porto alegre do tocantins;Porto Alegre do Tocantins;7;nenhuma;formatacao
TO;porto nacional;porto nacional;Porto Nacional;137;nenhuma;formatacao
TO;praia norte;praia norte;Praia Norte;7;nenhuma;formatacao
TO;presidente kennedy;presidente kennedy;Presidente Kennedy;2;nenhuma;formatacao
TO;pugmil;pugmil;Pugmil;2;nenhuma;formatacao
TO;recursolandia;recursolandia;Recursolandia;4;nenhuma;formatacao
TO;rio sono;rio sono;Rio Sono;4;nenhuma;formatacao
TO;rio da conceição;rio da conceicao;Rio da Conceição;1;acento;formatacao
TO;rio da conceicao;rio da conceicao;Rio da Conceição;1;nenhuma;formatacao
TO;rio dos bois;rio dos bois;Rio dos Bois;4;nenhuma;formatacao
TO;sampaio;sampaio;Sampaio;5;nenhuma;formatacao
TO;sandolandia;sandolandia;Sandolândia;7;nenhuma;formatacao
TO;sandolândia;sandolandia;Sandolândia;1;acento;formatacao
TO;santa fe do araguaia;santa fe do araguaia;Santa Fé do Araguaia;7;nenhuma;formatacao
TO;santa fé do araguaia;santa fe do araguaia;Santa Fé do Araguaia;2;acento;formatacao
TO;santa maria do tocantins;santa maria do tocantins;Santa Maria do Tocantins;3;nenhuma;formatacao
TO;santa rosa do tocantins;santa rosa do tocantins;Santa Rosa do Tocantins;4;nenhuma;formatacao
TO;santa tereza do tocantins;santa tereza do tocantins;Santa Tereza do Tocantins;1;nenhuma;formatacao
TO;santa terezinha do tocantins;santa terezinha do tocantins;Santa Terezinha do Tocantins;7;nenhuma;formatacao
TO;sao sebastiao do tocantins;sao sebastiao do tocantins;Sao Sebastiao do Tocantins;4;nenhuma;formatacao
TO;silvanopolis;silvanopolis;Silvanópolis;8;nenhuma;formatacao
TO;silvanópolis;silvanopolis;Silvanópolis;2;acento;formatacao
TO;sitio novo do tocantins;sitio novo do tocantins;Sitio Novo do Tocantins;9;nenhuma;formatacao
TO;sucupira;sucupira;Sucupira;8;nenhuma;formatacao
TO;sao bento do tocantins;sao bento do tocantins;São Bento do Tocantins;3;nenhuma;formatacao
TO;são bento do tocantins;sao bento do tocantins;São Bento do Tocantins;1;acento;formatacao
TO;sao miguel do tocantins;sao miguel do tocantins;São Miguel do Tocantins;6;nenhuma;formatacao
TO;são miguel do tocantins;sao miguel do tocantins;São Miguel do Tocantins;2;acento;formatacao
TO;sao salvador do tocantins;sao salvador do tocantins;São Salvador do Tocantins;2;nenhuma;formatacao
TO;são salvador do tocantins;sao salvador do tocantins;São Salvador do Tocantins;1;acento;formatacao
TO;sao valerio da natividade;sao valerio da natividade;São Valério da Natividade;6;nenhuma;formatacao
TO;são valério da natividade;sao valerio da natividade;São Valério da Natividade;1;acento;formatacao
TO;taguatinga;taguatinga;Taguatinga;26;nenhuma;formatacao
TO;taipas do tocantins;taipas do tocantins;Taipas do Tocantins;2;nenhuma;formatacao
TO;talisma;talisma;Talismã;3;nenhuma;formatacao
TO;talismã;talisma;Talismã;2;acento;formatacao
TO;tocantinopolis;tocantinopolis;Tocantinópolis;80;nenhuma;formatacao
TO;tocantinópolis;tocantinopolis;Tocantinópolis;7;acento;formatacao
TO;tocantínia;tocantinia;Tocantínia;1;acento;formatacao
TO;tocantinia;tocantinia;Tocantínia;1;nenhuma;formatacao
TO;tupirama;tupirama;Tupirama;3;nenhuma;formatacao
TO;wanderlandia;wanderlandia;Wanderlândia;6;nenhuma;formatacao
TO;wanderlândia;wanderlandia;Wanderlândia;2;acento;formatacao
TO;xambioa;xambioa;Xambioá;22;nenhuma;formatacao
TO;xambioá;xambioa;Xambioá;5;acento;formatacao
