order_id;motivo_quarentena;order_status;ativo;filial;filial_cidade;filial_uf_cep;seller_id;origem_registo;customer_id;cliente_cidade;cliente_uf;cliente_uf_cep;cliente_cep_prefixo;dt_compra;dt_aprovacao;dt_coleta;dt_entrega;dt_prazo;dt_limite_expedicao;n_itens;product_id;peso_g;peso_g_original;valor_mercadoria;valor_frete;valor_pago;canal_pagamento;lead_dias;dias_vs_prazo;atraso_mensuravel;atrasado;vencido_sem_registo;atraso_honesto;qa_canal_indefinido;qa_cauda_incompleta;qa_cep_sem_geo;qa_cidade_regrafada;qa_entrega_antes_coleta;qa_frete_desproporcional;qa_frete_zero;qa_lag_despacho_negativo;qa_lead_implausivel;qa_pagamento_divergente;qa_pagamento_invalido;qa_peso_implausivel;qa_peso_invalido;qa_quase_duplicado;qa_sem_dt_aprovacao;qa_sem_dt_coleta;qa_sem_dt_entrega;qa_sem_item;qa_sem_peso;qa_uf_cliente_incoerente;qa_uf_filial_incoerente;qa_flags_total;qa_quarentena
dcb36b511fcac050b97cd5c05de84dc3;lag_despacho_negativo;delivered;True;DF;Brasília;DF;89a51f50b8095ea78d5768f34c13a76f;1-10 pedidos;3b6828a50ffe546942b7a473d70ac0fc;Goiânia;GO;GO;74820;2018-06-07 19:03:12;2018-06-12 23:31:02;2018-06-11 14:54:00;2018-06-21 15:34:32;2018-07-04 00:00:00;2018-06-18 18:59:02;1.0;009c09f439988bc06a93d6b8186dce73;150.0;150.0;132.4;14.05;146.45;credit_card;13.855;-12.351;True;False;False;False;False;False;False;False;False;False;False;True;False;False;False;False;False;False;False;False;False;False;False;False;False;1;True
688052146432ef8253587b930b01a06d;lag_despacho_negativo;delivered;True;MG;Ilicínea;MG;a1043bafd471dff536d0c462352beb48;101-1000;81e08b08e5ed4472008030d70327c71f;Juíz de Fora;MG;MG;36045;2018-04-22 08:48:13;2018-04-24 18:25:22;2018-04-23 19:19:14;2018-04-24 19:31:58;2018-05-15 00:00:00;2018-04-26 09:31:11;2.0;d1c427060a0f73f6b889a5c7c61f2ac4;6550.0;6550.0;318.0;28.09;346.09;credit_card;2.447;-20.186;True;False;False;False;False;False;False;False;False;False;False;True;False;False;False;False;False;False;False;False;False;False;False;False;False;1;True
58d4c4747ee059eeeb865b349b41f53a;lag_despacho_negativo;delivered;True;SP;Atibaia;SP;16090f2ca825584b5a147ab24aa30c86;101-1000;1755fad7863475346bc6c3773fe055d3;Santa Bárbara D'oeste;SP;SP;13454;2018-07-21 12:49:32;2018-07-26 23:31:53;2018-07-24 12:57:00;2018-07-25 23:58:19;2018-07-31 00:00:00;2018-07-26 03:45:26;1.0;1613b819ab5dae53aead2dbb4ebdb378;50.0;50.0;27.9;7.46;35.36;boleto;4.464;-5.001;True;False;False;False;False;False;False;False;False;False;False;True;False;False;False;False;False;False;False;False;False;False;False;False;False;1;True
412fccb2b44a99b36714bca3fef8ad7b;lag_despacho_negativo;delivered;True;SP;Guarulhos;SP;7681ef142fd2c19048da7430856b5588;11-100;c6865c523687cb3f235aa599afef1710;Mairiporã;SP;SP;7600;2018-07-22 22:30:05;2018-07-23 12:31:53;2018-07-23 12:24:00;2018-07-24 19:26:42;2018-07-31 00:00:00;2018-07-25 11:03:54;1.0;d04bbac48960ecb7ea311b00ca6e1cb7;11325.0;11325.0;102.0;38.88;140.88;credit_card;1.873;-6.19;True;False;False;False;False;False;False;False;False;False;False;True;False;False;False;False;False;False;False;False;False;False;False;False;False;1;True
56a4ac10a4a8f2ba7693523bb439eede;lag_despacho_negativo;delivered;True;SP;São Paulo;SP;8b321bb669392f5163d04c59e235e066;101-1000;78438ba6ace7d2cb023dbbc81b083562;Ubatuba;SP;SP;11680;2018-07-22 13:04:47;2018-07-27 23:31:09;2018-07-24 14:03:00;2018-07-28 00:05:39;2018-08-06 00:00:00;2018-07-26 04:10:15;1.0;ab1f9387c0627dd24000bfbc54fdeee0;175.0;175.0;19.9;12.8;32.7;boleto;5.459;-8.996;True;False;False;False;False;False;False;False;False;False;False;True;False;False;False;False;False;False;False;False;False;False;False;False;False;1;True
32e4fa9bb468884309b58b9348de70c3;lag_despacho_negativo;delivered;True;SP;Birigüi;SP;709e16e2b25c7474d980076c6bfc4806;11-100;e54367d4b00c5cb76d2dfe71b9bdb89c;São Paulo;SP;SP;2078;2018-07-04 16:49:21;2018-07-05 16:33:06;2018-07-05 14:50:00;2018-07-07 14:41:18;2018-07-23 00:00:00;2018-07-06 17:31:30;2.0;6d0d7c2d9a4b8b79dbc12c47c74349dd;300.0;300.0;118.0;26.14;144.14;credit_card;2.911;-15.388;True;False;False;False;False;False;False;False;False;False;False;True;False;False;False;False;False;True;False;False;False;False;False;False;False;2;True
4df92d82d79c3b52c7138679fa9b07fc;lag_despacho_negativo;delivered;True;SP;São Paulo;SP;1025f0e2d44d7041d6cf58b6550e0bfa;101-1000;ba0660bf3fffe505ee892e153a2fbd49;São Paulo;SP;SP;4753;2018-07-24 11:32:11;2018-07-29 23:30:52;2018-07-26 14:46:00;2018-07-27 18:55:57;2018-08-06 00:00:00;2018-07-31 12:55:27;1.0;de533fe5b9448ea9792195806938dbf5;1650.0;1650.0;196.8;12.4;209.2;credit_card;3.308;-9.211;True;False;False;False;False;False;False;False;False;False;False;True;False;False;False;False;False;False;False;False;False;False;False;False;False;1;True
16e38caa92e342c7780f68832f832d4d;lag_despacho_negativo;delivered;True;RS;Carazinho;RS;b1a81260566c1bac3114a6d124413f27;11-100;d29935fdaf4a76f34653da3def4f2a24;Confresa;MT;MT;78652;2018-05-07 01:09:09;2018-05-07 16:52:39;2018-05-07 15:09:00;2018-05-24 00:31:18;2018-06-07 00:00:00;2018-05-11 16:52:39;1.0;4a1ccd2d546bbea7809a0cf98863eb50;900.0;900.0;189.9;53.46;243.36;credit_card;16.974;-13.978;True;False;False;False;False;False;False;False;False;False;False;True;False;False;False;False;False;False;False;False;False;False;False;False;False;1;True
b9afddbdcfadc9a87b41a83271c3e888;lag_despacho_negativo;delivered;True;SP;Ibitinga;SP;640e21a7d01df7614a3b4923e990d40c;101-1000;85c6af75161b8b2b1af98e82b5a6a5a5;Niterói;RJ;RJ;24070;2018-08-16 13:50:48;2018-08-16 14:05:13;2018-08-16 13:27:00;2018-08-24 14:58:37;2018-09-04 00:00:00;2018-08-20 14:05:13;1.0;703d742887bb9267f89b675608ba7aa0;950.0;950.0;56.1;19.58;75.68;credit_card;8.047;-10.376;True;False;False;False;False;False;False;False;False;False;False;True;False;False;False;False;False;False;False;False;False;False;False;False;False;1;True
6051e6d3da9a50b7325cbe9c81025062;lag_despacho_negativo;delivered;True;SP;Carapicuíba;SP;4c498c7345e89aebad651544829beca0;11-100;c25122206bfcb3ffa950706e1cb10f2b;Indaiatuba;SP;SP;13348;2018-07-03 23:40:16;2018-07-05 16:31:26;2018-07-04 12:14:00;2018-07-05 22:52:28;2018-07-19 00:00:00;2018-07-10 00:30:39;1.0;4c77d14c542fcd857dddc3df2e82329c;267.0;267.0;249.49;9.01;258.5;credit_card;1.967;-13.047;True;False;False;False;False;False;False;False;False;False;False;True;False;False;False;False;False;False;False;False;False;False;False;False;False;1;True
7ebe19943d85e81a7b0eb108681276b7;lag_despacho_negativo;delivered;True;SP;Ibitinga;SP;391fc6631aebcf3004804e51b40bcf1e;101-1000;fa3a8736d5ae8f7df9b0a4154d0b14dc;Brasília;DF;;71551;2018-07-22 10:28:14;2018-07-23 11:31:43;2018-07-23 10:09:00;2018-07-26 16:42:42;2018-08-15 00:00:00;2018-08-01 09:03:37;2.0;9d32095f76b97762307e86cfc18dd7a0;400.0;400.0;169.85000000000002;42.09;211.94;credit_card;4.26;-19.304;True;False;False;False;False;False;True;False;False;False;False;True;False;False;False;False;False;False;False;False;False;False;False;False;False;2;True
95fa26b6ea476ed040e592e0a825d6f0;lag_despacho_negativo;delivered;True;RJ;Teresópolis;RJ;edb1ef5e36e0c8cd84eb3c9b003e486d;101-1000;9aad6db5643769b3d802a87328ec31e2;Cabo Frio;RJ;RJ;28909;2018-06-06 13:48:42;2018-06-06 14:13:02;2018-06-06 14:02:00;2018-06-11 16:55:40;2018-07-12 00:00:00;2018-06-14 14:13:02;1.0;da8b72e46537fe5af3ade4bc6120f05c;100.0;100.0;149.65;14.04;163.69;credit_card;5.13;-30.295;True;False;False;False;False;False;False;False;False;False;False;True;False;False;False;False;False;False;False;False;False;False;False;False;False;1;True
c6512da3ccb5263223de71b8888d4db1;lag_despacho_negativo;delivered;True;SP;São Paulo;SP;725c32fa80c2faacc4fc88450d27314e;11-100;d6e565ef81b0c1256bf8276040252672;São Paulo;SP;SP;5185;2018-07-04 11:38:50;2018-07-05 16:40:14;2018-07-04 14:29:00;2018-07-06 17:18:32;2018-07-17 00:00:00;2018-07-06 12:31:08;1.0;209d347513cb03998c962964dc046f93;1200.0;1200.0;199.0;12.41;211.41;credit_card;2.236;-10.279;True;False;False;False;False;False;False;False;False;False;False;True;False;False;False;False;False;False;False;False;False;False;False;False;False;1;True
cee9f1845c95efd83885a0b2f7a22b83;lag_despacho_negativo;delivered;True;SP;Piracicaba;SP;da8622b14eb17ae2831f4ac5b9dab84a;>1000;4d47b7a61cf3d32d4ec12b531a57539b;Curitiba;PR;PR;82560;2018-07-29 12:47:00;2018-08-01 16:31:40;2018-07-31 15:00:00;2018-08-03 18:20:55;2018-08-10 00:00:00;2018-08-02 16:15:23;1.0;fad534edb8f35664713c4b766fa473d4;400.0;400.0;44.9;19.5;64.4;credit_card;5.232;-6.235;True;False;False;False;False;False;False;False;False;False;False;True;False;False;False;False;False;False;False;False;False;False;False;False;False;1;True
ad133696906f6a78826daa0911b7daec;lag_despacho_negativo;delivered;True;SP;Presidente Prudente;SP;5b85809efd0d0e4dea1a9544e1280ed9;11-100;e6f5b234bb0d847f10eebd70130c5d49;Criciúma;SC;SC;88801;2018-06-15 15:41:22;2018-06-15 16:19:23;2018-06-15 14:52:00;2018-06-22 18:09:37;2018-07-18 00:00:00;2018-06-21 16:19:23;1.0;bff381f7e26b290f53b9f5669eb7dfd5;650.0;650.0;199.9;19.5;219.4;credit_card;7.103;-25.243;True;False;False;False;False;False;False;False;False;False;False;True;False;False;False;False;False;False;False;False;False;False;False;False;False;1;True
00b1cb0320190ca0daa2c88b35206009;pagamento_invalido|canal_indefinido;canceled;False;SEM_FILIAL;;;;SEM_VENDEDOR;3532ba38a3fd242259a514ac2b6ae6b6;São Paulo;SP;SP;1151;2018-08-28 15:26:39;;;;2018-09-12 00:00:00;;;;;;;;0.0;not_defined;;;False;;False;;True;True;False;False;False;False;False;False;False;False;True;False;False;False;True;True;True;True;True;False;False;8;True
0fe8aad910ff05e73b0ddb0a89e61b21;lag_despacho_negativo;delivered;True;SP;São Paulo;SP;768a86e36ad6aae3d03ee3c6433d61df;11-100;100a8d4dd80b65dc63ffb17fdd39ba28;Londrina;PR;PR;86050;2018-07-01 20:11:26;2018-07-05 16:02:47;2018-07-03 10:21:00;2018-07-06 18:41:54;2018-07-26 00:00:00;2018-07-09 05:31:28;1.0;0496f30fa502d5454825087842d7a497;250.0;250.0;39.0;18.37;57.37;boleto;4.938;-19.221;True;False;False;False;False;False;False;False;False;False;False;True;False;False;False;False;False;False;False;False;False;False;False;False;False;1;True
59dba471cbd7e791c3bb0d83aa705c49;lag_despacho_negativo;delivered;True;SP;Salto;SP;f8db351d8c4c4c22c6835c19a46f01b0;101-1000;c6de1ceaec9afb41c51b618211d9f118;São Bernardo do Campo;SP;SP;9781;2018-07-04 17:15:18;2018-07-05 16:33:22;2018-07-05 12:46:00;2018-07-07 12:52:32;2018-07-17 00:00:00;2018-07-06 17:31:43;1.0;6adab229374835b551f6402e0dc53267;1250.0;1250.0;49.9;12.08;61.98;credit_card;2.818;-9.464;True;False;False;False;False;False;False;False;False;False;False;True;False;False;False;False;False;False;False;False;False;False;False;False;False;1;True
74e033208dc13a7b8127eb8e73d09b76;lag_despacho_negativo;delivered;True;SP;São Paulo;SP;2b03ac196f5ed62ac483960fe0fa3b65;1-10 pedidos;72fcbb1145f2889eddcba6d6c1d6c090;Campo Largo;PR;PR;83602;2018-05-02 10:48:44;2018-05-02 11:13:45;2018-05-02 09:49:00;2018-05-07 23:06:36;2018-05-29 00:00:00;2018-05-08 11:13:45;1.0;253ef56cd52d920f8066748da224c5eb;450.0;450.0;85.0;15.47;100.47;credit_card;5.512;-21.037;True;False;False;False;False;False;False;False;False;False;False;True;False;False;False;False;False;False;False;False;False;False;False;False;False;1;True
dda3e0dbde3a2cd09432650b3634582d;lag_despacho_negativo;delivered;True;SP;Campo Limpo Paulista;SP;3d871de0142ce09b7081e2b9d1733cb1;>1000;ed7abe2bf6dacb66b55c2bebf0d2adaf;São Paulo;SP;SP;5796;2018-04-22 20:13:58;2018-04-24 18:37:08;2018-04-24 16:22:39;2018-05-09 19:58:31;2018-05-16 00:00:00;2018-04-26 20:31:37;1.0;177d3d5bb9d4d29222a222e3b3554f41;7550.0;7550.0;109.0;13.81;122.81;credit_card;16.989;-6.168;True;False;False;False;False;False;False;False;False;False;False;True;False;False;False;False;False;False;False;False;False;False;False;False;False;1;True
a6b58794fd2ba533359a76c08df576e3;lag_despacho_negativo;delivered;True;SP;Presidente Prudente;SP;8a432f4e5b471f8da497d7dc517666e2;11-100;ccd8e3459ad58ae538c9d2cf35532ba4;Imbé;RS;RS;95625;2018-05-14 15:18:23;2018-05-14 15:33:35;2018-05-14 13:46:00;2018-05-19 19:33:32;2018-06-08 00:00:00;2018-05-16 15:30:58;2.0;47ea90e9a2976bc290c3cdf3b5e0573d;1600.0;1600.0;138.0;36.72;174.72;credit_card;5.177;-19.185;True;False;False;False;False;False;False;False;False;False;False;True;False;False;False;False;False;False;False;False;False;False;False;False;False;1;True
6672ea757b340c6ebd644244a2c982ae;lag_despacho_negativo;delivered;True;SP;São Paulo;SP;6560211a19b47992c3666cc44a7e94c0;>1000;8070cecab3f3dbd764a549623cfa6243;São Paulo;SP;SP;1401;2018-07-03 09:00:42;2018-07-05 16:31:59;2018-07-04 15:11:00;2018-07-05 17:12:44;2018-07-17 00:00:00;2018-07-06 08:32:03;1.0;d017a2151d543a9885604dc62a3d9dcc;250.0;250.0;49.0;7.6;56.6;boleto;2.342;-11.283;True;False;False;False;False;False;False;False;False;False;False;True;False;False;False;False;False;False;False;False;False;False;False;False;False;1;True
de6167039d6c71c0bea5a5d3b9437082;lag_despacho_negativo;delivered;True;SP;Mirassol;SP;cda598c48d7c614bc1cad7d8ff6f0010;11-100;fa59e3b76be4ec3ab0fa05000e7bf6c2;Rio de Janeiro;RJ;RJ;21231;2018-07-04 17:27:56;2018-07-05 16:22:17;2018-07-05 14:06:00;2018-07-12 17:32:31;2018-08-09 00:00:00;2018-07-10 18:31:51;1.0;c0aed8767e46cce56e77db0ceef83035;500.0;500.0;79.9;19.75;99.65;credit_card;8.003;-27.269;True;False;False;False;False;False;False;False;False;False;False;True;False;False;False;False;False;False;False;False;False;False;False;False;False;1;True
eb3b5ecbc980ff057c188ea3b3eaf722;lag_despacho_negativo;delivered;True;SP;Ibitinga;SP;4a3ca9315b744ce9f8e9374361493884;>1000;3b9470ed68cc82d8fdaaf97d552e8fd2;São Paulo;SP;SP;3968;2018-07-04 14:54:19;2018-07-05 16:09:14;2018-07-04 16:13:00;2018-07-09 12:32:50;2018-07-23 00:00:00;2018-07-06 15:31:07;1.0;99a4788cb24856965c36a24e339b6058;1383.0;1383.0;79.9;14.87;94.77;credit_card;4.902;-13.477;True;False;False;False;False;False;False;False;False;False;False;True;False;False;False;False;False;False;False;False;False;False;False;False;False;1;True
07ad2a87dfce684f0b6a23886db925c9;lag_despacho_negativo;delivered;True;SP;Ribeirão Preto;SP;897060da8b9a21f655304d50fd935913;101-1000;fe196aba95e52d084e7bb60dbd8a23f1;Indaial;SC;SC;89130;2017-04-27 08:26:54;2017-04-28 11:41:28;2017-04-28 10:05:52;2017-05-15 10:09:22;2017-05-29 00:00:00;2017-05-05 05:32:05;2.0;6d2fde7d12bb6ff367dbda120ba8828e;200.0;200.0;44.0;29.04;73.04;boleto;18.071;-13.577;True;False;False;False;False;False;False;False;False;False;False;True;False;False;False;False;False;True;False;False;False;False;False;False;False;2;True
5792e0b1c8c8a2bf53af468c9a422c88;lag_despacho_negativo;delivered;True;SP;Franca;SP;ececbfcff9804a2d6b40f589df8eef2b;11-100;5c427f06e7fcf902e309743516e2c580;São Paulo;SP;SP;2919;2018-07-26 13:25:14;2018-07-26 13:35:14;2018-07-26 12:42:00;2018-07-30 14:45:02;2018-08-09 00:00:00;2018-07-30 13:35:14;1.0;6d8f2ccbced01ba3165048d784a5cf0c;200.0;200.0;69.5;13.15;82.65;credit_card;4.055;-9.385;True;False;False;False;False;False;False;False;False;False;False;True;False;False;False;False;False;False;False;False;False;False;False;False;False;1;True
f384f4edb05c390598d9010ea97f7f4e;lag_despacho_negativo;delivered;True;SP;São Paulo;SP;fa40cc5b934574b62717c68f3d678b6d;101-1000;db8d12f33acf6a08a434eda169d25106;Matão;SP;SP;15990;2018-04-20 14:45:57;2018-04-24 18:39:10;2018-04-21 01:32:06;2018-04-30 13:12:39;2018-05-16 00:00:00;2018-04-26 15:31:28;2.0;5d0a7cb413c5b59233c57177fe2f20b0;200.0;200.0;78.89;32.1;110.99;credit_card;9.935;-15.45;True;False;False;False;False;False;False;False;False;False;False;True;False;False;False;False;False;False;False;False;False;False;False;False;False;1;True
3f6a06dd65ecc8c3c8bf73dd9f5ade29;lag_despacho_negativo;delivered;True;SP;São Paulo;SP;1eade46fba20122dc4aefb379f8c636b;11-100;88ca1a52550c2c65c9b75121cc26b060;Caxias;MA;MA;65605;2018-06-29 11:19:19;2018-07-05 16:04:10;2018-07-04 13:55:00;2018-07-13 13:24:41;2018-07-27 00:00:00;2018-07-06 08:32:54;1.0;dc9a06452ff10a147f0f14cd4b8f5580;1450.0;1450.0;104.99;57.51;162.5;boleto;14.087;-13.441;True;False;False;False;False;False;False;False;False;False;False;True;False;False;False;False;False;False;False;False;False;False;False;False;False;1;True
6d5f62b312ef08610aa99b1a365ec10b;lag_despacho_negativo;delivered;True;SC;Navegantes;SC;57e632711dec9ec14ca7546769483e7e;11-100;2c58296eab043d713ee5fc669f6aba05;Uberaba;MG;MG;38020;2018-07-05 14:59:58;2018-07-05 16:30:53;2018-07-05 16:08:00;2018-07-10 21:04:13;2018-08-03 00:00:00;2018-07-09 15:30:32;1.0;013298e0648d412de0d65690045493bc;350.0;350.0;49.9;22.28;72.18;credit_card;5.253;-23.122;True;False;False;False;False;False;False;False;False;False;False;True;False;False;False;False;False;False;False;False;False;False;False;False;False;1;True
31abfb3d839221bf8dc8165fbd494c2f;lag_despacho_negativo;delivered;True;MG;Ilicínea;MG;a1043bafd471dff536d0c462352beb48;101-1000;f62b26b783dc075ee45d0525eb2649dc;Itabirito;MG;MG;35450;2018-07-04 11:05:34;2018-07-05 16:32:36;2018-07-05 07:38:00;2018-07-09 10:16:57;2018-07-24 00:00:00;2018-07-06 11:31:15;1.0;c4baedd846ed09b85f78a781b522f126;5950.0;5950.0;99.99;23.69;123.68;credit_card;4.966;-14.572;True;False;False;False;False;False;False;False;False;False;False;True;False;False;False;False;False;False;False;False;False;False;False;False;False;1;True
6e57e23ecac1ae881286657694444267;lag_despacho_negativo;delivered;True;SP;São Bernardo do Campo;SP;f7ba60f8c3f99e7ee4042fdef03b70c4;101-1000;2dda54e25d0984e12705c84d4030e6e0;Macaé;RJ;RJ;27946;2018-08-09 17:36:47;2018-08-20 15:55:42;2018-08-14 13:26:00;2018-08-17 16:45:45;2018-09-06 00:00:00;2018-08-15 16:30:58;1.0;bb50f2e236e5eea0100680137654686c;400.0;400.0;330.0;20.41;333.91;debit_card;7.965;-19.302;True;False;False;False;False;False;False;False;False;False;False;True;False;True;False;False;False;False;False;False;False;False;False;False;False;2;True
d65ef0f73f00ef3755af2d8ef6138ba5;lag_despacho_negativo;delivered;True;SP;Praia Grande;SP;d91fb3b7d041e83b64a00a3edfb37e4f;101-1000;754580db05fdc599ca4532c09a328da2;Caratinga;MG;MG;35300;2018-04-23 08:58:06;2018-04-24 18:14:15;2018-04-23 19:07:40;2018-05-03 20:48:32;2018-05-15 00:00:00;2018-04-27 10:31:15;1.0;d7b1317236e0c03475bfe67536ae3c81;550.0;550.0;51.45;22.94;74.39;debit_card;10.493;-11.133;True;False;False;False;False;False;False;False;False;False;False;True;False;False;False;False;False;False;False;False;False;False;False;False;False;1;True
e1489cb4d16876c628a2dadb8e675c9a;lag_despacho_negativo;delivered;True;SP;São Paulo;SP;1e8b33f18b4f7598d87f5cbee2282cc2;101-1000;ac618c81651b6ff8e20a121385f27320;Boa Esperança;MG;MG;37170;2018-04-22 09:34:54;2018-04-24 19:04:58;2018-04-23 18:21:31;2018-04-26 19:06:40;2018-05-16 00:00:00;2018-04-26 10:31:14;1.0;55b8781171d27966e82ed1faa77a4c7a;3800.0;3800.0;159.9;27.2;187.1;credit_card;4.397;-19.204;True;False;False;False;False;False;False;False;False;False;False;True;False;False;False;False;False;False;False;False;False;False;False;False;False;1;True
643efaf4eddc8f0b4f71b1674c882fa4;lag_despacho_negativo;delivered;True;SP;Piracicaba;SP;da8622b14eb17ae2831f4ac5b9dab84a;>1000;d7d536ccde7b524ac5a42e24b000d982;Mantena;MG;MG;35290;2018-07-02 21:45:21;2018-07-05 16:27:02;2018-07-04 14:55:00;2018-07-09 19:48:46;2018-07-25 00:00:00;2018-07-05 22:31:16;2.0;7d9f42ecf65ca91f7e28483c5008dc4b;1600.0;1600.0;299.8;47.7;347.5;credit_card;6.919;-15.174;True;False;False;False;False;False;False;False;False;False;False;True;False;False;False;False;False;True;False;False;False;False;False;False;False;2;True
e6fad28cb7f01e461467af959930ae8a;lag_despacho_negativo;delivered;True;SP;São Paulo;SP;7a67c85e85bb2ce8582c35f2203ad736;>1000;c57928c036644588414e864683ff1da2;Petrópolis;RJ;RJ;25710;2018-04-20 17:11:26;2018-04-24 18:45:48;2018-04-23 17:52:52;2018-05-06 16:46:43;2018-05-17 00:00:00;2018-04-26 07:30:45;1.0;29427de7f8a9ee983d9dbc51cec569b4;4475.0;4475.0;82.99;18.52;101.51;credit_card;15.983;-10.301;True;False;False;False;False;False;False;False;False;False;False;True;False;False;False;False;False;False;False;False;False;False;False;False;False;1;True
7cb67275a494651008ed5b1f0353ddce;lag_despacho_negativo;delivered;True;SP;Itapevi;SP;08ad4ac1388e4420ca531c3edfc46198;1-10 pedidos;84c705277cb95c7f347ada3ce5f1bbd9;Nova Prata;RS;RS;95320;2018-06-30 12:14:21;2018-07-05 16:27:53;2018-07-03 10:18:00;2018-07-11 14:52:43;2018-08-01 00:00:00;2018-07-09 05:31:24;2.0;f63e5eb82736ac58d9d286f64fe5c44f;100.0;100.0;51.98;36.56;88.54;boleto;11.11;-20.38;True;False;False;False;False;False;False;False;False;False;False;True;False;False;False;False;False;True;False;False;False;False;False;False;False;2;True
d2c902f172e80f22126d53d9ff7871b2;lag_despacho_negativo;delivered;True;SP;São Paulo;SP;6560211a19b47992c3666cc44a7e94c0;>1000;8a320a211ebebf7ce02c6a514f0aaeac;São Paulo;SP;SP;1011;2018-07-03 20:52:04;2018-07-05 16:33:24;2018-07-05 13:14:00;2018-07-06 18:12:25;2018-07-17 00:00:00;2018-07-06 15:31:06;1.0;57f2bc497c1a3ebe41ba7a06d78ed159;250.0;250.0;55.0;7.65;62.65;debit_card;2.889;-10.241;True;False;False;False;False;False;False;False;False;False;False;True;False;False;False;False;False;False;False;False;False;False;False;False;False;1;True
3d47aacc4c27ad170b1004695eb0c359;lag_despacho_negativo;delivered;True;MG;Araguari;MG;7299e27ed73d2ad986de7f7c77d919fa;101-1000;959d795bc3b33ca52a761718ec8f9135;Jequié;BA;BA;45201;2018-07-30 21:31:03;2018-08-01 16:31:30;2018-07-31 12:29:00;2018-08-09 16:08:49;2018-09-06 00:00:00;2018-08-02 09:15:13;1.0;7f72a8900b3d2fc8fa2635b7836d6e6e;147.0;147.0;64.99;22.39;87.38;credit_card;9.776;-27.327;True;False;False;False;False;False;False;False;False;False;False;True;False;False;False;False;False;False;False;False;False;False;False;False;False;1;True
6b654c2dc2e7c610cb22c325fb723057;lag_despacho_negativo;delivered;True;SP;Salto;SP;f8db351d8c4c4c22c6835c19a46f01b0;101-1000;5239179f060acba3aae48fdc19d479ea;São Bernardo do Campo;SP;SP;9852;2018-07-04 10:15:33;2018-07-05 16:09:25;2018-07-05 12:30:00;2018-07-14 14:28:31;2018-07-17 00:00:00;2018-07-06 10:31:25;1.0;26a6aaf337b078349b5ec749be2e7a5e;1100.0;1100.0;34.9;11.97;46.87;credit_card;10.176;-2.397;True;False;False;False;False;False;False;False;False;False;False;True;False;False;False;False;False;False;False;False;False;False;False;False;False;1;True
6e60346a3ee3876c1e4bc89c597ffcb8;lag_despacho_negativo;delivered;True;SP;São Paulo;SP;aba1721a889e04decc910aa13b768ef4;11-100;2231986257f0ec3bf5abbc49d3320e9b;Sapiranga;RS;RS;93800;2018-05-07 00:45:02;2018-05-07 15:13:42;2018-05-07 14:52:00;2018-05-15 13:12:19;2018-06-01 00:00:00;2018-05-11 15:13:42;2.0;41ce18e06273b50422ebf6149066fa23;100.0;100.0;93.0;30.59;123.59;credit_card;8.519;-16.45;True;False;False;False;False;False;False;False;False;False;False;True;False;False;False;False;False;False;False;False;False;False;False;False;False;1;True
c3eb293fd154223498b6551a728203e8;lag_despacho_negativo;delivered;True;SP;São Paulo;SP;bd23da7354813347129d751591d1a6e2;11-100;1701ed88b1e8cb21051660d70d11d038;Balneário Camboriú;SC;SC;88330;2018-07-19 14:06:04;2018-07-19 14:22:51;2018-07-19 13:49:00;2018-07-24 19:35:36;2018-08-06 00:00:00;2018-07-23 14:22:51;1.0;90ebb732ad20456afe8516eb5fbf75f6;2750.0;2750.0;299.9;28.4;328.3;credit_card;5.229;-12.184;True;False;False;False;False;False;False;False;False;False;False;True;False;False;False;False;False;False;False;False;False;False;False;False;False;1;True
1594012ccc1b0770373ce691d697e5ae;lag_despacho_negativo;delivered;True;SP;Ibitinga;SP;723cd880edaacdb998898b67c8f9da30;11-100;e957d597f76d275f40a848397fb6c7c3;São Caetano do Sul;SP;SP;9530;2018-04-23 19:05:57;2018-04-24 19:17:00;2018-04-24 12:48:39;2018-04-27 22:08:35;2018-05-08 00:00:00;2018-04-27 19:31:42;1.0;b6c312bb8b2e0c3ab0a23d207802f82f;5967.0;5967.0;330.0;32.17;362.17;credit_card;4.127;-10.077;True;False;False;False;False;False;False;False;False;False;False;True;False;False;False;False;False;False;False;False;False;False;False;False;False;1;True
846de1a3e7ca6bf29333e1db02040ab6;lag_despacho_negativo;delivered;True;RJ;São Gonçalo;RJ;8e8a7ce9f2f970dc00e2acf6f6e199f6;11-100;fed9258e995bc38766aea4fcdead8676;Valparaíso de Goiás;GO;GO;72871;2018-01-30 11:51:07;2018-02-04 23:31:38;2018-01-31 19:48:36;2018-02-08 21:52:09;2018-03-02 00:00:00;2018-02-06 02:55:33;2.0;08a58dc963320d6073623382b9ceb920;400.0;400.0;258.0;32.68;290.68;boleto;9.417;-21.089;True;False;False;False;False;False;False;False;False;False;False;True;False;False;False;False;False;True;False;False;False;False;False;False;False;2;True
b777b7d618ee48ec7cf64aeb188e9da5;lag_despacho_negativo;delivered;True;SP;Santo André;SP;d13e50eaa47b4cbe9eb81465865d8cfc;11-100;2b83d4c1da04d92aceb19710d0a59ef9;São Paulo;SP;SP;5419;2018-08-09 11:47:22;2018-08-09 14:26:08;2018-08-09 14:24:00;2018-08-10 15:41:50;2018-08-15 00:00:00;2018-08-13 14:26:08;1.0;73326828aa5efe1ba096223de496f596;330.0;330.0;86.0;8.76;94.76;credit_card;1.163;-4.346;True;False;False;False;False;False;False;False;False;False;False;True;False;False;False;False;False;False;False;False;False;False;False;False;False;1;True
862cca64868df4c3a3f0058a93aef465;lag_despacho_negativo;delivered;True;SP;Assis;SP;8bb48dc19fccaa8613b6229bf7f452a2;11-100;58f2a48696b2cf8da50fcb21f8512c14;Belo Horizonte;MG;MG;30315;2018-04-19 09:43:15;2018-04-24 18:14:28;2018-04-23 19:32:56;2018-04-26 16:46:37;2018-05-18 00:00:00;2018-04-26 02:31:46;2.0;104b9503ee57d0aa2cd3a6448f242636;3567.0;3567.0;76.32;72.53;148.85;boleto;7.294;-21.301;True;False;False;False;False;False;False;False;False;False;False;True;False;False;False;False;False;False;False;False;False;False;False;False;False;1;True
f16dee6de72d9dcf6b644a19233a39da;lag_despacho_negativo;delivered;True;SP;São Paulo;SP;dbb9b48c841a0e39e21f98e1a6b2ec3e;101-1000;00b96a156e6827442e5ec7c620a39d24;Belo Horizonte;MG;MG;31010;2018-04-21 15:10:45;2018-04-24 19:28:02;2018-04-23 21:08:49;2018-04-26 21:57:31;2018-05-16 00:00:00;2018-04-26 15:30:39;1.0;4965fd68b4fa0cab5fca575c3b4f4b73;200.0;200.0;39.99;15.23;55.22;credit_card;5.282;-19.085;True;False;False;False;False;False;False;False;False;False;False;True;False;False;False;False;False;False;False;False;False;False;False;False;False;1;True
0acfe927eda045512670dbbf763b330a;lag_despacho_negativo;delivered;True;SP;Limeira;SP;b33aaadd1a8891d2dfef0c4c3bdf0371;11-100;c56ac9e8772a402f6a167237b0c13f28;Presidente Prudente;SP;SP;19020;2018-04-21 15:10:55;2018-04-24 18:58:50;2018-04-23 20:34:32;2018-04-27 13:31:48;2018-05-17 00:00:00;2018-04-26 15:30:27;1.0;5f2641478d7b5ffbfcf1f2b5cdff4709;1950.0;1950.0;100.0;14.79;114.79;credit_card;5.931;-19.436;True;False;False;False;False;False;False;False;False;False;False;True;False;False;False;False;False;False;False;False;False;False;False;False;False;1;True
03e94224875e6dec154cc7a142ce5de2;lag_despacho_negativo;delivered;True;SP;Santo André;SP;40d54b51e962dbe09cabbcfd33298dee;11-100;bb7651b2df4512e6c29ff35a7b8cd754;São Paulo;SP;SP;2443;2018-04-23 10:09:03;2018-04-24 18:11:03;2018-04-24 17:42:08;2018-04-25 18:58:59;2018-05-08 00:00:00;2018-04-27 10:30:59;1.0;99008b78e9206243c95a95cf02a71905;1467.0;1467.0;269.9;12.51;282.41;credit_card;2.368;-12.209;True;False;False;False;False;False;False;False;False;False;False;True;False;False;False;False;False;False;False;False;False;False;False;False;False;1;True
3505a2f5fdc9c1c19d2eea9bfdac56c4;lag_despacho_negativo;delivered;True;SP;São Paulo;SP;cea729054f157f5870bdd321a958d994;11-100;66e61c83b0c33d1a843ab2061bc2926b;Caruaru;PE;PE;55030;2018-07-10 17:49:08;2018-07-13 16:06:19;2018-07-11 14:23:00;2018-07-23 22:58:56;2018-08-01 00:00:00;2018-07-12 20:31:15;1.0;4a8388d725082add032c3a248d515142;450.0;450.0;51.9;37.27;89.17;credit_card;13.215;-8.042;True;False;False;False;False;False;False;False;False;False;False;True;False;False;False;False;False;False;False;False;False;False;False;False;False;1;True
b0c2a7d04b165525254254a728c50a4e;lag_despacho_negativo;delivered;True;RJ;Rio de Janeiro;RJ;46dc3b2cc0980fb8ec44634e21d2718e;101-1000;76a8a3092e48bba0826495241903e450;Porto Alegre;RS;RS;91170;2018-06-07 13:28:30;2018-06-07 13:57:22;2018-06-07 13:22:00;2018-06-21 17:36:43;2018-07-04 00:00:00;2018-06-15 13:57:22;1.0;ff3ec972ebd16eb98d55e8ea2fa255ee;2488.0;2488.0;219.99;26.83;246.82;credit_card;14.172;-12.266;True;False;False;False;False;False;False;False;False;False;False;True;False;False;False;False;False;False;False;False;False;False;False;False;False;1;True
73efca6402c1b6108195348448d76147;lag_despacho_negativo;delivered;True;PR;Curitiba;PR;c3cfdc648177fdbbbb35635a37472c53;101-1000;4280fa78d7c43abc5e98a8a3b44d9350;São Paulo;SP;SP;4746;2018-08-04 14:49:43;2018-08-06 14:55:21;2018-08-06 14:55:00;2018-08-09 23:53:30;2018-08-16 00:00:00;2018-08-08 14:55:21;1.0;9cc8a90a8f8b6a7b56a486b612b40efa;1225.0;1225.0;129.99;18.71;148.7;voucher;5.378;-6.005;True;False;False;False;False;False;False;False;False;False;False;True;False;False;False;False;False;False;False;False;False;False;False;False;False;1;True
ef2ca7d8cb8ec4ec022a77785b6b48ff;lag_despacho_negativo;delivered;True;MG;Ilicínea;MG;a1043bafd471dff536d0c462352beb48;101-1000;3d467c5762bb6d35042b28517d723219;Brusque;SC;SC;88350;2018-06-12 12:51:41;2018-06-12 13:24:28;2018-06-12 13:06:00;2018-06-22 22:26:23;2018-07-12 00:00:00;2018-06-14 13:24:28;1.0;d1c427060a0f73f6b889a5c7c61f2ac4;6550.0;6550.0;109.99;64.14;174.13;credit_card;10.399;-19.065;True;False;False;False;False;False;False;False;False;False;False;True;False;False;False;False;False;False;False;False;False;False;False;False;False;1;True
9aec77497620910d9b081312430ebd93;lag_despacho_negativo;delivered;True;SP;Mauá;SP;f0b47fbbc6dee9aafe415a6e33051b3f;11-100;735407923bd7e1c88fd2994ae3a5d83b;Itaquaquecetuba;SP;SP;8574;2018-04-21 01:04:55;2018-04-24 18:08:01;2018-04-24 00:38:43;2018-04-25 17:48:46;2018-05-04 00:00:00;2018-04-26 01:30:51;1.0;14e40526732f35d38620a487e0776b27;500.0;500.0;39.99;8.88;48.87;credit_card;4.697;-8.258;True;False;False;False;False;False;False;False;False;False;False;True;False;False;False;False;False;False;False;False;False;False;False;False;False;1;True
f222c56f035b47dfa1e069a88235d730;lag_despacho_negativo;delivered;True;SP;São Paulo;SP;e5a38146df062edaf55c38afa99e42dc;101-1000;b74ca180d63f9ae0443e4e13a2f5bdaf;Santo André;SP;SP;9271;2018-01-30 09:43:45;2018-02-04 23:31:47;2018-01-31 19:48:44;2018-02-01 20:10:38;2018-02-15 00:00:00;2018-02-06 02:35:36;1.0;16ed6a6e3fce23b741650437fe58d65b;750.0;750.0;89.18;9.44;98.62;boleto;2.435;-13.159;True;False;False;False;False;False;False;False;False;False;False;True;False;False;False;False;False;False;False;False;False;False;False;False;False;1;True
2033a4586b5bec3229ebc1675a8ae092;lag_despacho_negativo;delivered;True;SP;São Paulo;SP;6560211a19b47992c3666cc44a7e94c0;>1000;0efc1f5e8675901683fae0ea8fdf3feb;Rio de Janeiro;RJ;RJ;21620;2018-06-12 10:10:25;2018-06-12 10:39:59;2018-06-12 10:09:00;2018-06-19 14:08:27;2018-07-19 00:00:00;2018-06-14 10:30:47;1.0;dd1247b741df1771259ee7beb0e4b8fc;200.0;200.0;35.0;15.35;50.35;credit_card;7.165;-29.411;True;False;False;False;False;False;False;False;False;False;False;True;False;False;False;False;False;False;False;False;False;False;False;False;False;1;True
ff9475663788de57817b221392697cce;lag_despacho_negativo;delivered;True;SP;São Paulo;SP;d57e18d5f73c7ccb7f7339b61166898d;11-100;eddc0f5250ab8ed511268cae2caf9a0c;Palhoça;SC;SC;88137;2018-04-19 19:26:39;2018-04-24 18:23:52;2018-04-23 18:26:48;2018-04-30 15:54:33;2018-05-14 00:00:00;2018-04-26 02:31:46;1.0;f7ee078cfab4ad9144e1d75fd0258c5b;650.0;650.0;37.9;16.32;54.22;boleto;10.853;-13.337;True;False;False;False;False;False;False;False;False;False;False;True;False;False;False;False;False;False;False;False;False;False;False;False;False;1;True
fd6ae3b1149c4a3a920086befc628e3d;lag_despacho_negativo;delivered;True;SC;São José;SC;aafe36600ce604f205b86b5084d3d767;101-1000;14a429268b2e70661e87c2be648a422f;Bauru;SP;SP;17060;2018-06-30 12:19:32;2018-07-05 16:26:52;2018-07-04 12:02:00;2018-07-10 23:19:36;2018-07-27 00:00:00;2018-07-05 04:31:45;1.0;57e089e3103f5cda6a4ce23b77399bdb;650.0;650.0;47.9;19.53;67.43;boleto;10.458;-16.028;True;False;False;False;False;False;False;False;False;False;False;True;False;False;False;False;False;False;False;False;False;False;False;False;False;1;True
341dc4ea81fabe7de6af564b72fcf3e2;lag_despacho_negativo;delivered;True;PR;Maringá;PR;3bb548e3cb7f70f28e3f11ee9dce0e59;11-100;8a8c2e93d6ec33bb908f101211d78227;Vila Velha;ES;ES;29101;2018-07-04 16:17:27;2018-07-05 16:30:57;2018-07-05 15:48:00;2018-07-12 00:28:33;2018-08-09 00:00:00;2018-07-10 16:31:58;1.0;d76c049f36a5b4975aa3cf095a6fa499;194.0;194.0;124.85;37.78;162.63;credit_card;7.341;-27.98;True;False;False;False;False;False;False;False;False;False;False;True;False;False;False;False;False;False;False;False;False;False;False;False;False;1;True
26449e55a87a5c565d60238999c380ff;lag_despacho_negativo;delivered;True;SP;São Paulo;SP;725c32fa80c2faacc4fc88450d27314e;11-100;3ebd7c64f990c7558321fb5af7a547b9;Jacareí;SP;SP;12307;2018-04-22 18:05:20;2018-04-24 18:55:14;2018-04-23 10:42:46;2018-04-24 19:11:46;2018-05-04 00:00:00;2018-04-26 18:30:46;1.0;1fb5b722c7edef5967d921c3ea7511b7;950.0;950.0;79.99;11.18;91.17;credit_card;2.046;-9.2;True;False;False;False;False;False;False;False;False;False;False;True;False;False;False;False;False;False;False;False;False;False;False;False;False;1;True
c0567ba9f6736e00d05c404aac7c9430;lag_despacho_negativo;delivered;True;SP;São Paulo;SP;ea8482cd71df3c1969d7b9473ff13abc;>1000;418e8d9a30cdd26678265116e8f06ca6;Guarulhos;SP;SP;7083;2018-07-03 20:16:20;2018-07-05 16:21:30;2018-07-04 14:07:00;2018-07-10 20:22:15;2018-07-16 00:00:00;2018-07-05 20:31:51;1.0;08fb1fed44ecc852b3ab9363b00d1c03;350.0;350.0;24.99;7.44;32.43;credit_card;7.004;-5.151;True;False;False;False;False;False;False;False;False;False;False;True;False;False;False;False;False;False;False;False;False;False;False;False;False;1;True
08adcddad19d3acf37d1fa01cb9ded1e;lag_despacho_negativo;delivered;True;MG;Betim;MG;17ca9b9e9b9ef8fdb529001b49ebb50f;101-1000;94c2f45091985c47b4c4fb301113f0a4;Uberlândia;MG;MG;38413;2018-06-27 11:16:44;2018-06-27 11:30:56;2018-06-27 10:57:00;2018-06-29 17:39:53;2018-07-18 00:00:00;2018-06-29 11:30:21;1.0;c44343d9d6d3551e161f3c72bfcbfc3b;1050.0;1050.0;149.97;16.12;166.09;credit_card;2.266;-18.264;True;False;False;False;False;False;False;False;False;False;False;True;False;False;False;False;False;False;False;False;False;False;False;False;False;1;True
c873d67cdcc79e51c21b47d8c69ada68;lag_despacho_negativo;delivered;True;SP;Ribeirão Preto;SP;7d13fca15225358621be4086e1eb0964;101-1000;36ad966afca63b90b96b3d01f09d956a;Nova Friburgo;RJ;RJ;28625;2018-07-02 15:38:53;2018-07-05 16:09:20;2018-07-04 15:15:00;2018-07-11 19:20:34;2018-07-30 00:00:00;2018-07-10 08:31:50;1.0;53b36df67ebb7c41585e8d54d6772e08;584.0;584.0;119.0;18.93;137.93;boleto;9.154;-18.194;True;False;False;False;False;False;False;False;False;False;False;True;False;False;False;False;False;False;False;False;False;False;False;False;False;1;True
dee6298ce7d1fb2645141ef9972157aa;lag_despacho_negativo;shipped;True;SP;Guarulhos;SP;c826c40d7b19f62a09e2d7c5e7295ee2;101-1000;c35fd04a09c83d6f53b2d4557eab7445;Mairipotaba;GO;GO;75630;2018-04-30 14:06:12;2018-04-30 14:15:24;2018-04-30 12:59:00;;2018-05-28 00:00:00;2018-05-07 14:15:24;1.0;3b60d513e90300a4e9833e5cda1f1d61;450.0;450.0;129.77;19.88;149.65;credit_card;;;False;;True;True;False;False;False;False;False;False;False;True;False;False;False;False;False;False;False;False;True;False;False;False;False;2;True
246b14cc444e8a7df0afd80495dfa052;lag_despacho_negativo;delivered;True;SP;Praia Grande;SP;d91fb3b7d041e83b64a00a3edfb37e4f;101-1000;f327c66b64d68e69e89d4b90680787aa;São Paulo;SP;SP;5849;2018-07-04 01:20:01;2018-07-05 16:33:20;2018-07-05 14:58:00;2018-07-06 19:22:45;2018-07-19 00:00:00;2018-07-10 01:31:01;1.0;7fa2058a9bf3a89ef34df823357e0be9;190.0;190.0;10.1;7.87;17.97;credit_card;2.752;-12.193;True;False;False;False;False;False;False;False;False;False;False;True;False;False;False;False;False;False;False;False;False;False;False;False;False;1;True
4e157a36ea9cf89bde6fff57a780b525;lag_despacho_negativo;delivered;True;SP;São Paulo;SP;a2deecd5398f5df4987110c80a1972a3;11-100;24970f1325070d89a1c42dd450b09a8a;Piumhi;MG;MG;37925;2018-08-24 14:37:50;2018-08-24 14:50:14;2018-08-24 12:43:00;2018-08-30 20:47:26;2018-09-10 00:00:00;2018-08-29 14:50:14;1.0;081cac4fc215928a462eb2c06a14dffe;150.0;150.0;39.0;18.44;57.44;voucher;6.257;-10.134;True;False;False;False;False;True;False;False;False;False;False;True;False;False;False;False;False;False;False;False;False;False;False;False;False;2;True
69a236fbbc4a603ebfa4468a3bdcb140;lag_despacho_negativo;delivered;True;SP;São Paulo;SP;b76dba6c951ab00dc4edf0a1aa88037e;101-1000;1bd6b1b425cc25c6e0c79f68d28fe2fb;Campo Novo do Parecis;MT;MT;78360;2017-04-25 01:46:02;2017-04-27 10:32:00;2017-04-26 09:11:44;2017-05-03 13:39:47;2017-05-25 00:00:00;2017-05-04 02:25:24;1.0;25d6edcd216a9ee579f19f92d694f7d5;100.0;100.0;12.97;20.8;33.77;boleto;8.496;-21.431;True;False;False;False;False;False;False;False;False;False;False;True;False;False;False;False;False;False;False;False;False;False;False;False;False;1;True
30bfd28e95a1e63924d71084f47c8ae8;lag_despacho_negativo;delivered;True;SC;Lages;SC;32b8764b4ef628b53608fc34011fcc13;11-100;42036e4de06b7da80343d54330dfd3de;Barueri;SP;SP;6414;2018-04-22 14:36:43;2018-04-24 18:55:33;2018-04-24 18:51:06;2018-04-30 16:21:21;2018-05-15 00:00:00;2018-04-27 08:31:38;1.0;f548f7c6223594379d2301a187f3a9e2;9350.0;9350.0;195.0;60.38;255.38;credit_card;8.073;-14.319;True;False;False;False;False;False;False;False;False;False;False;True;False;False;False;False;False;False;False;False;False;False;False;False;False;1;True
b9386feadadb8bc45d250345f27ac180;lag_despacho_negativo;delivered;True;SP;São Paulo;SP;643214e62b870443ccbe55ab29a4dccf;11-100;a0d14322c2c081915c5b59c56418469f;São Bernardo do Campo;SP;SP;9852;2018-07-04 16:02:31;2018-07-05 17:01:24;2018-07-05 15:18:00;2018-07-12 14:51:10;2018-07-17 00:00:00;2018-07-06 16:31:40;1.0;cca1dad310ba4e619250bc2dffa5dc75;200.0;200.0;98.6;7.95;106.55;credit_card;7.95;-4.381;True;False;False;False;False;False;False;False;False;False;False;True;False;False;False;False;False;False;False;False;False;False;False;False;False;1;True
d454d6650d375ebc3f9667a4d2fe161c;lag_despacho_negativo;delivered;True;SP;São Paulo;SP;850f4f8af5ea87287ac68de36e29107f;101-1000;7ae2a9337aa4bc799723511faa1d6830;São Paulo;SP;SP;1003;2018-05-10 09:12:16;2018-05-10 09:35:13;2018-05-10 09:11:00;2018-05-11 18:58:28;2018-05-23 00:00:00;2018-05-16 09:30:49;1.0;83d199d296c44101c8c3b5c9c0cce9ea;500.0;500.0;89.99;8.98;98.97;credit_card;1.407;-11.209;True;False;False;False;False;False;False;False;False;False;False;True;False;False;False;False;False;False;False;False;False;False;False;False;False;1;True
04323742e042716e4427a5b3536ea08f;lag_despacho_negativo;delivered;True;SP;São Paulo;SP;2138ccb85b11a4ec1e37afbd1c8eda1f;101-1000;ec2d2a258b058be97d409669ab436028;São Paulo;SP;SP;2320;2018-04-23 00:34:50;2018-04-24 17:43:07;2018-04-23 21:21:18;2018-04-24 21:44:36;2018-05-10 00:00:00;2018-04-27 01:30:43;2.0;77d1b9fb8d3858f503316105e9ac6c51;50.0;50.0;37.98;14.78;52.76;credit_card;1.882;-15.094;True;False;False;False;False;False;False;False;False;False;False;True;False;False;False;False;False;True;False;False;False;False;False;False;False;2;True
96006ddb955ba7f1a9e86d986f6149f3;lag_despacho_negativo;delivered;True;SP;Guarulhos;SP;7ff588a03c2aeae4fbd23f9ae64b760d;11-100;a9d55da2151a33741cee50d084e410e0;Uberaba;MG;MG;38082;2018-06-28 02:01:20;2018-06-28 09:10:28;2018-06-28 08:10:00;2018-07-03 23:03:29;2018-07-20 00:00:00;2018-07-04 09:10:28;1.0;51d35e4714b113bccacfe7248a13375a;250.0;250.0;28.56;18.3;46.86;credit_card;5.876;-16.039;True;False;False;False;False;False;False;False;False;False;False;True;False;False;False;False;False;False;False;False;False;False;False;False;False;1;True
5928d420527d13a50a884bc80c6ea676;lag_despacho_negativo;delivered;True;SC;Blumenau;SC;8c16d1f32a54d92897cc437244442e1b;101-1000;5393412c9014929b2ce82cd29def8553;Passo Fundo;RS;RS;99072;2018-07-03 15:26:45;2018-07-05 16:19:51;2018-07-04 13:41:00;2018-07-09 16:07:27;2018-07-30 00:00:00;2018-07-10 05:30:37;1.0;0fc6914383c2bea767a9562c9d8b43a1;338.0;338.0;48.0;18.44;66.44;boleto;6.028;-20.328;True;False;False;False;False;False;False;False;False;False;False;True;False;False;False;False;False;False;False;False;False;False;False;False;False;1;True
6a83e5c040d9fc9d14c1035925ecee1f;lag_despacho_negativo;delivered;True;SP;Ibitinga;SP;154bdf805377afea75a3bd158e9eab10;1-10 pedidos;a85c9694bb212b94285c40933fd6191a;Goiânia;GO;GO;74423;2018-07-02 18:42:38;2018-07-05 16:15:54;2018-07-04 12:22:00;2018-07-27 16:48:39;2018-07-25 00:00:00;2018-07-09 19:31:13;1.0;3d3024d7a67ec33c1e3e6e4fcebf80f9;750.0;750.0;89.9;19.82;109.72;credit_card;24.921;2.7;True;True;False;True;False;False;False;False;False;False;False;True;False;False;False;False;False;False;False;False;False;False;False;False;False;1;True
335cf1cb074c8dfcdf59bc86f8255409;lag_despacho_negativo;delivered;True;SP;Santo André;SP;da7039f29f90ce5b4846ffc0fcc93beb;11-100;29e227115fb68d196f0e1dab3c40a622;Recife;PE;PE;50070;2018-05-15 09:08:59;2018-05-16 09:33:16;2018-05-16 08:57:00;2018-06-08 15:39:24;2018-06-12 00:00:00;2018-05-22 09:30:58;1.0;e988092a8afe5d9393a5c3a7ca17691c;400.0;400.0;49.8;19.04;68.84;credit_card;24.271;-3.348;True;False;False;False;False;False;False;False;False;False;False;True;False;False;False;False;False;False;False;False;False;False;False;False;False;1;True
48761cfd8309604ddb00a812ae7d9473;lag_despacho_negativo;delivered;True;SP;São Paulo;SP;65febd49fd28ec955651299159b1f527;11-100;ef546a9e08a36c4b877691daccbc4304;Porto Alegre;RS;RS;90810;2018-08-16 00:40:20;2018-08-16 16:40:09;2018-08-16 12:41:00;2018-08-23 00:16:28;2018-08-30 00:00:00;2018-08-20 01:30:41;1.0;f9421e9d9b4689dd804adbdb8c712d39;6050.0;6050.0;89.99;33.11;123.1;debit_card;6.983;-6.989;True;False;False;False;False;False;False;False;False;False;False;True;False;False;False;False;False;False;False;False;False;False;False;False;False;1;True
53a9c421cf0e7129393a754a4d15b935;lag_despacho_negativo;delivered;True;SP;São Paulo;SP;138dbe45fc62f1e244378131a6801526;11-100;d62fd1ba5a58e7a42486a17b634cca64;Rio de Janeiro;RJ;RJ;22710;2018-08-19 15:25:06;2018-08-20 12:15:12;2018-08-20 11:30:00;2018-08-28 21:12:39;2018-09-05 00:00:00;2018-08-22 12:15:12;1.0;9b53e2487de4651c1610938e71957638;367.0;367.0;19.9;15.24;35.14;credit_card;9.241;-7.116;True;False;False;False;False;True;False;False;False;False;False;True;False;False;False;False;False;False;False;False;False;False;False;False;False;2;True
159da9914b51de617fe80162939965c5;lag_despacho_negativo;delivered;True;SP;Atibaia;SP;16090f2ca825584b5a147ab24aa30c86;101-1000;02611d7a9e40004ce72c2006dca2d7a9;Franca;SP;SP;14403;2018-07-04 23:13:49;2018-07-05 16:40:26;2018-07-05 14:59:00;2018-07-13 14:04:50;2018-07-24 00:00:00;2018-07-09 13:31:25;1.0;1613b819ab5dae53aead2dbb4ebdb378;50.0;50.0;27.9;12.86;40.76;debit_card;8.619;-10.413;True;False;False;False;False;False;False;False;False;False;False;True;False;False;False;False;False;False;False;False;False;False;False;False;False;1;True
9109f2cca26d92ac4e064bb93da37c74;lag_despacho_negativo;delivered;True;SP;Jaboticabal;SP;c68fb906c8f4b4b946d8386bfa6e5467;11-100;b5f2a4924544faeb20cb0c0b658cac45;Rio de Janeiro;RJ;RJ;22210;2018-07-22 20:05:18;2018-07-27 23:31:15;2018-07-24 14:01:00;2018-07-31 21:28:59;2018-08-21 00:00:00;2018-07-26 04:15:18;1.0;41bdbb38ef223fae4cae15d6ffb0ce5b;6100.0;6100.0;183.38;27.58;210.96;boleto;9.058;-20.105;True;False;False;False;False;False;False;False;False;False;False;True;False;False;False;False;False;False;False;False;False;False;False;False;False;1;True
06afc1144eb9f51ef2aa90ec9223c7f4;peso_invalido;delivered;True;SP;Ibitinga;SP;b39d7fe263ef469605dbb32608aee0af;11-100;e8be078dee76002545a9c5f10b7d7c4e;São José do Cedro;SC;SC;89930;2018-08-15 17:13:07;2018-08-15 17:25:20;2018-08-16 14:44:00;2018-08-24 22:54:42;2018-09-20 00:00:00;2018-08-23 17:25:20;2.0;e673e90efa65a5409ff4196c038bb5af;;0.0;259.8;47.42;307.22;credit_card;9.237;-26.045;True;False;False;False;False;False;False;False;False;False;False;False;False;False;False;False;True;True;False;False;False;False;False;False;False;2;True
a5a9f45d795fafe0077043697f62fd4f;lag_despacho_negativo;delivered;True;SC;Navegantes;SC;8ae520247981aa06bc94abddf5f46d34;11-100;666042f9936326aaee21b02eedeedc79;Goiânia;GO;GO;74230;2018-07-04 14:45:20;2018-07-05 16:30:50;2018-07-04 13:41:00;2018-07-11 23:08:32;2018-08-01 00:00:00;2018-07-06 15:30:49;1.0;30360c8b0b2ac6918f53ab66bc3c306f;350.0;350.0;189.9;52.05;241.95;credit_card;7.349;-20.036;True;False;False;False;False;False;False;False;False;False;False;True;False;False;False;False;False;False;False;False;False;False;False;False;False;1;True
0983f1f175846f974bff91862731fa68;lag_despacho_negativo;delivered;True;SP;São Paulo;SP;6560211a19b47992c3666cc44a7e94c0;>1000;43828af3e880066850c0cf0fc0f5e56a;Canoas;RS;RS;92025;2018-04-22 19:36:08;2018-04-24 17:55:38;2018-04-23 23:12:14;2018-05-03 00:21:29;2018-05-23 00:00:00;2018-04-26 20:31:50;1.0;c3ba4e8d3cb30049213b682e751e9d00;350.0;350.0;95.0;15.55;110.55;credit_card;10.198;-19.985;True;False;False;False;False;False;False;False;False;False;False;True;False;False;False;False;False;False;False;False;False;False;False;False;False;1;True
c2320c404179d2b8805c42b8b8de9668;lag_despacho_negativo;delivered;True;SC;Florianópolis;SC;dfa0c4c6229ab200a4a1336b4d7128ff;11-100;6b9961cd2c203b4154482e717236a58e;Barra Bonita;SP;SP;17340;2018-07-04 19:19:21;2018-07-05 16:22:03;2018-07-05 15:53:00;2018-07-11 18:07:42;2018-08-01 00:00:00;2018-07-10 20:31:41;2.0;c36bf06e0eb9da82511d954d8f25114c;300.0;300.0;315.79999999999995;56.38;372.18;credit_card;6.95;-20.245;True;False;False;False;False;False;False;False;False;False;False;True;False;False;False;False;False;False;False;False;False;False;False;False;False;1;True
b0ddd4ac01604bb4ae094a307a06ccc9;lag_despacho_negativo;delivered;True;SP;Rio Claro;SP;730937bf88cb151eb2eb849f642fc213;11-100;43529a18cfef19147c8ef9b56d310f01;Ribeirão Preto;SP;SP;14092;2018-07-04 17:03:12;2018-07-05 16:14:54;2018-07-05 12:12:00;2018-07-10 22:48:43;2018-07-23 00:00:00;2018-07-06 17:31:25;1.0;58727e154e8e85d84052cd22b0136c84;1175.0;1175.0;189.0;14.9;203.9;credit_card;6.24;-12.05;True;False;False;False;False;False;False;False;False;False;False;True;False;False;False;False;False;False;False;False;False;False;False;False;False;1;True
a99d889887e1de4ac286fc3847455a97;lag_despacho_negativo;delivered;True;MG;Belo Horizonte;MG;2e3be8a987a30d7544dbbda6861cc14e;11-100;f4b0f6dde0d7b89d73275a20797ab712;Santo André;SP;SP;9251;2018-07-04 12:51:22;2018-07-05 16:26:40;2018-07-04 14:43:00;2018-07-06 18:48:29;2018-07-27 00:00:00;2018-07-12 13:30:37;1.0;696ad707399d0b7678e2ed5d021dd737;550.0;550.0;99.99;16.89;116.88;credit_card;2.248;-20.216;True;False;False;False;False;False;False;False;False;False;False;True;False;False;False;False;False;False;False;False;False;False;False;False;False;1;True
0e8f35f2fcf52b21069856048a64a929;lag_despacho_negativo;delivered;True;SP;Riberao Preto;SP;17e34d8224d27a541263c4c64b11a56b;101-1000;a3b59440d5de8981d49606ac1bc8a89c;Belo Horizonte;MG;MG;30575;2018-07-03 14:07:10;2018-07-05 16:21:00;2018-07-04 15:31:00;2018-07-09 19:32:25;2018-07-31 00:00:00;2018-07-10 14:31:53;1.0;d103a59e482517dd37f6865b1bf5499d;1650.0;1650.0;97.5;23.48;120.98;credit_card;6.226;-21.186;True;False;False;False;False;False;False;False;False;False;False;True;False;False;False;False;False;False;False;False;False;False;False;False;False;1;True
88bf34949a5bb708a123dd12e80ed24d;lag_despacho_negativo;delivered;True;SC;Brusque;SC;609e1a9a6c2539919b8205cf7c4e6ff0;11-100;7dc85f58cadcc624d2f05f6a2049dc04;São Paulo;SP;SP;2226;2018-07-03 23:02:42;2018-07-05 16:26:57;2018-07-04 11:03:00;2018-07-06 13:18:35;2018-07-27 00:00:00;2018-07-05 23:30:41;1.0;f2ec4fac25d84b3ccbe77f2dcfaa0cfb;250.0;250.0;19.9;18.24;38.14;credit_card;2.594;-20.445;True;False;False;False;False;False;False;False;False;False;False;True;False;False;False;False;False;False;False;False;False;False;False;False;False;1;True
79a9149e58ce62bd439a996268d1c8f1;lag_despacho_negativo;delivered;True;SC;Joinville;SC;a3a38f4affed601eb87a97788c949667;101-1000;03203e8daf33389fbd94c31ce3161d6a;Ponta Grossa;PR;PR;84020;2017-04-28 00:12:06;2017-04-28 11:41:18;2017-04-28 08:37:28;2017-05-10 11:23:35;2017-05-24 00:00:00;2017-05-05 00:32:18;1.0;b4f3117dee543fec86ebc7bdbc0e2404;1200.0;1200.0;159.9;16.33;176.23;credit_card;12.466;-13.525;True;False;False;False;False;False;False;False;False;False;False;True;False;False;False;False;False;False;False;False;False;False;False;False;False;1;True
d3e50ea4c86a1cfb30aa36e3e388d021;lag_despacho_negativo;delivered;True;SC;Lages;SC;32b8764b4ef628b53608fc34011fcc13;11-100;d2e63fd501db865b3ecb38ad833375ff;Rio de Janeiro;RJ;RJ;23092;2018-07-04 07:14:25;2018-07-05 16:21:01;2018-07-04 08:21:00;2018-07-13 00:27:40;2018-08-16 00:00:00;2018-07-10 07:31:45;1.0;310b993294194cea025dcc9c23637b62;8650.0;8650.0;179.0;86.46;265.46;credit_card;8.718;-33.981;True;False;False;False;False;False;False;False;False;False;False;True;False;False;False;False;False;False;False;False;False;False;False;False;False;1;True
d8e084f74fa06f591e326975ca18a905;lag_despacho_negativo;delivered;True;RS;Novo Hamburgo;RS;612170e34b97004b3ba37eae81836b4c;101-1000;1de6fba12e5abd0cc6bf19f9cb96a59c;São Paulo;SP;SP;4827;2018-07-22 20:33:06;2018-07-27 23:30:45;2018-07-25 14:14:00;2018-07-31 17:37:38;2018-08-23 00:00:00;2018-08-07 03:45:08;1.0;63bfa27a0cee21fd896dc27f58b6d656;475.0;475.0;184.9;16.39;201.29;boleto;8.878;-22.266;True;False;False;False;False;False;False;False;False;False;False;True;False;False;False;False;False;False;False;False;False;False;False;False;False;1;True
8dcdf2ba21745811aaad2fd3ebfc0360;lag_despacho_negativo;delivered;True;SP;São Paulo;SP;2e13c71026e1a39ba5cc1b86dcb679aa;11-100;a380a86d2b46332db9750f4d27e2e44b;Manaus;AM;AM;69099;2018-07-04 03:04:34;2018-07-05 16:08:45;2018-07-05 13:43:00;2018-07-30 15:03:55;2018-08-16 00:00:00;2018-07-09 18:31:47;1.0;6dae4e6bc334685708571a48aa41d437;1100.0;1100.0;76.0;24.88;100.88;debit_card;26.5;-16.372;True;False;False;False;False;False;False;False;False;False;False;True;False;False;False;False;False;False;False;False;False;False;False;False;False;1;True
dab23a46abb860b6b4816df41eacd610;lag_despacho_negativo;delivered;True;SP;Presidente Prudente;SP;8a432f4e5b471f8da497d7dc517666e2;11-100;52239878c74211b0fd1a56a264763761;São Paulo;SP;SP;1453;2018-08-08 15:42:27;2018-08-08 15:55:11;2018-08-08 14:56:00;2018-08-11 17:04:47;2018-08-17 00:00:00;2018-08-10 15:55:11;1.0;af893b2efa430418d774a852e7870601;1550.0;1550.0;69.0;14.79;83.79;credit_card;3.057;-5.288;True;False;False;False;False;False;False;False;False;False;False;True;False;False;False;False;False;False;False;False;False;False;False;False;False;1;True
bcc74496281fa806f6939a8d8f80f232;lag_despacho_negativo;delivered;True;SP;Aparecida;SP;113e3a788b935f48aad63e1c41dac1bd;11-100;7d891db7cb060922fcc19a04f6a90a72;São Paulo;SP;SP;5028;2018-04-20 14:27:30;2018-04-24 19:02:28;2018-04-23 19:13:46;2018-04-25 20:24:48;2018-05-18 00:00:00;2018-04-30 03:30:54;1.0;f31bea9613b455322a1dd6c1de66227d;200.0;200.0;6.27;12.79;19.06;boleto;5.248;-22.149;True;False;False;False;False;False;False;False;False;False;False;True;False;False;False;False;False;False;False;False;False;False;False;False;False;1;True
dcfdf4c257739648a81742a5ea7f8a07;lag_despacho_negativo;delivered;True;SP;São Paulo;SP;1025f0e2d44d7041d6cf58b6550e0bfa;101-1000;264cfae73963c9e7444cd4ecb6bf63fe;Carazinho;RS;RS;99500;2018-04-19 23:24:21;2018-04-24 18:22:33;2018-04-24 11:06:37;2018-04-28 11:36:49;2018-06-08 00:00:00;2018-05-02 02:31:36;1.0;7814c273ab16783d73a9863ebfa8b141;12250.0;12250.0;230.0;19.95;249.95;boleto;8.509;-40.516;True;False;False;False;False;False;False;False;False;False;False;True;False;False;False;False;False;False;False;False;False;False;False;False;False;1;True
b4180badf3ac49892e23d6e0276f1e84;lag_despacho_negativo;delivered;True;SP;Ibitinga;SP;1835b56ce799e6a4dc4eddc053f04066;101-1000;815f25ed71c02df6cf2d51943aff8e54;Rio de Janeiro;RJ;RJ;22040;2018-04-26 14:44:05;2018-04-26 14:55:14;2018-04-26 13:51:00;2018-05-03 00:14:44;2018-06-06 00:00:00;2018-05-03 14:55:14;1.0;c32b1155b886162db8e1ec114699a799;825.0;825.0;56.99;19.37;76.36;credit_card;6.396;-33.99;True;False;False;False;False;False;False;False;False;False;False;True;False;False;False;False;False;False;False;False;False;False;False;False;False;1;True
49ed07bff8d01accb7ead0923ee6d91d;lag_despacho_negativo;delivered;True;SP;Novo Horizonte;SP;e8b4225284fbb02d16f200513f1f395d;11-100;79a0a48f090029fdb61ab96f1c7127b0;Porto Alegre;RS;RS;90250;2018-06-04 13:25:25;2018-06-04 13:51:36;2018-06-04 13:27:00;2018-06-13 23:51:54;2018-07-20 00:00:00;2018-06-12 13:51:36;1.0;875e0d1c97176d76e9b04c98d06383d2;8250.0;8250.0;145.9;58.88;204.78;credit_card;9.435;-36.006;True;False;False;False;False;False;False;False;False;False;False;True;False;False;False;False;False;False;False;False;False;False;False;False;False;1;True
db17cc060cb420c7dbea80f797f010ae;lag_despacho_negativo;delivered;True;SP;Jaú;SP;4d6d651bd7684af3fffabd5f08d12e5a;101-1000;39f3cc584d0f9352ad69561b60cc89de;São Paulo;SP;SP;1231;2018-07-01 13:03:50;2018-07-05 16:02:39;2018-07-05 14:32:00;2018-07-11 00:32:11;2018-07-25 00:00:00;2018-07-10 08:32:05;1.0;6e835aea84ae8eb68b8c14878dd43b30;2350.0;2350.0;69.9;18.79;88.69;boleto;9.478;-13.978;True;False;False;False;False;False;False;False;False;False;False;True;False;False;False;False;False;False;False;False;False;False;False;False;False;1;True
4fc44d78867142c627497b60a7e0228a;lag_despacho_negativo;delivered;True;RJ;São Gonçalo;RJ;8b2492b7ff4468839593fafeed55bad9;11-100;e494ff798e6549f9ba9747f00f5681c2;Barra Mansa;RJ;RJ;27345;2018-07-04 20:34:57;2018-07-05 16:33:00;2018-07-05 15:55:00;2018-07-09 20:27:50;2018-07-23 00:00:00;2018-07-08 21:31:40;1.0;c56ecdd06c754c22fc5c5245d9502e30;200.0;200.0;51.67;13.57;65.24;credit_card;4.995;-13.147;True;False;False;False;False;False;False;False;False;False;False;True;False;False;False;False;False;False;False;False;False;False;False;False;False;1;True
d342d7bad292d68d41d58ffb594cf431;lag_despacho_negativo;delivered;True;DF;Brasília;DF;5656537e588803a555b8eb41f07a944b;101-1000;64eb9409c29c87a0a90ee1e08ce05065;São Bernardo do Campo;SP;SP;9613;2018-04-23 09:55:46;2018-04-24 18:38:57;2018-04-24 18:32:41;2018-04-30 15:35:03;2018-05-15 00:00:00;2018-04-30 04:31:05;1.0;16cc7a098d176187b6d8e9519fa81585;350.0;350.0;64.89;17.16;82.05;boleto;7.236;-14.351;True;False;False;False;False;False;False;False;False;False;False;True;False;False;False;False;False;False;False;False;False;False;False;False;False;1;True
b8739e2347eff7c8473c5b9568fbb221;lag_despacho_negativo;delivered;True;SP;São José do Rio Preto;SP;1f50f920176fa81dab994f9023523100;>1000;c1fe1c69bb47a45673e0f246bcb2bc98;Embu-guaçu;SP;SP;6900;2018-07-02 16:50:03;2018-07-05 16:35:32;2018-07-04 15:41:00;2018-07-11 16:53:43;2018-07-20 00:00:00;2018-07-06 08:31:52;1.0;389d119b48cf3043d311335e499d9c6b;1750.0;1750.0;49.9;20.99;70.89;boleto;9.003;-8.296;True;False;False;False;False;False;False;False;False;False;False;True;False;False;False;False;False;False;False;False;False;False;False;False;False;1;True
6f3428447439d9e2de6274149281dae6;lag_despacho_negativo;delivered;True;SP;Piracicaba;SP;da8622b14eb17ae2831f4ac5b9dab84a;>1000;03975ce1698b187029146eeefa04f5f2;Brusque;SC;SC;88353;2018-04-22 16:27:11;2018-04-24 17:14:36;2018-04-24 16:04:52;2018-05-04 16:52:50;2018-05-22 00:00:00;2018-04-26 17:30:49;1.0;aadff88486740e0b0ebe2be6c09476ae;250.0;250.0;29.9;18.23;48.13;credit_card;12.018;-17.297;True;False;False;False;False;False;False;False;False;False;False;True;False;False;False;False;False;False;False;False;False;False;False;False;False;1;True
88d55d6258872b31bf45ce51a6675c2b;lag_despacho_negativo;delivered;True;SP;Sumaré;SP;fa1c13f2614d7b5c4749cbc52fecda94;101-1000;37deb7c0c365cbec914968988aad92f6;Raul Soares;MG;MG;35350;2018-07-03 14:56:16;2018-07-05 16:21:00;2018-07-04 14:24:00;2018-07-09 19:24:47;2018-07-25 00:00:00;2018-07-05 15:32:10;1.0;8b5a201cdb79e1962baa08534f71d382;250.0;250.0;149.8;19.15;168.95;credit_card;6.186;-15.191;True;False;False;False;False;False;False;False;False;False;False;True;False;False;False;False;False;False;False;False;False;False;False;False;False;1;True
302ba220a9388d22b3f036a1b9919b3f;lag_despacho_negativo;delivered;True;SP;Porto Ferreira;SP;f5f2ab9bdb6b30c14c61be68c5ed37da;11-100;1bb24fe0dc7571ac3c3846460c93edff;Itaperuna;RJ;RJ;28300;2017-12-04 19:12:17;2017-12-06 12:30:43;2017-12-05 23:47:32;2018-01-23 00:52:54;2018-01-02 00:00:00;2017-12-11 15:36:25;1.0;c4f8e50f322e3f8b523e0e26559144ac;7300.0;7300.0;159.9;21.61;181.51;boleto;49.237;21.037;True;True;False;True;False;False;False;False;False;False;False;True;False;False;False;False;False;False;False;False;False;False;False;False;False;1;True
a1abeb653a4d4cd1e142ccb8c82cd069;entrega_antes_coleta;delivered;True;SP;Porto Ferreira;SP;ec4608a1f76453166bb312b2968aeaf4;11-100;5f50465da00b7fed5dd1239f4ecf6e2c;Boituva;SP;SP;18550;2017-07-20 11:20:52;2017-07-21 06:43:14;2017-07-28 16:57:58;2017-07-25 19:32:56;2017-08-14 00:00:00;2017-08-01 06:43:14;3.0;b9311d581f5f341576a5a2892168355c;10250.0;10250.0;229.74;74.81;304.56;boleto;5.342;-19.185;True;False;False;False;False;False;False;False;True;False;False;False;False;False;False;False;False;True;False;False;False;False;False;False;False;2;True
61527d1d8e32b98b5c185fd4f23a7876;lag_despacho_negativo;delivered;True;SP;Mirandópolis;SP;9e6229250fedbe05838fef417b74e7fb;11-100;9ac3db974bf3b1f393ad46eb82c1adfb;São Paulo;SP;SP;4618;2018-07-03 09:06:08;2018-07-05 16:32:38;2018-07-03 12:51:00;2018-07-05 20:56:32;2018-07-25 00:00:00;2018-07-09 09:31:37;1.0;dfc9d9ea4c2fbabe7abb0066097d9905;3300.0;3300.0;169.9;19.49;189.39;credit_card;2.493;-19.127;True;False;False;False;False;False;False;False;False;False;False;True;False;False;False;False;False;False;False;False;False;False;False;False;False;1;True
1fb42df5f777c1b9bf5790d888e15075;lag_despacho_negativo;delivered;True;MA;São Luís;MA;06a2c3af7b3aee5d69171b0e14f0ee87;101-1000;a7c23222a85de41cffd488ed80857a19;São Paulo;SP;SP;4134;2018-06-21 12:26:37;2018-06-21 14:00:26;2018-06-21 13:09:00;2018-07-02 19:07:45;2018-07-20 00:00:00;2018-06-27 14:00:26;1.0;19c91ef95d509ea33eda93495c4d3481;700.0;700.0;122.99;30.11;153.1;boleto;11.279;-17.203;True;False;False;False;False;False;False;False;False;False;False;True;False;False;False;False;False;False;False;False;False;False;False;False;False;1;True
997aa6af22dd08ccfc5064a112a22aac;lag_despacho_negativo;delivered;True;SC;Florianópolis;SC;dfa0c4c6229ab200a4a1336b4d7128ff;11-100;bb6f9466bf5441cce5105434c83f9297;Florianópolis;SC;SC;88054;2018-05-22 10:31:02;2018-05-22 17:15:06;2018-05-22 15:43:00;2018-05-24 12:50:34;2018-05-30 00:00:00;2018-05-28 17:15:06;1.0;3362ea39c2b9a88dc82f2cd6f6838bcc;200.0;200.0;39.0;9.44;48.44;credit_card;2.097;-5.465;True;False;False;False;False;False;False;False;False;False;False;True;False;False;False;False;False;False;False;False;False;False;False;False;False;1;True
adfb9e0fb02034c05e4cdf3395bba600;lag_despacho_negativo;delivered;True;SC;Florianópolis;SC;dfa0c4c6229ab200a4a1336b4d7128ff;11-100;d7f20de008f6b1c94290f25cc2631d79;São Paulo;SP;SP;4296;2018-06-11 13:54:33;2018-06-11 16:31:48;2018-06-11 16:16:00;2018-06-16 16:44:39;2018-07-05 00:00:00;2018-06-15 14:18:50;1.0;9ea970cfea6fc415d0233c4cae13af4e;1400.0;1400.0;69.0;16.45;85.45;credit_card;5.118;-18.302;True;False;False;False;False;False;False;False;False;False;False;True;False;False;False;False;False;False;False;False;False;False;False;False;False;1;True
d32e51406daab72e2dceefb08b096e13;lag_despacho_negativo;delivered;True;SP;Campo Limpo Paulista;SP;3d871de0142ce09b7081e2b9d1733cb1;>1000;7139a35b7933e0fb709bb8b33a28e408;Lucas do Rio Verde;MT;MT;78455;2018-07-03 13:39:25;2018-07-05 16:26:40;2018-07-04 11:36:00;2018-07-13 14:08:44;2018-08-06 00:00:00;2018-07-09 14:31:37;1.0;177d3d5bb9d4d29222a222e3b3554f41;7550.0;7550.0;109.0;51.05;160.05;credit_card;10.02;-23.411;True;False;False;False;False;False;False;False;False;False;False;True;False;False;False;False;False;False;False;False;False;False;False;False;False;1;True
a4652eb1954cd0c3121a95ba49122673;lag_despacho_negativo;delivered;True;SP;Florianopolis;SC;9d5604a1f112324ad6b2aa552122e0fb;11-100;5b7ad66e4a9c19ef5ddceae95d05e46e;Brasília;DF;DF;72331;2018-08-19 21:37:17;2018-08-20 13:30:48;2018-08-20 12:54:00;2018-08-30 09:24:55;2018-09-04 00:00:00;2018-08-22 13:30:48;1.0;7c37e152261f0a96f89c364bd971a90b;300.0;300.0;15.0;39.04;54.04;credit_card;10.491;-4.608;True;False;False;False;False;True;False;False;False;False;False;True;False;False;False;False;False;False;False;False;False;False;False;False;True;3;True
ad5f36b2517f60b9ec2f04f80503566d;lag_despacho_negativo;delivered;True;SP;São Paulo;SP;6560211a19b47992c3666cc44a7e94c0;>1000;7f8974f5f4703cf2425f054b9a4dd6fb;Londrina;PR;PR;86087;2018-07-04 20:09:40;2018-07-05 16:32:42;2018-07-05 10:46:00;2018-07-10 16:32:19;2018-07-25 00:00:00;2018-07-06 20:31:28;1.0;a92930c327948861c015c919a0bcb4a8;250.0;250.0;78.0;18.65;96.65;credit_card;5.849;-14.311;True;False;False;False;False;False;False;False;False;False;False;True;False;False;False;False;False;False;False;False;False;False;False;False;False;1;True
1a62fd2d470da1ce51e2d26cea9a44ff;lag_despacho_negativo;delivered;True;SP;São Paulo;SP;9674754b5a0cb32b638cec001178f799;11-100;81a9409f95b016ac318a250b96465548;Atibaia;SP;SP;12947;2018-04-22 18:09:13;2018-04-24 18:57:03;2018-04-23 21:33:13;2018-04-26 22:22:58;2018-05-10 00:00:00;2018-04-26 18:30:50;1.0;fa64259a73edf6f724b7ddf23aac1bb0;350.0;350.0;129.9;9.26;139.16;credit_card;4.176;-13.067;True;False;False;False;False;False;False;False;False;False;False;True;False;False;False;False;False;False;False;False;False;False;False;False;False;1;True
785f211a578f2b593e6ecaa4db29fdfb;lag_despacho_negativo;delivered;True;SP;São Paulo;SP;955fee9216a65b617aa5c0531780ce60;>1000;d00ec1c4fbbdafc41f42d22e67099ca0;Rio Grande;RS;RS;96205;2018-04-22 16:50:28;2018-04-24 17:30:09;2018-04-23 19:17:28;2018-05-05 14:34:43;2018-05-24 00:00:00;2018-04-26 17:30:46;2.0;783caabd539c4079ec08423e30719fba;500.0;500.0;333.99;48.28;382.27;credit_card;12.906;-18.393;True;False;False;False;False;False;False;False;False;False;False;True;False;False;False;False;False;False;False;False;False;False;False;False;False;1;True
163679b19841bb6d73176f4a5a80a0d6;lag_despacho_negativo;delivered;True;PR;Londrina;PR;01fdefa7697d26ad920e9e0346d4bd1b;101-1000;f06e0c84401adbe76296e185fbb8e82e;Conselheiro Lafaiete;MG;MG;36400;2018-04-21 22:09:47;2018-04-24 17:16:50;2018-04-23 23:17:42;2018-05-07 19:04:15;2018-05-23 00:00:00;2018-04-25 22:31:27;1.0;b8b426747049f2d3d6e00b486d47dedb;1250.0;1250.0;99.9;24.69;124.59;credit_card;15.871;-15.205;True;False;False;False;False;False;False;False;False;False;False;True;False;False;False;False;False;False;False;False;False;False;False;False;False;1;True
f75d04d7bf218d0026ebdbd703d70fa0;lag_despacho_negativo;delivered;True;SP;São Paulo;SP;ed4acab38528488b65a9a9c603ff024a;11-100;1aeb1588530c8d12fbea98e9c6b102d3;Alagoinhas;BA;BA;48070;2018-07-03 20:43:12;2018-07-05 16:34:57;2018-07-04 11:44:00;2018-07-13 16:41:32;2018-08-21 00:00:00;2018-07-29 21:31:38;1.0;29e3ff0225dcccc5bce7606bdb6362ca;250.0;250.0;544.99;25.75;570.74;credit_card;9.832;-38.304;True;False;False;False;False;False;False;False;False;False;False;True;False;False;False;False;False;False;False;False;False;False;False;False;False;1;True
be0c42b7b7e9edd961e7d70426720a0d;lag_despacho_negativo;delivered;True;SP;São Paulo;SP;6560211a19b47992c3666cc44a7e94c0;>1000;b72b2adcbe29bf290dce6043f04298a8;Rio de Janeiro;RJ;RJ;21073;2018-07-03 17:28:51;2018-07-05 16:33:20;2018-07-04 10:48:00;2018-07-09 16:52:37;2018-08-03 00:00:00;2018-07-05 18:32:14;1.0;bf06a69bb27c58156391de458700f3e7;300.0;300.0;38.0;15.37;53.37;credit_card;5.975;-24.297;True;False;False;False;False;False;False;False;False;False;False;True;False;False;False;False;False;False;False;False;False;False;False;False;False;1;True
e3be8e7970afa286e942ea4273061bae;lag_despacho_negativo;delivered;True;SP;São Paulo;SP;2646baaf662d4d92ac48f047e35db92d;11-100;7258ea0b59cf99de570d9c32c8c88560;Caxias do Sul;RS;RS;95098;2018-07-04 13:08:42;2018-07-05 16:10:41;2018-07-05 14:45:00;2018-07-10 21:24:51;2018-08-08 00:00:00;2018-07-13 04:31:27;1.0;b24d74b0c697ec38e9e6da20fa7b80d6;900.0;900.0;59.0;23.21;82.21;boleto;6.345;-28.108;True;False;False;False;False;False;False;False;False;False;False;True;False;False;False;False;False;False;False;False;False;False;False;False;False;1;True
3b2d986d88e983cc12154191391193ad;lag_despacho_negativo;delivered;True;SP;Ribeirão Preto;SP;7d13fca15225358621be4086e1eb0964;101-1000;7806ee8ce58a419a70fafe0e2400befd;Cachoeira Dourada;GO;GO;75560;2018-07-03 15:33:00;2018-07-05 16:05:54;2018-07-04 15:11:00;2018-07-11 05:21:03;2018-08-01 00:00:00;2018-07-09 16:31:36;1.0;53b36df67ebb7c41585e8d54d6772e08;584.0;584.0;119.0;18.93;137.93;credit_card;7.575;-20.777;True;False;False;False;False;False;False;False;False;False;False;True;False;False;False;False;False;False;False;False;False;False;False;False;False;1;True
69e1614e5770f92d02af5b0f875c11b4;lag_despacho_negativo;delivered;True;SP;Campinas;SP;fe2032dab1a61af8794248c8196565c9;101-1000;8600ee513f6bb72822838f8ed78de657;Aracoiaba;CE;CE;62750;2018-06-12 14:31:03;2018-06-12 15:05:54;2018-06-12 14:47:00;2018-06-26 00:28:22;2018-07-18 00:00:00;2018-06-15 15:05:54;1.0;bacf2de8920bbcaf6f005a30d81391d2;481.0;481.0;319.0;40.5;359.5;credit_card;13.415;-21.98;True;False;False;False;False;False;False;False;False;False;False;True;False;False;False;False;False;False;False;False;False;False;False;False;False;1;True
e905fcbedf011d18698d529c885b7802;lag_despacho_negativo;delivered;True;SP;São Paulo;SP;7a67c85e85bb2ce8582c35f2203ad736;>1000;eb89e120efb5e33a086de740a4781360;São José dos Campos;SP;SP;12226;2018-07-04 22:07:48;2018-07-05 16:31:08;2018-07-05 12:23:00;2018-07-06 14:58:41;2018-07-18 00:00:00;2018-07-09 22:31:24;1.0;6c3fc3c928cf7d57418923ffea326d9a;800.0;800.0;51.99;9.11;61.1;credit_card;1.702;-11.376;True;False;False;False;False;False;False;False;False;False;False;True;False;False;False;False;False;False;False;False;False;False;False;False;False;1;True
79c25882bf9157a3e38e7edb7c3a7286;lag_despacho_negativo;delivered;True;PR;Curitiba;PR;d624126b9206f595fb3fbb6ba03b28a8;11-100;28ec421c2e511974913b1f90aa0d1c22;Santo André;SP;SP;9220;2018-07-04 16:28:49;2018-07-05 16:33:13;2018-07-05 15:44:00;2018-07-09 14:44:36;2018-07-30 00:00:00;2018-07-10 17:31:49;1.0;61a7263fdb4809852aef0552a2c38342;6900.0;6900.0;319.0;20.03;339.03;credit_card;4.928;-20.386;True;False;False;False;False;False;False;False;False;False;False;True;False;False;False;False;False;False;False;False;False;False;False;False;False;1;True
d0654bfcd7000854a697aaee3ff7c5aa;lag_despacho_negativo;delivered;True;SP;São Paulo;SP;8b321bb669392f5163d04c59e235e066;101-1000;01c3c12496a8c26348d92873da95448b;São José dos Pinhais;PR;PR;83025;2018-07-04 11:09:45;2018-07-05 16:27:45;2018-07-04 14:30:00;2018-07-09 18:12:24;2018-07-24 00:00:00;2018-07-06 11:31:11;1.0;b60856ce32d90658dbf99b9485327c25;150.0;150.0;9.0;15.23;24.23;credit_card;5.294;-14.241;True;False;False;False;False;False;False;False;False;False;False;True;False;False;False;False;False;False;False;False;False;False;False;False;False;1;True
2d7a8c97e529d66fad6f5eef0f44d6a4;lag_despacho_negativo;delivered;True;MG;Formiga;MG;d921b68bf747894be13a97ae52b0f386;11-100;e827d6d66034a4a1dd0cdff18f7c372c;Piracanjuba;GO;GO;75640;2018-04-19 22:37:19;2018-04-24 17:53:00;2018-04-23 18:46:52;2018-05-07 23:03:35;2018-05-14 00:00:00;2018-04-25 23:31:19;1.0;21767347dfdabbe42b3ca5846a4cdb48;277.0;277.0;299.0;23.8;322.8;credit_card;18.018;-6.039;True;False;False;False;False;False;False;False;False;False;False;True;False;False;False;False;False;False;False;False;False;False;False;False;False;1;True
5c5a8c9c0e8a30b697d7cea5123db572;lag_despacho_negativo;delivered;True;SP;Indaiatuba;SP;f84fa566034f5e8e880a07ec624c56af;11-100;3951726c606aecacde87770d968bfcbf;Cajobi;SP;SP;15410;2018-07-22 12:31:20;2018-07-23 11:32:08;2018-07-23 10:12:00;2018-07-26 16:19:51;2018-08-10 00:00:00;2018-07-31 09:03:55;2.0;e04ca4dba6bfe0dceeedca468acf5014;235.0;235.0;59.8;25.74;85.54;credit_card;4.159;-14.32;True;False;False;False;False;False;False;False;False;False;False;True;False;False;False;False;False;True;False;False;False;False;False;False;False;2;True
655d3e557522f80b4384eebaaaae9cda;lag_despacho_negativo;delivered;True;SP;Penápolis;SP;1b938a7ec6ac5061a66a3766e0e75f90;11-100;7632846a8baca18618e6ff9782b01d15;São Paulo;SP;SP;3127;2018-05-03 10:39:55;2018-05-04 08:31:01;2018-05-03 14:30:00;2018-05-07 23:18:41;2018-05-21 00:00:00;2018-05-09 11:14:28;1.0;306e6b5dda3397e4a9312f94d82565b5;8450.0;8450.0;139.9;22.58;162.48;credit_card;4.527;-13.029;True;False;False;False;False;False;False;False;False;False;False;True;False;False;False;False;False;False;False;False;False;False;False;False;False;1;True
47252c5b9ec88c714460e3e34fb08d5d;lag_despacho_negativo;delivered;True;MG;Belo Horizonte;MG;2a84855fd20af891be03bc5924d2b453;101-1000;e8f957324bc3abb0d6af1642f06d3476;Campinas;SP;SP;13067;2018-06-11 12:48:52;2018-06-12 09:37:25;2018-06-11 14:49:00;2018-06-22 19:48:30;2018-06-28 00:00:00;2018-06-13 13:32:25;1.0;59f4103b8313232d3abe6630105b925b;800.0;800.0;89.9;16.6;106.5;credit_card;11.291;-5.175;True;False;False;False;False;False;False;False;False;False;False;True;False;False;False;False;False;False;False;False;False;False;False;False;False;1;True
6c5d1e03493316b72304f07834a03325;lag_despacho_negativo;delivered;True;MG;Ilicínea;MG;a1043bafd471dff536d0c462352beb48;101-1000;96ac279e2c00c0a8f5a80347699674ab;Salvador;BA;BA;41280;2018-06-12 13:56:41;2018-06-12 14:27:00;2018-06-12 13:06:00;2018-07-17 16:32:20;2018-07-11 00:00:00;2018-06-14 14:27:00;1.0;8c591ab0ca519558779df02023177f44;6050.0;6050.0;89.99;50.92;140.91;credit_card;35.108;6.689;True;True;False;True;False;False;False;False;False;False;False;True;False;False;False;False;False;False;False;False;False;False;False;False;False;1;True
b4eeb5f8b01e30cfea0247dfbee0d054;lag_despacho_negativo;delivered;True;SP;São Paulo;SP;d9bd94811c3338dceb4181f3dbc0c73e;11-100;1747f9c28aa67f867b8b885a67f820c0;Ribeirão Preto;SP;SP;14055;2018-07-03 14:40:57;2018-07-05 16:17:32;2018-07-04 11:19:00;2018-07-09 20:18:44;2018-07-20 00:00:00;2018-07-09 15:31:08;1.0;e792f2bb275bdea9b6076c2acbb5abcd;850.0;850.0;158.61;14.69;173.3;credit_card;6.235;-10.154;True;False;False;False;False;False;False;False;False;False;False;True;False;False;False;False;False;False;False;False;False;False;False;False;False;1;True
def0457f3544c33499ba8f27f14c937c;lag_despacho_negativo;delivered;True;SP;Poá;SP;259f7b5e6e482c230e5bfaa670b6bb8f;101-1000;b3b47c386e3a14a186562d573e983f72;Jundiaí;SP;SP;13207;2017-07-29 12:44:12;2017-08-02 08:34:48;2017-08-01 12:08:02;2017-08-02 18:49:38;2017-08-18 00:00:00;2017-08-07 04:30:31;1.0;96b0a882d11b17ce51238420ec63e3a1;2150.0;2150.0;54.9;13.08;67.98;boleto;4.254;-15.216;True;False;False;False;False;False;False;False;False;False;False;True;False;False;False;False;False;False;False;False;False;False;False;False;False;1;True
ab2830d9aa052d7aee54359bc3f61d0c;lag_despacho_negativo;delivered;True;SP;São Paulo;SP;1eade46fba20122dc4aefb379f8c636b;11-100;47c86af221a1224eefc71b9f9600ef02;Fortaleza;CE;CE;60410;2018-07-03 19:11:43;2018-07-05 16:27:04;2018-07-04 13:55:00;2018-07-13 19:16:38;2018-07-26 00:00:00;2018-07-05 19:31:35;1.0;cf5fb18f3ac3f373759295cc8ba3e2c3;1650.0;1650.0;100.99;22.99;123.98;credit_card;10.003;-12.197;True;False;False;False;False;False;False;False;False;False;False;True;False;False;False;False;False;False;False;False;False;False;False;False;False;1;True
038f8b45fafa1130d2557e5b8dfd5d71;lag_despacho_negativo;delivered;True;SP;Limeira;SP;b499c00f28f4b7069ff6550af8c1348a;101-1000;6e0c97ca8a1946aecc4adefc3517997c;São Paulo;SP;SP;5466;2018-07-22 13:00:04;2018-07-23 11:31:28;2018-07-23 11:11:00;2018-07-24 19:06:39;2018-08-01 00:00:00;2018-07-26 09:19:03;1.0;e2a44ba73fdd5e184c188e4f45e32eec;50.0;50.0;19.99;7.4;27.39;credit_card;2.255;-7.204;True;False;False;False;False;False;False;False;False;False;False;True;False;False;False;False;False;False;False;False;False;False;False;False;False;1;True
45acb6840b062e10dd63454b19ce5212;lag_despacho_negativo;delivered;True;SP;Salto;SP;f8db351d8c4c4c22c6835c19a46f01b0;101-1000;7b2ff9be0c86252de722d6287c6d9668;Aracaju;SE;SE;49055;2018-07-03 18:36:57;2018-07-05 16:21:01;2018-07-05 12:46:00;2018-07-11 20:03:42;2018-07-31 00:00:00;2018-07-06 16:31:51;1.0;ad4d0d4117b535484bf7e32089e5b1a5;2500.0;2500.0;779.9;67.48;847.38;debit_card;8.06;-19.164;True;False;False;False;False;False;False;False;False;False;False;True;False;False;False;False;False;False;False;False;False;False;False;False;False;1;True
c4045d70da44ecbef2afb4407592fe90;lag_despacho_negativo;delivered;True;SC;Navegantes;SC;8ae520247981aa06bc94abddf5f46d34;11-100;9be4488544e1d864a50f80fcfec66efd;Cachoeiro de Itapemirim;ES;ES;29314;2018-05-10 17:53:13;2018-05-11 14:16:17;2018-05-11 13:26:00;2018-05-18 22:04:46;2018-06-07 00:00:00;2018-05-15 14:16:17;1.0;5ede6e418a361cb82ecd118bfe83ca2d;350.0;350.0;169.0;37.87;206.87;credit_card;8.175;-19.08;True;False;False;False;False;False;False;False;False;False;False;True;False;False;False;False;False;False;False;False;False;False;False;False;False;1;True
61ce184c1c73abf33b18c98b0dff1229;lag_despacho_negativo;delivered;True;PR;Cascavel;PR;cac876b37d3abcd6bd76caca30277996;11-100;7a704fc433bd27f103e167b4898c831d;Indaiatuba;SP;SP;13348;2018-07-04 19:48:39;2018-07-05 16:21:59;2018-07-05 15:17:00;2018-07-11 20:28:44;2018-07-31 00:00:00;2018-07-10 20:31:28;1.0;8e382dedd9ae71943f9a70f6725b748f;650.0;650.0;79.9;19.75;99.65;credit_card;7.028;-19.147;True;False;False;False;False;False;False;False;False;False;False;True;False;False;False;False;False;False;False;False;False;False;False;False;False;1;True
93c781a8790c89bac596f6ff7d924c73;lag_despacho_negativo;delivered;True;SP;Limeira;SP;b499c00f28f4b7069ff6550af8c1348a;101-1000;a23d6020f4bb2913acca5668e20c1e8b;Criciúma;SC;SC;88801;2018-07-03 09:52:19;2018-07-05 16:31:10;2018-07-04 11:06:00;2018-07-10 20:11:08;2018-07-30 00:00:00;2018-07-09 10:30:51;1.0;333789d98505fa09e6e270b62360996e;550.0;550.0;69.99;23.29;93.28;credit_card;7.43;-19.159;True;False;False;False;False;False;False;False;False;False;False;True;False;False;False;False;False;False;False;False;False;False;False;False;False;1;True
1ffb3c1929b16d9c1aec1958e11b3e9b;lag_despacho_negativo;delivered;True;PR;Curitiba;PR;adbc26658d6c7b4b6219f9d934598091;11-100;15e65458c1de2332a93656f2272c808e;Itapevi;SP;SP;6670;2018-06-30 13:37:47;2018-07-05 16:27:01;2018-07-03 14:13:00;2018-07-09 20:41:43;2018-07-25 00:00:00;2018-07-05 04:31:11;1.0;5b3b5f9ae84ca9ead3138b199420cc94;5400.0;5400.0;129.9;36.14;166.04;boleto;9.294;-15.138;True;False;False;False;False;False;False;False;False;False;False;True;False;False;False;False;False;False;False;False;False;False;False;False;False;1;True
f2ec7f6dc805433a2e8552ab56ef33bc;lag_despacho_negativo;delivered;True;MA;São Luís;MA;06a2c3af7b3aee5d69171b0e14f0ee87;101-1000;35e42ff7aa123e24e46282f1ad57e517;São Paulo;SP;SP;4257;2018-07-03 14:15:30;2018-07-05 16:33:01;2018-07-04 13:01:00;2018-07-11 18:32:25;2018-07-30 00:00:00;2018-07-09 14:32:01;1.0;3fbc0ef745950c7932d5f2a446189725;350.0;350.0;66.99;27.75;94.74;credit_card;8.178;-18.227;True;False;False;False;False;False;False;False;False;False;False;True;False;False;False;False;False;False;False;False;False;False;False;False;False;1;True
2f66b4903890f8fcc8bccfd80510dae9;lag_despacho_negativo;delivered;True;SP;São Paulo;;2e90cb1677d35cfe24eef47d441b7c87;101-1000;d75b9db917b3486c58876ce6ebe25746;Pombal;PB;PB;58840;2018-04-23 21:25:00;2018-04-24 18:24:18;2018-04-24 18:04:46;2018-05-11 11:39:27;2018-05-24 00:00:00;2018-04-29 22:30:28;1.0;f83c9874b5b5044ea58fef1be68c1ea8;5200.0;5200.0;139.4;83.68;223.08;credit_card;17.593;-12.514;True;False;False;False;False;False;False;False;False;False;False;True;False;False;False;False;False;False;False;False;False;False;False;False;False;1;True
12464d1f4f0401e086966a5333ae812a;lag_despacho_negativo;delivered;True;SP;São Paulo;SP;6560211a19b47992c3666cc44a7e94c0;>1000;7d2cbb8bc15c08b4cfd6099706d53b89;Carapicuíba;SP;SP;6342;2018-07-04 12:48:50;2018-07-05 16:33:22;2018-07-05 11:47:00;2018-07-06 16:32:31;2018-07-18 00:00:00;2018-07-09 04:32:01;1.0;0f370babdc8148e1dd9d4bfc3235982a;200.0;200.0;49.0;7.6;56.6;boleto;2.155;-11.311;True;False;False;False;False;False;False;False;False;False;False;True;False;False;False;False;False;False;False;False;False;False;False;False;False;1;True
49b25de91ca7ebe3b4b740b332b5e0a0;lag_despacho_negativo;delivered;True;SP;São Paulo;SP;b2a6d334e2833acea353624840e25a0e;11-100;00bd25230af840df218e6902df6ac894;Erechim;RS;RS;99700;2018-01-29 10:15:59;2018-02-03 23:31:46;2018-02-01 13:35:49;2018-02-23 21:09:56;2018-03-02 00:00:00;2018-02-06 02:53:54;1.0;e8d6e49fb0a39cfd4ebcdb977ebb82c4;600.0;600.0;19.9;16.11;36.01;boleto;25.454;-6.118;True;False;False;False;False;False;False;False;False;False;False;True;False;False;False;False;False;False;False;False;False;False;False;False;False;1;True
383aa8b2724fe452d9ccd9934a8c628b;entrega_antes_coleta;delivered;True;MG;Ubá;MG;31344c16881c08a8a72c6d2eb29918c1;11-100;b1cb2f9d7a19480f3749e248db14d58f;Pedro Leopoldo;MG;MG;33600;2017-07-02 20:58:43;2017-07-02 21:10:20;2017-07-07 17:22:41;2017-07-06 14:27:51;2017-07-21 00:00:00;2017-07-06 21:10:20;2.0;09ffd5e043f6d44ca166be7f91dab462;800.0;800.0;83.8;27.439999999999998;111.24;credit_card;3.729;-14.397;True;False;False;False;False;False;False;False;True;False;False;False;False;False;False;False;False;False;False;False;False;False;False;False;False;1;True
f6db57e68ebbac1c6281a7baf178df17;lag_despacho_negativo;delivered;True;SP;Salto;SP;f8db351d8c4c4c22c6835c19a46f01b0;101-1000;f8c868506ea46f20c7d16abd83d88279;Botucatu;SP;SP;18601;2018-07-04 21:06:27;2018-07-05 16:07:29;2018-07-05 12:30:00;2018-07-10 20:28:19;2018-07-24 00:00:00;2018-07-08 21:31:51;1.0;6adab229374835b551f6402e0dc53267;1250.0;1250.0;49.9;14.66;64.56;credit_card;5.974;-13.147;True;False;False;False;False;False;False;False;False;False;False;True;False;False;False;False;False;False;False;False;False;False;False;False;False;1;True
5a8c964d59cf60933991dc8ebb88bfa2;lag_despacho_negativo;delivered;True;SP;Limeira;SP;b499c00f28f4b7069ff6550af8c1348a;101-1000;d17803f0a15f9db0388bb5c274ec1e2c;Salvador;BA;BA;41815;2018-07-22 18:59:01;2018-07-23 12:31:33;2018-07-23 11:11:00;2018-07-30 17:42:06;2018-08-13 00:00:00;2018-07-26 10:32:00;1.0;f16e5b7883c1349e57bc5e92ba9e0d96;350.0;350.0;44.99;22.25;67.24;credit_card;7.947;-13.262;True;False;False;False;False;False;False;False;False;False;False;True;False;False;False;False;False;False;False;False;False;False;False;False;False;1;True
0fcb17f553e4ac7cd19be95d11a1669f;lag_despacho_negativo;delivered;True;SP;Praia Grande;SP;e9779976487b77c6d4ac45f75ec7afe9;101-1000;d39dc030d8881866a3061535c0b22c1e;São Paulo;SP;SP;4201;2018-05-10 14:51:36;2018-05-10 15:11:39;2018-05-10 14:54:00;2018-05-12 00:21:55;2018-05-23 00:00:00;2018-05-17 15:11:39;2.0;cd48f265a63e13b762601f5f794c5fca;175.0;175.0;94.98;18.88;113.86;credit_card;1.396;-10.985;True;False;False;False;False;False;False;False;False;False;False;True;False;False;False;False;False;True;False;False;False;False;False;False;False;2;True
326fa4ef13e06290f3b142da7663d4af;lag_despacho_negativo;delivered;True;RJ;Rio de Janeiro;RJ;fb3cfbc8a86f5d7fbb4d36b8df63f60d;1-10 pedidos;f72799a69d843f37e38236f68deb0bb0;Salvador;BA;BA;41750;2018-08-06 09:33:48;2018-08-11 23:31:58;2018-08-06 12:33:00;2018-08-17 20:35:24;2018-08-23 00:00:00;2018-08-08 09:45:19;1.0;fa814ebf85f1640b2acea3c4378d40f9;1150.0;1150.0;69.9;22.77;92.66999999999999;credit_card;11.459;-5.142;True;False;False;False;False;False;False;False;False;False;False;True;False;False;False;False;False;False;False;False;False;False;False;False;False;1;True
ede6a833580744e002b0ee65323a3006;lag_despacho_negativo;delivered;True;MG;Guanhães;MG;402916f742e5c740cc751493d9cf5053;1-10 pedidos;02307143f7dce7b43056056566b8e987;Taubaté;SP;SP;12032;2018-08-17 15:11:53;2018-08-17 15:29:26;2018-08-17 14:07:00;2018-08-22 19:28:52;2018-09-12 00:00:00;2018-08-22 15:29:26;2.0;0e8dd4723ed0d8206b7edbe908f35081;250.0;250.0;200.0;37.6;237.6;credit_card;5.178;-20.188;True;False;False;False;False;False;False;False;False;False;False;True;False;False;False;False;False;True;False;False;False;False;False;False;False;2;True
ea1c943b92b11b5d15ba43481b4e3ab8;lag_despacho_negativo;delivered;True;RJ;Rio de Janeiro;RJ;516e7738bd8f735ac19a010ee5450d8d;11-100;bc4317b200fdce5449bf64bfb17cdcf7;Uberaba;MG;MG;38022;2018-05-15 12:10:21;2018-05-15 14:35:08;2018-05-15 13:49:00;2018-05-21 20:36:49;2018-06-01 00:00:00;2018-05-22 14:30:47;2.0;b0b7beef8fa67d157bf514f3ee1ad5d3;217.0;217.0;53.8;36.46;90.26;boleto;6.352;-10.141;True;False;False;False;False;False;False;False;False;False;False;True;False;False;False;False;False;True;False;False;False;False;False;False;False;2;True
1227f9af3b2ddb0b95060aab8e5b3dc7;lag_despacho_negativo;delivered;True;SP;Campinas;SP;562fc2f2c2863ab7e79a9e4388a58a14;101-1000;53c9811a9eed9e84d267b8a929840882;Cuiabá;MT;MT;78043;2018-05-10 14:48:29;2018-05-10 15:11:25;2018-05-10 14:00:00;2018-05-18 16:21:53;2018-06-07 00:00:00;2018-05-16 15:11:25;1.0;b59b5899ecf4bcc294a72fdd48adaa94;225.0;225.0;29.99;17.06;47.05;credit_card;8.065;-19.318;True;False;False;False;False;False;False;False;False;False;False;True;False;False;False;False;False;False;False;False;False;False;False;False;False;1;True
b9f5ca0dd8ac07db0b02705dc2be4d21;lag_despacho_negativo;delivered;True;SP;São Paulo;SP;f918546be4bec7104d117789ba758b2b;11-100;927e550cffb5caa83ce9afd6ec0d886e;Brasília;DF;DF;71692;2018-04-23 11:12:58;2018-04-24 18:52:59;2018-04-24 16:48:51;2018-05-04 02:12:41;2018-05-16 00:00:00;2018-04-27 11:31:49;2.0;4bdcd91fcab0b7401865fa7d7f916253;7900.0;7900.0;184.0;34.84;218.84;credit_card;10.625;-11.908;True;False;False;False;False;False;False;False;False;False;False;True;False;False;False;False;False;False;False;False;False;False;False;False;False;1;True
9aa39c76674f9f645b97303b4c2e3cc4;lag_despacho_negativo;delivered;True;SP;São Paulo;SP;f9ec7093df3a7b346b7bcf7864069ca3;1-10 pedidos;79c5eed952e748a096abe752f04b6478;Fortaleza;CE;CE;60410;2018-07-05 06:46:44;2018-07-05 16:23:36;2018-07-05 11:56:00;2018-07-12 17:38:29;2018-08-01 00:00:00;2018-07-11 07:31:13;1.0;128a2cac61ae71d08f8e2c55c74d7936;175.0;175.0;26.5;19.1;45.6;credit_card;7.453;-19.265;True;False;False;False;False;False;False;False;False;False;False;True;False;False;False;False;False;False;False;False;False;False;False;False;False;1;True
e9541359c8913cd9c5a99703b92f84fc;lag_despacho_negativo;delivered;True;SC;Lages;SC;32b8764b4ef628b53608fc34011fcc13;11-100;04f3fed63b02610ccf63aea0874d9b19;Niterói;RJ;RJ;24230;2018-04-20 16:28:14;2018-04-24 19:26:30;2018-04-24 18:58:49;2018-05-02 11:06:31;2018-05-14 00:00:00;2018-04-26 17:31:10;1.0;03826ede2cac52b3011b58cfd58c84f9;6900.0;6900.0;119.0;50.9;169.9;credit_card;11.777;-11.537;True;False;False;False;False;False;False;False;False;False;False;True;False;False;False;False;False;False;False;False;False;False;False;False;False;1;True
fea523ebb7e205d346f445544e0a18fd;lag_despacho_negativo;delivered;True;SP;Guarulhos;SP;1771297ac436903d1dd6b0e9279aa505;11-100;fbf15dd7058613351fcd0f821a222933;Rio de Janeiro;RJ;RJ;21371;2018-08-17 12:46:57;2018-08-17 14:15:18;2018-08-17 13:35:00;2018-08-24 22:12:54;2018-09-05 00:00:00;2018-08-24 14:15:18;1.0;8d15106f1709b2a5340c0141ec76144e;2700.0;2700.0;48.05;21.64;69.69;credit_card;7.393;-11.074;True;False;False;False;False;False;False;False;False;False;False;True;False;False;False;False;False;False;False;False;False;False;False;False;False;1;True
2996234f359b5a3b99263b0f5b841d86;lag_despacho_negativo;delivered;True;SP;Ibitinga;SP;4a3ca9315b744ce9f8e9374361493884;>1000;ba64b72b127eb80d74296a6ab97dfe16;Gravataí;RS;RS;94030;2018-08-15 15:48:50;2018-08-15 16:05:12;2018-08-15 14:16:00;2018-08-22 22:34:27;2018-09-04 00:00:00;2018-08-17 16:05:12;1.0;29fd9022374ff3fef2e8f82c39b4133e;800.0;800.0;68.5;19.67;88.17;credit_card;7.282;-12.059;True;False;False;False;False;False;False;False;False;False;False;True;False;False;False;False;False;False;False;False;False;False;False;False;False;1;True
3910ae71e82730e3c560049e7637b3c2;lag_despacho_negativo;delivered;True;MG;Uberlândia;MG;59b22a78efb79a4797979612b885db36;101-1000;572af72c0c050be9defa80e9d5051441;Embu das Artes;SP;SP;6826;2018-04-22 23:13:59;2018-04-24 18:55:51;2018-04-23 23:40:58;2018-05-02 19:14:49;2018-05-17 00:00:00;2018-04-26 23:30:52;1.0;92d2d88b37a70060bd536b8790d9edaa;5250.0;5250.0;199.0;42.15;241.15;credit_card;9.834;-14.198;True;False;False;False;False;False;False;False;False;False;False;True;False;False;False;False;False;False;False;False;False;False;False;False;False;1;True
3e08eeb1c28dd17c084f4c0924104e20;lag_despacho_negativo;delivered;True;MG;Ilicínea;MG;a1043bafd471dff536d0c462352beb48;101-1000;efc57cff69d445d8be23b08e9da0b117;Curvelo;MG;MG;35790;2018-07-04 01:10:05;2018-07-05 16:12:11;2018-07-04 10:13:00;2018-07-09 13:34:33;2018-07-24 00:00:00;2018-07-06 01:31:09;1.0;37b99aa22bbac19b2a4afc4b2a958a53;17300.0;17300.0;279.0;55.76;334.76;credit_card;5.517;-14.434;True;False;False;False;False;False;False;False;False;False;False;True;False;False;False;False;False;False;False;False;False;False;False;False;False;1;True
347a523a41b9c5ff0194b0cbdff11fc7;lag_despacho_negativo;delivered;True;SP;São Paulo;SP;00ee68308b45bc5e2660cd833c3f81cc;101-1000;42af8b51f3d4497557e7c085a23eec5b;Curitiba;PR;PR;81930;2018-04-22 12:10:46;2018-04-24 17:22:07;2018-04-23 19:41:27;2018-04-26 20:46:37;2018-05-18 00:00:00;2018-04-26 12:31:13;2.0;ed5122a6a757a4fea8f32a6fb95a5135;1938.0;1938.0;189.99;34.88;224.87;credit_card;4.358;-21.134;True;False;False;False;False;False;False;False;False;False;False;True;False;False;False;False;False;False;False;False;False;False;False;False;False;1;True
7fc19fa60f9bb0d99b980a47eee3ec28;lag_despacho_negativo;delivered;True;SP;Presidente Prudente;SP;8a432f4e5b471f8da497d7dc517666e2;11-100;642295dc37cb36a93c326b322fb9d6d4;Maceió;AL;AL;57072;2018-04-20 20:42:38;2018-04-24 19:26:07;2018-04-23 21:36:45;2018-05-07 17:32:14;2018-05-16 00:00:00;2018-04-25 21:30:31;1.0;84d2224f05ad630241d7676b3e4ad297;1400.0;1400.0;69.0;50.98;119.98;credit_card;16.868;-8.269;True;False;False;False;False;False;False;False;False;False;False;True;False;False;False;False;False;False;False;False;False;False;False;False;False;1;True
9c7786ec8d2394cbee42bba833f7c537;lag_despacho_negativo;delivered;True;SP;São Paulo;SP;6560211a19b47992c3666cc44a7e94c0;>1000;9a935364cca30059364ef4469083e8f8;Belo Horizonte;MG;MG;31741;2017-04-27 23:45:10;2017-04-28 11:46:07;2017-04-28 10:57:41;2017-05-05 15:49:46;2017-05-30 00:00:00;2017-05-05 01:33:08;1.0;2136c70bbe723d338fab53da3c03e6dc;200.0;200.0;29.0;14.11;43.11;credit_card;7.67;-24.34;True;False;False;False;False;False;False;False;False;False;False;True;False;False;False;False;False;False;False;False;False;False;False;False;False;1;True
16388d0b6852174384f06c9f1509d10c;lag_despacho_negativo;delivered;True;PR;Curitiba;PR;2075d8cd4dd63ff12df0749a5866bb06;1-10 pedidos;90d65954aa6d433111f1bcad17e41240;São Paulo;SP;SP;1321;2018-08-10 00:10:24;2018-08-10 15:50:17;2018-08-10 15:20:00;2018-08-15 19:32:42;2018-08-23 00:00:00;2018-08-15 15:50:17;1.0;300666e2638b1c8f5528bd23a6e9dea3;1250.0;1250.0;64.9;18.25;83.15;credit_card;5.807;-7.186;True;False;False;False;False;False;False;False;False;False;False;True;False;False;False;False;False;False;False;False;False;False;False;False;False;1;True
108c3238d247dead3fd7423cf8990c5b;lag_despacho_negativo;delivered;True;SP;São Paulo;SP;955fee9216a65b617aa5c0531780ce60;>1000;2ce5691150e02ccb5c9035eec94c3194;Capinzal;SC;SC;89665;2018-08-14 13:49:12;2018-08-14 14:04:33;2018-08-14 13:17:00;2018-08-23 16:06:36;2018-09-06 00:00:00;2018-08-16 14:04:33;1.0;801f748b352e480bd143bcbb6fe86cbb;300.0;300.0;12.0;18.23;30.23;credit_card;9.095;-13.329;True;False;False;False;False;False;False;False;False;False;False;True;False;False;False;False;False;False;False;False;False;False;False;False;False;1;True
1349bbe7ded8d9342526c249d9e6ceb6;lag_despacho_negativo;delivered;True;SP;São Paulo;SP;18a349e75d307f4b4cc646a691ed4216;101-1000;f900e5d6db823cc54c95b9347c6a6f4e;Curitiba;PR;PR;82900;2018-07-10 16:34:55;2018-07-13 10:31:22;2018-07-11 15:00:00;2018-07-17 22:03:41;2018-07-30 00:00:00;2018-07-17 16:45:50;1.0;625dac8156b3157351e7257305148f3f;175.0;175.0;23.99;15.27;39.26;credit_card;7.228;-12.081;True;False;False;False;False;False;False;False;False;False;False;True;False;False;False;False;False;False;False;False;False;False;False;False;False;1;True
5e703e05bcb502963f75e2a2a2eb7b73;lag_despacho_negativo;delivered;True;SP;São Paulo;SP;955fee9216a65b617aa5c0531780ce60;>1000;35b6033213b51c89ca1e4e35de9a45e0;João Pessoa;PB;PB;58059;2018-07-01 14:01:27;2018-07-05 16:22:47;2018-07-04 08:51:00;2018-07-20 17:11:48;2018-07-27 00:00:00;2018-07-06 08:32:46;5.0;928e52a9ad53a294fdcc91bcf59d1751;1600.0;1600.0;650.0;138.4;788.4;boleto;19.132;-6.283;True;False;False;False;False;False;False;False;False;False;False;True;False;False;False;False;False;True;False;False;False;False;False;False;False;2;True
c56d2279b4db3e7028c3d647e709cee9;lag_despacho_negativo;delivered;True;SP;Ibitinga;SP;7ad32824caee82087b3e2e5f33b1bf32;101-1000;f83a98c3dabb2a63bebb8ed4302ecbe4;São Paulo;SP;SP;5638;2018-04-22 15:36:47;2018-04-24 18:44:37;2018-04-24 16:18:34;2018-04-28 02:05:11;2018-05-16 00:00:00;2018-04-26 16:31:29;1.0;7724d1e2711ecb5f0b7678257e1a1cc6;8500.0;8500.0;299.0;14.53;313.53;credit_card;5.436;-17.913;True;False;False;False;False;False;False;False;False;False;False;True;False;False;False;False;False;False;False;False;False;False;False;False;False;1;True
0150004d4d8eb63f9948de164da34e34;lag_despacho_negativo;delivered;True;RS;Carazinho;RS;b1a81260566c1bac3114a6d124413f27;11-100;bca923b4bf0e608694abdc3e4f18c5b2;São Paulo;SP;SP;8253;2018-05-15 15:13:06;2018-05-15 15:34:59;2018-05-15 14:58:00;2018-05-23 18:13:16;2018-06-07 00:00:00;2018-05-17 15:30:57;1.0;9bde344a67494559d37249506076d638;900.0;900.0;219.9;20.51;240.41;credit_card;8.125;-14.241;True;False;False;False;False;False;False;False;False;False;False;True;False;False;False;False;False;False;False;False;False;False;False;False;False;1;True
13d6f87da8ba3d0feb95e58ab304a9dd;lag_despacho_negativo;delivered;True;MG;Borda da Mata;MG;dbc22125167c298ef99da25668e1011f;101-1000;6cd88d0226928a0dacf22cc590b5445e;Uberlândia;MG;MG;38408;2018-05-21 11:15:29;2018-05-24 17:33:05;2018-05-21 14:47:00;2018-06-12 00:03:33;2018-06-05 00:00:00;2018-05-23 13:18:23;1.0;d34ec3c23c142291062f958688a1b41c;1050.0;1050.0;54.54;15.23;69.77;credit_card;21.533;7.002;True;True;False;True;False;False;False;False;False;False;False;True;False;False;False;False;False;False;False;False;False;False;False;False;False;1;True
06f39c67a9d68f76a8bfdb092852829f;lag_despacho_negativo;delivered;True;PR;Cascavel;PR;530ec6109d11eaaf87999465c6afee01;11-100;8de55546e8d40ba8d5bda5aa4b70e955;Acaiaca;MG;MG;35438;2018-07-04 18:14:57;2018-07-05 16:32:57;2018-07-05 15:17:00;2018-07-09 21:33:12;2018-08-02 00:00:00;2018-07-06 18:31:33;1.0;87aff1d9a5e94db6840c5b963a5cef90;1500.0;1500.0;135.0;27.9;162.9;credit_card;5.138;-23.102;True;False;False;False;False;False;False;False;False;False;False;True;False;False;False;False;False;False;False;False;False;False;False;False;False;1;True
a605e090234561f97bea7da842220f0d;lag_despacho_negativo;delivered;True;PR;Maringá;PR;3bb548e3cb7f70f28e3f11ee9dce0e59;11-100;6349d65638d28f08b1119300c0273e14;Florianópolis;SC;SC;88032;2018-07-02 09:01:31;2018-07-05 16:21:51;2018-07-05 15:51:00;2018-07-11 16:54:17;2018-07-30 00:00:00;2018-07-09 04:30:43;1.0;4298b7e67dc399c200662b569563a2b2;200.0;200.0;124.88;20.06;144.94;boleto;9.328;-18.296;True;False;False;False;False;False;False;False;False;False;False;True;False;False;False;False;False;False;False;False;False;False;False;False;False;1;True
af68048a682392b0cc14f22a8eef5b7e;lag_despacho_negativo;delivered;True;SP;Vicente de Carvalho;SP;9b013e03b2ab786505a1d3b5c0756754;101-1000;656bc0e5a7c16980ad87811788a17acc;São Paulo;SP;SP;3817;2018-04-22 22:25:07;2018-04-24 18:12:48;2018-04-23 21:12:06;2018-04-24 21:41:12;2018-05-10 00:00:00;2018-04-26 23:30:52;1.0;d99526b1e4fa5f57b8bde34a7337b5ee;250.0;250.0;58.0;7.87;65.87;credit_card;1.97;-15.096;True;False;False;False;False;False;False;False;False;False;False;True;False;False;False;False;False;False;False;False;False;False;False;False;False;1;True
9419274d2366b746f60fce753c5a3618;lag_despacho_negativo;delivered;True;SP;São Paulo;SP;1eade46fba20122dc4aefb379f8c636b;11-100;905739b8ac0098bd3d323019d9cac69e;Alvorada do Norte;GO;GO;73950;2018-07-22 22:00:38;2018-07-27 23:30:47;2018-07-24 13:08:00;2018-07-31 19:32:32;2018-08-13 00:00:00;2018-07-26 21:55:12;1.0;cf5fb18f3ac3f373759295cc8ba3e2c3;1650.0;1650.0;100.99;23.51;124.5;credit_card;8.897;-12.186;True;False;False;False;False;False;False;False;False;False;False;True;False;False;False;False;False;False;False;False;False;False;False;False;False;1;True
19a870c81a3ab57258a090b0976ec5ee;lag_despacho_negativo;delivered;True;RJ;Rio de Janeiro;RJ;516e7738bd8f735ac19a010ee5450d8d;11-100;fe5e5441853b0f7d6966a3d53aa13518;São José dos Campos;SP;SP;12244;2018-07-03 10:12:47;2018-07-05 16:21:33;2018-07-04 13:44:00;2018-07-11 15:21:07;2018-07-25 00:00:00;2018-07-09 10:30:59;1.0;5f5e612ca8903e6425fd6d2d3f7fe985;1750.0;1750.0;152.0;23.86;175.86;credit_card;8.214;-13.36;True;False;False;False;False;False;False;False;False;False;False;True;False;False;False;False;False;False;False;False;False;False;False;False;False;1;True
4895f8a5926847fbac7dd72661f60dd0;lag_despacho_negativo;delivered;True;SP;Mogi Mirim;SP;7f7b8245c336066a1f9933c359f11d77;11-100;517fb4c38b2c35fd7c5b4eb8e8a37251;Indaiatuba;SP;SP;13348;2018-07-30 16:39:18;2018-08-01 16:31:37;2018-07-31 14:05:00;2018-08-02 00:28:44;2018-08-08 00:00:00;2018-08-07 17:35:19;1.0;437c05a395e9e47f9762e677a7068ce7;1110.0;1110.0;48.99;7.6;56.59;debit_card;2.326;-5.98;True;False;False;False;False;False;False;False;False;False;False;True;False;False;False;False;False;False;False;False;False;False;False;False;False;1;True
4fab84dd561f10bb9c98293f34d749fa;lag_despacho_negativo;delivered;True;SP;São José dos Campos;SP;8b28d096634035667e8263d57ba3368c;101-1000;1c141ff3d234a4ea775feaf7d0024a59;Maringá;PR;PR;87005;2018-07-03 12:04:03;2018-07-05 16:32:43;2018-07-05 14:25:00;2018-07-11 15:24:32;2018-07-27 00:00:00;2018-07-06 12:31:30;1.0;386eebb43722ab502f04f7900bd2451b;117.0;117.0;57.9;18.51;76.41;credit_card;8.139;-15.358;True;False;False;False;False;False;False;False;False;False;False;True;False;False;False;False;False;False;False;False;False;False;False;False;False;1;True
cf72398d0690f841271b695bbfda82d2;lag_despacho_negativo;delivered;True;SP;Osasco;SP;2528513dd95219a6013d4d05176e391a;101-1000;2b7fff075bda701552485ef3f0810257;São Paulo;SP;SP;2992;2017-09-01 18:45:33;2017-09-13 22:04:39;2017-09-04 20:12:41;2017-09-11 14:15:02;2017-09-21 00:00:00;2017-09-07 22:34:28;1.0;89bbac967e47033f5d8c15527de1ef9f;3500.0;3500.0;269.0;15.49;284.49;credit_card;9.812;-9.406;True;False;False;False;False;False;False;False;False;False;False;True;False;False;False;False;False;False;False;False;False;False;False;False;False;1;True
11433594967d07f9ed0b30827fd35385;lag_despacho_negativo;delivered;True;SP;São Roque;SP;45ba18c210d42734ec52c0c1c574e9ee;11-100;50373f94972551a5992be3b0c536aef4;São João da Barra;RJ;RJ;28200;2018-04-20 15:36:47;2018-04-24 17:59:45;2018-04-23 19:12:56;2018-05-04 19:12:47;2018-05-18 00:00:00;2018-04-26 16:31:20;1.0;8d53c5e807e69f0b0914fd52d5b0501f;9950.0;9950.0;324.89;60.13;385.02;credit_card;14.15;-13.199;True;False;False;False;False;False;False;False;False;False;False;True;False;False;False;False;False;False;False;False;False;False;False;False;False;1;True
6cac054c444c98466bfa9af759df2f8a;lag_despacho_negativo;delivered;True;SP;São Paulo;SP;921323538c9f1c4e816f2720eac02bea;11-100;8e1897b5129168a9f7c4ea4d3cc5f4ea;Encantado;RS;RS;95960;2018-07-03 09:49:30;2018-07-05 16:13:01;2018-07-05 12:26:00;2018-07-10 19:34:17;2018-08-01 00:00:00;2018-07-09 10:30:41;1.0;9c1f132d460c48b30f756f3585d4a894;975.0;975.0;119.9;20.03;139.93;credit_card;7.406;-21.185;True;False;False;False;False;False;False;False;False;False;False;True;False;False;False;False;False;False;False;False;False;False;False;False;False;1;True
da383ff6aa9558f3bd909b1d76789381;lag_despacho_negativo;delivered;True;PR;Londrina;PR;5a425cc503b39b262a847fd6212bf53b;11-100;1e2805c0173170a09ce422b2dab60c30;Três Coroas;RS;RS;95660;2018-08-20 13:56:52;2018-08-20 16:11:39;2018-08-20 13:55:00;2018-08-27 23:32:23;2018-08-31 00:00:00;2018-08-22 16:11:39;1.0;a412e6de2f924b291fcd8911e0f25eae;760.0;760.0;49.9;19.54;69.44;credit_card;7.4;-3.019;True;False;False;False;False;True;False;False;False;False;False;True;False;False;False;False;False;False;False;False;False;False;False;False;False;2;True
46bbd69cb8d68f6c34fc754e569b4630;lag_despacho_negativo;delivered;True;SP;São Paulo;SP;6560211a19b47992c3666cc44a7e94c0;>1000;677dbf5ff3bed8560f9156c76f8d0a88;Itumbiara;GO;GO;75533;2018-06-26 08:30:04;2018-06-26 11:56:57;2018-06-26 10:51:00;2018-07-03 16:28:47;2018-07-19 00:00:00;2018-06-28 11:56:57;1.0;dd1247b741df1771259ee7beb0e4b8fc;200.0;200.0;35.0;18.35;53.35;boleto;7.332;-15.313;True;False;False;False;False;False;False;False;False;False;False;True;False;False;False;False;False;False;False;False;False;False;False;False;False;1;True
ead9d718dbe26ebdb5a79beb5f31eff6;lag_despacho_negativo;delivered;True;PR;Curitiba;PR;8a40ae794fa3f9892cee24bd5af0488b;1-10 pedidos;28eee84b2c56deabb471108afe34f05a;João Pessoa;PB;PB;58057;2018-04-19 11:13:02;2018-04-24 18:25:22;2018-04-24 00:15:12;2018-05-09 16:37:37;2018-05-17 00:00:00;2018-04-26 02:31:36;1.0;25e45921120d6d8a1688f076632bdad8;150.0;150.0;69.99;27.55;97.54;boleto;20.225;-7.307;True;False;False;False;False;False;False;False;False;False;False;True;False;False;False;False;False;False;False;False;False;False;False;False;False;1;True
9d70bcdf379a446b3a834de708aa7781;lag_despacho_negativo;delivered;True;SP;Guariba;SP;4869f7a5dfa277a7dca6462dcf3b52b2;>1000;47a50cd83d2890b1adddaa2ef6548670;São Paulo;SP;SP;3053;2018-07-03 23:26:30;2018-07-05 16:17:23;2018-07-04 11:55:00;2018-07-07 13:14:44;2018-07-23 00:00:00;2018-07-09 00:30:37;1.0;8317b177579dd27ff068b83205e2169b;400.0;400.0;164.9;13.81;178.71;credit_card;3.575;-15.448;True;False;False;False;False;False;False;False;False;False;False;True;False;False;False;False;False;False;False;False;False;False;False;False;False;1;True
9b087af1d905d8987ae126797c9d15b1;lag_despacho_negativo;delivered;True;SP;São Paulo;SP;4c18691b6037662be2df78a765d98ab5;11-100;3ac536aa3b70068437132144e3a1e1ea;Ilha Solteira;SP;SP;15385;2018-08-01 13:47:04;2018-08-01 14:04:26;2018-08-01 13:31:00;2018-08-08 13:35:29;2018-08-15 00:00:00;2018-08-03 14:04:26;1.0;6ac3978babf6ca76087369391bb6ce5a;1683.0;1683.0;85.0;17.73;102.73;credit_card;6.992;-6.434;True;False;False;False;False;False;False;False;False;False;False;True;False;False;False;False;False;False;False;False;False;False;False;False;False;1;True
29f49e25d09d4c903d8b17278b5e59bf;lag_despacho_negativo;delivered;True;SP;São Paulo;SP;4992e76a42cb3aad7a7047e0d3d7e729;11-100;134c4f058da5373cdb64f3b4d0c2f90a;Rio de Janeiro;RJ;RJ;22793;2018-01-29 17:44:02;2018-02-03 23:31:44;2018-02-01 10:42:12;2018-02-16 18:56:33;2018-02-20 00:00:00;2018-02-06 02:55:26;6.0;61d01171a3784bab50137290350e5332;500.0;500.0;179.39999999999998;90.66;270.06;boleto;18.05;-3.211;True;False;False;False;False;False;False;False;False;False;False;True;False;False;False;False;False;True;False;False;False;False;False;False;False;2;True
ab478182632e0212e5edd04806d1238c;lag_despacho_negativo;delivered;True;SP;Boituva;SP;9b76ad3d04236f76bc71c59470305e13;1-10 pedidos;4b89ec593a026897dbe7c9e2b3d37894;São Paulo;SP;SP;4469;2018-07-02 11:41:29;2018-07-05 16:03:57;2018-07-04 11:36:00;2018-07-10 22:36:42;2018-07-20 00:00:00;2018-07-09 04:30:43;1.0;e5c5d25996c6b96d444799a8a9aac0f9;450.0;450.0;64.9;14.03;78.93;boleto;8.455;-9.058;True;False;False;False;False;False;False;False;False;False;False;True;False;False;False;False;False;False;False;False;False;False;False;False;False;1;True
fb3cf8c9eb2412b0edc0a00a8f43a869;lag_despacho_negativo;delivered;True;SP;São Paulo;SP;1025f0e2d44d7041d6cf58b6550e0bfa;101-1000;94595ccee21b11325952776b516a0345;Rio de Janeiro;RJ;RJ;23063;2018-05-29 14:07:25;2018-05-29 14:39:27;2018-05-29 13:58:00;2018-06-05 21:46:32;2018-07-20 00:00:00;2018-06-06 14:31:55;5.0;09b0d15a8cc9a84e7af7e0225f67dc45;1400.0;1400.0;330.99;90.39;421.39;boleto;7.319;-44.093;True;False;False;False;False;False;False;False;False;False;False;True;False;False;False;False;False;True;False;False;False;False;False;False;False;2;True
ff280fe8985905ec69a41d6510cdcbe4;lag_despacho_negativo;delivered;True;SP;São Paulo;SP;f262cbc1c910c83959f849465454ddd3;101-1000;e63ff7ae3729eaf3129add7373322482;Rio Claro;SP;SP;13505;2018-01-30 20:36:55;2018-02-04 23:31:36;2018-01-31 21:15:01;2018-02-06 18:56:42;2018-02-15 00:00:00;2018-02-06 02:35:39;1.0;d34ffc1c0b0efc09550c49be7eb7896e;100.0;100.0;9.99;7.78;17.77;boleto;6.93;-8.211;True;False;False;False;False;False;False;False;False;False;False;True;False;False;False;False;False;False;False;False;False;False;False;False;False;1;True
fb6343faebbbee8c21d59d4ae59477a8;lag_despacho_negativo;delivered;True;PR;Maringá;PR;3bb548e3cb7f70f28e3f11ee9dce0e59;11-100;2bf5aa399d0bd03761889addf677d650;Balneário Camboriú;SC;SC;88330;2018-07-04 11:27:08;2018-07-05 16:33:04;2018-07-05 15:51:00;2018-07-11 19:26:27;2018-08-06 00:00:00;2018-07-11 04:34:19;1.0;d76c049f36a5b4975aa3cf095a6fa499;194.0;194.0;124.89;18.97;143.86;boleto;7.333;-25.19;True;False;False;False;False;False;False;False;False;False;False;True;False;False;False;False;False;False;False;False;False;False;False;False;False;1;True
721b6eed5d18982b6869d2b1440e0fb2;lag_despacho_negativo;delivered;True;SP;Santo André;SP;058fd0aa2bfdb2274e05e1ae971dabb6;11-100;e8c4c210ad973d32a51464962e2b81b1;Americana;SP;SP;13468;2018-04-21 10:13:19;2018-04-24 17:27:06;2018-04-23 18:22:02;2018-04-26 03:12:03;2018-05-08 00:00:00;2018-04-26 10:30:56;1.0;8f83335d6508c667813ff14dc437bc81;563.0;563.0;139.0;7.84;146.84;credit_card;4.707;-11.867;True;False;False;False;False;False;False;False;False;False;False;True;False;False;False;False;False;False;False;False;False;False;False;False;False;1;True
478b98b4c7442950e6911539465abc95;lag_despacho_negativo;delivered;True;RJ;Teresópolis;RJ;edb1ef5e36e0c8cd84eb3c9b003e486d;101-1000;0cd004313277890ddd43f33d5b81a266;Jundiaí;SP;SP;13208;2018-04-21 00:33:15;2018-04-24 19:27:57;2018-04-24 18:19:48;2018-04-30 21:57:49;2018-05-18 00:00:00;2018-04-26 01:30:46;1.0;fc831501bb322d6de2ffc32037fe0f34;350.0;350.0;669.65;22.57;692.22;credit_card;9.892;-17.085;True;False;False;False;False;False;False;False;False;False;False;True;False;False;False;False;False;False;False;False;False;False;False;False;False;1;True
fba03bf5e3db2585caab95fb6ef71c45;lag_despacho_negativo;delivered;True;PR;Londrina;PR;ffa6adafb71b807dc13159e26431354c;11-100;16324800ab15f5fd4d14eaacf6925e90;Nova Prata;RS;RS;95320;2018-04-22 01:19:36;2018-04-24 18:59:06;2018-04-23 19:22:54;2018-04-30 14:51:56;2018-05-16 00:00:00;2018-04-26 01:31:45;1.0;c5f91783ab6cb187c7182b8e4b8c9047;1900.0;1900.0;159.0;23.69;182.69;credit_card;8.564;-15.381;True;False;False;False;False;False;False;False;False;False;False;True;False;False;False;False;False;False;False;False;False;False;False;False;False;1;True
ee2c523648f8d3fddba9f09bc16a6490;lag_despacho_negativo;delivered;True;SP;São Paulo;SP;955fee9216a65b617aa5c0531780ce60;>1000;22d503cfcbf60af5fbe6a0dea1b48102;Itaquaquecetuba;SP;SP;8577;2018-04-22 03:25:16;2018-04-24 18:59:39;2018-04-23 18:51:29;2018-04-26 10:48:46;2018-05-10 00:00:00;2018-04-26 04:30:56;1.0;2948658cb6abc82847412be7201bfc4c;3500.0;3500.0;110.0;13.67;123.67;credit_card;4.308;-13.549;True;False;False;False;False;False;False;False;False;False;False;True;False;False;False;False;False;False;False;False;False;False;False;False;False;1;True
0cf80be143500050973f324c3e068196;lag_despacho_negativo;delivered;True;SP;Ibitinga;SP;d673a59aac7a70d8b01e6902bf090a11;11-100;d45cfb2ed69ddf56d6fadc0c3e8b2767;Belo Horizonte;MG;MG;30750;2018-07-26 14:33:26;2018-07-26 14:45:08;2018-07-26 13:32:00;2018-07-30 22:22:08;2018-08-15 00:00:00;2018-08-01 14:45:08;1.0;f3d7339839e02f580fe8fca5755e0e25;400.0;400.0;36.75;18.36;55.11;credit_card;4.325;-15.068;True;False;False;False;False;False;False;False;False;False;False;True;False;False;False;False;False;False;False;False;False;False;False;False;False;1;True
4abc7b5330425bcf9c2f7f48151a88c0;peso_invalido;delivered;True;SP;Ibitinga;SP;b39d7fe263ef469605dbb32608aee0af;11-100;d1568f1104d2015dc70bdf7d9ab88dd2;São Paulo;SP;SP;4904;2018-07-31 21:05:49;2018-07-31 21:40:18;2018-08-01 16:00:00;2018-08-07 23:56:48;2018-08-17 00:00:00;2018-08-09 21:31:33;1.0;8038040ee2a71048d4bdbbdc985b69ab;;0.0;129.9;14.49;144.39;credit_card;7.119;-9.002;True;False;False;False;False;False;False;False;False;False;False;False;False;False;False;False;True;False;False;False;False;False;False;False;False;1;True
04ca915235b56ef2ce81703cdaa6a24b;lag_despacho_negativo;delivered;True;SP;São Paulo;SP;7a67c85e85bb2ce8582c35f2203ad736;>1000;63adaee377092616c26dd4b26b4cc633;Itamonte;MG;MG;37466;2018-07-04 20:46:09;2018-07-05 16:20:57;2018-07-05 11:14:00;2018-07-10 20:38:39;2018-07-27 00:00:00;2018-07-09 21:31:41;1.0;3354a4e684f5e7199f9407db70ccd92b;1200.0;1200.0;89.99;23.43;113.42;credit_card;5.995;-16.14;True;False;False;False;False;False;False;False;False;False;False;True;False;False;False;False;False;False;False;False;False;False;False;False;False;1;True
9b5038dbc6702b00b24b9d493c82c371;lag_despacho_negativo;delivered;True;SP;São Paulo;SP;6560211a19b47992c3666cc44a7e94c0;>1000;593b8fb1133c71b53bac24805aa13d06;Várzea Paulista;SP;SP;13225;2018-07-05 08:52:07;2018-07-05 16:10:18;2018-07-05 10:44:00;2018-07-11 21:04:54;2018-07-24 00:00:00;2018-07-09 09:31:32;1.0;e2bb00220a167d9e60b6776ac33717bc;300.0;300.0;56.0;13.05;69.05;credit_card;6.509;-12.122;True;False;False;False;False;False;False;False;False;False;False;True;False;False;False;False;False;False;False;False;False;False;False;False;False;1;True
5b431846416d0c400a970fee0d33b654;lag_despacho_negativo;delivered;True;SP;Santo André;SP;cc419e0650a3c5ba77189a1882b7556a;>1000;b05bd08872af166cba7eba25b0bfa580;Belo Horizonte;MG;MG;30330;2018-04-21 19:04:31;2018-04-24 17:43:39;2018-04-23 19:03:11;2018-04-27 21:25:38;2018-05-16 00:00:00;2018-04-26 19:31:21;1.0;2b4609f8948be18874494203496bc318;250.0;250.0;79.99;15.38;95.37;credit_card;6.098;-18.107;True;False;False;False;False;False;False;False;False;False;False;True;False;False;False;False;False;False;False;False;False;False;False;False;False;1;True
c1eee1544b567f58a25bad708d0d41bb;lag_despacho_negativo;delivered;True;SP;Piracicaba;SP;da8622b14eb17ae2831f4ac5b9dab84a;>1000;da31d17d88b6d4134d2c955c60b92ce8;Joanópolis;SP;SP;12980;2018-04-23 14:49:20;2018-04-24 19:24:32;2018-04-24 18:02:25;2018-05-02 19:38:28;2018-05-17 00:00:00;2018-04-30 04:32:30;1.0;07a949f27854f64558f8babcfec441cc;2800.0;2800.0;39.9;13.71;53.61;boleto;9.201;-14.182;True;False;False;False;False;False;False;False;False;False;False;True;False;False;False;False;False;False;False;False;False;False;False;False;False;1;True
cf1748350d5972bde01008c436083c4b;lag_despacho_negativo;delivered;True;SP;São Paulo;SP;6560211a19b47992c3666cc44a7e94c0;>1000;b3a9a8efc10d7d2ef76bc4645c0b3c5b;Guarapuava;PR;PR;85010;2018-07-03 09:08:15;2018-07-05 16:08:04;2018-07-05 10:44:00;2018-07-10 15:22:09;2018-07-27 00:00:00;2018-07-09 04:33:08;1.0;c3ba4e8d3cb30049213b682e751e9d00;350.0;350.0;95.0;18.77;113.77;boleto;7.26;-16.36;True;False;False;False;False;False;False;False;False;False;False;True;False;False;False;False;False;False;False;False;False;False;False;False;False;1;True
16651b7711b8c360e79e0ac07fc8a1a9;lag_despacho_negativo;delivered;True;MG;Borda da Mata;MG;dbc22125167c298ef99da25668e1011f;101-1000;ac38ab1550dde747564ff2f7c70d8648;João Pessoa;PB;PB;58077;2018-04-19 13:16:47;2018-04-24 17:43:05;2018-04-21 00:03:26;2018-05-02 22:58:44;2018-05-21 00:00:00;2018-04-26 13:32:08;1.0;5c2bb11cf2149bd4d9fffcc1246458c3;2283.0;2283.0;99.9;51.2;151.10000000000002;credit_card;13.404;-18.043;True;False;False;False;False;False;False;False;False;False;False;True;False;False;False;False;False;False;False;False;False;False;False;False;False;1;True
28fb57d39d543fade1e8fa4804f7483e;lag_despacho_negativo;delivered;True;MA;São Luís;MA;06a2c3af7b3aee5d69171b0e14f0ee87;101-1000;b4e80468d1f6c1fd97421d658e28febf;Florianópolis;SC;SC;88025;2018-06-07 14:47:17;2018-06-07 15:18:51;2018-06-07 14:09:00;2018-06-20 11:28:36;2018-07-11 00:00:00;2018-06-15 15:18:51;1.0;19c91ef95d509ea33eda93495c4d3481;700.0;700.0;122.99;29.89;152.88;credit_card;12.862;-20.522;True;False;False;False;False;False;False;False;False;False;False;True;False;False;False;False;False;False;False;False;False;False;False;False;False;1;True
6df6c9c9af6ef75b4f06f8a7b9f47e9c;lag_despacho_negativo;delivered;True;SP;Ribeirão Pires;SP;411f3b52d857390502ee4e4d5ceabc2d;11-100;2e1a3155fdbee565b7ad55cb75ce8f78;Barueri;SP;SP;6414;2018-07-23 08:50:48;2018-07-28 23:31:06;2018-07-24 14:47:00;2018-07-26 17:03:43;2018-07-31 00:00:00;2018-07-26 04:25:19;1.0;e8a1dffbef0392ef084cca41655a13d1;500.0;500.0;19.8;8.3;28.1;boleto;3.342;-4.289;True;False;False;False;False;False;False;False;False;False;False;True;False;False;False;False;False;False;False;False;False;False;False;False;False;1;True
cb1134f9010d242e9515ad1c78ec0c39;entrega_antes_coleta;delivered;True;SP;Santa Bárbara D'oeste;SP;30a2f535bb48308f991d0b9ad4a8c4bb;11-100;2fd33ac77677bd214b1882868317eeed;São Bernardo do Campo;SP;SP;9791;2017-07-16 12:35:34;2017-07-18 06:03:50;2017-07-20 19:22:02;2017-07-19 14:13:28;2017-08-08 00:00:00;2017-07-24 06:03:50;2.0;dae7d137a7eb1a685e48c83f7952b388;400.0;400.0;124.80000000000001;15.260000000000002;140.06;boleto;3.068;-19.407;True;False;False;False;False;False;False;False;True;False;False;False;False;False;False;False;False;False;False;False;False;False;False;False;False;1;True
edaa372913b1dc07209e39b2f15f605c;lag_despacho_negativo;delivered;True;MA;São Luís;MA;06a2c3af7b3aee5d69171b0e14f0ee87;101-1000;d4016388ffade93a5b1fbcd19803e107;Teresina;PI;PI;64049;2018-07-03 08:54:06;2018-07-05 16:40:34;2018-07-04 11:28:00;2018-07-10 16:56:45;2018-07-31 00:00:00;2018-07-09 09:31:58;1.0;3fbc0ef745950c7932d5f2a446189725;350.0;350.0;66.99;15.57;82.56;credit_card;7.335;-20.294;True;False;False;False;False;False;False;False;False;False;False;True;False;False;False;False;False;False;False;False;False;False;False;False;False;1;True
b8684227da189137e8ecfd39564f85e1;lag_despacho_negativo;delivered;True;SP;Santo André;SP;8fbd63429be6d3e5e6d1a709b6464802;1-10 pedidos;8c76a7242d91d55fc0d21204466c748b;São Paulo;SP;SP;3254;2018-04-22 22:23:40;2018-04-24 18:11:28;2018-04-23 17:07:40;2018-04-26 18:08:49;2018-05-10 00:00:00;2018-04-26 22:31:39;1.0;9938217cedf3d56b2abaf11f2d3feae7;2646.0;2646.0;150.0;11.67;161.67;credit_card;3.823;-13.244;True;False;False;False;False;False;False;False;False;False;False;True;False;False;False;False;False;False;False;False;False;False;False;False;False;1;True
efd4b23521a036f85f700bc5cb8fe971;lag_despacho_negativo;delivered;True;RS;Bento Gonçalves;RS;33cbbec1e7e1044aaf11d152172c776f;11-100;29faa8c473b12f62ab8f783c18fca3a9;São Marcos;RS;RS;95190;2018-04-22 19:50:09;2018-04-24 18:14:36;2018-04-23 21:56:43;2018-04-30 19:54:50;2018-05-08 00:00:00;2018-04-26 20:31:53;1.0;857be5cab7b9c69b973ce723ca69c9f7;475.0;475.0;35.73;14.43;50.16;credit_card;8.003;-7.17;True;False;False;False;False;False;False;False;False;False;False;True;False;False;False;False;False;False;False;False;False;False;False;False;False;1;True
933824572e25f2482e2b59e73b1c9858;lag_despacho_negativo;delivered;True;MG;Belo Horizonte;MG;06bb3a2fe5e7b7a845b13e8fb91bd944;11-100;0f5a50334bda1f5cd66df24f8c4787ab;Rio de Janeiro;RJ;RJ;22251;2018-07-04 22:45:03;2018-07-05 16:13:04;2018-07-05 10:21:00;2018-07-11 19:08:27;2018-08-06 00:00:00;2018-07-08 23:31:11;1.0;8a4505505378c8f5d983f3201e9c25da;325.0;325.0;89.6;15.73;105.33;credit_card;6.85;-25.202;True;False;False;False;False;False;False;False;False;False;False;True;False;False;False;False;False;False;False;False;False;False;False;False;False;1;True
6192897f85cb2aff6dd1fca56fddb45e;lag_despacho_negativo;delivered;True;SP;Itaquaquecetuba;SP;c8b0e2b0a7095e5d8219575d5e7e1181;11-100;f77559535865a660bd328db79a177749;Maringá;PR;PR;87023;2018-07-18 13:34:22;2018-07-18 13:50:12;2018-07-18 11:33:00;2018-07-26 15:02:53;2018-08-03 00:00:00;2018-07-20 13:50:12;1.0;c2f3c9eafccd7ee6ea11f24d3e3b7366;1100.0;1100.0;199.99;19.5;219.49;credit_card;8.061;-7.373;True;False;False;False;False;False;False;False;False;False;False;True;False;False;False;False;False;False;False;False;False;False;False;False;False;1;True
a00d80133807b3fcebee86be41116908;lag_despacho_negativo;delivered;True;PR;Curitiba;PR;0ef83d7d83ed97cd2a0049ac8be5f88a;11-100;de4c540fcac301e3bf0dd6a9ffcfaa8a;Cornélio Procópio;PR;PR;86300;2018-04-22 17:44:50;2018-04-24 18:35:49;2018-04-23 22:37:31;2018-04-25 22:56:48;2018-05-08 00:00:00;2018-04-26 18:30:41;2.0;719d571299707561c34ba04ab867b32a;434.0;434.0;105.98;28.9;134.88;credit_card;3.217;-12.044;True;False;False;False;False;False;False;False;False;False;False;True;False;False;False;False;False;True;False;False;False;False;False;False;False;2;True
a850819097762e4dd825ae3d911f5861;lag_despacho_negativo;delivered;True;SP;São Paulo;SP;8b321bb669392f5163d04c59e235e066;101-1000;ff06c41711731780b94fb5b060a45893;Itapiranga;SC;SC;89896;2018-07-22 12:16:24;2018-07-23 11:31:42;2018-07-23 11:21:00;2018-07-31 16:10:37;2018-08-13 00:00:00;2018-07-25 09:18:51;1.0;ff29d8cb1cd0cd5ea37b80dac9939e1c;200.0;200.0;25.9;18.23;44.13;credit_card;9.163;-12.326;True;False;False;False;False;False;False;False;False;False;False;True;False;False;False;False;False;False;False;False;False;False;False;False;False;1;True
c76b75e541b06461ec9cf363fd962ee3;lag_despacho_negativo;delivered;True;SP;São Paulo;SP;ea8482cd71df3c1969d7b9473ff13abc;>1000;90df085f8a512665dce9ae9e923b0b83;Rio de Janeiro;RJ;RJ;22221;2018-05-23 15:50:05;2018-05-23 16:16:01;2018-05-23 14:51:00;2018-06-07 19:31:51;2018-07-02 00:00:00;2018-05-28 16:16:01;1.0;33f17ed3c6906f7a7ae17a0843536db4;300.0;300.0;27.99;15.23;43.22;credit_card;15.154;-24.186;True;False;False;False;False;False;False;False;False;False;False;True;False;False;False;False;False;False;False;False;False;False;False;False;False;1;True
67d53222525b2b5b1e913487b953e2db;lag_despacho_negativo;delivered;True;SP;São Paulo;SP;59fb871bf6f4522a87ba567b42dafecf;101-1000;a78a279f5cf0cf0f217505c4fe856432;Jacobina;BA;BA;44700;2018-02-14 22:36:40;2018-02-16 14:29:50;2018-02-15 19:25:54;2018-02-28 23:58:37;2018-03-15 00:00:00;2018-02-20 23:30:56;1.0;835d8502d265ddeb4bdd39591d55fa2b;500.0;500.0;149.99;18.62;168.61;credit_card;14.057;-14.001;True;False;False;False;False;False;False;False;False;False;False;True;False;False;False;False;False;False;False;False;False;False;False;False;False;1;True
03c8468d3001db38cadd59ac670341cc;lag_despacho_negativo;delivered;True;SP;São Bernardo do Campo;SP;8d956fec2e4337affcb520f56fd8cbfd;101-1000;ecb809e65ff4dda823037481d5a64741;Vitória;ES;ES;29047;2018-07-22 16:21:23;2018-07-27 23:31:15;2018-07-24 14:02:00;2018-08-02 01:46:31;2018-08-07 00:00:00;2018-07-26 04:25:19;1.0;51e3084a334ce75dc646c9c6eea90e37;175.0;175.0;24.53;15.27;39.8;boleto;10.392;-4.926;True;False;False;False;False;False;False;False;False;False;False;True;False;False;False;False;False;False;False;False;False;False;False;False;False;1;True
dceb62e8fa94b46006c9554fed743df0;entrega_antes_coleta;delivered;True;SP;Piracicaba;SP;da8622b14eb17ae2831f4ac5b9dab84a;>1000;2721900eb4e0f1cc2c836dd7bc1b1e11;Ubá;MG;MG;36500;2017-07-20 20:58:05;2017-07-22 11:45:11;2017-08-01 18:23:30;2017-07-26 18:09:10;2017-08-11 00:00:00;2017-07-27 11:45:11;3.0;372645c7439f9661fbbacfd129aa92ec;1500.0;1500.0;278.79;51.28;330.06;credit_card;5.883;-15.244;True;False;False;False;False;False;False;False;True;False;False;False;False;False;False;False;False;True;False;False;False;False;False;False;False;2;True
0f75f2844ce21ea30f36b770fe2459c3;lag_despacho_negativo;delivered;True;PR;Maringá;PR;128639473a139ac0f3e5f5ade55873a5;101-1000;702642d82c455d0a5b156b8fc92f8f38;Barbacena;MG;MG;36204;2018-07-03 22:46:47;2018-07-05 16:33:00;2018-07-05 10:22:00;2018-07-10 17:32:04;2018-08-01 00:00:00;2018-07-08 23:30:41;1.0;f51dde119b9a90e3c7464f0cc45c0953;150.0;150.0;18.9;22.06;40.96;credit_card;6.781;-21.269;True;False;False;False;False;False;False;False;False;False;False;True;False;False;False;False;False;False;False;False;False;False;False;False;False;1;True
7916e8283be68b0f8c475ec68cf0f333;lag_despacho_negativo;delivered;True;SP;Ibitinga;SP;1835b56ce799e6a4dc4eddc053f04066;101-1000;00e4dd8d5ecaa00de8c6671679b58045;Governador Valadares;MG;MG;35010;2018-07-03 10:52:13;2018-07-05 16:26:49;2018-07-05 14:13:00;2018-07-13 15:12:50;2018-07-27 00:00:00;2018-07-09 04:34:15;1.0;845968d70e40e2ceece1bc1d3f5812d7;400.0;400.0;34.99;18.35;53.34;boleto;10.181;-13.366;True;False;False;False;False;False;False;False;False;False;False;True;False;False;False;False;False;False;False;False;False;False;False;False;False;1;True
1fab4ac9d85079b3da72a11475ae1685;lag_despacho_negativo;delivered;True;SP;Guariba;SP;4869f7a5dfa277a7dca6462dcf3b52b2;>1000;f831c1fa80308975ec2b58e4877328e0;Leme;SP;SP;13610;2017-09-01 19:04:22;2017-09-13 22:06:11;2017-09-04 13:10:23;2017-09-08 20:13:03;2017-09-20 00:00:00;2017-09-07 22:31:41;1.0;7a10781637204d8d10485c71a6108a2e;342.0;342.0;229.9;13.11;243.01;credit_card;7.048;-11.158;True;False;False;False;False;False;False;False;False;False;False;True;False;False;False;False;False;False;False;False;False;False;False;False;False;1;True
d8ff993abef623e4c9956f245c4345e9;lag_despacho_negativo;delivered;True;SP;Ibitinga;SP;4a3ca9315b744ce9f8e9374361493884;>1000;924a7950479b075b9605579a24456054;São Paulo;SP;SP;4084;2018-08-04 04:59:37;2018-08-09 23:31:23;2018-08-06 18:18:00;2018-08-14 00:07:41;2018-08-16 00:00:00;2018-08-08 08:35:14;1.0;35afc973633aaeb6b877ff57b2793310;1825.0;1825.0;77.9;14.86;92.76;credit_card;9.797;-1.995;True;False;False;False;False;False;False;False;False;False;False;True;False;False;False;False;False;False;False;False;False;False;False;False;False;1;True
83b168c70ec0325445963b36cda1eef3;lag_despacho_negativo;delivered;True;SP;São Paulo;SP;4371b634e0efc0e22b09b52907d9d469;101-1000;2dd3795ab63cdf3a8a43473456101b25;Maringá;PR;PR;87025;2018-04-21 23:25:36;2018-04-24 18:59:21;2018-04-23 21:11:20;2018-04-28 13:44:42;2018-05-18 00:00:00;2018-04-26 00:30:46;1.0;642369377615febc7fa89e4c8df5110e;150.0;150.0;55.0;18.27;73.27;credit_card;6.597;-19.427;True;False;False;False;False;False;False;False;False;False;False;True;False;False;False;False;False;False;False;False;False;False;False;False;False;1;True
d19e65e88e48b013c91b0e77c852d06e;lag_despacho_negativo;delivered;True;SP;São Paulo;SP;d9e7e7778b32987280a6f2cb9a39c57d;11-100;186225e3a0cbe611c2f5a992977ea60d;Recife;PE;PE;52130;2018-06-08 16:40:18;2018-06-08 19:31:01;2018-06-08 15:31:00;2018-06-23 18:28:47;2018-07-18 00:00:00;2018-06-14 17:30:35;1.0;99051458e8e83372d619c3092f874824;1150.0;1150.0;76.9;22.6;99.5;debit_card;15.075;-24.23;True;False;False;False;False;False;False;False;False;False;False;True;False;False;False;False;False;False;False;False;False;False;False;False;False;1;True
16ee19fe4df0a090015e2fa16f3bf3e0;lag_despacho_negativo;delivered;True;PE;Recife;PE;de722cd6dad950a92b7d4f82673f8833;101-1000;c9ecc0e06e2ac8485acc3a539d0ae727;Belo Horizonte;MG;MG;30315;2018-04-23 10:13:38;2018-04-24 18:39:58;2018-04-24 18:34:54;2018-05-02 19:33:37;2018-05-22 00:00:00;2018-04-30 04:30:41;1.0;3dd2a17168ec895c781a9191c1e95ad7;533.0;533.0;149.9;21.1;171.0;boleto;9.389;-19.185;True;False;False;False;False;False;False;False;False;False;False;True;False;False;False;False;False;False;False;False;False;False;False;False;False;1;True
e1bea0700731c9179b4e7e2e0183aa14;lag_despacho_negativo;delivered;True;SP;São Bernardo do Campo;SP;116ccb1a1604bc88e4d234a8c23f33de;11-100;af69c0e9111bb4c346dcd2d74a37c02e;Guararema;SP;SP;8900;2018-08-03 15:37:48;2018-08-03 15:55:20;2018-08-03 15:09:00;2018-08-08 20:28:35;2018-08-15 00:00:00;2018-08-07 15:55:20;1.0;db8d62bf1bf1d2dd880c99b88ebff3fb;350.0;350.0;19.0;12.79;31.79;credit_card;5.202;-6.147;True;False;False;False;False;False;False;False;False;False;False;True;False;False;False;False;False;False;False;False;False;False;False;False;False;1;True
a75dc59fb32aa2b2ba7db8573eabd774;lag_despacho_negativo;delivered;True;SP;São Paulo;SP;f262cbc1c910c83959f849465454ddd3;101-1000;2428a522e85ec8ffd6e3756fe7ddc782;Niterói;RJ;RJ;24210;2018-07-04 18:32:44;2018-07-05 16:30:53;2018-07-05 14:10:00;2018-07-09 17:48:53;2018-07-24 00:00:00;2018-07-06 19:31:02;1.0;9e48435521202c8795e21ac42efcc761;600.0;600.0;29.99;16.4;46.39;credit_card;4.97;-14.258;True;False;False;False;False;False;False;False;False;False;False;True;False;False;False;False;False;False;False;False;False;False;False;False;False;1;True
9d53272cfdce55bd62a920f66ad66e47;lag_despacho_negativo;delivered;True;PR;Curitiba;PR;6b243f80ed07b10f0e8aa0f21a205f3c;11-100;ade97eafe40137331349c0826bdaec00;Brasília;DF;DF;72610;2018-07-04 14:47:16;2018-07-05 16:32:52;2018-07-05 12:23:00;2018-07-09 23:07:19;2018-08-01 00:00:00;2018-07-10 15:30:35;1.0;33b22110fa818ff5f0c387a79f19b612;300.0;300.0;64.9;19.36;84.26;credit_card;5.347;-22.037;True;False;False;False;False;False;False;False;False;False;False;True;False;False;False;False;False;False;False;False;False;False;False;False;False;1;True
c13a062c19003147450d2f42e7b7239b;lag_despacho_negativo;delivered;True;PR;Curitiba;PR;0241d4d5d36f10f80c644447315af0bd;101-1000;4bcdec0da540bf66afbe39d36b87eab6;Curitiba;PR;PR;81050;2018-07-04 23:39:56;2018-07-05 16:32:44;2018-07-05 14:15:00;2018-07-06 15:45:00;2018-07-17 00:00:00;2018-07-09 00:30:44;1.0;cf6db73155e09a3583117d7dbeeab445;950.0;950.0;39.9;9.41;49.31;credit_card;1.67;-10.344;True;False;False;False;False;False;False;False;False;False;False;True;False;False;False;False;False;False;False;False;False;False;False;False;False;1;True
a103ca0d5926c0afb6a2892545f93a7c;lag_despacho_negativo;delivered;True;SP;Ibitinga;SP;640e21a7d01df7614a3b4923e990d40c;101-1000;9bee4741cacc6088a036a3068f485287;Magé;RJ;RJ;25900;2018-05-16 14:37:16;2018-05-16 15:18:06;2018-05-16 14:05:00;2018-06-02 17:27:55;2018-06-07 00:00:00;2018-05-21 15:18:06;1.0;703d742887bb9267f89b675608ba7aa0;950.0;950.0;56.1;14.01;70.11;credit_card;17.119;-4.272;True;False;False;False;False;False;False;False;False;False;False;True;False;False;False;False;False;False;False;False;False;False;False;False;False;1;True
2222dbaded2c9c8406d1cbdeae118948;lag_despacho_negativo;delivered;True;SP;Indaiatuba;SP;f84fa566034f5e8e880a07ec624c56af;11-100;b43982f5a660861f2c4896a53f2358be;São Paulo;SP;SP;5524;2018-07-03 08:30:36;2018-07-05 16:32:56;2018-07-05 13:25:00;2018-07-10 17:52:28;2018-07-19 00:00:00;2018-07-09 09:31:50;1.0;41ad56651f07e2f6f66f9372c0e89071;350.0;350.0;29.59;8.37;37.96;credit_card;7.39;-8.255;True;False;False;False;False;False;False;False;False;False;False;True;False;False;False;False;False;False;False;False;False;False;False;False;False;1;True
35df0cf1d7650c5c0ad88837c4dfde89;lag_despacho_negativo;delivered;True;SP;Botucatu;SP;02f623a8eb246f3c5f7c2f96462654e6;11-100;56d4e564c90c03ec7bdc5958321f3874;São Paulo;SP;SP;2021;2018-07-04 11:02:43;2018-07-05 16:13:16;2018-07-05 14:05:00;2018-07-10 15:28:43;2018-07-24 00:00:00;2018-07-11 04:31:51;1.0;1c8c191152d78378de9b31fa8231bcd6;975.0;975.0;109.0;14.34;123.34;boleto;6.185;-13.355;True;False;False;False;False;False;False;False;False;False;False;True;False;False;False;False;False;False;False;False;False;False;False;False;False;1;True
0132f39e8ad9b42ad2d41c847f44c0ed;lag_despacho_negativo;delivered;True;SP;São Paulo;SP;e24d3429d294b2eb200b064ebb035879;11-100;a09467d10848ae399caa6f3fb072c6cd;São Paulo;SP;SP;8280;2018-07-05 14:49:56;2018-07-05 16:22:32;2018-07-05 14:58:00;2018-07-06 21:09:08;2018-07-18 00:00:00;2018-07-11 15:30:43;1.0;fc13bac52be6640d9a77f54894e2c0e6;550.0;550.0;28.8;8.36;37.16;credit_card;1.263;-11.119;True;False;False;False;False;False;False;False;False;False;False;True;False;False;False;False;False;False;False;False;False;False;False;False;False;1;True
a729a5577a90047af954bb2210ebca66;lag_despacho_negativo;delivered;True;SP;Praia Grande;SP;e9779976487b77c6d4ac45f75ec7afe9;101-1000;0b3495408fdeebce89762ce64a9ae7f6;Jacareí;SP;SP;12319;2018-07-23 10:52:58;2018-07-28 23:30:57;2018-07-25 14:12:00;2018-07-30 19:05:09;2018-08-02 00:00:00;2018-07-30 06:10:16;1.0;67bd616e1ba0d3d3e8545f3113b0140d;300.0;300.0;14.49;7.87;22.36;boleto;7.342;-2.205;True;False;False;False;False;False;False;False;False;False;False;True;False;False;False;False;False;False;False;False;False;False;False;False;False;1;True
c0cb48c270009fc128318b2f9eda3bec;lag_despacho_negativo;delivered;True;SP;Praia Grande;SP;d91fb3b7d041e83b64a00a3edfb37e4f;101-1000;246295516c97fc54aa274c6fd2222602;Planaltina;GO;GO;73752;2018-04-22 17:47:10;2018-04-24 18:34:06;2018-04-23 18:02:33;2018-05-04 18:17:35;2018-05-15 00:00:00;2018-04-26 18:30:46;1.0;da98cf62c7fe9452761e782902ad71a2;100.0;100.0;61.9;18.31;80.21;credit_card;12.021;-10.238;True;False;False;False;False;False;False;False;False;False;False;True;False;False;False;False;False;False;False;False;False;False;False;False;False;1;True
19d1e5344936559f5f7b21099fdadd0e;lag_despacho_negativo;delivered;True;SC;Brusque;SC;609e1a9a6c2539919b8205cf7c4e6ff0;11-100;3b8977e6367e78587cb5751de37c2268;Paulínia;SP;SP;13140;2018-07-02 16:41:22;2018-07-05 16:14:55;2018-07-04 10:59:00;2018-07-10 17:32:02;2018-07-30 00:00:00;2018-07-05 04:32:02;1.0;8b51c6ccc9c0548c951214e1cd1547ff;1000.0;1000.0;59.9;19.61;79.51;boleto;8.035;-19.269;True;False;False;False;False;False;False;False;False;False;False;True;False;False;False;False;False;False;False;False;False;False;False;False;False;1;True
c43d9824271456d761379296996811fc;lag_despacho_negativo;delivered;True;SP;São Paulo;SP;6560211a19b47992c3666cc44a7e94c0;>1000;c2cfed40fa990f6204cd545804280291;São Carlos;SP;SP;13560;2018-07-22 14:46:56;2018-07-23 12:32:44;2018-07-23 11:25:00;2018-07-26 18:46:42;2018-08-06 00:00:00;2018-07-25 10:24:00;1.0;3eebb0207da828bf5376257ceca70959;250.0;250.0;58.0;13.07;71.07;credit_card;4.167;-10.218;True;False;False;False;False;False;False;False;False;False;False;True;False;False;False;False;False;False;False;False;False;False;False;False;False;1;True
94854459746ccda5ed3c3440739bb202;lag_despacho_negativo;delivered;True;SP;Pradópolis;SP;b33e7c55446eabf8fe1a42d037ac7d6d;101-1000;85f5996744b30a3b1556a17b3c51ce18;Caieiras;SP;SP;7704;2018-04-20 19:00:01;2018-04-24 18:35:04;2018-04-23 19:23:47;2018-04-26 20:14:49;2018-05-15 00:00:00;2018-04-26 19:30:36;1.0;b2e22c958b453a43a650a579dcac2e43;438.0;438.0;378.0;15.09;393.09;credit_card;6.052;-18.156;True;False;False;False;False;False;False;False;False;False;False;True;False;False;False;False;False;False;False;False;False;False;False;False;False;1;True
6d482de66fa3ace9fc873ae40f19c4a6;lag_despacho_negativo;delivered;True;SP;São Paulo;SP;ea8482cd71df3c1969d7b9473ff13abc;>1000;010ebb5ce5da9367a59959153f083968;São José dos Campos;SP;SP;12215;2018-07-20 19:40:40;2018-07-25 23:31:51;2018-07-24 15:31:00;2018-07-30 18:16:51;2018-07-31 00:00:00;2018-07-27 04:25:26;1.0;7f457254a89d62960399e075711b3deb;300.0;300.0;24.99;7.44;32.43;boleto;9.942;-0.238;True;False;False;False;False;False;False;False;False;False;False;True;False;False;False;False;False;False;False;False;False;False;False;False;False;1;True
65c103df35abbe57462ae508a41fe3a3;lag_despacho_negativo;delivered;True;PR;Maringá;PR;3bb548e3cb7f70f28e3f11ee9dce0e59;11-100;950f5ae7202ebb07431ee23e539e8b33;Santa Bárbara D'oeste;SP;SP;13455;2018-07-03 18:38:29;2018-07-05 16:31:14;2018-07-05 15:51:00;2018-07-12 00:40:57;2018-08-02 00:00:00;2018-07-09 21:31:42;1.0;d76c049f36a5b4975aa3cf095a6fa499;194.0;194.0;124.89;14.21;139.1;debit_card;8.252;-20.972;True;False;False;False;False;False;False;False;False;False;False;True;False;False;False;False;False;False;False;False;False;False;False;False;False;1;True
722551f92737b15702800d3c63dcda10;lag_despacho_negativo;delivered;True;PR;Curitiba;PR;6b243f80ed07b10f0e8aa0f21a205f3c;11-100;0f5a932fd45302af276e4ad8cf0d9a19;Brasília;DF;DF;72220;2018-07-04 21:51:47;2018-07-05 16:23:18;2018-07-05 12:23:00;2018-07-11 20:35:39;2018-08-01 00:00:00;2018-07-10 22:31:24;1.0;92144cc00a16129494387f172aa54198;1350.0;1350.0;124.9;23.15;148.05;credit_card;6.947;-20.142;True;False;False;False;False;False;False;False;False;False;False;True;False;False;False;False;False;False;False;False;False;False;False;False;False;1;True
a14cb0a59ebadf133edc5ccb9ccfc0e7;lag_despacho_negativo;delivered;True;SP;São Paulo;SP;ea8482cd71df3c1969d7b9473ff13abc;>1000;f5798cfca279c6631c01420e1dffe011;São Bernardo do Campo;SP;SP;9725;2018-06-26 15:38:05;2018-06-26 15:56:48;2018-06-26 15:18:00;2018-06-28 21:38:33;2018-07-12 00:00:00;2018-06-29 15:56:48;1.0;7f457254a89d62960399e075711b3deb;300.0;300.0;24.99;7.44;32.43;credit_card;2.25;-13.098;True;False;False;False;False;False;False;False;False;False;False;True;False;False;False;False;False;False;False;False;False;False;False;False;False;1;True
4409219388d83b4e077e0537ac46ec0c;lag_despacho_negativo;delivered;True;SP;São Paulo;SP;1e8b33f18b4f7598d87f5cbee2282cc2;101-1000;bc303aac3563316de8114c1bb12ac2db;Salvador;BA;BA;41701;2018-04-21 13:04:58;2018-04-24 18:05:45;2018-04-24 02:07:00;2018-05-11 23:11:38;2018-05-16 00:00:00;2018-04-26 13:31:24;1.0;7668f663b32b0678da61622125b39545;1100.0;1100.0;89.9;18.56;108.46;credit_card;20.421;-4.034;True;False;False;False;False;False;False;False;False;False;False;True;False;False;False;False;False;False;False;False;False;False;False;False;False;1;True
33526a04c7941ab386cc410962b171a0;lag_despacho_negativo;delivered;True;SC;Jaguaruna;SC;1ce3ae5a399804d1a87e706f8a813c3e;11-100;abffa9acf0a8f4ae68488c204ba45304;Belo Horizonte;MG;MG;30285;2018-07-24 13:43:20;2018-07-24 13:55:23;2018-07-24 13:03:00;2018-07-30 12:26:29;2018-08-17 00:00:00;2018-07-26 13:53:19;1.0;092eff69a9499b052a2258f502ea0775;500.0;500.0;39.9;22.21;62.11;credit_card;5.947;-17.482;True;False;False;False;False;False;False;False;False;False;False;True;False;False;False;False;False;False;False;False;False;False;False;False;False;1;True
4b8f5652792df716a6e936ae0c78a935;lag_despacho_negativo;delivered;True;MG;Ubá;MG;b92e3c8f9738272ff7c59e111e108d7c;11-100;a56b03f5e6015f1a502b9810309b98b7;Salvador;BA;BA;41308;2017-06-26 12:05:33;2017-07-01 21:33:24;2017-06-26 13:05:19;2017-07-12 19:47:28;2017-08-28 00:00:00;2017-06-30 12:45:21;1.0;f9e5efb845b51d764b06f149eb99fc7f;1350.0;1350.0;49.9;19.59;69.49000000000001;credit_card;16.321;-46.175;True;False;False;False;False;False;False;False;False;False;False;True;False;False;False;False;False;False;False;False;False;False;False;False;False;1;True
fa962e76e50f3469ae2abfa54e6d5be0;lag_despacho_negativo;delivered;True;SP;São Paulo;SP;b4ffb71f0cb1b1c3d63fad021ecf93e1;101-1000;aa80dff2d54c89d3bc5040a9dbe5108c;São Paulo;SP;SP;8440;2018-07-22 13:07:02;2018-07-27 23:30:58;2018-07-24 14:38:00;2018-07-25 18:21:18;2018-07-31 00:00:00;2018-07-26 03:45:19;1.0;6e7068f054aef49b1900247c5c1b752b;100.0;100.0;43.7;7.57;51.27;boleto;3.218;-5.235;True;False;False;False;False;False;False;False;False;False;False;True;False;False;False;False;False;False;False;False;False;False;False;False;False;1;True
00b4c651133c06fb175123a492f1cac3;lag_despacho_negativo;delivered;True;GO;Anápolis;GO;6a38087bc8ad4f89ff453561005f6dea;11-100;965cef866a59a3cd6d1e92ba0ad2c779;Brasília;DF;DF;72001;2018-08-17 12:56:21;2018-08-17 14:27:21;2018-08-17 13:54:00;2018-08-23 13:22:44;2018-08-28 00:00:00;2018-08-22 14:27:21;1.0;87ea2f45559e10519513a20b24147316;100.0;100.0;158.9;14.59;173.49;credit_card;6.018;-4.443;True;False;False;False;False;False;False;False;False;False;False;True;False;False;False;False;False;False;False;False;False;False;False;False;False;1;True
37426c9050d76817b80ce7208f081fbd;lag_despacho_negativo;delivered;True;SP;São Paulo;SP;1e8b33f18b4f7598d87f5cbee2282cc2;101-1000;a9104554c614b23afc445ac39a802173;São Paulo;SP;SP;5382;2018-04-22 19:48:14;2018-04-24 18:09:44;2018-04-24 02:07:00;2018-04-25 19:26:35;2018-05-07 00:00:00;2018-04-26 20:31:41;1.0;abd847676cb6a8b707b4f22b9fae9d39;4025.0;4025.0;159.9;13.02;172.92;credit_card;2.985;-11.19;True;False;False;False;False;False;False;False;False;False;False;True;False;False;False;False;False;False;False;False;False;False;False;False;False;1;True
d9544a5262bc4ab34c701c37a69635c2;lag_despacho_negativo;delivered;True;SP;Ribeirão Preto;SP;897060da8b9a21f655304d50fd935913;101-1000;b12e23d0bf11297749d4ff141ad16040;Maringá;PR;PR;87030;2017-07-30 22:21:37;2017-08-04 11:33:20;2017-08-02 18:22:28;2017-08-14 16:45:09;2017-08-22 00:00:00;2017-08-07 04:30:25;1.0;7bf115809ab249f1bf0fa92d72e0baf8;100.0;100.0;40.9;15.1;56.0;boleto;14.766;-7.302;True;False;False;False;False;False;False;False;False;False;False;True;False;False;False;False;False;False;False;False;False;False;False;False;False;1;True
518f64553f1bdccfe47ed290584a60a3;lag_despacho_negativo;delivered;True;RJ;Mesquita;RJ;8b9d6eec4a7eb7d0f9d579ce0b38324d;11-100;d42189413c7699ea8214e0ec9e0cd70d;Volta Redonda;RJ;RJ;27251;2018-07-04 14:42:06;2018-07-05 16:35:08;2018-07-05 13:29:00;2018-07-07 12:42:00;2018-07-18 00:00:00;2018-07-06 15:30:34;1.0;2ff995aead9c63a1f37a07b3664ead37;7500.0;7500.0;69.99;17.12;87.11;credit_card;2.917;-10.471;True;False;False;False;False;False;False;False;False;False;False;True;False;False;False;False;False;False;False;False;False;False;False;False;False;1;True
d477ea450bb767cf9e8bea5fde7336d8;lag_despacho_negativo;delivered;True;SP;Araçatuba;SP;efcd8d2104f1a05d028af7bad20d974b;11-100;64e5b5b5abea3d62bf84acc78478f8d9;São Carlos;SP;SP;13575;2017-04-26 03:54:32;2017-04-27 13:36:39;2017-04-27 10:59:36;2017-05-05 15:23:56;2017-05-15 00:00:00;2017-05-03 09:32:02;1.0;df892547f0d5bb0c35cf26abc8e93d8d;100.0;100.0;70.0;11.1;81.1;credit_card;9.479;-9.358;True;False;False;False;False;False;False;False;False;False;False;True;False;False;False;False;False;False;False;False;False;False;False;False;False;1;True
2a797f1dfd6274ca81b660f4c59d0269;lag_despacho_negativo;delivered;True;SP;Jaú;SP;4d6d651bd7684af3fffabd5f08d12e5a;101-1000;cddeb067e97baf1b1a1a675490fa8ff8;São Bernardo do Campo;SP;SP;9725;2018-07-02 21:29:00;2018-07-05 16:09:39;2018-07-04 14:50:00;2018-07-11 20:18:31;2018-07-25 00:00:00;2018-07-09 07:30:34;1.0;45b280868bcc8124d9309f459a42eeaf;6450.0;6450.0;179.0;23.07;202.07;boleto;8.951;-13.154;True;False;False;False;False;False;False;False;False;False;False;True;False;False;False;False;False;False;False;False;False;False;False;False;False;1;True
3bef345f66e6215315fa59acd680c863;lag_despacho_negativo;delivered;True;PE;Recife;PE;de722cd6dad950a92b7d4f82673f8833;101-1000;ce641e2f9ffdece61389490656cf03d9;Santana de Parnaíba;SP;SP;6537;2018-07-04 10:52:31;2018-07-05 16:25:43;2018-07-05 14:03:00;2018-07-12 16:04:35;2018-07-27 00:00:00;2018-07-09 04:33:35;1.0;3dd2a17168ec895c781a9191c1e95ad7;533.0;533.0;149.9;25.4;175.3;boleto;8.217;-14.33;True;False;False;False;False;False;False;False;False;False;False;True;False;False;False;False;False;False;False;False;False;False;False;False;False;1;True
31baa0ae964c43e70c451e1928483669;lag_despacho_negativo;delivered;True;SP;Ribeirão Pires;SP;08633c14ef2db992c11f840f04fad4cd;11-100;9636300545e4304a7c005b8a60e3985f;Niterói;RJ;RJ;24240;2018-08-23 10:13:22;2018-08-23 10:25:32;2018-08-23 08:54:00;2018-08-25 12:28:46;2018-09-13 00:00:00;2018-08-27 10:25:32;2.0;5895e5cc058d6773e63c7084c7f6e636;375.0;375.0;65.4;30.66;96.06;credit_card;2.094;-18.48;True;False;False;False;False;True;False;False;False;False;False;True;False;False;False;False;False;True;False;False;False;False;False;False;False;3;True
666e488ce51569ca13755283bce0e7f0;lag_despacho_negativo;delivered;True;SP;São Paulo;SP;d4e12e7884759a14fa0f5f896c791cae;11-100;989aea921d9f98b5c84312b62e061b66;Sorocaba;SP;SP;18030;2018-04-23 00:26:17;2018-04-24 19:04:44;2018-04-24 16:36:56;2018-05-17 13:47:25;2018-05-09 00:00:00;2018-04-30 07:31:28;1.0;c060e10a2d12cc32962f598397156c20;600.0;600.0;26.9;8.88;35.78;credit_card;24.556;8.575;True;True;False;True;False;False;False;False;False;False;False;True;False;False;False;False;False;False;False;False;False;False;False;False;False;1;True
38144a7c1f1d4d5bffe36063d9fc7df6;lag_despacho_negativo;delivered;True;PR;Curitiba;PR;77530e9772f57a62c906e1c21538ab82;101-1000;f518bb43f82f8252efc3548d4a948581;Guaxupé;MG;MG;37800;2018-05-03 15:31:48;2018-05-03 16:30:26;2018-05-03 15:34:00;2018-05-09 19:58:29;2018-06-04 00:00:00;2018-05-09 16:30:26;1.0;a45b5f919e448b4372904ecc17aa7d21;1200.0;1200.0;119.0;47.56;166.56;credit_card;6.185;-25.168;True;False;False;False;False;False;False;False;False;False;False;True;False;False;False;False;False;False;False;False;False;False;False;False;False;1;True
4d3fd3b2bf5c3adc542718183a646bac;lag_despacho_negativo;delivered;True;SP;São Paulo;SP;955fee9216a65b617aa5c0531780ce60;>1000;39f307e088da26dc5257b7d459d604d1;Paragominas;PA;PA;68625;2018-04-22 15:59:16;2018-04-24 19:02:04;2018-04-23 19:14:24;2018-05-15 11:28:40;2018-06-04 00:00:00;2018-04-26 16:31:24;1.0;aca2eb7d00ea1a7b8ebd4e68314663af;2600.0;2600.0;69.9;0.0;69.9;credit_card;22.812;-19.522;True;False;False;False;False;False;False;False;False;False;True;True;False;False;False;False;False;False;False;False;False;False;False;False;False;2;True
b5ee9c8a7edd714067ee2db82c6da589;lag_despacho_negativo;delivered;True;SP;São Paulo;SP;00ee68308b45bc5e2660cd833c3f81cc;101-1000;3cb367d10216cbaec82d09ff0ceefeba;Cambé;PR;PR;86186;2018-04-23 12:38:56;2018-04-24 17:28:58;2018-04-24 17:13:05;2018-04-30 21:34:25;2018-05-22 00:00:00;2018-04-27 13:30:59;2.0;ed5122a6a757a4fea8f32a6fb95a5135;1938.0;1938.0;225.0;43.13;268.13;credit_card;7.372;-21.101;True;False;False;False;False;False;False;False;False;False;False;True;False;False;False;False;False;False;False;False;False;False;False;False;False;1;True
7be2814aa6db9f9f8652edee423f5863;lag_despacho_negativo;delivered;True;MG;Betim;MG;17ca9b9e9b9ef8fdb529001b49ebb50f;101-1000;95f490510e66b8f0550570de2a366593;Governador Valadares;MG;MG;35010;2018-07-03 09:49:11;2018-07-05 16:40:36;2018-07-03 15:16:00;2018-07-06 12:44:52;2018-07-20 00:00:00;2018-07-05 10:30:53;1.0;43d08d005661de0f514987971512b9fd;200.0;200.0;29.97;13.55;43.52;credit_card;3.122;-13.469;True;False;False;False;False;False;False;False;False;False;False;True;False;False;False;False;False;False;False;False;False;False;False;False;False;1;True
4308e12e9ffac5a442e69838bb90872d;lag_despacho_negativo;delivered;True;RJ;Rio de Janeiro;RJ;516e7738bd8f735ac19a010ee5450d8d;11-100;a61b501908541d3087f220fe04b77800;Belo Horizonte;MG;MG;30170;2018-06-05 13:29:29;2018-06-05 14:31:59;2018-06-05 13:41:00;2018-06-13 01:22:16;2018-07-05 00:00:00;2018-06-11 13:50:26;1.0;5e3b4b17383b90a3129e552bd71bf2b8;1450.0;1450.0;84.9;16.56;101.46;credit_card;7.495;-21.943;True;False;False;False;False;False;False;False;False;False;False;True;False;False;False;False;False;False;False;False;False;False;False;False;False;1;True
0f4ac89389a25eb2b1d923e4ed43c0a6;lag_despacho_negativo;delivered;True;SP;São Paulo;SP;8a130737016f838139d31878787a39c9;11-100;da8c803de79c3cb9417419917fee0d5d;Salvador;BA;BA;41100;2018-07-04 12:11:44;2018-07-05 16:33:00;2018-07-05 13:41:00;2018-07-14 13:48:37;2018-07-26 00:00:00;2018-07-06 12:30:44;1.0;10070e29929f7c7d609ee3201f236b8e;1250.0;1250.0;95.2;20.62;115.82;credit_card;10.067;-11.425;True;False;False;False;False;False;False;False;False;False;False;True;False;False;False;False;False;False;False;False;False;False;False;False;False;1;True
966d900084ff48f38516ba0a9bd50cfe;lag_despacho_negativo;delivered;True;BA;Salvador;BA;a3dd39f583bc80bd8c5901c95878921e;11-100;42b41007d8b9166d15d2b8898e23e52d;Campinas;SP;SP;13044;2017-12-04 09:15:59;2017-12-05 10:30:56;2017-12-04 23:28:03;2017-12-15 00:53:24;2017-12-29 00:00:00;2017-12-08 09:29:57;1.0;54b755678728b84472c2b654ac4de777;200.0;200.0;39.9;21.15;61.05;credit_card;10.651;-13.963;True;False;False;False;False;False;False;False;False;False;False;True;False;False;False;False;False;False;False;False;False;False;False;False;False;1;True
b5b79bbbc8693953906951dad6a55f07;lag_despacho_negativo;delivered;True;PR;Curitiba;PR;c3cfdc648177fdbbbb35635a37472c53;101-1000;9c26028ea7bbef31e19e4569b2fc95c2;Tijucas;SC;SC;88200;2018-07-03 12:56:35;2018-07-05 16:31:11;2018-07-05 15:37:00;2018-07-09 23:04:42;2018-08-01 00:00:00;2018-07-10 08:31:47;1.0;d918b3f4aa5272c2c3cd088d087ca069;2083.0;2083.0;109.9;18.82;128.72;boleto;6.422;-22.038;True;False;False;False;False;False;False;False;False;False;False;True;False;False;False;False;False;False;False;False;False;False;False;False;False;1;True
13ccf8b8e58a45adbc06ffb651474fdf;lag_despacho_negativo;delivered;True;SP;São Paulo;SP;1da3aeb70d7989d1e6d9b0e887f97c23;101-1000;f7bb3f874b4c1d0b726682b4c8543a9d;Guarulhos;SP;SP;7135;2018-04-22 18:36:45;2018-04-24 19:17:20;2018-04-23 20:59:06;2018-04-24 21:11:03;2018-05-09 00:00:00;2018-04-26 19:31:38;1.0;4e18c6967304419be650ad67237966ce;250.0;250.0;24.99;7.39;32.38;credit_card;2.107;-14.117;True;False;False;False;False;False;False;False;False;False;False;True;False;False;False;False;False;False;False;False;False;False;False;False;False;1;True
8c603c4cd6c5340bc4892c36e662a0bb;lag_despacho_negativo;delivered;True;SP;Guariba;SP;4869f7a5dfa277a7dca6462dcf3b52b2;>1000;7b5a8d934b1dc34a581b1f1d0fbfaba3;Santo Antônio de Jesus;BA;BA;44574;2018-04-20 20:12:31;2018-04-24 18:16:44;2018-04-24 17:15:50;2018-05-22 14:05:39;2018-05-25 00:00:00;2018-04-26 20:31:29;1.0;78119fbfa709d07b86f5ccf15043c6d6;586.0;586.0;186.9;23.02;209.92;credit_card;31.745;-2.413;True;False;False;False;False;False;False;False;False;False;False;True;False;False;False;False;False;False;False;False;False;False;False;False;False;1;True
67274e3826cb110f3d0cb45f33c2275e;lag_despacho_negativo;delivered;True;SP;São Paulo;SP;a420f60ff1aa9acc80d0e42959f2b313;11-100;3922f167f794a4db302660d54e0f80df;São Paulo;SP;SP;4582;2018-07-03 12:31:00;2018-07-05 16:27:40;2018-07-03 15:16:00;2018-07-05 21:58:31;2018-07-16 00:00:00;2018-07-05 13:31:35;1.0;adf591c625cb265c12bc6749d3a2f757;150.0;150.0;32.0;7.48;39.48;credit_card;2.394;-10.084;True;False;False;False;False;False;False;False;False;False;False;True;False;False;False;False;False;False;False;False;False;False;False;False;False;1;True
a99907012a9719344a76cffd42960499;lag_despacho_negativo;delivered;True;SC;São Ludgero;SC;1b4c3a6f53068f0b6944d2d005c9fc89;101-1000;8611feeeaa6d278ec4b4a5e4ae947fca;Ipu;CE;CE;62250;2017-04-27 21:42:23;2017-04-28 12:53:50;2017-04-28 09:12:53;2017-05-12 13:38:05;2017-06-12 00:00:00;2017-05-04 22:32:52;1.0;e9a69340883a438c3f91739d14d3a56d;3000.0;3000.0;169.9;45.07;214.97;credit_card;14.664;-30.432;True;False;False;False;False;False;False;False;False;False;False;True;False;False;False;False;False;False;False;False;False;False;False;False;False;1;True
45281486033aa1a5fb951a3cb2105e29;lag_despacho_negativo;delivered;True;SP;São Paulo;SP;76d5af76d0271110f9af36c92573f765;101-1000;ac90d04814ce655c507c4d043e27a891;São Paulo;SP;SP;2421;2018-02-14 23:23:43;2018-02-16 14:30:51;2018-02-15 19:29:01;2018-02-17 17:19:06;2018-03-01 00:00:00;2018-02-20 23:30:45;2.0;67fcc72a4cfd0ac826c0158ce5c98ae6;3150.0;3150.0;747.0;27.03;774.03;credit_card;2.747;-11.278;True;False;False;False;False;False;False;False;False;False;False;True;False;False;False;False;False;False;False;False;False;False;False;False;False;1;True
5a45d91a6a45708d28e1f018a24a2607;lag_despacho_negativo;delivered;True;SP;São Paulo;SP;7a67c85e85bb2ce8582c35f2203ad736;>1000;919aa64a6d7c36fe7b543e67a44aa203;Ponta Grossa;PR;PR;84061;2018-04-21 18:35:45;2018-04-24 19:06:34;2018-04-23 17:27:42;2018-04-26 17:58:26;2018-05-21 00:00:00;2018-04-26 19:31:34;1.0;3c54d3fdff96e2d3dc2115d08ef858c0;1200.0;1200.0;89.99;19.6;109.59;credit_card;4.974;-24.251;True;False;False;False;False;False;False;False;False;False;False;True;False;False;False;False;False;False;False;False;False;False;False;False;False;1;True
fda1a539f5eb9cb47272718d3b833f79;lag_despacho_negativo;delivered;True;SC;Joinville;SC;a3a38f4affed601eb87a97788c949667;101-1000;42526d4680d169906a64be9934f065f8;Brasília;DF;DF;73015;2018-04-21 16:19:21;2018-04-24 18:34:08;2018-04-24 16:32:14;2018-05-02 16:36:53;2018-05-17 00:00:00;2018-04-26 16:30:56;1.0;cd935d283d47f1050c505e1c39c48b67;281.0;281.0;69.9;37.18;107.08;credit_card;11.012;-14.308;True;False;False;False;False;False;False;False;False;False;False;True;False;False;False;False;False;False;False;False;False;False;False;False;False;1;True
654da57158d96035814657b5143bb11b;lag_despacho_negativo;delivered;True;SP;Osasco;SP;2528513dd95219a6013d4d05176e391a;101-1000;7edaf2c4de16b035306651cc8840587a;Bom Jesus dos Perdões;SP;SP;12955;2017-06-11 20:03:52;2017-06-16 23:33:49;2017-06-12 14:52:53;2017-07-03 16:16:46;2017-07-10 00:00:00;2017-06-15 20:15:32;1.0;ca0019454bd5ddca0f4022fe89f6557a;5700.0;5700.0;299.0;18.8;317.8;voucher;21.842;-6.322;True;False;False;False;False;False;False;False;False;False;False;True;False;False;False;False;False;False;False;False;False;False;False;False;False;1;True
89db72753850524e71c11a2531aef8b8;lag_despacho_negativo;delivered;True;SP;São Paulo;SP;fa40cc5b934574b62717c68f3d678b6d;101-1000;12763b16faa47526b11c99cd24f469b4;Joinville;SC;SC;89229;2018-01-30 15:54:34;2018-02-04 23:31:38;2018-01-31 21:24:06;2018-02-15 22:39:46;2018-02-26 00:00:00;2018-02-06 02:35:30;1.0;014a8a503291921f7b004a5215bb3c36;150.0;150.0;35.99;15.1;51.09;boleto;16.281;-10.056;True;False;False;False;False;False;False;False;False;False;False;True;False;False;False;False;False;False;False;False;False;False;False;False;False;1;True
19ac9c16a1ba1aad8f39aee10e7daef2;lag_despacho_negativo;delivered;True;SP;São José do Rio Preto;SP;1f50f920176fa81dab994f9023523100;>1000;7c7c111ae872ea147556a0bcf3298488;Belo Horizonte;MG;MG;30575;2018-04-20 13:27:24;2018-04-24 18:57:07;2018-04-23 23:25:30;2018-04-30 19:58:51;2018-05-16 00:00:00;2018-04-26 14:31:40;1.0;389d119b48cf3043d311335e499d9c6b;1750.0;1750.0;53.9;22.96;76.86;credit_card;10.272;-15.167;True;False;False;False;False;False;False;False;False;False;False;True;False;False;False;False;False;False;False;False;False;False;False;False;False;1;True
fcb9ec0e86e6d326a21a96c2008c8610;lag_despacho_negativo;delivered;True;SP;Ribeirão Preto;SP;670a9dda115b5a88b18cfadee8de2332;11-100;4825eb6b9fb138f6e32be28a39054bd8;São Paulo;SP;SP;5705;2018-08-16 16:28:13;2018-08-16 16:49:04;2018-08-16 16:27:00;2018-08-20 19:54:47;2018-09-03 00:00:00;2018-08-27 16:49:04;1.0;d8a728b48e36f36062bf197221a64335;100.0;100.0;89.9;13.29;103.19;credit_card;4.143;-13.17;True;False;False;False;False;False;False;False;False;False;False;True;False;False;False;False;False;False;False;False;False;False;False;False;False;1;True
4ee4c7c2fa34f8e2a66accd827f53d1f;lag_despacho_negativo;delivered;True;PR;Curitiba;PR;8dfbc5ff27df12f6cef751d3b9554222;1-10 pedidos;20aa562a8eb327bf99b5c3d425712beb;São Paulo;SP;SP;4543;2018-07-02 16:04:03;2018-07-05 16:15:55;2018-07-03 13:35:00;2018-07-06 11:03:24;2018-07-25 00:00:00;2018-07-09 04:30:38;1.0;ebd127d25e3b326ac93b992dfd4d2e0b;150.0;150.0;10.0;15.23;25.23;boleto;3.791;-18.539;True;False;False;False;False;False;False;False;False;False;False;True;False;False;False;False;False;False;False;False;False;False;False;False;False;1;True
5b9075f2428968c2587dad5024af0f63;lag_despacho_negativo;delivered;True;DF;Brasília;DF;5656537e588803a555b8eb41f07a944b;101-1000;2c25e9b2b46bb93a1ef7a2841a5b4ed2;Engenheiro Paulo de Frontin;RJ;RJ;26650;2018-06-26 11:24:48;2018-06-26 11:35:59;2018-06-26 10:58:00;2018-07-12 14:37:43;2018-07-25 00:00:00;2018-06-28 11:35:59;1.0;3ebc8cc75e312d29b5120d0cdc20bb4e;250.0;250.0;34.89;22.17;57.06;credit_card;16.134;-12.39;True;False;False;False;False;False;False;False;False;False;False;True;False;False;False;False;False;False;False;False;False;False;False;False;False;1;True
b367cc1437c9d0b2794f759930e61eba;lag_despacho_negativo;delivered;True;SP;São Paulo;SP;a416b6a846a11724393025641d4edd5e;101-1000;719100f2027a507b233cce1b52773a90;Rio de Janeiro;RJ;RJ;23520;2018-04-21 09:43:04;2018-04-24 18:42:20;2018-04-23 22:28:54;2018-04-28 15:03:18;2018-05-30 00:00:00;2018-04-26 10:31:00;1.0;43c78ce98fcf40ac29ce5912c85eee20;1150.0;1150.0;65.0;18.03;83.03;credit_card;7.222;-31.373;True;False;False;False;False;False;False;False;False;False;False;True;False;False;False;False;False;False;False;False;False;False;False;False;False;1;True
0467205a89711e4ec8e70ef2277e3287;lag_despacho_negativo;delivered;True;SP;São Paulo;SP;e0a366315b1b726b6c7832d664c0f530;11-100;90b8af517fbab96fb08d0115dffdc570;São Paulo;SP;SP;3433;2018-07-03 10:30:52;2018-07-05 16:40:30;2018-07-03 13:12:00;2018-07-04 22:42:41;2018-07-16 00:00:00;2018-07-05 11:31:12;1.0;f5badee8a0e679f057ec0ca4f0f32dcb;450.0;450.0;109.9;8.93;118.83;credit_card;1.508;-11.054;True;False;False;False;False;False;False;False;False;False;False;True;False;False;False;False;False;False;False;False;False;False;False;False;False;1;True
22648d496637318d8713a49b4e628a87;lag_despacho_negativo;delivered;True;SP;Praia Grande;SP;e9779976487b77c6d4ac45f75ec7afe9;101-1000;421c2ebe259018dbc12a45e720840b6b;Jacareí;SP;SP;12306;2018-07-30 13:55:11;2018-08-01 16:31:32;2018-07-31 14:07:00;2018-08-02 19:47:49;2018-08-09 00:00:00;2018-08-02 16:50:31;3.0;054515fd15bc1a2029f10de97ffa9120;150.0;150.0;129.0;24.119999999999997;153.12;credit_card;3.245;-6.175;True;False;False;False;False;False;False;False;False;False;False;True;False;False;False;False;False;True;False;False;False;False;False;False;False;2;True
e9136cf586a5b6aecf6fcd804542772c;lag_despacho_negativo;delivered;True;SP;Praia Grande;SP;d91fb3b7d041e83b64a00a3edfb37e4f;101-1000;e8c05ac29ee1a6620c6655ed75659890;São Paulo;SP;SP;1509;2018-04-21 15:00:13;2018-04-24 18:58:58;2018-04-23 22:34:49;2018-04-24 22:51:47;2018-05-04 00:00:00;2018-04-26 15:30:40;1.0;0a82c5e3af23bf02899280c8e1f4eea9;1250.0;1250.0;39.6;8.82;48.42;credit_card;3.327;-9.047;True;False;False;False;False;False;False;False;False;False;False;True;False;False;False;False;False;False;False;False;False;False;False;False;False;1;True
3f35998ab9e335d4bbce362585565265;lag_despacho_negativo;delivered;True;SP;Nova Odessa;SP;cd3d09fbe6e3e9ff0c0ac0c300e93ae7;11-100;eb4a3408cdc127877b876b3aa183491a;Currais Novos;RN;RN;59380;2018-06-27 12:13:43;2018-06-28 08:50:49;2018-06-28 08:10:00;2018-07-11 14:56:38;2018-08-03 00:00:00;2018-07-04 08:50:49;1.0;df1d7f15348e965b342ce28a7feba374;300.0;300.0;93.97;51.38;145.35;credit_card;14.113;-22.377;True;False;False;False;False;False;False;False;False;False;False;True;False;False;False;False;False;False;False;False;False;False;False;False;False;1;True
c50c0ae5e7fcdb752cc2d1c9e357c82b;lag_despacho_negativo;delivered;True;SP;Florianopolis;SC;9d5604a1f112324ad6b2aa552122e0fb;11-100;23924369eed2be1c4c4dfd6725aa0fd5;São Luís;MA;MA;65070;2018-04-22 21:32:09;2018-04-24 17:13:21;2018-04-24 16:10:45;2018-05-10 19:18:39;2018-05-21 00:00:00;2018-04-30 04:30:41;1.0;ee15827f0aa0a837f8edc88de60b7850;150.0;150.0;10.5;27.41;37.91;boleto;17.907;-10.195;True;False;False;False;False;False;False;False;False;False;False;True;False;False;False;False;False;False;False;False;False;False;False;False;True;2;True
505b77e04872f9f03ae71d4f75f43af4;lag_despacho_negativo;delivered;True;SP;São Paulo;SP;955fee9216a65b617aa5c0531780ce60;>1000;ffcdcb5ab4283658114e8077b9340a16;São Paulo;SP;SP;5017;2018-07-03 17:32:52;2018-07-05 16:31:43;2018-07-04 08:41:00;2018-07-05 23:26:46;2018-07-16 00:00:00;2018-07-05 18:32:13;1.0;aeb383f37bb53452cce26e3da03a6d80;650.0;650.0;39.0;8.43;47.43;credit_card;2.246;-10.023;True;False;False;False;False;False;False;False;False;False;False;True;False;False;False;False;False;False;False;False;False;False;False;False;False;1;True
95811675a89b66659996da5285a021db;lag_despacho_negativo;delivered;True;SP;São Paulo;SP;955fee9216a65b617aa5c0531780ce60;>1000;5885969ba920706beb8d5381a2ba981c;Brasília;DF;;72002;2018-08-09 11:07:40;2018-08-09 15:25:22;2018-08-09 13:37:00;2018-08-14 16:21:43;2018-08-23 00:00:00;2018-08-13 15:25:22;1.0;aca2eb7d00ea1a7b8ebd4e68314663af;2600.0;2600.0;109.9;22.07;131.97;credit_card;5.218;-8.318;True;False;False;False;False;False;True;False;False;False;False;True;False;False;False;False;False;False;False;False;False;False;False;False;False;2;True
472ef9d922172a83923731547a53978f;lag_despacho_negativo;delivered;True;SP;Cafelândia;SP;232a6014e7b10cba61c6c2b2ea6bb4b0;11-100;bc09d6b35dbc523da8fcbc010ba8c630;Maricá;RJ;RJ;24915;2018-04-22 09:29:31;2018-04-24 19:02:00;2018-04-23 19:28:40;2018-05-14 22:08:47;2018-05-21 00:00:00;2018-04-26 10:31:31;1.0;67018a848d35beb71cec955dad27f7d8;13100.0;13100.0;106.9;23.33;130.23;credit_card;22.527;-6.077;True;False;False;False;False;False;False;False;False;False;False;True;False;False;False;False;False;False;False;False;False;False;False;False;False;1;True
b59907afa60164e884ce406116efc58d;lag_despacho_negativo;delivered;True;SP;São Paulo;SP;f3da5b2ff499efb8d4a6d371d175d7dd;11-100;9c8fef93c079fbe536b901578adf6d2a;Tambaú;SP;SP;13710;2018-07-02 08:44:56;2018-07-05 16:13:12;2018-07-05 12:45:00;2018-07-10 22:31:55;2018-07-20 00:00:00;2018-07-05 04:31:01;1.0;f8c2617f62d3371e14acbe60d9483482;450.0;450.0;11.04;12.79;23.83;boleto;8.574;-9.061;True;False;False;False;False;False;False;False;False;False;False;True;False;False;False;False;False;False;False;False;False;False;False;False;False;1;True
ad0c8220f99f61bf17c26f4732bda83a;lag_despacho_negativo;delivered;True;SP;Limeira;SP;7238a95bb63ef7e498389fb863b834a1;11-100;4b80ef6eb0f70e5ab41bc1739a5cd827;Gravataí;RS;RS;94155;2018-07-05 14:46:33;2018-07-05 16:22:32;2018-07-05 15:50:00;2018-07-13 01:11:53;2018-08-01 00:00:00;2018-07-11 15:30:47;1.0;45ae343d4991cc21e7ec0a775239402f;200.0;200.0;39.9;18.38;58.28;credit_card;7.434;-18.95;True;False;False;False;False;False;False;False;False;False;False;True;False;False;False;False;False;False;False;False;False;False;False;False;False;1;True
af00499b52c61ba01c141aa619499861;lag_despacho_negativo;delivered;True;SP;São Bernardo do Campo;SP;f5a590cf36251cf1162ea35bef76fe84;101-1000;21002c15c8aa325861340153df24ef5f;São Paulo;SP;SP;2978;2018-07-01 13:48:36;2018-07-05 16:03:55;2018-07-03 15:45:00;2018-07-11 17:48:46;2018-07-17 00:00:00;2018-07-06 04:31:01;1.0;e10793be4658322d3d7e4c9910199f93;5000.0;5000.0;210.0;44.61;254.61;boleto;10.167;-5.258;True;False;False;False;False;False;False;False;False;False;False;True;False;False;False;False;False;False;False;False;False;False;False;False;False;1;True
5f9d46795c3126674e52becb3a1a517f;entrega_antes_coleta;delivered;True;SP;São Paulo;SP;dd7ddc04e1b6c2c614352b383efe2d36;101-1000;79287bcaafdde5c793b996fc40bb7d9f;Mogi das Cruzes;SP;SP;8790;2017-07-18 11:48:20;2017-07-18 12:03:29;2017-07-20 23:03:42;2017-07-20 18:52:41;2017-07-31 00:00:00;2017-07-24 12:03:29;2.0;4ba237d0c64f22e4d22ec19af9cfd1f4;17100.0;17100.0;178.9;44.79;223.69;credit_card;2.295;-10.213;True;False;False;False;False;False;False;False;True;False;False;False;False;False;False;False;False;False;False;False;False;False;False;False;False;1;True
1046a71a57b33b4a92f9f932237f1ab0;lag_despacho_negativo;delivered;True;SP;São Paulo;SP;921323538c9f1c4e816f2720eac02bea;11-100;4ad47cf6d7f04b49d4816debe22e9275;Goianésia;GO;GO;76380;2018-07-31 13:56:17;2018-07-31 14:05:11;2018-07-31 12:57:00;2018-08-03 17:12:13;2018-08-17 00:00:00;2018-08-06 14:05:11;1.0;c5c66926b3f964b8cf9e7dfb1150d13e;200.0;200.0;25.99;18.28;44.27;credit_card;3.136;-13.283;True;False;False;False;False;False;False;False;False;False;False;True;False;False;False;False;False;False;False;False;False;False;False;False;False;1;True
73e85a295c3028a2283eb8182a8ac56b;lag_despacho_negativo;delivered;True;CE;Fortaleza;CE;dbdd0ec73a4817971d962698f2fea022;11-100;6d75b739e1547399c38335db5a099405;Barueri;SP;SP;6458;2018-07-30 15:43:54;2018-08-02 13:42:54;2018-07-31 12:57:00;2018-08-27 21:54:40;2018-08-22 00:00:00;2018-08-02 18:30:46;1.0;450c25d98ed6923154a934554475bf13;19150.0;19150.0;399.0;144.29;543.29;credit_card;28.257;5.913;True;True;False;True;False;False;False;False;False;False;False;True;False;False;False;False;False;False;False;False;False;False;False;False;False;1;True
f19c25c87bfad3bc229897611b142a7f;lag_despacho_negativo;delivered;True;SP;Jaboticabal;SP;c68fb906c8f4b4b946d8386bfa6e5467;11-100;97965ac509860df88d56c242b0f6cd6b;São Caetano do Sul;SP;SP;9540;2018-06-18 16:06:06;2018-06-19 16:25:38;2018-06-19 14:12:00;2018-06-23 12:56:32;2018-07-12 00:00:00;2018-06-25 16:25:38;1.0;1778cf7281a461e29e202a848bcb2a77;1525.0;1525.0;109.13;15.07;124.2;credit_card;4.868;-18.461;True;False;False;False;False;False;False;False;False;False;False;True;False;False;False;False;False;False;False;False;False;False;False;False;False;1;True
1388e91d7d43769d6bd71f89a48a2929;lag_despacho_negativo;delivered;True;SP;Itaquaquecetuba;SP;c8b0e2b0a7095e5d8219575d5e7e1181;11-100;bb3d6fd23d9a597d659792e620b5ae6e;Magé;RJ;RJ;25908;2018-06-18 14:04:50;2018-06-18 14:19:43;2018-06-18 12:22:00;2018-06-25 22:08:40;2018-07-16 00:00:00;2018-06-20 14:19:43;1.0;c1a06e885e363ce94a917ac747be25c3;550.0;550.0;107.99;18.56;126.55;credit_card;7.336;-20.077;True;False;False;False;False;False;False;False;False;False;False;True;False;False;False;False;False;False;False;False;False;False;False;False;False;1;True
602a6242ac1fe2355d3e0ae1d53bf538;lag_despacho_negativo;delivered;True;PR;São José dos Pinhais;PR;b90e891671cffd9557f33a97dc523645;11-100;934b524cd57581aaec591c2533baacad;Joinville;SC;SC;89201;2018-04-23 10:12:07;2018-04-24 18:04:44;2018-04-23 20:18:31;2018-04-30 23:51:21;2018-05-14 00:00:00;2018-04-27 10:31:41;1.0;957bdadbdfc3aa7b33ac86d926721838;450.0;450.0;100.0;13.82;113.82;voucher;7.569;-13.006;True;False;False;False;False;False;False;False;False;False;False;True;False;False;False;False;False;False;False;False;False;False;False;False;False;1;True
9f7474d5eab299f291d474286d5272ca;lag_despacho_negativo;delivered;True;SP;São Paulo;SP;6560211a19b47992c3666cc44a7e94c0;>1000;3a016e989132441719e7daa7970643ba;Maricá;RJ;RJ;24936;2018-04-21 20:34:52;2018-04-24 18:40:36;2018-04-23 23:12:34;2018-04-27 17:18:50;2018-05-22 00:00:00;2018-04-25 21:31:01;1.0;aa8d88eb4b9cb38894e33fa624c4287f;250.0;250.0;55.0;15.27;70.27;credit_card;5.864;-24.279;True;False;False;False;False;False;False;False;False;False;False;True;False;False;False;False;False;False;False;False;False;False;False;False;False;1;True
09a5c8d751662bfb96c5a3307619cb36;lag_despacho_negativo;delivered;True;RJ;Campos dos Goytacazes;RJ;77fccaae319668a8ab6cd0fd16aec48c;11-100;1ef2ac142610b528b3b67d6f21725fa0;Rio de Janeiro;RJ;RJ;22290;2018-07-30 15:38:45;2018-08-02 13:43:20;2018-08-02 13:23:00;2018-08-03 14:03:49;2018-08-13 00:00:00;2018-08-03 18:30:57;2.0;afd22faefd9584467a374bf7a50f0996;150.0;150.0;348.0;28.85;376.85;credit_card;3.934;-9.414;True;False;False;False;False;False;False;False;False;False;False;True;False;False;False;False;False;False;False;False;False;False;False;False;False;1;True
7dda251cd0ccf3b0e0ff56d62b779fdc;lag_despacho_negativo;delivered;True;SP;Itapecerica da Serra;SP;3f995f07c49d0d55a99d5c54957f7d81;11-100;d506c0d4abd2528e9fddb923894a9dda;São Paulo;SP;SP;4140;2017-05-21 08:00:14;2017-05-22 10:41:43;2017-05-22 10:40:10;2017-05-23 08:49:42;2017-06-02 00:00:00;2017-05-25 09:32:55;1.0;c73628b1c3144b2e0c9c88072f21a213;850.0;850.0;99.0;7.95;106.95;credit_card;2.034;-9.632;True;False;False;False;False;False;False;False;False;False;False;True;False;False;False;False;False;False;False;False;False;False;False;False;False;1;True
d8148e06f2f2b366a0c8df064103223b;lag_despacho_negativo;delivered;True;SP;São Paulo;SP;d566c37fa119d5e66c4e9052e83ee4ea;11-100;9b5aa2016736854a2aa4bd03f52991ff;Ilópolis;RS;RS;95990;2018-04-23 11:35:48;2018-04-24 19:24:14;2018-04-24 18:09:01;2018-04-30 23:12:19;2018-05-21 00:00:00;2018-04-30 04:31:25;1.0;e30a07181e238b29af319577b9bb22fe;1100.0;1100.0;56.9;19.37;76.27;boleto;7.484;-20.033;True;False;False;False;False;False;False;False;False;False;False;True;False;False;False;False;False;False;False;False;False;False;False;False;False;1;True
b886aff8576c2f1f035c507ba7fd6a9c;lag_despacho_negativo;delivered;True;SP;Garça;SP;527801b552d0077ffd170872eb49683b;11-100;28b41c7b6f3d16d027bfea553f86c827;Itaqui;RS;RS;97650;2018-04-20 16:29:38;2018-04-24 19:23:55;2018-04-23 20:46:37;2018-05-03 21:45:47;2018-05-23 00:00:00;2018-04-26 02:31:50;1.0;ccb4503d9d43d245d3b295d0544f988b;611.0;611.0;79.9;19.53;99.43;boleto;13.22;-19.093;True;False;False;False;False;False;False;False;False;False;False;True;False;False;False;False;False;False;False;False;False;False;False;False;False;1;True
ecd1661658d34312cf9ac2bf34ba3b6b;lag_despacho_negativo;delivered;True;SP;São Paulo;SP;ff4e2d38692ce827b1a4f4b8196e680d;11-100;bcec3938d91ba9a3bf2c4261a44cb9f3;Curitiba;PR;PR;81020;2018-06-30 18:49:36;2018-07-05 16:25:45;2018-07-03 11:46:00;2018-07-05 12:58:37;2018-07-30 00:00:00;2018-07-12 04:30:47;1.0;3bd016185be10ea4b4b2baa6e7dd9e9b;650.0;650.0;35.0;16.44;51.44;boleto;4.756;-24.459;True;False;False;False;False;False;False;False;False;False;False;True;False;False;False;False;False;False;False;False;False;False;False;False;False;1;True
80759217e6015f8b5a0582f6f216bb09;lag_despacho_negativo;delivered;True;SP;Ibitinga;SP;1835b56ce799e6a4dc4eddc053f04066;101-1000;bfc1001239658534dfc7189440067a2f;Barueri;SP;SP;6462;2018-04-21 22:41:43;2018-04-24 19:17:11;2018-04-24 18:48:37;2018-04-30 15:58:56;2018-05-17 00:00:00;2018-04-30 03:31:57;1.0;b0c89945c034268074f5f80b362bda34;550.0;550.0;29.99;12.79;42.78;boleto;8.72;-16.334;True;False;False;False;False;False;False;False;False;False;False;True;False;False;False;False;False;False;False;False;False;False;False;False;False;1;True
deea565ebe3196a7408232c8bb0ddc0b;lag_despacho_negativo;delivered;True;SP;São Paulo;SP;74871d19219c7d518d0090283e03c137;1-10 pedidos;a028a12d1103e8eb0dcc7a1e12fdc1aa;São Paulo;SP;SP;5049;2018-07-22 13:14:45;2018-07-23 11:32:07;2018-07-23 10:29:00;2018-07-24 17:44:38;2018-08-02 00:00:00;2018-07-27 09:19:12;1.0;dab1da142d5a95b9200cef4675a3f9fa;1600.0;1600.0;121.03;11.87;132.9;credit_card;2.187;-8.261;True;False;False;False;False;False;False;False;False;False;False;True;False;False;False;False;False;False;False;False;False;False;False;False;False;1;True
1b3b7a453b2e73b50b194401c0da944d;lag_despacho_negativo;delivered;True;SP;Osasco;SP;080199a181c46c657dc5aa235411be3b;11-100;f69e46a55317ceed64b22737d25f7d27;Palmas;TO;TO;77020;2018-05-09 13:33:16;2018-05-09 13:51:24;2018-05-09 13:39:00;2018-05-17 17:59:21;2018-05-29 00:00:00;2018-05-14 13:51:24;1.0;91c36b03df2eb40a4dccdbd16394328c;550.0;550.0;179.49;19.95;199.44;credit_card;8.185;-11.25;True;False;False;False;False;False;False;False;False;False;False;True;False;False;False;False;False;False;False;False;False;False;False;False;False;1;True
117db2f85d3f438fa92b5e9cb579e7a9;lag_despacho_negativo;delivered;True;RJ;Rio de Janeiro;RJ;d79e8478eed9999493990b44955fb22e;1-10 pedidos;44c06406e992109c1e84c741a2faddb1;Porto Alegre;RS;RS;91010;2018-07-03 09:22:10;2018-07-05 16:24:52;2018-07-03 13:33:00;2018-07-24 20:46:33;2018-07-25 00:00:00;2018-07-09 10:30:46;1.0;6456fdf43df7d711b98d91fe574e43d4;150.0;150.0;199.0;18.32;217.32;credit_card;21.475;-0.134;True;False;False;False;False;False;False;True;False;False;False;True;False;False;False;False;False;False;False;False;False;False;False;False;False;2;True
b571f972f69a2f91ebd89ed09a6ebf42;lag_despacho_negativo;delivered;True;SP;Ibitinga;SP;ea67327e24487bdfac5fbfa37ea124df;11-100;b883a588df89f847c6c7a84e2a7d185f;Várzea Paulista;SP;SP;13220;2018-07-03 00:08:08;2018-07-05 16:07:16;2018-07-05 15:02:00;2018-07-10 23:42:47;2018-07-30 00:00:00;2018-07-11 04:32:41;1.0;4f71868d83b41619b1159399663a0e67;11500.0;11500.0;159.9;21.76;181.66;boleto;7.982;-19.012;True;False;False;False;False;False;False;False;False;False;False;True;False;False;False;False;False;False;False;False;False;False;False;False;False;1;True
ff3d6fd1b0c2dff1989ae3e6841498bf;lag_despacho_negativo;delivered;True;SP;Mogi das Cruzes;SP;7d456afc660226829370f3173d14520c;11-100;85d5d470017e7092de13058492ce9507;Viçosa;MG;MG;36570;2018-06-26 11:52:13;2018-06-27 09:56:03;2018-06-27 08:59:00;2018-07-02 10:03:13;2018-07-19 00:00:00;2018-06-29 04:30:37;1.0;770049e2da707b6ba5eea61685852652;850.0;850.0;120.0;20.03;140.03;boleto;5.924;-16.581;True;False;False;False;False;False;False;False;False;False;False;True;False;False;False;False;False;False;False;False;False;False;False;False;False;1;True
36321eba7223a1e5371a446405480aa2;lag_despacho_negativo;delivered;True;SP;Campo Limpo Paulista;SP;3d871de0142ce09b7081e2b9d1733cb1;>1000;9816164cef05016d195013441165193e;São Paulo;SP;SP;8295;2017-04-27 00:13:06;2017-04-28 11:46:31;2017-04-28 09:45:02;2017-05-01 10:42:38;2017-06-01 00:00:00;2017-05-05 05:31:56;1.0;440f5b159d6123c0f65eb1abb5373b99;2200.0;2200.0;169.9;13.77;183.67;boleto;4.437;-30.554;True;False;False;False;False;False;False;False;False;False;False;True;False;False;False;False;False;False;False;False;False;False;False;False;False;1;True
8c78d01de3a9009e23d6877a7cc9be20;entrega_antes_coleta;delivered;True;SP;Ibitinga;SP;391fc6631aebcf3004804e51b40bcf1e;101-1000;6cd7106899e59a1fbd0622d5f1efedf4;Mongaguá;SP;SP;11730;2016-10-08 15:36:50;2016-10-08 18:13:44;2016-10-26 11:41:53;2016-10-25 17:51:46;2016-11-30 00:00:00;2016-10-12 18:13:45;2.0;2b50a33b93e3b489f648b9166a62e13d;1100.0;1100.0;219.8;29.92;249.72;credit_card;17.094;-35.256;True;False;False;False;False;False;False;False;True;False;False;False;False;False;False;False;False;False;False;False;False;False;False;False;False;1;True
312f43273284b7ab987d5bc4d880d5ef;lag_despacho_negativo;delivered;True;PR;Curitiba;PR;6861de0f40cacb0602e473c51639f980;1-10 pedidos;dcfcc8796b47089b9fb9d73e06011085;São Paulo;SP;SP;4206;2018-07-03 20:17:22;2018-07-05 16:27:45;2018-07-04 13:01:00;2018-07-09 15:40:50;2018-07-27 00:00:00;2018-07-09 20:31:35;1.0;f8a7665279f140d238371c8e7604c204;650.0;650.0;25.0;16.37;41.37;credit_card;5.808;-17.347;True;False;False;False;False;False;False;False;False;False;False;True;False;False;False;False;False;False;False;False;False;False;False;False;False;1;True
a23316a0b0209f50c13935e4848e6b68;lag_despacho_negativo;delivered;True;RS;Porto Alegre;RS;87142160b41353c4e5fca2360caf6f92;101-1000;9ed949e2c8a4babd308ecb886f58dae2;São Leopoldo;RS;RS;93048;2018-04-22 12:30:43;2018-04-24 17:47:28;2018-04-23 19:28:50;2018-04-24 19:47:43;2018-05-07 00:00:00;2018-04-26 13:31:22;1.0;fe077ec80df6b4ee60bb4498d5ab1962;200.0;200.0;135.0;9.06;144.06;credit_card;2.303;-12.175;True;False;False;False;False;False;False;False;False;False;False;True;False;False;False;False;False;False;False;False;False;False;False;False;False;1;True
2a0f332fd6b3b477c16619a99313d29c;lag_despacho_negativo;delivered;True;SP;São Paulo;SP;ea8482cd71df3c1969d7b9473ff13abc;>1000;2596ba7fc52317caa07f81aef3f42911;Santo André;SP;SP;9280;2018-07-03 15:56:18;2018-07-05 16:32:59;2018-07-04 14:06:00;2018-07-05 17:31:46;2018-07-16 00:00:00;2018-07-05 16:32:24;1.0;6e77b89d36e50217e6793780a8ce5c82;300.0;300.0;37.99;7.53;45.52;credit_card;2.066;-10.27;True;False;False;False;False;False;False;False;False;False;False;True;False;False;False;False;False;False;False;False;False;False;False;False;False;1;True
720eff52272ce75d967e9a8f382681f3;lag_despacho_negativo;delivered;True;SP;São Paulo;SP;6560211a19b47992c3666cc44a7e94c0;>1000;026bfde40abfbefc0a23ce6856a9b3f3;Guarulhos;SP;SP;7124;2018-07-03 23:33:31;2018-07-05 16:31:13;2018-07-04 15:11:00;2018-07-12 19:21:49;2018-07-17 00:00:00;2018-07-06 01:31:13;1.0;b84520a57891e7a8ae2c68741dcc7146;250.0;250.0;45.0;7.58;52.58;debit_card;8.825;-4.193;True;False;False;False;False;False;False;False;False;False;False;True;False;False;False;False;False;False;False;False;False;False;False;False;False;1;True
f2a150c813c1eb96fd1883c1ed8fd9e5;lag_despacho_negativo;delivered;True;SP;São Paulo;SP;bd4889b5e9133b35b66e42a8665cea5c;11-100;e624987b8f8a9424f614771d13698100;Primavera do Leste;MT;MT;78850;2018-06-19 10:14:30;2018-06-19 10:37:37;2018-06-19 10:14:00;2018-06-27 17:04:42;2018-07-24 00:00:00;2018-06-25 10:31:42;1.0;95e25af33821b9d231e06f1e7cd34d4e;2600.0;2600.0;151.98;31.93;183.91;credit_card;8.285;-26.288;True;False;False;False;False;False;False;False;False;False;False;True;False;False;False;False;False;False;False;False;False;False;False;False;False;1;True
44ac5be3803a136ad51df67f789a2dab;lag_despacho_negativo;delivered;True;SP;Cajamar;SP;c003204e1ab016dfa150abc119207b24;101-1000;777383b5753753a9c3fbe33e966567e7;Osasco;SP;SP;6230;2018-04-20 09:01:16;2018-04-24 18:35:57;2018-04-24 01:17:50;2018-04-25 01:30:59;2018-05-07 00:00:00;2018-04-26 02:32:03;1.0;55782cb82e0efe052da0a3da237da3b2;2450.0;2450.0;189.9;14.23;204.13;boleto;4.687;-11.937;True;False;False;False;False;False;False;False;False;False;False;True;False;False;False;False;False;False;False;False;False;False;False;False;False;1;True
9f40e393aa9198eec21f6c89f378da4c;lag_despacho_negativo;delivered;True;SP;Guariba;SP;4869f7a5dfa277a7dca6462dcf3b52b2;>1000;2577a8a483e4c65a4e9256b90de22f4d;Guaratinguetá;SP;SP;12516;2018-06-25 16:02:53;2018-06-27 09:11:27;2018-06-27 07:56:00;2018-06-29 15:28:52;2018-07-17 00:00:00;2018-07-02 03:32:10;1.0;3225c54bb2785c33f49f50398fcdb88c;269.0;269.0;259.0;14.47;273.47;boleto;3.976;-17.355;True;False;False;False;False;False;False;False;False;False;False;True;False;False;False;False;False;False;False;False;False;False;False;False;False;1;True
4dcf36a6420bf67ae5326a294ef1bcc3;lag_despacho_negativo;delivered;True;SP;São Paulo;SP;99a54764c341d5dc80b4a8fac4eba3fb;11-100;0fcccf66f19e899aaaeac881f43c012d;Bastos;SP;SP;17690;2018-07-03 09:36:25;2018-07-05 16:27:36;2018-07-04 06:48:00;2018-07-11 22:37:53;2018-07-20 00:00:00;2018-07-05 10:31:05;1.0;7230cb7a5b93cff3d0869183495f053f;5200.0;5200.0;17.9;13.71;31.61;voucher;8.543;-8.057;True;False;False;False;False;False;False;False;False;False;False;True;False;False;False;False;False;False;False;False;False;False;False;False;False;1;True
2ea06e4e577c7be86e2e35ab0d7e74b8;lag_despacho_negativo;delivered;True;SP;Blumenau;SC;8060d731897e33b5c5ae575ce1e209e1;1-10 pedidos;dd8adebabc801bb0fed474be66be9f92;Barueri;SP;SP;6454;2018-05-09 13:14:53;2018-05-09 13:35:00;2018-05-09 12:52:00;2018-05-15 15:38:51;2018-05-28 00:00:00;2018-05-15 13:30:53;1.0;8f2a61109d01cbda2cc6cdea233b1102;100.0;100.0;39.9;18.23;58.13;credit_card;6.1;-12.348;True;False;False;False;False;False;False;False;False;False;False;True;False;False;False;False;False;False;False;False;False;False;False;False;True;2;True
e9deefc5724bd9c035dc3727fa4ad4d0;lag_despacho_negativo;delivered;True;SP;Piracicaba;SP;da8622b14eb17ae2831f4ac5b9dab84a;>1000;8c250695c6959b9f09b7c1139313f63f;Caxias do Sul;RS;RS;95080;2018-04-22 15:06:51;2018-04-24 18:12:14;2018-04-24 15:51:30;2018-05-07 11:38:37;2018-05-25 00:00:00;2018-04-26 15:31:44;2.0;bb42f37fc3d9130e4a4339d24a47dd7c;400.0;400.0;89.8;36.46;126.26;credit_card;14.855;-17.515;True;False;False;False;False;False;False;False;False;False;False;True;False;False;False;False;False;True;False;False;False;False;False;False;False;2;True
e23c9dcc304042fa90d538be679fa68d;lag_despacho_negativo;delivered;True;SP;São Paulo;SP;6560211a19b47992c3666cc44a7e94c0;>1000;eac1c6949e2905bda961903996e25630;Aracaju;SE;SE;49020;2018-06-13 11:41:23;2018-06-13 13:31:40;2018-06-13 09:53:00;2018-06-25 13:57:31;2018-07-11 00:00:00;2018-06-15 11:56:18;1.0;a92930c327948861c015c919a0bcb4a8;250.0;250.0;78.0;23.27;101.27;credit_card;12.095;-15.418;True;False;False;False;False;False;False;False;False;False;False;True;False;False;False;False;False;False;False;False;False;False;False;False;False;1;True
9065442ba82e20a8ec900872056f9b35;lag_despacho_negativo;delivered;True;MG;Ilicínea;MG;a1043bafd471dff536d0c462352beb48;101-1000;c8fbd8d74cc5bd9a6c5caa16a55bd1db;Vitória da Conquista;BA;BA;45075;2018-04-23 16:45:47;2018-04-24 18:01:17;2018-04-24 17:28:58;2018-05-09 21:41:42;2018-05-17 00:00:00;2018-04-27 17:30:55;1.0;52c80cedd4e90108bf4fa6a206ef6b03;7650.0;7650.0;179.0;22.75;201.75;credit_card;16.205;-7.096;True;False;False;False;False;False;False;False;False;False;False;True;False;False;False;False;False;False;False;False;False;False;False;False;False;1;True
a4220c184ed6700f8516552b2cb3c20d;lag_despacho_negativo;delivered;True;DF;Brasília;DF;5656537e588803a555b8eb41f07a944b;101-1000;a41867ff8c0050770bc4f457c1e817ad;Vitória;ES;ES;29046;2018-04-22 14:57:48;2018-04-24 18:04:45;2018-04-23 20:30:49;2018-05-14 22:55:54;2018-05-14 00:00:00;2018-04-26 15:31:18;1.0;2a3539131370b3ac020dd5f7a656a53d;1075.0;1075.0;21.89;19.04;40.93;credit_card;22.332;0.955;True;True;False;True;False;False;False;False;False;False;False;True;False;False;False;False;False;False;False;False;False;False;False;False;False;1;True
94dcbb5ca9d603177841a40f3d630483;lag_despacho_negativo;delivered;True;SP;Ibitinga;SP;640e21a7d01df7614a3b4923e990d40c;101-1000;40186e58e5331d475bac4a234986a029;São Paulo;SP;SP;5202;2018-07-04 17:41:00;2018-07-05 16:32:52;2018-07-05 13:08:00;2018-07-10 18:08:35;2018-07-30 00:00:00;2018-07-11 04:34:16;4.0;688ad0169550f8e2eb0307b61df3ba12;1050.0;1050.0;245.3;57.52;302.8;boleto;6.019;-19.244;True;False;False;False;False;False;False;False;False;False;False;True;False;False;False;False;False;True;False;False;False;False;False;False;False;2;True
4b2dcf714729a31ae2d3b69b1dd35629;lag_despacho_negativo;delivered;True;SC;São Ludgero;SC;1b4c3a6f53068f0b6944d2d005c9fc89;101-1000;e6e2f4bd5dc5431d4cccd258adcce955;São Paulo;SP;SP;2712;2018-04-21 13:33:05;2018-04-24 18:54:31;2018-04-23 19:32:08;2018-04-30 17:08:38;2018-05-23 00:00:00;2018-04-26 14:30:40;1.0;e9a69340883a438c3f91739d14d3a56d;3000.0;3000.0;159.49;32.24;191.73;debit_card;9.15;-22.286;True;False;False;False;False;False;False;False;False;False;False;True;False;False;False;False;False;False;False;False;False;False;False;False;False;1;True
9142e38d4f7b7cf458a1eb8ee2b52157;lag_despacho_negativo;delivered;True;MA;São Luís;MA;06a2c3af7b3aee5d69171b0e14f0ee87;101-1000;f3872f2416b6121ba4e15f69d4f7e306;Resende;RJ;RJ;27513;2018-07-03 23:00:59;2018-07-05 16:32:35;2018-07-04 11:28:00;2018-07-12 15:41:43;2018-08-01 00:00:00;2018-07-09 23:30:45;1.0;19c91ef95d509ea33eda93495c4d3481;700.0;700.0;122.99;63.11;186.1;credit_card;8.695;-19.346;True;False;False;False;False;False;False;False;False;False;False;True;False;False;False;False;False;False;False;False;False;False;False;False;False;1;True
9dafdbeb6a7b7240bc32fd6861c42f54;lag_despacho_negativo;delivered;True;MG;Ilicínea;MG;a1043bafd471dff536d0c462352beb48;101-1000;d901eddcaecdc97febda055ffb0fcdd4;Umburatiba;MG;MG;39878;2018-06-07 13:02:12;2018-06-07 13:18:07;2018-06-07 12:02:00;2018-06-13 23:12:06;2018-07-05 00:00:00;2018-06-15 13:18:07;1.0;d1c427060a0f73f6b889a5c7c61f2ac4;6550.0;6550.0;109.99;24.71;134.7;credit_card;6.424;-21.033;True;False;False;False;False;False;False;False;False;False;False;True;False;False;False;False;False;False;False;False;False;False;False;False;False;1;True
4ac6cfb47c51ac043927b84975d1a62d;lag_despacho_negativo;delivered;True;SP;São Paulo;SP;f3da5b2ff499efb8d4a6d371d175d7dd;11-100;06c5c4b0292effa4b19173210ffafb33;Porto Alegre;RS;RS;90030;2018-07-03 18:19:30;2018-07-05 17:03:19;2018-07-05 12:45:00;2018-07-10 15:06:42;2018-07-27 00:00:00;2018-07-05 18:31:32;1.0;2daba1ba2b585317701770c97f0a3c0b;100.0;100.0;14.5;15.23;29.73;credit_card;6.866;-16.37;True;False;False;False;False;False;False;False;False;False;False;True;False;False;False;False;False;False;False;False;False;False;False;False;False;1;True
b27af682321527a6349f1761eb3f360c;entrega_antes_coleta;delivered;True;MG;Varginha;MG;43a5d4a57af536fddc96d08be3afdfcb;1-10 pedidos;9859dd92e872dbaa60ca3cd5f0d7ad07;Guarulhos;SP;SP;7053;2017-06-14 20:17:04;2017-06-14 20:30:08;2017-06-27 14:51:54;2017-06-26 15:45:35;2017-07-14 00:00:00;2017-06-20 20:30:08;2.0;8aebd177020fc8a6fa6a321ac4c44de7;600.0;600.0;141.89;37.239999999999995;179.13;credit_card;11.811;-17.343;True;False;False;False;False;False;False;False;True;False;False;False;False;False;False;False;False;False;False;False;False;False;False;False;False;1;True
15b8dab55a580b5e02a06fe73862d60b;lag_despacho_negativo;delivered;True;SP;São Bernardo do Campo;SP;09f952a5f58d2285b0372551ae8f9b01;11-100;36457bf11ff115bb8c485a44c4749c48;Alto Santo;CE;CE;62970;2018-04-21 13:44:11;2018-04-24 19:27:33;2018-04-23 17:32:16;2018-05-07 21:58:39;2018-05-25 00:00:00;2018-04-27 08:31:43;1.0;d316be2b41acc6a122548a0d08570ca6;15000.0;15000.0;427.0;111.44;538.44;credit_card;16.343;-17.084;True;False;False;False;False;False;False;False;False;False;False;True;False;False;False;False;False;False;False;False;False;False;False;False;False;1;True
5000db43709b8a1e13f508043ff281c9;lag_despacho_negativo;delivered;True;SP;Guarulhos;SP;8581055ce74af1daba164fdbd55a40de;101-1000;8f43eeb988c31213d67b0807a9b6f193;Niterói;RJ;RJ;24230;2018-04-17 17:08:56;2018-04-24 18:58:37;2018-04-23 18:16:56;2018-04-30 22:34:30;2018-05-11 00:00:00;2018-04-26 15:30:53;1.0;4fcb3d9a5f4871e8362dfedbdb02b064;5950.0;5950.0;143.8;25.82;169.62;credit_card;13.226;-10.059;True;False;False;False;False;False;False;False;False;False;False;True;False;False;False;False;False;False;False;False;False;False;False;False;False;1;True
2ab340837ecacc1da5c088346b0d873b;lag_despacho_negativo;delivered;True;SP;São Paulo;SP;8931a84a914b3fe9b1ddaa4d704947ca;11-100;2b50e8a04cee4649c28af67de327551e;São Paulo;SP;SP;4856;2018-04-23 08:17:57;2018-04-24 18:59:40;2018-04-23 18:25:23;2018-04-27 20:32:17;2018-05-10 00:00:00;2018-04-27 08:32:01;1.0;8bf16c54c7994478e4df5de5baf54e2f;440.0;440.0;249.0;8.61;257.61;credit_card;4.51;-12.144;True;False;False;False;False;False;False;False;False;False;False;True;False;False;False;False;False;False;False;False;False;False;False;False;False;1;True
dd38bb2616d4486d83368c43f16e04eb;lag_despacho_negativo;delivered;True;SC;Florianópolis;SC;dfa0c4c6229ab200a4a1336b4d7128ff;11-100;3270c7818d607c004939b3dce822df92;Ipatinga;MG;MG;35164;2018-07-01 21:27:17;2018-07-05 16:26:52;2018-07-03 15:22:00;2018-07-09 19:22:00;2018-07-31 00:00:00;2018-07-09 04:30:40;1.0;c4ee4437696f1885d323b41852fedc8c;300.0;300.0;26.4;22.12;48.52;boleto;7.913;-21.193;True;False;False;False;False;False;False;False;False;False;False;True;False;False;False;False;False;False;False;False;False;False;False;False;False;1;True
db70205a4fec901db7c957ac7d335064;lag_despacho_negativo;delivered;True;PR;Curitiba;PR;f7720c4fa8e3aba4546301ab80ea1f1b;11-100;f6a3f0516c41a4f20f40eb90f5b33c57;São José;SC;SC;88106;2018-07-03 11:26:40;2018-07-05 16:13:11;2018-07-04 15:18:00;2018-07-11 18:18:46;2018-07-26 00:00:00;2018-07-06 12:31:41;1.0;a4ea9c0ad9f13236720b9027254545a8;850.0;850.0;16.75;16.32;33.07;credit_card;8.286;-14.237;True;False;False;False;False;False;False;False;False;False;False;True;False;False;False;False;False;False;False;False;False;False;False;False;False;1;True
cf8b06e3cb532f6045a05a87af095b50;lag_despacho_negativo;delivered;True;SP;Hortolândia;SP;c70c1b0d8ca86052f45a432a38b73958;101-1000;bdf5201a85adc11a3881a5e1ffab102c;Brasília;DF;;72023;2018-04-20 16:17:12;2018-04-24 19:01:55;2018-04-23 22:41:41;2018-05-03 15:42:06;2018-05-09 00:00:00;2018-04-26 16:31:06;1.0;dd89d65fbdcdde1b2dd534d255797c71;200.0;200.0;95.0;15.55;110.55;credit_card;12.976;-5.346;True;False;False;False;False;False;True;False;False;False;False;True;False;False;False;False;False;False;False;False;False;False;False;False;False;2;True
e9d2f8cb1275cfe37dd531ac43bcb2b9;lag_despacho_negativo;delivered;True;SP;Santo André;SP;b6d44737c043328708f6749c2dbe50bd;11-100;0df0d96998ff63a976f5ef546accdc84;São Sebastião do Caí;RS;RS;95760;2018-07-03 14:25:07;2018-07-05 16:40:25;2018-07-05 10:24:00;2018-07-10 13:23:40;2018-08-03 00:00:00;2018-07-09 05:31:03;6.0;5a3320037d5922a7708647c81ecc1f15;4900.0;4900.0;492.0;249.29999999999998;741.3;boleto;6.957;-23.442;True;False;False;False;False;False;False;False;False;False;False;True;False;False;False;False;False;True;False;False;False;False;False;False;False;2;True
f79a31ab5cdfb67808fb8e27005ffa52;lag_despacho_negativo;delivered;True;SP;São Paulo;SP;7a67c85e85bb2ce8582c35f2203ad736;>1000;e5e5ed68f5e3c9e8153910bf408b75d5;São João Evangelista;MG;MG;39705;2018-04-19 14:45:52;2018-04-24 18:28:09;2018-04-23 17:33:01;2018-04-30 22:08:53;2018-05-17 00:00:00;2018-04-26 02:31:52;1.0;29427de7f8a9ee983d9dbc51cec569b4;4475.0;4475.0;82.99;18.52;101.51;boleto;11.308;-16.077;True;False;False;False;False;False;False;False;False;False;False;True;False;False;False;False;False;False;False;False;False;False;False;False;False;1;True
e300c76076c4b56031abe6f3ff54817f;lag_despacho_negativo;delivered;True;SP;São Paulo;SP;0bebbb2cea103a4a020c95d43fd7d754;1-10 pedidos;58e41ee664edb6b56cfa39832d76d01e;Porto Alegre;RS;RS;91040;2018-08-15 10:59:22;2018-08-15 11:24:10;2018-08-15 10:27:00;2018-08-21 17:21:15;2018-08-29 00:00:00;2018-08-17 11:24:10;1.0;9eae1df2c1112be7a7c57d7b09fd9bcd;325.0;325.0;155.0;16.19;171.19;credit_card;6.265;-7.277;True;False;False;False;False;False;False;False;False;False;False;True;False;False;False;False;False;False;False;False;False;False;False;False;False;1;True
227a77cf2c1425f0207076c524b1bb5e;lag_despacho_negativo;delivered;True;RJ;Rio de Janeiro;RJ;863d2ebcd347ce4922de7a0f9a5581d6;11-100;4c1b6904113f2fe66abb338150c60697;Rio de Janeiro;RJ;RJ;21011;2018-07-04 14:48:12;2018-07-05 16:32:36;2018-07-05 14:22:00;2018-07-06 19:12:31;2018-08-02 00:00:00;2018-07-10 15:30:42;1.0;2a7841348f24a00ee83641784f88f9b4;100.0;100.0;70.0;7.91;77.91;debit_card;2.184;-26.2;True;False;False;False;False;False;False;False;False;False;False;True;False;False;False;False;False;False;False;False;False;False;False;False;False;1;True
de0d8b8e774b3211e7e001d3e5985470;lag_despacho_negativo;delivered;True;SP;Piracicaba;SP;d63c73efd41eb002280e7ec831424edb;1-10 pedidos;55fd5d10a5036383fe19af015d2e5a80;Brasília;DF;DF;70670;2018-05-29 14:21:11;2018-05-29 14:39:40;2018-05-29 14:26:00;2018-06-06 20:26:30;2018-07-04 00:00:00;2018-06-06 14:31:56;1.0;e63cb7bb4e916e643c1d4785da2b2846;12950.0;12950.0;2699.0;129.42;2828.42;credit_card;8.254;-27.148;True;False;False;False;False;False;False;False;False;False;False;True;False;False;False;False;False;False;False;False;False;False;False;False;False;1;True
df719e82188cc47552d259703d5413f0;lag_despacho_negativo;delivered;True;MG;Betim;MG;17ca9b9e9b9ef8fdb529001b49ebb50f;101-1000;d71f9e25f2db23f5cdd2bd4d931e23e9;Brasília;DF;DF;72304;2018-07-28 20:25:08;2018-08-01 16:31:43;2018-07-30 14:58:00;2018-08-01 23:38:58;2018-08-15 00:00:00;2018-08-01 16:10:33;1.0;c44343d9d6d3551e161f3c72bfcbfc3b;1050.0;1050.0;149.97;18.85;168.82;credit_card;4.135;-13.015;True;False;False;False;False;False;False;False;False;False;False;True;False;False;False;False;False;False;False;False;False;False;False;False;False;1;True
3c082ca49aaf1923e87b34e1375a1413;lag_despacho_negativo;delivered;True;SP;Rio Claro;SP;980640c45d7a4635885491d077167e4d;11-100;0d8bfa786b498c6b7fc432785bcf36fa;Pontal;SP;SP;14180;2018-07-01 09:14:54;2018-07-05 16:35:02;2018-07-04 14:19:00;2018-07-10 13:42:00;2018-07-20 00:00:00;2018-07-10 08:32:46;1.0;55852fa297a259df65305a625ebd2149;125.0;125.0;39.89;12.94;52.83;boleto;9.185;-9.429;True;False;False;False;False;False;False;False;False;False;False;True;False;False;False;False;False;False;False;False;False;False;False;False;False;1;True
55a54184af6cdb5cbd95d124883c2dbb;lag_despacho_negativo;delivered;True;SP;São Paulo;SP;7a67c85e85bb2ce8582c35f2203ad736;>1000;6633e658356d7a598fe1cd44a46cbf34;Tucano;BA;BA;48790;2018-06-27 06:56:08;2018-06-27 11:18:24;2018-06-27 09:57:00;2018-07-05 19:03:34;2018-07-26 00:00:00;2018-06-29 07:31:07;1.0;3354a4e684f5e7199f9407db70ccd92b;1200.0;1200.0;89.99;27.58;117.57;credit_card;8.505;-20.206;True;False;False;False;False;False;False;False;False;False;False;True;False;False;False;False;False;False;False;False;False;False;False;False;False;1;True
441ab430a31f0c3424c85496c65bc8f2;lag_despacho_negativo;delivered;True;SP;Franca;SP;7202e2ba20579a9bd1acb29e61fe71f6;11-100;ef0a53a3dc977bf493065ebf09ab4d93;Votuporanga;SP;SP;15503;2018-07-28 14:47:32;2018-08-01 16:31:29;2018-07-31 08:30:00;2018-08-03 18:36:45;2018-08-09 00:00:00;2018-08-02 16:45:04;1.0;3c1907ae45ee32709a71b67f20f65814;250.0;250.0;129.9;13.57;143.47;credit_card;6.159;-5.224;True;False;False;False;False;False;False;False;False;False;False;True;False;False;False;False;False;False;False;False;False;False;False;False;False;1;True
d8fb797beb3bc5099a065c4db4a4d8fa;lag_despacho_negativo;delivered;True;SP;Campo Limpo Paulista;SP;3d871de0142ce09b7081e2b9d1733cb1;>1000;73c029b75adaf58c0a95829e5befeee9;Salto;SP;SP;13323;2018-04-23 18:33:00;2018-04-24 18:59:06;2018-04-24 16:22:37;2018-04-28 16:42:50;2018-05-15 00:00:00;2018-04-27 19:31:08;1.0;f788dd44fc883f0664693a6dea50437f;600.0;600.0;39.0;13.71;52.71;credit_card;4.923;-16.304;True;False;False;False;False;False;False;False;False;False;False;True;False;False;False;False;False;False;False;False;False;False;False;False;False;1;True
fe857b5ac310b06adabd0e18af932cc5;lag_despacho_negativo;delivered;True;SP;Campinas;SP;bc302730ea8cf49b5c74f579febb5bbf;11-100;3a5e6f873f45644fdfea652076839de0;Sorocaba;SP;SP;18090;2018-04-22 23:12:46;2018-04-24 18:53:22;2018-04-23 18:37:43;2018-04-24 19:17:28;2018-05-10 00:00:00;2018-04-26 23:30:57;1.0;64e356655e467c59b4b42f98837d273e;100.0;100.0;21.99;7.71;29.7;credit_card;1.837;-15.196;True;False;False;False;False;False;False;False;False;False;False;True;False;False;False;False;False;False;False;False;False;False;False;False;False;1;True
a8fee5f264541f904519912b305d0bf6;lag_despacho_negativo;delivered;True;SP;Campinas;SP;562fc2f2c2863ab7e79a9e4388a58a14;101-1000;0d143037269090509ae15979eddd8997;Mongaguá;SP;SP;11730;2018-04-23 09:31:12;2018-04-24 17:29:46;2018-04-24 00:16:47;2018-04-26 16:56:50;2018-05-16 00:00:00;2018-04-27 10:31:13;3.0;c9c6fde711572c1ad99ca12728c6af00;150.0;150.0;79.97;38.37;118.34;credit_card;3.309;-19.294;True;False;False;False;False;False;False;False;False;False;False;True;False;False;False;False;False;True;False;False;False;False;False;False;False;2;True
8851b8f3b3c9736081a17b2f49b4eaec;lag_despacho_negativo;delivered;True;SP;São Paulo;SP;6560211a19b47992c3666cc44a7e94c0;>1000;5cdc045a9409dbfa5db1b7326a598d84;Frutal;MG;MG;38200;2018-07-31 11:14:07;2018-07-31 11:44:27;2018-07-31 11:31:00;2018-08-06 19:51:42;2018-08-17 00:00:00;2018-08-02 11:30:37;1.0;e2bb00220a167d9e60b6776ac33717bc;300.0;300.0;56.0;18.49;74.49;credit_card;6.359;-10.172;True;False;False;False;False;False;False;False;False;False;False;True;False;False;False;False;False;False;False;False;False;False;False;False;False;1;True
e0017093576ff7e25777c2d023eb1cd9;lag_despacho_negativo;delivered;True;SP;São Paulo;SP;ea8482cd71df3c1969d7b9473ff13abc;>1000;0bfb2278d83ff358645a588158d39b8f;Rio de Janeiro;RJ;RJ;22245;2018-06-26 14:57:28;2018-06-26 15:16:21;2018-06-26 14:50:00;2018-06-28 21:48:51;2018-08-01 00:00:00;2018-06-29 15:16:21;1.0;57d79905de06d8897872c551bfd09358;300.0;300.0;21.99;15.25;37.24;credit_card;2.286;-33.091;True;False;False;False;False;False;False;False;False;False;False;True;False;False;False;False;False;False;False;False;False;False;False;False;False;1;True
154029fef0e3e2f72ef09775cc9d1af1;lag_despacho_negativo;delivered;True;SP;São Paulo;SP;6560211a19b47992c3666cc44a7e94c0;>1000;8179ff67fa0372e2cbc68facbb47ff62;Rio de Janeiro;RJ;RJ;22070;2018-05-22 11:29:21;2018-05-22 11:53:51;2018-05-22 10:46:00;2018-06-07 20:58:39;2018-06-21 00:00:00;2018-05-24 11:53:51;1.0;d017a2151d543a9885604dc62a3d9dcc;250.0;250.0;49.0;15.23;64.23;credit_card;16.395;-13.126;True;False;False;False;False;False;False;False;False;False;False;True;False;False;False;False;False;False;False;False;False;False;False;False;False;1;True
df720130627bfe896e4eaafe2df5b721;lag_despacho_negativo;delivered;True;SP;São Paulo;SP;1025f0e2d44d7041d6cf58b6550e0bfa;101-1000;01aef689891025af290bbdc4788d87da;Santo André;SP;SP;9270;2018-07-30 14:51:21;2018-08-02 13:42:37;2018-08-01 15:03:00;2018-08-03 19:32:38;2018-09-05 00:00:00;2018-08-06 18:30:55;1.0;7a054d17dc450583ed639068a9298afd;5250.0;5250.0;326.0;45.42;371.42;credit_card;4.195;-32.186;True;False;False;False;False;False;False;False;False;False;False;True;False;False;False;False;False;False;False;False;False;False;False;False;False;1;True
54822c94cce4ceb64eb08bbb05fa8fea;lag_despacho_negativo;delivered;True;SP;Campinas;SP;562fc2f2c2863ab7e79a9e4388a58a14;101-1000;42ce8044da72970c92b48514f86516f5;Carnaiba do Sertao;BA;BA;48922;2018-04-20 12:24:05;2018-04-24 18:39:04;2018-04-20 23:03:46;2018-05-11 13:33:06;2018-05-22 00:00:00;2018-04-26 13:31:44;2.0;c24d27905e6d1242d7366746a126e130;150.0;150.0;54.98;44.12;99.1;credit_card;21.048;-10.435;True;False;False;False;False;False;False;False;False;False;False;True;False;False;False;False;False;False;False;False;False;False;False;False;False;1;True
8cbfd2b5ba048f1dd173a5309f8b5bf5;lag_despacho_negativo;delivered;True;SP;São Paulo;SP;6560211a19b47992c3666cc44a7e94c0;>1000;e3803fa0eac81de64abba13f1544f5ac;Lins;SP;SP;16403;2018-04-22 15:57:59;2018-04-24 19:02:24;2018-04-23 22:58:36;2018-05-02 16:36:46;2018-05-16 00:00:00;2018-04-26 16:32:01;1.0;a92930c327948861c015c919a0bcb4a8;250.0;250.0;78.0;12.99;90.99;credit_card;10.027;-13.308;True;False;False;False;False;False;False;False;False;False;False;True;False;False;False;False;False;False;False;False;False;False;False;False;False;1;True
8b83251dbc9bd02530320cceb82cc03e;lag_despacho_negativo;delivered;True;SP;São Paulo;SP;4978a02ea9c8be7a9b5480680f40334e;11-100;7aa78ec38a25e08bf82617d92a583d0f;São Paulo;SP;SP;2415;2018-04-20 12:33:21;2018-04-24 18:59:43;2018-04-23 18:12:48;2018-04-24 18:22:27;2018-05-02 00:00:00;2018-04-26 03:30:43;1.0;1de85e3b5a43099a57d10a7d3dedf97e;680.0;680.0;36.99;7.39;44.38;boleto;4.242;-7.234;True;False;False;False;False;False;False;False;False;False;False;True;False;False;False;False;False;False;False;False;False;False;False;False;False;1;True
084ce670827e3ebb5f585818b985bc25;lag_despacho_negativo;delivered;True;SP;São Paulo;SP;821fb029fc6e495ca4f08a35d51e53a5;11-100;9ae6a1c35062a9ef885bf22b62970227;Maricá;RJ;RJ;24912;2018-07-03 21:05:39;2018-07-05 16:40:37;2018-07-04 11:36:00;2018-07-09 21:44:51;2018-07-27 00:00:00;2018-07-08 21:31:35;2.0;f2bd7bc9616070cc15853ce61ab8c826;12250.0;12250.0;197.78;50.08;247.86;credit_card;6.027;-17.094;True;False;False;False;False;False;False;False;False;False;False;True;False;False;False;False;False;True;False;False;False;False;False;False;False;2;True
fa8af66ee11f929d58f95e9a0522d792;lag_despacho_negativo;delivered;True;SP;Avaré;SP;cad10cc982ab6a391570c211b995c17c;1-10 pedidos;a7361cef18d3fa0382cf9b7179c7de30;São Paulo;SP;SP;4815;2018-04-22 12:03:21;2018-04-24 17:16:32;2018-04-23 18:32:27;2018-04-26 19:12:10;2018-05-10 00:00:00;2018-04-26 12:31:10;1.0;0630f740d3f05c50f85d7dd7cffc60a3;250.0;250.0;47.4;12.79;60.19;credit_card;4.298;-13.2;True;False;False;False;False;False;False;False;False;False;False;True;False;False;False;False;False;False;False;False;False;False;False;False;False;1;True
e0ac12de8c4f2398d96dd807818adaf8;lag_despacho_negativo;delivered;True;MG;Ilicínea;MG;a1043bafd471dff536d0c462352beb48;101-1000;4cc35d6a322eb6950b08f6dc5e64f821;Brasília;DF;;73255;2018-04-23 17:04:37;2018-04-24 18:12:14;2018-04-24 17:51:05;2018-05-04 18:58:33;2018-05-18 00:00:00;2018-04-27 17:31:08;1.0;d1c427060a0f73f6b889a5c7c61f2ac4;6550.0;6550.0;119.0;17.6;136.6;credit_card;11.079;-13.209;True;False;False;False;False;False;True;False;False;False;False;True;False;False;False;False;False;False;False;False;False;False;False;False;False;2;True
d7f1fc795c94efd3a00141a5f8a2c9d7;lag_despacho_negativo;delivered;True;RJ;Bom Jardim;RJ;96e5dc09087bad639b4ee193104ec2e5;1-10 pedidos;bc6c83de95492ac49d824578ca50b941;Teolândia;BA;BA;45465;2018-08-13 15:24:41;2018-08-20 14:12:55;2018-08-15 13:32:00;2018-08-27 15:47:37;2018-09-06 00:00:00;2018-08-17 16:30:59;1.0;0de92952548b2f0de651515b1af67a07;300.0;300.0;22.9;37.07;59.97;debit_card;14.016;-9.342;True;False;False;False;False;False;False;False;False;False;False;True;False;False;False;False;False;False;False;False;False;False;False;False;False;1;True
1d1e77334238a731c494f066a6c0d500;lag_despacho_negativo;delivered;True;SP;São Paulo;SP;7d76b645482be4a332374e8223836592;101-1000;27cd342122c1263cda043bdc472cfeff;Rio de Contas;BA;BA;46170;2017-09-15 08:51:48;2017-09-20 22:36:09;2017-09-18 17:34:02;2017-10-02 15:44:10;2017-10-13 00:00:00;2017-09-21 11:55:34;1.0;c3ae2001a36724730fbc90605b9278e2;50.0;50.0;19.9;16.79;36.69;debit_card;17.286;-10.344;True;False;False;False;False;False;False;False;False;False;False;True;False;False;False;False;False;False;False;False;False;False;False;False;False;1;True
b0018957adea4b9acded9df77514b844;lag_despacho_negativo;delivered;True;PR;Maringá;PR;0b90b6df587eb83608a64ea8b390cf07;101-1000;e37a641cec6b1b08f464a3cf50996176;Santo André;SP;SP;9250;2018-07-03 12:32:14;2018-07-05 16:11:47;2018-07-04 15:06:00;2018-07-10 18:58:40;2018-08-01 00:00:00;2018-07-11 13:31:39;1.0;17878434ca0082537806de545c2f0351;250.0;250.0;140.9;14.33;155.23;credit_card;7.268;-21.209;True;False;False;False;False;False;False;False;False;False;False;True;False;False;False;False;False;False;False;False;False;False;False;False;False;1;True
a7dfc0dec96501a2f03a9d1412d8975c;lag_despacho_negativo;delivered;True;SP;Mogi das Cruzes;SP;ff1fb4c404b2efe68b03350a8dc24122;11-100;d61e0d911735f7edfbb4ec85a487951f;Jandira;SP;SP;6622;2018-04-21 11:24:57;2018-04-24 17:16:41;2018-04-24 00:26:41;2018-04-26 16:50:47;2018-05-09 00:00:00;2018-04-26 12:30:49;1.0;83081dc6244771b9cc1ab17b14fb5f31;1750.0;1750.0;200.0;12.03;212.03;credit_card;5.226;-12.298;True;False;False;False;False;False;False;False;False;False;False;True;False;False;False;False;False;False;False;False;False;False;False;False;False;1;True
e9de409fda259726830399eaf5fb4e42;lag_despacho_negativo;delivered;True;SP;Pedreira;SP;53e4c6e0f4312d4d2107a8c9cddf45cd;101-1000;0a2e34cd9906d1040ce291b056d90e4a;São Paulo;SP;SP;5107;2018-05-28 13:52:12;2018-05-28 14:10:46;2018-05-28 14:02:00;2018-05-30 11:21:57;2018-06-21 00:00:00;2018-06-05 14:10:46;2.0;f014ea8c6c04cc78a9e70319e351dc4b;1050.0;1050.0;55.06;16.58;71.64;credit_card;1.896;-21.526;True;False;False;False;False;False;False;False;False;False;False;True;False;False;False;False;False;True;False;False;False;False;False;False;False;2;True
d80f699fe4f9cb9ee6be99a1ff5c3944;lag_despacho_negativo;delivered;True;SP;Ibitinga;SP;1dc2de47ee26a0a5b12dc14fd6dc0dea;11-100;9be5bed664fb43b1a191abd9c5b026b0;Arapoema;TO;TO;77780;2018-07-04 09:59:02;2018-07-05 16:27:45;2018-07-05 15:02:00;2018-07-13 22:26:34;2018-08-02 00:00:00;2018-07-09 04:32:06;1.0;2dcbb450bd8303344a342b60610f3d22;1500.0;1500.0;55.9;42.67;98.57;boleto;9.519;-19.065;True;False;False;False;False;False;False;False;False;False;False;True;False;False;False;False;False;False;False;False;False;False;False;False;False;1;True
2bf247ba0fa83d6f30b133c7dc349f3a;lag_despacho_negativo;delivered;True;SP;São Paulo;SP;955fee9216a65b617aa5c0531780ce60;>1000;57ee7fdc80ac873efd608d0a254fba09;Santa Rita do Sapucaí;MG;MG;37540;2018-04-20 18:27:16;2018-04-24 19:02:47;2018-04-23 19:17:30;2018-04-26 19:34:49;2018-05-16 00:00:00;2018-04-26 19:30:48;1.0;4fd6ec612afa6f67b850b157f00a3368;598.0;598.0;22.99;8.95;31.94;credit_card;6.047;-19.184;True;False;False;False;False;False;False;False;False;False;False;True;False;False;False;False;False;False;False;False;False;False;False;False;False;1;True
6d1832bd42dccbd91d1ce32da7f54492;lag_despacho_negativo;delivered;True;SP;Mogi Guaçu;SP;c3e1abd72a42fe690fcd89cf5720fe29;11-100;1d12f3eea210892c245c9be2bd17a93c;São Bernardo do Campo;SP;SP;9820;2018-07-01 12:02:12;2018-07-05 16:19:44;2018-07-03 19:25:00;2018-07-04 22:37:38;2018-07-16 00:00:00;2018-07-09 07:30:58;1.0;10698a66d71ebd12be9e8c39302c74b3;150.0;150.0;129.97;8.49;138.46;boleto;3.441;-11.057;True;False;False;False;False;False;False;False;False;False;False;True;False;False;False;False;False;False;False;False;False;False;False;False;False;1;True
adff109236fcf060cf7989c67c4280a5;lag_despacho_negativo;delivered;True;SP;São José dos Campos;SP;8b28d096634035667e8263d57ba3368c;101-1000;df2fdb98ed5e099286c6fd60daacb0bd;Rio de Janeiro;RJ;RJ;21020;2018-04-21 11:43:39;2018-04-24 19:06:50;2018-04-24 17:12:53;2018-04-26 17:44:23;2018-06-01 00:00:00;2018-04-30 03:32:01;1.0;1ec3e93251df2e23babb7daa30c52496;100.0;100.0;19.9;18.23;38.13;boleto;5.251;-35.261;True;False;False;False;False;False;False;False;False;False;False;True;False;False;False;False;False;False;False;False;False;False;False;False;False;1;True
924d24dd7c6de024d96e25d4812d65bd;lag_despacho_negativo;delivered;True;SP;São Paulo;SP;9f505651f4a6abe901a56cdc21508025;101-1000;ea5cf2682d61807e35798707c940adc8;Recife;PE;PE;51240;2018-07-02 02:38:01;2018-07-05 16:05:43;2018-07-03 13:45:00;2018-07-11 15:32:49;2018-07-27 00:00:00;2018-07-05 02:31:23;1.0;d04857e7b4b708ee8b8b9921163edba3;450.0;450.0;69.99;19.4;89.39;credit_card;9.538;-15.352;True;False;False;False;False;False;False;False;False;False;False;True;False;False;False;False;False;False;False;False;False;False;False;False;False;1;True
544250ab4d14beef8f5e85c91ba932dd;lag_despacho_negativo;delivered;True;SP;Guariba;SP;4869f7a5dfa277a7dca6462dcf3b52b2;>1000;a9c4afe35d4118f574a3173117e1a3a8;Belo Horizonte;MG;MG;30160;2018-04-22 22:49:01;2018-04-24 18:30:52;2018-04-24 17:18:46;2018-05-02 19:14:48;2018-05-21 00:00:00;2018-04-26 23:31:06;1.0;6f3b5b605d91b7439c5e3f5a8dffeea7;335.0;335.0;145.9;18.9;164.8;credit_card;9.851;-18.198;True;False;False;False;False;False;False;False;False;False;False;True;False;False;False;False;False;False;False;False;False;False;False;False;False;1;True
f294439a6719ccac91b6e2f25088dd1c;lag_despacho_negativo;delivered;True;SP;Diadema;SP;6548c2550b6e2d8f18053216e1c7b6f3;1-10 pedidos;25c66955a6eb1e7d7e4c1f9130fccd6a;Pirapora;MG;MG;39270;2018-08-14 11:25:54;2018-08-14 11:50:51;2018-08-14 11:37:00;2018-08-21 17:21:20;2018-08-31 00:00:00;2018-08-20 11:50:51;1.0;932a7e18ea9bb845420c70707362e0f7;200.0;200.0;14.7;18.23;32.93;credit_card;7.247;-9.277;True;False;False;False;False;False;False;False;False;False;False;True;False;False;False;False;False;False;False;False;False;False;False;False;False;1;True
ab815320404ada153a9d06f166c961dc;lag_despacho_negativo;delivered;True;SP;São Paulo;SP;14a08204d03bb6b6bde8029f801ae0eb;11-100;8e6ca829706ccbf262d3cfcebe7ceb52;Teresina;PI;PI;64017;2018-05-17 09:48:09;2018-05-17 10:38:29;2018-05-17 09:45:00;2018-05-30 21:12:35;2018-06-13 00:00:00;2018-05-29 10:31:23;1.0;17552c3e04bda2b08ac85c9c55137dc3;200.0;200.0;44.0;22.85;66.85;credit_card;13.475;-13.116;True;False;False;False;False;False;False;False;False;False;False;True;False;False;False;False;False;False;False;False;False;False;False;False;False;1;True
36870d717737ef5f4b201e7787c3ea6f;lag_despacho_negativo;delivered;True;SP;Pradópolis;SP;b33e7c55446eabf8fe1a42d037ac7d6d;101-1000;b0fdd38d459d6c7fc8118dd3ed73d096;Rio Pomba;MG;MG;36180;2018-07-04 23:04:01;2018-07-05 16:35:32;2018-07-05 14:43:00;2018-07-11 18:40:56;2018-08-01 00:00:00;2018-07-08 23:31:22;1.0;9bfc55df037ce3ac01bfd84781adf7e5;530.0;530.0;598.99;22.29;621.28;credit_card;6.817;-20.222;True;False;False;False;False;False;False;False;False;False;False;True;False;False;False;False;False;False;False;False;False;False;False;False;False;1;True
11746f9dc3d55313aadc6e6bf8464595;lag_despacho_negativo;delivered;True;SP;Indaiatuba;SP;cac4c8e7b1ca6252d8f20b2fc1a2e4af;11-100;dcb15692eb3de5de08f5c4f51e1ca6bb;Piraju;SP;SP;18800;2018-04-23 00:23:12;2018-04-24 17:24:08;2018-04-24 17:05:50;2018-05-02 18:32:27;2018-05-16 00:00:00;2018-04-27 01:30:42;1.0;0eb8e03d4ef83152c4642b606b5bbdec;2900.0;2900.0;29.99;17.14;47.13;credit_card;9.756;-13.227;True;False;False;False;False;False;False;False;False;False;False;True;False;False;False;False;False;False;False;False;False;False;False;False;False;1;True
249cdd4e1dc4aa2c19a568ce182a7254;lag_despacho_negativo;delivered;True;PR;Curitiba;PR;f1fd5ab1181f827ffad998c1a5de7d74;11-100;5dda90aebacf065a80afd8b35cf60dc3;Cascavel;PR;PR;85812;2018-04-21 13:32:20;2018-04-24 18:54:15;2018-04-23 21:06:39;2018-04-25 22:03:27;2018-05-10 00:00:00;2018-04-26 14:30:50;1.0;3c3c57f8884d5702b83ab9ff91dbbd50;22600.0;22600.0;1195.0;77.76;1272.76;credit_card;4.355;-14.081;True;False;False;False;False;False;False;False;False;False;False;True;False;False;False;False;False;False;False;False;False;False;False;False;False;1;True
a727355acb88d9b3e6e41fb2e3888a0e;lag_despacho_negativo;delivered;True;SP;São Paulo;SP;8b321bb669392f5163d04c59e235e066;101-1000;2e3f19e3763da38dd82c6e2e9ff69c98;São Paulo;SP;SP;2422;2018-07-23 12:58:28;2018-07-28 23:31:01;2018-07-24 15:07:00;2018-07-25 17:35:30;2018-07-31 00:00:00;2018-07-26 06:10:16;1.0;ab1f9387c0627dd24000bfbc54fdeee0;175.0;175.0;19.9;7.4;27.3;boleto;2.192;-5.267;True;False;False;False;False;False;False;False;False;False;False;True;False;False;False;False;False;False;False;False;False;False;False;False;False;1;True
1cc3ae63caffff2d6c3ee3e78e074acf;entrega_antes_coleta;delivered;True;SP;Atibaia;SP;f615fe7efbef0f4f08fd3086bc7a3e60;11-100;01c843a2c0600def0b7693dba47af460;Mogi das Cruzes;SP;SP;8810;2017-08-07 21:35:22;2017-08-08 21:45:15;2017-08-10 18:28:56;2017-08-10 18:05:38;2017-08-25 00:00:00;2017-08-14 21:45:15;2.0;67682f5c5170c72b398941e2193735a4;1238.0;1238.0;127.88999999999999;23.57;151.46;credit_card;2.854;-14.246;True;False;False;False;False;False;False;False;True;False;False;False;False;False;False;False;False;False;False;False;False;False;False;False;False;1;True
6b80bb20190715d71c43efff617bd659;lag_despacho_negativo;delivered;True;SP;Louveira;SP;0adac9fbd9a2b63cccaac4f8756c1ca8;101-1000;2fedecfd993b8b3fa889d00eee230748;Ourinhos;SP;SP;19906;2017-02-19 01:15:03;2017-03-01 10:51:46;2017-02-22 16:05:29;2017-02-24 14:27:26;2017-03-17 00:00:00;2017-02-23 01:15:03;1.0;fa0125a234fa85a755371fa0ea37361a;800.0;800.0;115.9;12.2;128.1;boleto;5.55;-20.398;True;False;False;False;False;False;False;False;False;False;False;True;False;False;False;False;False;False;False;False;False;False;False;False;False;1;True
800bb72be8df9c5372c6a4235d38de9b;lag_despacho_negativo;delivered;True;MG;Araguari;MG;7299e27ed73d2ad986de7f7c77d919fa;101-1000;06bb24810f1367ff6137dcd2ef176d4a;Nova Iguaçu;RJ;RJ;26261;2018-05-14 14:55:29;2018-05-14 15:17:28;2018-05-14 14:47:00;2018-05-20 16:08:26;2018-05-30 00:00:00;2018-05-16 15:17:28;1.0;7f72a8900b3d2fc8fa2635b7836d6e6e;147.0;147.0;64.99;18.33;83.32;credit_card;6.051;-9.327;True;False;False;False;False;False;False;False;False;False;False;True;False;False;False;False;False;False;False;False;False;False;False;False;False;1;True
9562a9a598a619a1726397eb5246e623;lag_despacho_negativo;delivered;True;SC;Florianópolis;SC;dfa0c4c6229ab200a4a1336b4d7128ff;11-100;db68bc0ec210aa334d85a4360e045cdf;São Paulo;SP;SP;5711;2018-06-11 15:41:37;2018-06-11 16:31:36;2018-06-11 16:16:00;2018-06-18 20:25:44;2018-07-05 00:00:00;2018-06-15 16:02:12;1.0;c4ee4437696f1885d323b41852fedc8c;300.0;300.0;26.4;15.29;41.69;credit_card;7.197;-16.149;True;False;False;False;False;False;False;False;False;False;False;True;False;False;False;False;False;False;False;False;False;False;False;False;False;1;True
3660e114692157e805cdd9f04e83d9e9;lag_despacho_negativo;delivered;True;SP;São Paulo;SP;76d5af76d0271110f9af36c92573f765;101-1000;4b81d3c91fed6cc8ff56c408caacb520;Álvares Florence;SP;SP;15540;2018-07-04 07:08:45;2018-07-05 16:31:51;2018-07-04 09:27:00;2018-07-10 12:18:47;2018-07-25 00:00:00;2018-07-10 07:31:41;2.0;4397fe12c3beea290f2022592b0afb09;1150.0;1150.0;69.8;27.64;97.44;credit_card;6.215;-14.487;True;False;False;False;False;False;False;False;False;False;False;True;False;False;False;False;False;True;False;False;False;False;False;False;False;2;True
e37f11cae9985ca58f0b56f268720537;entrega_antes_coleta;delivered;True;SP;São Paulo;SP;98dac6635aee4995d501a3972e047414;11-100;3947a361301f2ff0f3223159a0f2701c;Concórdia;SC;SC;89707;2017-07-26 11:46:34;2017-07-27 10:10:16;2017-08-01 18:17:47;2017-07-31 17:49:56;2017-08-24 00:00:00;2017-08-02 10:10:16;7.0;66e9fb73e349cba44b29951e558a6780;500.0;500.0;106.6;114.25;220.86;boleto;5.252;-23.257;True;False;False;False;False;False;False;False;True;False;False;False;False;False;False;False;False;True;False;False;False;False;False;False;False;2;True
9bccdd3552c2a68af6d166dfd82be6ba;lag_despacho_negativo;delivered;True;SP;São Paulo;SP;9f505651f4a6abe901a56cdc21508025;101-1000;b4e1d5fdf13905222b7a571b9edad9ef;São Paulo;SP;SP;8290;2018-04-21 13:03:33;2018-04-24 18:05:57;2018-04-23 18:16:54;2018-04-24 18:16:59;2018-05-08 00:00:00;2018-04-26 13:31:17;1.0;163da86e86f0089de089399c28c3fcbb;400.0;400.0;99.0;8.46;107.46;credit_card;3.218;-13.238;True;False;False;False;False;False;False;False;False;False;False;True;False;False;False;False;False;False;False;False;False;False;False;False;False;1;True
6f4c8d69711bba5c237e9a353acca903;lag_despacho_negativo;delivered;True;SP;Piracicaba;SP;da8622b14eb17ae2831f4ac5b9dab84a;>1000;d7921b1a7133e7c8e3bcecc880516cc5;Porto Alegre;RS;RS;90850;2018-04-22 23:35:47;2018-04-24 19:25:26;2018-04-24 18:02:22;2018-05-07 21:44:26;2018-05-25 00:00:00;2018-04-30 04:32:17;1.0;aadff88486740e0b0ebe2be6c09476ae;250.0;250.0;29.9;18.23;48.13;boleto;14.923;-17.094;True;False;False;False;False;False;False;False;False;False;False;True;False;False;False;False;False;False;False;False;False;False;False;False;False;1;True
7c48bb55e8e4f7e56d412e9653db37bc;lag_despacho_negativo;delivered;True;PR;Londrina;PR;89de2d6f23e9746ff309705b23581faa;1-10 pedidos;34ef6181341eb36c47fd601c46878f00;São Paulo;SP;SP;4041;2018-07-16 18:40:53;2018-07-16 18:50:22;2018-01-26 13:35:00;2018-07-23 20:04:45;2018-08-07 00:00:00;2018-07-20 18:50:22;1.0;9070fbe936bd54b8a72e0ffe4a6a2564;650.0;650.0;40.0;14.58;54.58;credit_card;7.058;-14.163;True;False;False;False;False;False;False;False;False;False;False;True;False;False;False;False;False;False;False;False;False;False;False;False;False;1;True
f7411b386b99ab297f888848be4198a6;lag_despacho_negativo;delivered;True;SP;Ibitinga;SP;f7ccf836d21b2fb1de37564105216cc1;11-100;dc4ee9c49af05d38495f4eb45d177c82;Santa Luzia;MG;MG;33170;2018-05-15 12:23:49;2018-05-16 09:06:45;2018-05-16 08:50:00;2018-06-01 20:08:24;2018-06-01 00:00:00;2018-05-18 08:37:10;1.0;cfb79bfbdaf59cfe2e9ae0a071451f32;550.0;550.0;39.0;18.23;57.23;credit_card;17.323;0.839;True;True;False;True;False;False;False;False;False;False;False;True;False;False;False;False;False;False;False;False;False;False;False;False;False;1;True
1237476520c90c304e2603af9629d0e3;lag_despacho_negativo;delivered;True;RJ;Petrópolis;RJ;620c87c171fb2a6dd6e8bb4dec959fc6;101-1000;f709f9c4d1070929d5b41c2990fda9fc;São Gabriel;RS;RS;97300;2018-07-03 11:39:39;2018-07-05 16:41:03;2018-07-05 14:15:00;2018-07-12 19:45:37;2018-07-30 00:00:00;2018-07-09 12:31:50;1.0;24c66f106f642621e524291a895c9032;792.0;792.0;199.9;28.35;228.25;credit_card;9.337;-17.177;True;False;False;False;False;False;False;False;False;False;False;True;False;False;False;False;False;False;False;False;False;False;False;False;False;1;True
ddd05f07be2e7c5c7f191e06bb0fbc70;lag_despacho_negativo;delivered;True;SP;São Paulo;SP;7d7866a99a8656a42c7ff6352a433410;1-10 pedidos;1682e6d70d9bc4c652158a101c758aec;Brasília;DF;DF;73092;2018-07-03 23:18:04;2018-07-05 16:32:51;2018-07-04 11:09:00;2018-07-09 16:57:33;2018-07-24 00:00:00;2018-07-09 23:30:39;1.0;4845d1e797e8d6c21a975df4fae03ee1;700.0;700.0;49.0;16.53;65.53;credit_card;5.736;-14.293;True;False;False;False;False;False;False;False;False;False;False;True;False;False;False;False;False;False;False;False;False;False;False;False;False;1;True
92a1a84ebae5713509b7ccdef77a89cf;lag_despacho_negativo;delivered;True;SP;Barueri;SP;7e93a43ef30c4f03f38b393420bc753a;101-1000;63368406d4bb7f9491be5a5e98a06647;São Roque;SP;SP;18130;2018-04-20 20:43:25;2018-04-24 19:06:49;2018-04-24 17:04:25;2018-04-25 17:41:13;2018-05-08 00:00:00;2018-04-25 21:30:39;1.0;d04e48982547095af81c231c3d581cb6;292.0;292.0;219.0;9.3;228.3;credit_card;4.873;-12.263;True;False;False;False;False;False;False;False;False;False;False;True;False;False;False;False;False;False;False;False;False;False;False;False;False;1;True
994572d6e67b97ce9c9ceb7cc0f6445f;lag_despacho_negativo;delivered;True;RS;Porto Alegre;RS;d98eec89afa3380e14463da2aabaea72;101-1000;01ef9a979bab9ba62386d5abfb646cfc;Porto Alegre;RS;RS;90520;2018-07-04 09:36:54;2018-07-05 17:01:12;2018-07-05 15:35:00;2018-07-06 12:43:06;2018-07-18 00:00:00;2018-07-09 04:31:56;1.0;6c81db10f914c4d032b14fa93aa0a818;150.0;150.0;29.99;7.79;37.78;boleto;2.129;-11.47;True;False;False;False;False;False;False;False;False;False;False;True;False;False;False;False;False;False;False;False;False;False;False;False;False;1;True
763cef494955df156986e220c7810b18;lag_despacho_negativo;delivered;True;SP;Ibitinga;SP;391fc6631aebcf3004804e51b40bcf1e;101-1000;d8c1539abb37e4d303c460e0329954d5;Caieiras;SP;SP;7704;2018-07-04 19:09:55;2018-07-05 16:33:26;2018-07-05 15:02:00;2018-07-07 14:46:49;2018-07-26 00:00:00;2018-07-10 19:31:20;1.0;81a266bbf4c7aa3113db84e81ca899b8;1800.0;1800.0;99.99;15.01;115.0;credit_card;2.817;-18.384;True;False;False;False;False;False;False;False;False;False;False;True;False;False;False;False;False;False;False;False;False;False;False;False;False;1;True
61b199f09f9de7776b875cce7c71e649;lag_despacho_negativo;delivered;True;MG;Formiga;MG;d921b68bf747894be13a97ae52b0f386;11-100;21d2c3ed27ae18bdbde418121df7e3db;Cianorte;PR;PR;87200;2018-04-23 13:49:33;2018-04-24 18:22:23;2018-04-23 23:37:52;2018-05-03 00:19:12;2018-05-15 00:00:00;2018-04-27 14:30:36;1.0;e53023ab8367557ec53afdc82e03121b;425.0;425.0;187.9;23.03;210.93;credit_card;9.437;-11.987;True;False;False;False;False;False;False;False;False;False;False;True;False;False;False;False;False;False;False;False;False;False;False;False;False;1;True
b86f93410aa7fe320e029d576bf7bb71;lag_despacho_negativo;delivered;True;RJ;Rio de Janeiro;RJ;fad44952713764836814be105382aee5;11-100;d83c96e43ceb861c1ae810521d467133;Taiobeiras;MG;MG;39550;2018-08-09 14:08:38;2018-08-09 14:26:08;2018-08-09 14:12:00;2018-08-15 16:08:43;2018-09-11 00:00:00;2018-08-13 14:26:08;1.0;b38b25d838ae0b8385e8cc68b9017644;200.0;200.0;180.0;19.36;199.36;credit_card;6.083;-26.327;True;False;False;False;False;False;False;False;False;False;False;True;False;False;False;False;False;False;False;False;False;False;False;False;False;1;True
2e1d942dd860482d56fb7b9e9f507cc0;lag_despacho_negativo;delivered;True;SP;Bebedouro;SP;6a8b085f816a1f75f92dbac6eb545f8f;101-1000;2fb45b4ae0e65e987cd6d8a5a01964cd;Serra;ES;ES;29167;2018-07-03 14:23:02;2018-07-05 16:32:38;2018-07-04 10:13:00;2018-07-10 22:32:46;2018-07-27 00:00:00;2018-07-10 08:31:23;1.0;45e967683e7292b195609137fadaf2fe;100.0;100.0;49.9;18.45;68.35;boleto;7.34;-16.061;True;False;False;False;False;False;False;False;False;False;False;True;False;False;False;False;False;False;False;False;False;False;False;False;False;1;True
7bda7db3336fe81423dded5d342d4115;lag_despacho_negativo;delivered;True;SP;Presidente Prudente;SP;8a432f4e5b471f8da497d7dc517666e2;11-100;d11607a99ce16b1b68b44b901891eb2c;Ibiúna;SP;SP;18150;2018-07-03 17:57:12;2018-07-05 16:11:04;2018-07-04 12:34:00;2018-07-06 12:13:03;2018-07-20 00:00:00;2018-07-05 18:31:45;2.0;0603179793e4bf68b9dbdb4ba238a3b7;1150.0;1150.0;118.0;27.98;145.98;credit_card;2.761;-13.491;True;False;False;False;False;False;False;False;False;False;False;True;False;False;False;False;False;True;False;False;False;False;False;False;False;2;True
7bdfa70c4049e7319a3182997e27cb95;lag_despacho_negativo;delivered;True;MA;São Luís;MA;06a2c3af7b3aee5d69171b0e14f0ee87;101-1000;5f72af98609e835f98c703ea09d3b5a4;Rio de Janeiro;RJ;RJ;21775;2018-04-21 16:49:56;2018-04-24 19:17:35;2018-04-23 22:33:05;2018-05-07 19:22:30;2018-06-01 00:00:00;2018-04-26 17:30:39;1.0;6f636bbfc940a89b20858b9080f4c091;400.0;400.0;64.99;27.51;92.5;credit_card;16.106;-24.193;True;False;False;False;False;False;False;False;False;False;False;True;False;False;False;False;False;False;False;False;False;False;False;False;False;1;True
2008d42068c636c1f2dfc2679457e8c9;lag_despacho_negativo;delivered;True;SP;Pradópolis;SP;b33e7c55446eabf8fe1a42d037ac7d6d;101-1000;6b80582697a102880be2d2eb683c754f;Camutanga;PE;PE;55930;2018-07-04 10:40:15;2018-07-05 16:27:10;2018-07-04 13:29:00;2018-07-10 16:28:59;2018-08-08 00:00:00;2018-07-06 11:31:22;1.0;461f43be3bdf8844e65b62d9ac2c7a5a;444.0;444.0;142.9;37.91;180.81;credit_card;6.242;-28.313;True;False;False;False;False;False;False;False;False;False;False;True;False;False;False;False;False;False;False;False;False;False;False;False;False;1;True
55a8e561e2d5d35ad18732f7d083babe;lag_despacho_negativo;delivered;True;RJ;Petrópolis;RJ;620c87c171fb2a6dd6e8bb4dec959fc6;101-1000;d016bd90f904bbf7b11789bb7b3a98bf;Santa Branca;SP;SP;12380;2018-02-08 17:39:49;2018-02-10 10:18:42;2018-02-09 19:33:11;2018-02-20 19:57:12;2018-03-07 00:00:00;2018-02-14 18:32:21;1.0;6c698925de870b02a87e337a0d3af1c3;363.0;363.0;69.9;15.24;85.14;credit_card;12.095;-14.169;True;False;False;False;False;False;False;False;False;False;False;True;False;False;False;False;False;False;False;False;False;False;False;False;False;1;True
99edc58dc1d02b11403a10338c3a696c;lag_despacho_negativo;delivered;True;SP;Presidente Prudente;SP;8a432f4e5b471f8da497d7dc517666e2;11-100;c4784d77ab20f22ff6a8cf8140d43b42;Jaguariúna;SP;SP;13820;2018-05-15 14:21:56;2018-05-15 14:35:58;2018-05-15 14:34:00;2018-05-18 16:12:14;2018-05-29 00:00:00;2018-05-17 14:35:58;1.0;804b8b7fa3fa43cfed7ceaa5fa0f6898;750.0;750.0;64.0;12.89;76.89;credit_card;3.077;-10.325;True;False;False;False;False;False;False;False;False;False;False;True;False;False;False;False;False;False;False;False;False;False;False;False;False;1;True
52dad0f7bc913b9f6bee5df584adeffb;lag_despacho_negativo;delivered;True;SP;São Paulo;SP;9f505651f4a6abe901a56cdc21508025;101-1000;c4b8258f6561d47376f6b321e3e326e6;Criciúma;SC;SC;88802;2018-06-06 14:01:53;2018-06-07 13:57:46;2018-06-07 12:41:00;2018-06-12 16:27:00;2018-07-17 00:00:00;2018-06-15 13:57:46;2.0;060c17562f97e5bb60bc0dfa4dd5b3f2;150.0;150.0;49.98;36.46;86.44;credit_card;6.101;-34.315;True;False;False;False;False;False;False;False;False;False;False;True;False;False;False;False;False;True;False;False;False;False;False;False;False;2;True
ece7b7cba1247b9ac059fc6a6528a075;lag_despacho_negativo;delivered;True;SP;São Paulo;SP;ea8482cd71df3c1969d7b9473ff13abc;>1000;3fd1372ce0a673e17cca90c7bb33bd3e;Santa Maria;RS;RS;97110;2018-05-15 15:17:06;2018-05-15 15:35:12;2018-05-15 15:05:00;2018-05-25 10:18:23;2018-06-11 00:00:00;2018-05-21 15:30:41;1.0;fcf28afb1353f2f12ea041dd74954226;300.0;300.0;27.99;18.23;46.22;credit_card;9.793;-16.571;True;False;False;False;False;False;False;False;False;False;False;True;False;False;False;False;False;False;False;False;False;False;False;False;False;1;True
673005b4d67fb096100f48d7a6cb008f;lag_despacho_negativo;delivered;True;SP;Jales;SP;3df020b72d3d44b3af9d110fa3940b65;11-100;95a7e3113bcec755d39fa5d204eead18;São Paulo;SP;SP;3962;2018-07-02 15:54:12;2018-07-05 16:27:54;2018-07-04 13:45:00;2018-07-09 18:38:44;2018-07-20 00:00:00;2018-07-05 19:31:22;1.0;f646af315b0f3a597f69213537ca2199;600.0;600.0;49.9;13.93;63.83;boleto;7.114;-10.223;True;False;False;False;False;False;False;False;False;False;False;True;False;False;False;False;False;False;False;False;False;False;False;False;False;1;True
8ad43a57bb88d52531c6facae014a8ae;lag_despacho_negativo;delivered;True;MG;Borda da Mata;MG;dbc22125167c298ef99da25668e1011f;101-1000;40066988850bb19638f8c63a787a21d2;Conselheiro Lafaiete;MG;MG;36407;2018-07-04 12:37:38;2018-07-05 17:02:53;2018-07-04 14:31:00;2018-07-11 00:06:25;2018-07-23 00:00:00;2018-07-06 13:30:59;1.0;89e4362d74afa10ac57f8d67210132a6;1870.0;1870.0;96.8;14.98;111.78;credit_card;6.478;-11.996;True;False;False;False;False;False;False;False;False;False;False;True;False;False;False;False;False;False;False;False;False;False;False;False;False;1;True
ca90e0247838f37e708b833b004ba84b;lag_despacho_negativo;delivered;True;SP;Itatiba;SP;70eea00b476a314817cefde4aad4f89a;101-1000;44503b73171f81899a6a70132d4d403a;Campina Grande;PB;PB;58429;2018-07-04 16:07:50;2018-07-05 16:14:52;2018-07-05 14:24:00;2018-07-10 16:20:41;2018-08-03 00:00:00;2018-07-10 16:32:19;1.0;fb9e76805845146bdd3dbee717b27979;3850.0;3850.0;289.9;92.24;382.14;credit_card;6.009;-23.319;True;False;False;False;False;False;False;False;False;False;False;True;False;False;False;False;False;False;False;False;False;False;False;False;False;1;True
c3b8c17ee15e0e798c2e178b7d4c7f42;lag_despacho_negativo;delivered;True;SP;Ibitinga;SP;4a3ca9315b744ce9f8e9374361493884;>1000;67a5fd09c67dd51115ca8044b4afdc34;Caconde;SP;SP;13770;2017-09-01 20:04:47;2017-09-13 22:08:55;2017-09-05 15:43:31;2017-09-11 16:43:46;2017-09-20 00:00:00;2017-09-07 22:31:45;1.0;1d6d7be70107889e3193819aca4dc1dc;900.0;900.0;48.9;12.69;61.59;credit_card;9.86;-8.303;True;False;False;False;False;False;False;False;False;False;False;True;False;False;False;False;False;False;False;False;False;False;False;False;False;1;True
b064e7c32db081ff3c6283331d1669ce;lag_despacho_negativo;delivered;True;SP;Sorocaba;SP;9d4db00d65d7760644ac0c14edb5fd86;11-100;16ec27fb0960851e8be0060ea6ed2a32;São Paulo;SP;SP;4433;2018-04-21 14:57:16;2018-04-24 18:59:40;2018-04-23 19:48:38;2018-04-27 21:36:38;2018-05-10 00:00:00;2018-04-26 15:30:40;1.0;03e4e6709b7d6415746769c0bc3e9131;3890.0;3890.0;57.99;11.86;69.85;credit_card;6.277;-12.1;True;False;False;False;False;False;False;False;False;False;False;True;False;False;False;False;False;False;False;False;False;False;False;False;False;1;True
9a1be11e9a732a340c3bec3b390debeb;lag_despacho_negativo;delivered;True;SP;São Paulo;SP;955fee9216a65b617aa5c0531780ce60;>1000;fe183c5b40e3f8c97a4a5eda7392de2e;Patos de Minas;MG;MG;38703;2018-07-03 11:39:10;2018-07-05 16:07:17;2018-07-04 08:41:00;2018-07-09 23:16:49;2018-07-25 00:00:00;2018-07-06 08:32:13;1.0;aeb383f37bb53452cce26e3da03a6d80;650.0;650.0;39.0;18.37;57.37;boleto;6.484;-15.03;True;False;False;False;False;False;False;False;False;False;False;True;False;False;False;False;False;False;False;False;False;False;False;False;False;1;True
5f827831438fdab57e6b6b98328b360e;lag_despacho_negativo;delivered;True;SP;São Paulo;SP;6560211a19b47992c3666cc44a7e94c0;>1000;3cb502fcf455deaa130fe625b29c7804;São Paulo;SP;SP;4719;2018-04-21 19:28:09;2018-04-24 18:22:30;2018-04-23 22:38:25;2018-04-24 14:40:46;2018-05-10 00:00:00;2018-04-26 20:30:46;1.0;3096d513ef378c2f6b32b7f4f42a471a;400.0;400.0;129.0;7.77;136.77;credit_card;2.8;-15.388;True;False;False;False;False;False;False;False;False;False;False;True;False;False;False;False;False;False;False;False;False;False;False;False;False;1;True
fa3e37584f4fdb1ded0e0de700dfcb4e;entrega_antes_coleta;delivered;True;SP;São Paulo;SP;d12c926d74ceff0a90a21184466ce161;11-100;63be4feff10a0b1d85f2cfbf10df9754;São Paulo;SP;SP;2245;2017-07-30 19:32:23;2017-07-30 19:45:09;2017-08-09 18:18:43;2017-08-01 21:13:01;2017-08-18 00:00:00;2017-08-03 19:45:09;2.0;4954affcf6b8e0fbd3b4780a9baab238;225.0;225.0;91.7;19.509999999999998;111.21;credit_card;2.07;-16.116;True;False;False;False;False;False;False;False;True;False;False;False;False;False;False;False;False;False;False;False;False;False;False;False;False;1;True
267519bdbe13b2f237af57f3f1b86a9e;lag_despacho_negativo;delivered;True;SP;Ipira;BA;b43d8b707f887a30f4675391098354a0;1-10 pedidos;8d4632ec0b24f42cfea3d3d6e735e4c9;Posse;GO;GO;73900;2018-07-03 16:37:35;2018-07-05 16:13:39;2018-07-04 06:54:00;2018-09-01 00:51:37;2018-07-31 00:00:00;2018-07-09 17:31:32;1.0;6392b413939939ce321eed54003573d6;350.0;350.0;349.0;53.16;402.16;credit_card;59.343;32.036;True;True;False;True;False;False;False;False;False;False;False;True;False;False;False;False;False;False;False;False;False;False;False;False;True;2;True
5506aa9cafae9629ef0a21b3ad199219;lag_despacho_negativo;delivered;True;SP;São Paulo;SP;6560211a19b47992c3666cc44a7e94c0;>1000;d18a532953fbe5fc32410c6637e07e80;Salvador;BA;BA;41740;2017-12-02 11:20:41;2017-12-05 10:30:54;2017-12-04 20:58:59;2018-01-04 23:13:47;2018-01-02 00:00:00;2017-12-08 11:16:01;1.0;6c50c87e36d8641d67fbcceed5cfec5e;200.0;200.0;55.0;15.83;70.83;credit_card;33.495;2.968;True;True;False;True;False;False;False;False;False;False;False;True;False;False;False;False;False;False;False;False;False;False;False;False;False;1;True
3ff3c14b693208d95c7a79ad6fe5c117;lag_despacho_negativo;delivered;True;SP;São Paulo;SP;8b321bb669392f5163d04c59e235e066;101-1000;ed3456724c3939113ed2747629e87ad6;Guaíra;PR;PR;85980;2018-07-03 20:54:31;2018-07-05 16:12:54;2018-07-04 14:30:00;2018-07-13 19:03:28;2018-07-27 00:00:00;2018-07-06 08:31:34;1.0;75b433ca888fe027b18dfac89a284667;1350.0;1350.0;12.9;18.23;31.13;boleto;9.923;-13.206;True;False;False;False;False;False;False;False;False;False;False;True;False;False;False;False;False;False;False;False;False;False;False;False;False;1;True
a64faadf772cdd7147ed00192cbf4ff2;lag_despacho_negativo;delivered;True;SP;Limeira;SP;4b9750c8ad28220fe6702d4ecb7c898f;101-1000;95038e16c02c41f088a6c8097154aa28;Rio de Janeiro;RJ;RJ;20950;2018-07-03 10:59:10;2018-07-05 16:32:09;2018-07-04 15:11:00;2018-07-09 22:41:54;2018-08-07 00:00:00;2018-07-06 11:31:27;1.0;af2d506fb01b724e03591349ad36b67e;600.0;600.0;48.9;19.53;68.43;credit_card;6.488;-28.054;True;False;False;False;False;False;False;False;False;False;False;True;False;False;False;False;False;False;False;False;False;False;False;False;False;1;True
e3e54348392f8105ec69356675788604;lag_despacho_negativo;delivered;True;PE;Recife;PE;de722cd6dad950a92b7d4f82673f8833;101-1000;23e316f7e8bb8cfede1c8bc743b5d949;Nova Iguaçu;RJ;RJ;26052;2018-04-23 22:17:39;2018-04-24 18:58:30;2018-04-24 18:19:24;2018-05-01 13:38:51;2018-05-21 00:00:00;2018-04-29 22:30:41;1.0;3dd2a17168ec895c781a9191c1e95ad7;533.0;533.0;149.9;21.1;171.0;credit_card;7.64;-19.431;True;False;False;False;False;False;False;False;False;False;False;True;False;False;False;False;False;False;False;False;False;False;False;False;False;1;True
aa767f19bb0117b647c1934f348f84a8;lag_despacho_negativo;delivered;True;SP;Ferraz de Vasconcelos;SP;0885aaf116795758dfeb5f1032487bcd;11-100;c0607f321bb86a70b4c2ac712efa110b;Lençóis Paulista;SP;SP;18683;2018-06-27 07:14:45;2018-06-27 10:52:05;2018-06-27 09:38:00;2018-07-03 15:57:08;2018-07-18 00:00:00;2018-06-29 07:31:11;1.0;c445e66ff5aed16191fd41e4d9fcf2aa;1175.0;1175.0;89.9;14.94;104.84;credit_card;6.363;-14.335;True;False;False;False;False;False;False;False;False;False;False;True;False;False;False;False;False;False;False;False;False;False;False;False;False;1;True
0b2d6210fb2a3be6f54add89639740ab;lag_despacho_negativo;delivered;True;SP;São José do Rio Preto;SP;1f50f920176fa81dab994f9023523100;>1000;96d965bc7dd54c8cb5194f8cd2650e85;São Paulo;SP;SP;1150;2018-04-23 11:02:31;2018-04-24 18:46:37;2018-04-24 00:30:42;2018-04-26 17:38:26;2018-05-16 00:00:00;2018-04-27 11:31:20;1.0;422879e10f46682990de24d770e7f83d;1550.0;1550.0;53.9;0.0;53.9;credit_card;3.275;-19.265;True;False;False;False;False;False;False;False;False;False;True;True;False;False;False;False;False;False;False;False;False;False;False;False;False;2;True
0e1501cd30758f584d1fa67cc6f9493a;lag_despacho_negativo;delivered;True;SP;Limeira;SP;729f06993dac8e860d4f02d7088ca48a;11-100;63162a081407c40769b8b941dbbc7275;Cotia;SP;SP;6702;2018-07-02 16:16:03;2018-07-05 16:25:45;2018-07-03 14:36:00;2018-07-04 23:03:36;2018-07-17 00:00:00;2018-07-06 04:32:02;1.0;5a57a59c44429be19e1ce8e69e15c473;8550.0;8550.0;120.0;16.79;136.79;boleto;2.283;-12.039;True;False;False;False;False;False;False;False;False;False;False;True;False;False;False;False;False;False;False;False;False;False;False;False;False;1;True
bb3164e0236b64b580d475215f1004d2;lag_despacho_negativo;delivered;True;SP;Presidente Prudente;SP;8a432f4e5b471f8da497d7dc517666e2;11-100;38d161baf388ee7ea0a737483359f8b8;São Paulo;SP;SP;5686;2018-06-19 15:12:47;2018-06-19 15:37:45;2018-06-19 13:58:00;2018-06-22 21:56:47;2018-07-11 00:00:00;2018-06-21 15:31:51;1.0;69d110cc75a123721c86bcfc77fa8afb;1500.0;1500.0;69.0;13.14;82.14;credit_card;3.281;-18.086;True;False;False;False;False;False;False;False;False;False;False;True;False;False;False;False;False;False;False;False;False;False;False;False;False;1;True
1452442fe3e8cc6d3a1a8d8fc92dc019;lag_despacho_negativo;delivered;True;SP;São Paulo;SP;1d4587203296c8f4ad134dc286fa6db0;11-100;8b9e671a305b19a4f7a11ce24badf10e;Contagem;MG;MG;32223;2018-04-19 00:41:11;2018-04-24 18:37:45;2018-04-23 23:17:36;2018-04-30 19:28:46;2018-05-14 00:00:00;2018-04-26 17:30:50;1.0;eb2e510c7e0f62651d0156e769928970;150.0;150.0;24.9;15.23;40.13;boleto;11.783;-13.188;True;False;False;False;False;False;False;False;False;False;False;True;False;False;False;False;False;False;False;False;False;False;False;False;False;1;True
ef18166b5f1dfc60d75435c548674981;lag_despacho_negativo;delivered;True;BA;Guanambi;BA;c72de06d72748d1a0dfb2125be43ba63;11-100;c0e2c21e84f18fe6c06cd6bf960cb016;Boa Vista;RR;RR;69303;2018-07-23 20:42:29;2018-07-24 10:31:03;2018-07-24 09:34:00;2018-08-03 19:03:55;2018-08-24 00:00:00;2018-07-30 09:31:39;1.0;da1ff964ecbb4df51db9322cdf7a4a74;800.0;800.0;349.0;86.21;435.21;credit_card;10.932;-20.206;True;False;False;False;False;False;False;False;False;False;False;True;False;False;False;False;False;False;False;False;False;False;False;False;False;1;True
b39c24b97fedca1cb67932d9864957c6;lag_despacho_negativo;delivered;True;SP;Santo André;SP;ff063b022a9a0aab91bad2c9088760b7;11-100;89141b4c6cae95109f80cd2c209765a6;Ponta Grossa;PR;PR;84060;2018-06-18 13:48:28;2018-06-18 14:19:16;2018-06-18 12:53:00;2018-07-03 16:46:44;2018-07-12 00:00:00;2018-06-20 14:19:16;1.0;a8075470f960215ffb67624782f80fec;2900.0;2900.0;99.0;26.99;125.99;credit_card;15.124;-8.301;True;False;False;False;False;False;False;False;False;False;False;True;False;False;False;False;False;False;False;False;False;False;False;False;False;1;True
6c9d8a503389b985fe15e2f6c3b5f7cb;lag_despacho_negativo;delivered;True;SP;Salto;SP;f8db351d8c4c4c22c6835c19a46f01b0;101-1000;d722c0e211aa25d66f9c6c57093f87ad;Jaú;SP;SP;17220;2018-06-30 15:36:06;2018-07-05 16:04:15;2018-07-04 08:40:00;2018-07-07 16:42:31;2018-07-20 00:00:00;2018-07-05 05:31:28;1.0;b4bcc9155de9c60e343ecbff22b86dc8;393.0;393.0;129.9;14.49;144.39;boleto;7.046;-12.304;True;False;False;False;False;False;False;False;False;False;False;True;False;False;False;False;False;False;False;False;False;False;False;False;False;1;True
438b46304b3217ea878c63aeb5b98f5d;lag_despacho_negativo;delivered;True;RJ;Queimados;RJ;056b4ada5bbc2c50cc7842547dda6b51;11-100;21831634eda702776bee4cbd95446d82;Leme;SP;SP;13612;2018-07-03 18:15:23;2018-07-05 16:40:34;2018-07-04 11:51:00;2018-07-10 18:27:47;2018-07-27 00:00:00;2018-07-09 21:31:46;1.0;5c3aca5c078a343b3b873362e7ac2fcc;600.0;600.0;175.99;20.42;196.41;voucher;7.009;-16.231;True;False;False;False;False;False;False;False;False;False;False;True;False;False;False;False;False;False;False;False;False;False;False;False;False;1;True
cbdda7b3592588a17fa43ca6c7300e72;lag_despacho_negativo;delivered;True;MS;Campo Grande;MS;515d781150feed28a6ac091bb0e3cb8c;1-10 pedidos;0dc30fe0f8e3ce6df4c628ca41654fd9;Brasília;DF;DF;70238;2017-04-26 00:25:26;2017-04-28 11:46:49;2017-04-28 11:25:32;2017-05-09 12:12:13;2017-05-24 00:00:00;2017-05-05 05:33:26;1.0;629cd04871a85607710a2bc120766c0d;3042.0;3042.0;156.99;25.95;182.94;boleto;13.491;-14.492;True;False;False;False;False;False;False;False;False;False;False;True;False;False;False;False;False;False;False;False;False;False;False;False;False;1;True
6b3c0661b32905af6722a962d2fac779;lag_despacho_negativo;delivered;True;RS;Porto Alegre;RS;d98eec89afa3380e14463da2aabaea72;101-1000;4f640c97c9198455b707c9d8a99f334f;Campinas;SP;SP;13106;2018-07-27 13:30:05;2018-07-27 13:45:13;2018-07-27 13:44:00;2018-08-01 11:52:46;2018-08-17 00:00:00;2018-07-31 13:45:13;1.0;6f6d0c21d57a3bac0a6dc84cae4c0bcb;450.0;450.0;79.99;16.75;96.74;credit_card;4.932;-15.505;True;False;False;False;False;False;False;False;False;False;False;True;False;False;False;False;False;False;False;False;False;False;False;False;False;1;True
e939b415a638d648a1421b5520b3a28e;lag_despacho_negativo;delivered;True;SP;São Paulo;SP;6560211a19b47992c3666cc44a7e94c0;>1000;ff9700de4a13d19b014fc94a39a802e1;São José;SC;SC;88119;2018-07-04 22:44:55;2018-07-05 16:32:50;2018-07-05 10:43:00;2018-07-13 19:04:20;2018-07-25 00:00:00;2018-07-08 23:31:22;1.0;91442659f31ec0f0fc73215e77854fac;300.0;300.0;55.0;15.49;70.49;credit_card;8.847;-11.205;True;False;False;False;False;False;False;False;False;False;False;True;False;False;False;False;False;False;False;False;False;False;False;False;False;1;True
a1f5afc5fe7a4ee4bef93aab1e95772f;lag_despacho_negativo;delivered;True;SP;Guarulhos;SP;8581055ce74af1daba164fdbd55a40de;101-1000;dc53883e94804c81b4afdf2c23478d97;São Bernardo do Campo;SP;SP;9862;2017-05-06 11:09:15;2017-05-11 23:31:25;2017-05-09 08:48:36;2017-05-16 08:05:15;2017-05-29 00:00:00;2017-05-12 09:32:07;1.0;f4f67ccaece962d013a4e1d7dc3a61f7;7625.0;7625.0;241.1;20.66;261.76;credit_card;9.872;-12.663;True;False;False;False;False;False;False;False;False;False;False;True;False;False;False;False;False;False;False;False;False;False;False;False;False;1;True
e2a45d61a460b659878a89fe8f88b5fc;lag_despacho_negativo;delivered;True;MG;Belo Horizonte;MG;080102cd0a76b09e0dcf55fcacc60e05;101-1000;f7af610e591f0a53b8adb3cce3ab1c46;Muzambinho;MG;MG;37890;2018-04-23 10:57:59;2018-04-24 18:42:04;2018-04-23 22:03:26;2018-05-02 22:35:03;2018-05-11 00:00:00;2018-04-27 11:31:51;1.0;290ee150f608e4391785e3ca842ed6d7;400.0;400.0;62.49;13.56;76.05;credit_card;9.484;-8.059;True;False;False;False;False;False;False;False;False;False;False;True;False;False;False;False;False;False;False;False;False;False;False;False;False;1;True
547b3596c03dfad1b87305e9c5a554c2;lag_despacho_negativo;delivered;True;SP;São Paulo;SP;6a8a889bde935bafa76d7848782dfaf9;11-100;e14b08a5e109d77846ce7d4cb8b12d6c;Guarulhos;SP;SP;7110;2018-04-22 23:05:38;2018-04-24 19:23:54;2018-04-23 19:04:05;2018-04-24 19:18:35;2018-05-10 00:00:00;2018-04-26 23:30:52;3.0;de92134fd940e9302d27c31af4581fbd;438.0;438.0;100.97;23.970000000000002;124.93;credit_card;1.842;-15.195;True;False;False;False;False;False;False;False;False;False;False;True;False;False;False;False;False;True;False;False;False;False;False;False;False;2;True
51fea792e465500a842c7325adabf0ad;lag_despacho_negativo;delivered;True;PR;Foz do Iguaçu;PR;54965bbe3e4f07ae045b90b0b8541f52;11-100;3c36ed23dfeb3ab95dbaca492472f1f7;Maricá;RJ;RJ;24933;2018-07-01 14:43:11;2018-07-05 16:04:56;2018-07-03 14:35:00;2018-07-11 00:22:48;2018-08-08 00:00:00;2018-07-13 04:31:42;1.0;fc6ba6bf4b28fdad575e27b56cafe176;1150.0;1150.0;69.9;27.44;97.34;boleto;9.403;-27.984;True;False;False;False;False;False;False;False;False;False;False;True;False;False;False;False;False;False;False;False;False;False;False;False;False;1;True
a5030749302e7c9a21f56e55fc391341;lag_despacho_negativo;delivered;True;SP;São Roque;SP;45ba18c210d42734ec52c0c1c574e9ee;11-100;db923ab57ea2d9e73563d6a69825da4b;Goiânia;GO;GO;74230;2018-07-04 09:52:09;2018-07-05 16:33:23;2018-07-05 08:47:00;2018-07-11 23:29:42;2018-08-01 00:00:00;2018-07-10 10:31:25;1.0;28e1e01400863d6035542c650bc72be4;10400.0;10400.0;394.9;89.35;484.25;credit_card;7.568;-20.021;True;False;False;False;False;False;False;False;False;False;False;True;False;False;False;False;False;False;False;False;False;False;False;False;False;1;True
036c6f5c3d6a81192f4896ddb2c00c83;lag_despacho_negativo;delivered;True;GO;Morrinhos;GO;6bd503a8230299c9316fb0f726933927;1-10 pedidos;7568855ab7b8c08837d50e8d9827090f;Itinga;MG;MG;39610;2018-07-22 17:08:05;2018-07-27 23:31:02;2018-07-24 14:18:00;2018-08-03 14:03:12;2018-08-16 00:00:00;2018-07-30 04:25:21;1.0;25ce1fd278819fb92db46f69fdbc5eb6;150.0;150.0;53.8;22.31;76.11;boleto;11.872;-12.414;True;False;False;False;False;False;False;False;False;False;False;True;False;False;False;False;False;False;False;False;False;False;False;False;False;1;True
b7a8a6b5eb0a253e2d80e80bb3badbe2;lag_despacho_negativo;delivered;True;MG;Betim;MG;17ca9b9e9b9ef8fdb529001b49ebb50f;101-1000;a023459b1f09822fe227fa0db9f3f0ec;Cariacica;ES;ES;29141;2018-04-19 22:06:20;2018-04-24 18:03:14;2018-04-23 19:36:27;2018-05-03 13:02:56;2018-05-14 00:00:00;2018-04-26 02:31:47;1.0;540a93038cc8b4c42ef0821b2cf067d3;4800.0;4800.0;49.97;24.0;73.97;boleto;13.623;-10.456;True;False;False;False;False;False;False;False;False;False;False;True;False;False;False;False;False;False;False;False;False;False;False;False;False;1;True
2e55db958a20257bc57183a4e74e6b47;lag_despacho_negativo;delivered;True;SP;São Paulo;SP;6560211a19b47992c3666cc44a7e94c0;>1000;91db678752ee943f3565ef444a7072ad;Mococa;SP;SP;13736;2018-07-30 16:04:45;2018-08-01 16:31:33;2018-07-31 10:01:00;2018-08-03 15:08:38;2018-08-29 00:00:00;2018-08-01 17:05:13;1.0;b84520a57891e7a8ae2c68741dcc7146;250.0;250.0;45.0;18.99;63.99;credit_card;3.961;-25.369;True;False;False;False;False;False;False;False;False;False;False;True;False;False;False;False;False;False;False;False;False;False;False;False;False;1;True
7a8107927fd13f239a62ba070873fe45;lag_despacho_negativo;delivered;True;RJ;Rio de Janeiro;RJ;537eb890efff034a88679788b647c564;101-1000;39627b5018f045c6237bd64635234d65;Volta Redonda;RJ;RJ;27255;2018-07-30 00:04:55;2018-08-01 16:31:33;2018-07-31 11:01:00;2018-08-02 01:46:45;2018-08-03 00:00:00;2018-08-01 16:35:19;1.0;787a7fee45732e04f90ace8fda0ed076;100.0;100.0;19.9;7.56;27.46;credit_card;3.071;-0.926;True;False;False;False;False;False;False;False;False;False;False;True;False;False;False;False;False;False;False;False;False;False;False;False;False;1;True
cfa2faba61860f34b537dc9a7e42f544;lag_despacho_negativo;delivered;True;SP;Birigüi;SP;709e16e2b25c7474d980076c6bfc4806;11-100;1d664a33f118a2b1dab70bf077984316;Cristal;RS;RS;96195;2018-01-30 20:38:58;2018-02-04 23:31:41;2018-01-31 18:14:34;2018-02-14 19:24:52;2018-03-07 00:00:00;2018-02-06 09:15:24;1.0;912d5af95a68c1f1b7ba4b69e4344e61;500.0;500.0;149.9;15.8;165.7;boleto;14.949;-20.191;True;False;False;False;False;False;False;False;False;False;False;True;False;False;False;False;False;False;False;False;False;False;False;False;False;1;True
c4e4f418e16546c854c899cde06a3385;lag_despacho_negativo;delivered;True;SP;São Paulo;SP;3d8fa2f5b647373c8620330c4e077a9f;11-100;adc5ab32626c83187d0614706e1a5e58;Brasília;DF;DF;72420;2018-05-16 11:35:34;2018-05-16 11:58:20;2018-05-16 11:41:00;2018-05-22 18:13:30;2018-06-06 00:00:00;2018-05-22 11:58:20;1.0;3f212fef0e1f11b343226b633f0426df;1050.0;1050.0;110.0;16.74;126.74;credit_card;6.276;-14.241;True;False;False;False;False;False;False;False;False;False;False;True;False;False;False;False;False;False;False;False;False;False;False;False;False;1;True
4148591d51d8741aef65abefd186887b;lag_despacho_negativo;delivered;True;SP;São Paulo;SP;ea8482cd71df3c1969d7b9473ff13abc;>1000;86d870bc6aaa37f7c193f9b2d19b8015;Recife;PE;PE;50771;2018-04-20 17:09:14;2018-04-24 18:57:29;2018-04-23 21:48:43;2018-05-08 16:48:46;2018-05-22 00:00:00;2018-04-26 17:30:56;1.0;99f265229d46f700208ad7cb1ff48aae;350.0;350.0;44.99;19.04;64.03;credit_card;17.986;-13.299;True;False;False;False;False;False;False;False;False;False;False;True;False;False;False;False;False;False;False;False;False;False;False;False;False;1;True
fff0db5573c78c1cb5a2b68a2bbd8d4a;lag_despacho_negativo;delivered;True;SP;São Paulo;SP;777a0c55737f34ffeb78010f7542ab41;1-10 pedidos;57343e0c5ed32cb5a60d261fb66f7f35;Barueri;SP;SP;6401;2018-06-27 09:02:19;2018-06-27 11:05:27;2018-06-27 10:19:00;2018-06-28 17:52:43;2018-07-12 00:00:00;2018-07-03 09:31:23;1.0;681953ccd5c33207d75571a4bfbe127d;150.0;150.0;69.95;7.75;77.7;credit_card;1.368;-13.255;True;False;False;False;False;False;False;False;False;False;False;True;False;False;False;False;False;False;False;False;False;False;False;False;False;1;True
b6ab1ce66f41dbbd8e998bfb0eab8bd5;lag_despacho_negativo;delivered;True;PR;Maringá;PR;88460e8ebdecbfecb5f9601833981930;101-1000;8d61d4e9db55270ed265a5def0d1b9b7;São Paulo;SP;SP;2215;2018-06-26 14:14:25;2018-06-26 14:34:15;2018-06-26 13:53:00;2018-06-30 18:18:32;2018-07-31 00:00:00;2018-07-06 14:30:50;1.0;93a12c289ca2b78e7069e469f5053ef2;233.0;233.0;137.9;14.31;152.21;credit_card;4.17;-30.237;True;False;False;False;False;False;False;False;False;False;False;True;False;False;False;False;False;False;False;False;False;False;False;False;False;1;True
4048feff4f2e6e394bcaf4981d27a9bd;lag_despacho_negativo;delivered;True;SP;São Paulo;SP;87d3c3aeb3ead335511b3ce315eb341e;11-100;1549a2a8e05b28e7ba31eeb0ab1bd84b;São Paulo;SP;SP;4635;2018-06-25 11:59:16;2018-06-25 12:13:40;2018-06-25 11:56:00;2018-06-26 20:45:42;2018-07-05 00:00:00;2018-06-29 12:13:40;1.0;2b1ae6086a4f08fa4595cddf59e1bfab;5400.0;5400.0;101.99;16.01;118.0;credit_card;1.366;-8.135;True;False;False;False;False;False;False;False;False;False;False;True;False;False;False;False;False;False;False;False;False;False;False;False;False;1;True
73696c4354b75af323cf793aa474acfc;lag_despacho_negativo;delivered;True;RJ;Itaboraí;RJ;63ffcb71394dd8ea3872ed9ffda17c74;11-100;c99b3cf4d3a8c1829fc7b4c71bd3e43c;Cantagalo;RJ;RJ;28500;2017-05-05 07:48:46;2017-05-10 21:32:36;2017-05-10 09:47:50;2017-05-16 06:50:09;2017-05-26 00:00:00;2017-05-12 09:31:43;1.0;a4d8f727f92014da5dd64116af14634c;1200.0;1200.0;25.0;12.93;37.93;credit_card;10.959;-9.715;True;False;False;False;False;False;False;False;False;False;False;True;False;False;False;False;False;False;False;False;False;False;False;False;False;1;True
c4694142c485a1a9d1ca666ea9c00d07;lag_despacho_negativo;delivered;True;SP;Atibaia;SP;16090f2ca825584b5a147ab24aa30c86;101-1000;b210593a5576b40aee78f5dee31f5bf4;São Paulo;SP;SP;4945;2018-07-03 21:55:37;2018-07-05 16:33:19;2018-07-04 14:59:00;2018-07-05 19:36:48;2018-07-16 00:00:00;2018-07-05 22:31:11;1.0;89321f94e35fc6d7903d36f74e351d40;150.0;150.0;27.9;7.94;35.84;debit_card;1.904;-10.183;True;False;False;False;False;False;False;False;False;False;False;True;False;False;False;False;False;False;False;False;False;False;False;False;False;1;True
7056ed3b6f11b379db7915d1f6a69ad9;lag_despacho_negativo;delivered;True;SP;Salto;SP;2ff97219cb8622eaf3cd89b7d9c09824;11-100;d906c4099ee449f7420baf549c4d5cc4;Niterói;RJ;RJ;24220;2018-04-21 16:57:10;2018-04-24 19:06:41;2018-04-23 19:03:25;2018-05-02 20:08:46;2018-05-18 00:00:00;2018-04-26 17:30:45;1.0;a925c2de748323d87a9a854884672e03;350.0;350.0;19.9;18.23;38.13;credit_card;11.133;-15.161;True;False;False;False;False;False;False;False;False;False;False;True;False;False;False;False;False;False;False;False;False;False;False;False;False;1;True
d04757c9594f6b1953682f34c0b1086c;lag_despacho_negativo;delivered;True;SP;São Paulo;SP;1025f0e2d44d7041d6cf58b6550e0bfa;101-1000;1cea0c9e9a40f2a7c264e9fb0629cc32;Criciúma;SC;SC;88817;2018-04-20 15:12:39;2018-04-24 19:26:31;2018-04-23 22:03:33;2018-04-30 19:21:58;2018-05-18 00:00:00;2018-04-26 15:31:09;2.0;87b7eba7245c8ab0ebeacd9b853fee69;3750.0;3750.0;80.0;36.46;116.46;credit_card;10.173;-17.193;True;False;False;False;False;False;False;False;False;False;False;True;False;False;False;False;False;True;False;False;False;False;False;False;False;2;True
a54b9350f120bf643b010046fc8d7790;lag_despacho_negativo;delivered;True;SP;São Paulo;SP;2646baaf662d4d92ac48f047e35db92d;11-100;b7b94ef92d6a86934e2a60a6b8fb8f3d;Santos;SP;SP;11065;2018-07-05 00:44:25;2018-07-05 16:32:24;2018-07-05 14:43:00;2018-07-10 20:43:57;2018-07-23 00:00:00;2018-07-11 01:31:18;1.0;98d2c6e0a869b3c95ad74c736933fc9e;400.0;400.0;29.0;7.46;36.46;credit_card;5.833;-12.136;True;False;False;False;False;False;False;False;False;False;False;True;False;False;False;False;False;False;False;False;False;False;False;False;False;1;True
a0d0610703403a3ae85d5777c8c5897a;lag_despacho_negativo;delivered;True;SP;São Paulo;SP;d9bd94811c3338dceb4181f3dbc0c73e;11-100;50540fa104b2cb99c95d9e5d53efb109;São Paulo;SP;SP;3429;2018-08-09 13:11:54;2018-08-09 15:05:34;2018-08-09 14:04:00;2018-08-10 15:37:02;2018-08-14 00:00:00;2018-08-13 15:05:34;1.0;e69137c3731a8a094d7e2ad97f76c95f;150.0;150.0;77.98;7.81;85.79;credit_card;1.101;-3.349;True;False;False;False;False;False;False;False;False;False;False;True;False;False;False;False;False;False;False;False;False;False;False;False;False;1;True
e01de4bb8dc46ea4d7e8c5ea3afe2f8d;lag_despacho_negativo;delivered;True;SP;Guarulhos;SP;33a6f4b1e7cdc205511e76ba1b6e0186;101-1000;10c1529311141c1bce5e8a4d808b2729;Santa Bárbara D'oeste;SP;SP;13451;2018-04-21 09:54:41;2018-04-24 19:09:57;2018-04-23 19:41:27;2018-04-24 20:03:53;2018-05-11 00:00:00;2018-04-27 10:31:25;1.0;363218ba55c610b750224f90bdd34be1;1813.0;1813.0;79.99;8.91;88.9;credit_card;3.423;-16.164;True;False;False;False;False;False;False;False;False;False;False;True;False;False;False;False;False;False;False;False;False;False;False;False;False;1;True
16a50f1f11876372829112e48b471e3e;lag_despacho_negativo;delivered;True;SC;Lages;SC;32b8764b4ef628b53608fc34011fcc13;11-100;f2a86ca070522d6089d6de98878e879a;São Paulo;SP;SP;3918;2018-04-20 17:19:12;2018-04-24 19:25:26;2018-04-24 18:51:04;2018-05-03 11:24:38;2018-05-15 00:00:00;2018-04-26 17:30:59;1.0;03826ede2cac52b3011b58cfd58c84f9;6900.0;6900.0;119.0;44.41;163.41;credit_card;12.754;-11.525;True;False;False;False;False;False;False;False;False;False;False;True;False;False;False;False;False;False;False;False;False;False;False;False;False;1;True
34ab0cb9a828372a0c1de84088b216ae;lag_despacho_negativo;delivered;True;SP;São Paulo;SP;3ab971ce71839580d2ae5b4e40fe8044;11-100;66aeda5555542d7cc245264c97dd52c3;Rio Claro;SP;SP;13500;2018-07-03 17:08:07;2018-07-05 16:32:49;2018-07-04 12:09:00;2018-07-05 23:14:21;2018-07-17 00:00:00;2018-07-06 17:31:53;1.0;a9ccb9dca11ae8ca804b47417d0411f2;8600.0;8600.0;169.9;19.36;189.26;credit_card;2.254;-11.032;True;False;False;False;False;False;False;False;False;False;False;True;False;False;False;False;False;False;False;False;False;False;False;False;False;1;True
0d8bde7325af3ab269064a609e832c91;lag_despacho_negativo;delivered;True;MG;Baependi;MG;d94a40fd42351c259927028d163af842;11-100;52377ba56a9cb8c016e22bac30a53ebc;Aracruz;ES;ES;29194;2018-07-05 09:38:50;2018-07-05 16:30:48;2018-07-05 13:10:00;2018-07-10 12:04:37;2018-08-08 00:00:00;2018-07-11 10:31:43;2.0;c8327011b01e4666db6770ebb8a86fa9;9950.0;9950.0;298.0;135.14;433.14;credit_card;5.101;-28.497;True;False;False;False;False;False;False;False;False;False;False;True;False;False;False;False;False;True;False;False;False;False;False;False;False;2;True
55b653f93de6e994b6dda90f615c7a8f;lag_despacho_negativo;delivered;True;SP;São Paulo;SP;d566c37fa119d5e66c4e9052e83ee4ea;11-100;333e42c06df929c78bb4d60f03fe14b7;Curitiba;PR;PR;80250;2018-04-30 13:05:23;2018-04-30 13:15:21;2018-04-30 13:01:00;2018-05-04 18:03:43;2018-05-21 00:00:00;2018-05-07 13:15:21;1.0;8173ca41cdb176462f9ae79821a48404;150.0;150.0;35.9;15.23;51.13;credit_card;4.207;-16.247;True;False;False;False;False;False;False;False;False;False;False;True;False;False;False;False;False;False;False;False;False;False;False;False;False;1;True
38fd57a781f31c3c00a012db1e52f6fa;lag_despacho_negativo;delivered;True;MA;São Luís;MA;06a2c3af7b3aee5d69171b0e14f0ee87;101-1000;0b1cbaf9e8123b00a50e3fbd846e10d3;Maceió;AL;AL;57041;2018-04-23 17:49:25;2018-04-24 18:42:15;2018-04-24 15:03:30;2018-05-14 17:40:30;2018-05-24 00:00:00;2018-04-27 18:32:28;1.0;3fbc0ef745950c7932d5f2a446189725;350.0;350.0;64.99;19.14;84.13;credit_card;20.994;-9.264;True;False;False;False;False;False;False;False;False;False;False;True;False;False;False;False;False;False;False;False;False;False;False;False;False;1;True
995e90c3995e0f19a9579b90c6dcbad2;lag_despacho_negativo;delivered;True;PR;Maringá;PR;88460e8ebdecbfecb5f9601833981930;101-1000;407559f7d5a8ca6e622c406eed7feb6e;Sorocaba;SP;SP;18021;2018-07-04 14:52:16;2018-07-05 16:11:47;2018-07-04 14:51:00;2018-07-10 17:48:23;2018-08-07 00:00:00;2018-07-16 15:30:29;1.0;b0c8da302d49498d2ce6be8c631e4e20;213.0;213.0;50.9;13.7;64.6;credit_card;6.122;-27.258;True;False;False;False;False;False;False;False;False;False;False;True;False;False;False;False;False;False;False;False;False;False;False;False;False;1;True
d5b8231ec694904371f3efcd3450ee94;lag_despacho_negativo;delivered;True;MG;Belo Horizonte;MG;2a84855fd20af891be03bc5924d2b453;101-1000;a48d0f3e23fe165709856a06c9fe1d5f;Londrina;PR;PR;86050;2018-06-06 14:58:22;2018-06-06 15:13:46;2018-06-06 14:34:00;2018-06-14 01:38:35;2018-07-17 00:00:00;2018-06-14 15:13:46;1.0;10c0e80fdc9bcd975fe45e75af61b256;5475.0;5475.0;185.0;31.94;216.94;credit_card;7.445;-32.932;True;False;False;False;False;False;False;False;False;False;False;True;False;False;False;False;False;False;False;False;False;False;False;False;False;1;True
ef3d3d6bac50c7e2e1cc25ba953e11f6;lag_despacho_negativo;delivered;True;PR;Arapongas;PR;5f26c1408a65b42a7224cd463bdf3292;1-10 pedidos;522499972c38320fb80a96a38d3b5395;Rio de Janeiro;RJ;RJ;21831;2018-07-30 11:13:19;2018-08-01 16:31:33;2018-07-31 15:21:00;2018-08-09 18:22:45;2018-08-30 00:00:00;2018-08-06 10:35:13;1.0;45a6892a98568b366b52ffeec9a03691;229.0;229.0;29.9;22.14;52.04;credit_card;10.298;-20.234;True;False;False;False;False;False;False;False;False;False;False;True;False;False;False;False;False;False;False;False;False;False;False;False;False;1;True
de0bf4e0a4d6dd65281279bfbbb815c9;lag_despacho_negativo;delivered;True;SP;Praia Grande;SP;e9779976487b77c6d4ac45f75ec7afe9;101-1000;e498b60d4bee16a9faec4643a2f44e3b;Osasco;SP;SP;6253;2018-07-04 11:17:05;2018-07-05 16:40:46;2018-07-04 14:02:00;2018-07-05 17:31:56;2018-07-19 00:00:00;2018-07-10 11:31:22;1.0;e1e0040c906cc890d032092141a9b6de;200.0;200.0;89.49;8.37;97.86;credit_card;1.26;-13.269;True;False;False;False;False;False;False;False;False;False;False;True;False;False;False;False;False;False;False;False;False;False;False;False;False;1;True
e8a9b36dea36cc9c246000b8c7cca976;lag_despacho_negativo;delivered;True;SP;Guarulhos;SP;33a6f4b1e7cdc205511e76ba1b6e0186;101-1000;f7335df2eeca0716c89a87c5692dea34;São Paulo;SP;SP;5448;2018-04-23 12:49:27;2018-04-24 17:36:01;2018-04-24 17:32:27;2018-04-25 18:18:33;2018-05-11 00:00:00;2018-04-30 13:30:59;1.0;363218ba55c610b750224f90bdd34be1;1813.0;1813.0;79.99;8.91;88.9;credit_card;2.229;-15.237;True;False;False;False;False;False;False;False;False;False;False;True;False;False;False;False;False;False;False;False;False;False;False;False;False;1;True
bc4854efd86d9f42140c951c595d20c1;lag_despacho_negativo;delivered;True;SP;Serra Negra;SP;bfd27a966d91cfaafdb25d076585f0da;101-1000;30aef21b6dd78da1334dd1164cc0b05e;São Paulo;SP;SP;4909;2017-09-01 20:05:42;2017-09-13 22:00:51;2017-09-04 20:49:57;2017-09-06 22:15:45;2017-09-20 00:00:00;2017-09-07 22:31:40;1.0;657aa59c6c58816ddc4f86c51a2759c9;1550.0;1550.0;129.0;13.92;142.92;credit_card;5.09;-13.072;True;False;False;False;False;False;False;False;False;False;False;True;False;False;False;False;False;False;False;False;False;False;False;False;False;1;True
fe4275936c291c453f09fad434e6b3d2;lag_despacho_negativo;delivered;True;SP;Cruzeiro;SP;dee656f0f566ed1aa85bd137c943f08f;11-100;c83c1715a135347d7342686585a2b080;Boa Esperança do Iguaçu;PR;PR;85680;2018-01-29 21:46:35;2018-02-03 23:31:47;2018-01-31 20:39:40;2018-02-23 18:06:02;2018-03-05 00:00:00;2018-02-06 02:55:47;1.0;ee97db3ef647a016f3bb7376f8a3ffcd;200.0;200.0;35.9;15.1;51.0;boleto;24.847;-9.246;True;False;False;False;False;False;False;False;False;False;False;True;False;False;False;False;False;False;False;False;False;False;False;False;False;1;True
711446e2cbe250789dc7b3ecdfce793c;lag_despacho_negativo;delivered;True;SP;São Paulo;SP;955fee9216a65b617aa5c0531780ce60;>1000;61dfb2ae9399454cb12545524d192978;Porto Velho;RO;RO;76820;2018-07-04 21:03:18;2018-07-05 16:32:23;2018-07-05 12:04:00;2018-07-13 17:12:35;2018-08-06 00:00:00;2018-07-08 21:31:34;1.0;97f1396a5a1f7c07ba51784efdec44b8;1400.0;1400.0;160.0;27.89;187.89;credit_card;8.84;-23.283;True;False;False;False;False;False;False;False;False;False;False;True;False;False;False;False;False;False;False;False;False;False;False;False;False;1;True
69a1da5ee773fe4d68b8e27567e2185c;lag_despacho_negativo;delivered;True;SP;Praia Grande;SP;d91fb3b7d041e83b64a00a3edfb37e4f;101-1000;33a232f7b7a529e24eb77de5293d71be;Tabatinga;SP;SP;14910;2018-04-20 13:39:07;2018-04-24 18:55:46;2018-04-23 18:02:33;2018-04-30 15:44:28;2018-05-09 00:00:00;2018-04-26 14:32:05;1.0;14f964bb089089d5e114cdaf786ce1b9;175.0;175.0;16.9;12.79;29.69;credit_card;10.087;-8.344;True;False;False;False;False;False;False;False;False;False;False;True;False;False;False;False;False;False;False;False;False;False;False;False;False;1;True
647ce922555f433f94e02c2458c6e164;lag_despacho_negativo;delivered;True;SP;Embu das Artes;SP;4eeb99008a0f59d2c7759c59f9a346eb;1-10 pedidos;99582de391dc1de0e31cec0aab41f2fd;Curitiba;PR;PR;80250;2018-04-23 10:39:30;2018-04-24 18:30:30;2018-04-24 14:38:40;2018-04-30 19:36:43;2018-05-09 00:00:00;2018-04-27 11:31:09;1.0;127f66367cc2f1616d4d070ecf8afb7a;450.0;450.0;352.0;17.34;369.34;credit_card;7.373;-8.183;True;False;False;False;False;False;False;False;False;False;False;True;False;False;False;False;False;False;False;False;False;False;False;False;False;1;True
6a92e66b9d3bd75efeb50c6494ede745;lag_despacho_negativo;delivered;True;SP;São Paulo;SP;8090490573c6c0aa343a7231ebcb8c86;11-100;78fef5c1af6d5f84ff1b12f609561901;Florianópolis;SC;SC;88053;2018-04-20 17:05:12;2018-04-24 17:27:45;2018-04-23 15:45:28;2018-05-14 18:02:20;2018-05-17 00:00:00;2018-04-26 17:31:16;1.0;bf359473d58e90d8fc29bf8f3d282ea9;350.0;350.0;48.9;15.23;64.13;credit_card;24.04;-2.248;True;False;False;False;False;False;False;True;False;False;False;True;False;False;False;False;False;False;False;False;False;False;False;False;False;2;True
20fa8f2f9e0e99e74b93545b01a6f24a;lag_despacho_negativo;delivered;True;SP;Campinas;SP;fe2032dab1a61af8794248c8196565c9;101-1000;8a39ba1fb8abc94cc279453bce49038c;Sobral;CE;CE;62030;2018-07-30 14:54:31;2018-08-02 13:42:58;2018-07-31 14:51:00;2018-08-13 19:38:28;2018-08-28 00:00:00;2018-08-02 18:30:59;2.0;c4e4a69d5b6ca483ab74aa846587d11f;450.0;450.0;358.0;76.32;434.32;credit_card;14.197;-14.182;True;False;False;False;False;False;False;False;False;False;False;True;False;False;False;False;False;False;False;False;False;False;False;False;False;1;True
be000eea7b699cb1b93baa620f7ddfa0;lag_despacho_negativo;delivered;True;SP;Bertioga;SP;582d4f8675b945722eda7c0cb61ba4c7;11-100;4e80d7cccb888efa8e16f20438a35298;Ijuí;RS;RS;98700;2018-04-20 22:49:08;2018-04-24 19:28:20;2018-04-23 19:06:49;2018-05-04 19:42:29;2018-05-24 00:00:00;2018-04-25 23:31:05;1.0;5dbf50af9485478b933f1028e108640d;150.0;150.0;5.99;19.32;25.31;credit_card;13.87;-19.179;True;False;False;False;False;False;False;False;False;True;False;True;False;False;False;False;False;False;False;False;False;False;False;False;False;2;True
7e44fbbef1ef258486c161d0f53f2c19;lag_despacho_negativo;delivered;True;SP;Belo Horizonte;MG;289cdb325fb7e7f891c38608bf9e0962;101-1000;10d85da0ed559d273d03253223257e5a;Itaúna;MG;MG;35680;2018-07-04 19:41:16;2018-07-05 16:25:15;2018-07-05 14:45:00;2018-07-06 18:17:31;2018-07-17 00:00:00;2018-07-06 20:31:37;2.0;0f91b6a95a57a43203a9b17de98960d9;390.0;390.0;238.6;16.84;255.44;credit_card;1.942;-10.238;True;False;False;False;False;False;False;False;False;False;False;True;False;False;False;False;False;True;False;False;False;False;False;False;True;3;True
1765804f6753bf6a25ba8c9fd45977f9;lag_despacho_negativo;delivered;True;PR;Maringá;PR;0b90b6df587eb83608a64ea8b390cf07;101-1000;5a1a3d8af7807e5570135ef3fbd66b5e;Ituiutaba;MG;MG;38300;2018-07-04 17:03:24;2018-07-05 16:21:52;2018-07-05 15:27:00;2018-07-11 18:34:47;2018-08-07 00:00:00;2018-07-12 17:31:43;2.0;17878434ca0082537806de545c2f0351;250.0;250.0;251.71;45.629999999999995;297.34;credit_card;7.063;-26.226;True;False;False;False;False;False;False;False;False;False;False;True;False;False;False;False;False;False;False;False;False;False;False;False;False;1;True
ef5555014add0fdfbe3f34f85365f650;lag_despacho_negativo;delivered;True;SP;Ibitinga;SP;f7ccf836d21b2fb1de37564105216cc1;11-100;8c9790f243de6c4fe54abedaff739359;Carapicuíba;SP;SP;6381;2018-07-22 10:55:26;2018-07-23 11:31:42;2018-07-23 09:34:00;2018-07-26 17:38:57;2018-08-06 00:00:00;2018-07-25 09:19:13;1.0;06dce482ace017e78349b6f1fa83a022;550.0;550.0;39.0;13.85;52.85;credit_card;4.28;-10.265;True;False;False;False;False;False;False;False;False;False;False;True;False;False;False;False;False;False;False;False;False;False;False;False;False;1;True
fefc60b6174117cb96cd5eeaec4188b5;lag_despacho_negativo;delivered;True;SP;Rio Claro;SP;eb72802c83dc7547529c9546d1a9b8ef;1-10 pedidos;fe8d5179f52ce81e03233bd79bbe5f28;Estância Velha;RS;RS;93610;2018-05-30 13:42:45;2018-05-30 14:47:43;2018-05-30 14:11:00;2018-06-12 15:10:58;2018-07-11 00:00:00;2018-06-05 14:20:57;1.0;b6c0dab3208ff1a4b29721889b878b81;763.0;763.0;182.99;19.16;202.15;credit_card;13.061;-28.367;True;False;False;False;False;False;False;False;False;False;False;True;False;False;False;False;False;False;False;False;False;False;False;False;False;1;True
12b14ff427f6ae44eaeda7943fd08eec;lag_despacho_negativo;delivered;True;SP;Sumaré;SP;fa1c13f2614d7b5c4749cbc52fecda94;101-1000;23ea3c64f567e7d09d4cc68afde2588e;Belo Horizonte;MG;MG;30285;2018-07-03 09:58:51;2018-07-05 16:21:32;2018-07-04 14:24:00;2018-07-09 11:54:48;2018-07-24 00:00:00;2018-07-06 08:31:47;1.0;3e6d2bde9274ac275013aa90d7e2bf16;250.0;250.0;109.9;15.87;125.77;boleto;6.081;-14.504;True;False;False;False;False;False;False;False;False;False;False;True;False;False;False;False;False;False;False;False;False;False;False;False;False;1;True
27cccab59c02b5c742ec003898dfabec;lag_despacho_negativo;delivered;True;SP;São Paulo;SP;bf00385a5f7fc1ef39a13c2e9ee50a5f;11-100;c2cd75f49d23793dcf0bb6cd84af4832;Bom Despacho;MG;MG;35600;2018-07-23 10:31:16;2018-07-28 23:31:04;2018-07-24 14:57:00;2018-07-31 00:11:37;2018-08-09 00:00:00;2018-07-30 07:50:15;1.0;86abf4f5e857dc1175d06e7373b59be1;350.0;350.0;19.9;19.33;39.23;credit_card;7.57;-8.992;True;False;False;False;False;False;False;False;False;False;False;True;False;False;False;False;False;False;False;False;False;False;False;False;False;1;True
0bd166e72c588bcc71cf432b653c1667;lag_despacho_negativo;delivered;True;SP;São Paulo;SP;d9bd94811c3338dceb4181f3dbc0c73e;11-100;40efe1655a1721e65dce406440349517;Santa Bárbara D'oeste;SP;SP;13450;2018-07-03 16:27:56;2018-07-05 16:23:33;2018-07-04 15:36:00;2018-07-06 00:42:54;2018-07-16 00:00:00;2018-07-09 17:31:16;1.0;5bf0a3751ac1a1c1253ef97a027b8c13;600.0;600.0;108.12;9.51;117.63;credit_card;2.344;-9.97;True;False;False;False;False;False;False;False;False;False;False;True;False;False;False;False;False;False;False;False;False;False;False;False;False;1;True
26968873aef9380ae17bfc3717c8cd7d;lag_despacho_negativo;delivered;True;SP;Ribeirão Pires;SP;179d859f51292aac5c10806a356f7af9;11-100;a16025dec02306f6b74a5bef5e6a3dfb;Xinguara;PA;PA;68555;2018-06-30 13:21:53;2018-07-05 16:17:45;2018-07-03 13:55:00;2018-07-12 13:38:42;2018-08-08 00:00:00;2018-07-09 05:31:31;2.0;0e0487ef680ae92e064423238d1b4c05;150.0;150.0;44.0;74.12;118.12;boleto;12.012;-26.431;True;False;False;False;False;False;False;False;False;False;False;True;False;False;False;False;False;True;False;False;False;False;False;False;False;2;True
42a212a14fd3e3b7e9c8245a00e35369;lag_despacho_negativo;delivered;True;SP;São Paulo;SP;6bb66d9870c2e01c05655c7ed0e7ee13;1-10 pedidos;1aa402090c81ae32f4a46c5ebbf55a07;Miranda;MS;MS;79380;2018-07-26 13:37:11;2018-07-26 13:50:54;2018-07-26 12:52:00;2018-08-01 20:02:09;2018-08-15 00:00:00;2018-08-01 13:50:24;1.0;1f5542855786adc0116f56cfd6f9f830;150.0;150.0;95.0;18.77;113.77;debit_card;6.267;-13.165;True;False;False;False;False;False;False;False;False;False;False;True;False;False;False;False;False;False;False;False;False;False;False;False;False;1;True
31aac8ab69f5fdbc7c0ae9b6e1beee30;lag_despacho_negativo;delivered;True;SP;São Paulo;SP;b76dba6c951ab00dc4edf0a1aa88037e;101-1000;25830ba171e2e612b4f7dc8d2df58308;Castelândia;GO;GO;75925;2017-04-27 15:54:24;2017-04-28 11:46:43;2017-04-28 11:21:52;2017-05-05 15:24:47;2017-06-02 00:00:00;2017-05-05 05:33:38;1.0;91b08d34d0ba4db44da2dc382867ba49;100.0;100.0;10.99;17.78;28.77;boleto;7.979;-27.358;True;False;False;False;False;False;False;False;False;False;False;True;False;False;False;False;False;False;False;False;False;False;False;False;False;1;True
e803d4e56a315a38eb3a6d339b02278d;lag_despacho_negativo;delivered;True;SP;Ibitinga;SP;1835b56ce799e6a4dc4eddc053f04066;101-1000;73723e9dddda63b50fc0c9afc46f9bee;São Paulo;SP;SP;3164;2018-07-01 09:21:57;2018-07-05 16:14:56;2018-07-05 14:12:00;2018-07-10 19:03:07;2018-07-25 00:00:00;2018-07-10 08:32:27;1.0;bd6e6fce9ada76ea2db0f1912e8e478f;850.0;850.0;56.99;13.98;70.97;boleto;9.404;-14.206;True;False;False;False;False;False;False;False;False;False;False;True;False;False;False;False;False;False;False;False;False;False;False;False;False;1;True
b2f01d619b5557f295317bca57f07471;lag_despacho_negativo;delivered;True;SP;São Paulo;SP;955fee9216a65b617aa5c0531780ce60;>1000;1978aed6ddb95a376254c94bcc3ff6e7;São Caetano do Sul;SP;SP;9572;2018-04-21 11:32:59;2018-04-24 18:41:45;2018-04-23 19:34:41;2018-04-24 20:34:47;2018-05-10 00:00:00;2018-04-26 12:30:43;1.0;62177bb58dda374cc02e6cd2616996a1;850.0;850.0;110.0;9.12;119.12;credit_card;3.376;-15.143;True;False;False;False;False;False;False;False;False;False;False;True;False;False;False;False;False;False;False;False;False;False;False;False;False;1;True
83e57ebcbcf567c776aeb9c96f9181f3;lag_despacho_negativo;delivered;True;SC;Florianópolis;SC;dfa0c4c6229ab200a4a1336b4d7128ff;11-100;bdcf33d907fe2aebe8e1dc1f936af750;Braço do Norte;SC;SC;88750;2018-08-09 15:05:05;2018-08-09 17:24:52;2018-08-09 15:24:00;2018-08-14 18:11:40;2018-08-22 00:00:00;2018-08-13 17:24:52;1.0;8bff0b13faf092077c3bba691c07ff16;879.0;879.0;189.0;16.55;205.55;credit_card;5.13;-7.242;True;False;False;False;False;False;False;False;False;False;False;True;False;False;False;False;False;False;False;False;False;False;False;False;False;1;True
fae3a27fae556e4943abf630277a6efc;lag_despacho_negativo;delivered;True;SP;São Paulo;SP;ea566164622c6b439516ab18062c42cd;11-100;279b1deb50e8e49c1a26ddc168600240;Silva Jardim;RJ;RJ;28820;2018-04-20 16:27:50;2018-04-24 19:22:00;2018-04-23 19:31:45;2018-04-26 20:12:10;2018-05-18 00:00:00;2018-04-26 17:31:27;1.0;b97f763397091be9d344874e6cd31028;700.0;700.0;129.0;18.78;147.78;credit_card;6.156;-21.158;True;False;False;False;False;False;False;False;False;False;False;True;False;False;False;False;False;False;False;False;False;False;False;False;False;1;True
278e7730f7062014d198fbf20451b935;lag_despacho_negativo;delivered;True;SP;Sorocaba;SP;81783131d2a97c8d44d406a4be81b5d9;11-100;a5515803cb77c11e29d6ff219f704309;Rio de Janeiro;RJ;RJ;22795;2018-07-30 11:57:40;2018-08-01 16:31:40;2018-07-31 13:03:00;2018-08-02 20:22:25;2018-08-02 00:00:00;2018-08-03 16:45:23;1.0;49f19939bc5c8639e06c36d3bf01ee98;213.0;213.0;113.1;8.21;121.31;credit_card;3.351;0.849;True;True;False;True;False;False;False;False;False;False;False;True;False;False;False;False;False;False;False;False;False;False;False;False;False;1;True
d04e58d009641c790ddf6b7b41790f87;lag_despacho_negativo;delivered;True;RS;Porto Alegre;RS;87142160b41353c4e5fca2360caf6f92;101-1000;59a7da17a354b4ef42f557e5fb5112af;São José dos Pinhais;PR;PR;83025;2018-04-22 21:00:26;2018-04-24 19:27:39;2018-04-23 19:26:39;2018-04-25 20:08:39;2018-05-14 00:00:00;2018-04-27 08:31:43;1.0;d1a7965ac8d6ae62c9c1984434227cb6;1100.0;1100.0;69.9;44.26;114.16;credit_card;2.964;-18.161;True;False;False;False;False;False;False;False;False;False;False;True;False;False;False;False;False;False;False;False;False;False;False;False;False;1;True
13d936efcc1a197d00449039d86a442a;lag_despacho_negativo;delivered;True;SP;Santos;SP;36a968b544695394e4e9d7572688598f;101-1000;4cfa6759af07a2313ece847750793dad;Porto Alegre;RS;RS;91430;2018-04-20 16:33:24;2018-04-24 17:27:48;2018-04-23 23:35:30;2018-05-04 00:32:55;2018-05-16 00:00:00;2018-04-26 17:31:09;1.0;3817f43dd89a3b94135f37a00b255c41;250.0;250.0;14.9;18.23;33.13;credit_card;13.333;-11.977;True;False;False;False;False;False;False;False;False;False;False;True;False;False;False;False;False;False;False;False;False;False;False;False;False;1;True
f70334f7397fbe35445739c793099fe6;lag_despacho_negativo;delivered;True;SP;São Paulo;SP;6560211a19b47992c3666cc44a7e94c0;>1000;1ca068671d3f087b2981eaf452ff0bb9;Ouro Preto;MG;MG;35400;2018-07-04 12:16:01;2018-07-05 16:40:46;2018-07-05 10:43:00;2018-07-10 21:38:35;2018-07-27 00:00:00;2018-07-09 04:31:56;1.0;a92930c327948861c015c919a0bcb4a8;250.0;250.0;78.0;18.65;96.65;boleto;6.391;-16.098;True;False;False;False;False;False;False;False;False;False;False;True;False;False;False;False;False;False;False;False;False;False;False;False;False;1;True
b636037a882bd588f102f9f3fc29b2ca;lag_despacho_negativo;delivered;True;SP;São Paulo;SP;808d4348b916efa08e766ebad39f61eb;11-100;88206da384579aec06cbca25d61dfbf9;Feira de Santana;BA;BA;44077;2018-07-20 19:54:16;2018-07-25 23:31:59;2018-07-24 14:40:00;2018-08-07 14:27:45;2018-08-09 00:00:00;2018-07-26 04:05:46;1.0;b16c0da649071283aa94607f11da154a;200.0;200.0;21.9;22.08;43.98;boleto;17.773;-1.397;True;False;False;False;False;False;False;False;False;False;False;True;False;False;False;False;False;False;False;False;False;False;False;False;False;1;True
4ac657f0949f8f58a10b48c192df0b4e;lag_despacho_negativo;delivered;True;SP;Santo André;SP;41b14765bd56c8ad10971074380f9c0c;1-10 pedidos;92504252be756b023437fbe7e6db9463;São Paulo;SP;SP;5529;2018-07-05 13:15:27;2018-07-05 16:09:18;2018-07-05 14:48:00;2018-07-07 11:08:33;2018-07-18 00:00:00;2018-07-09 13:31:26;1.0;7088744b00831b410bd17716cb578f39;1013.0;1013.0;34.5;8.99;43.49;credit_card;1.912;-10.536;True;False;False;False;False;False;False;False;False;False;False;True;False;False;False;False;False;False;False;False;False;False;False;False;False;1;True
b7daca2d24a93ab9351485e0bdcbb7e6;lag_despacho_negativo;delivered;True;MG;Jacutinga;MG;7a241947449cc45dbfda4f9d0798d9d0;11-100;002d597546b2cf44428232c9f237f873;Jundiaí;SP;SP;13208;2018-07-22 09:29:19;2018-07-23 11:32:10;2018-07-23 07:19:00;2018-07-30 16:38:58;2018-08-16 00:00:00;2018-07-30 09:03:37;1.0;3fc00af0f0a8d4ac2933d3900416c977;2000.0;2000.0;99.0;18.74;117.74;credit_card;8.298;-16.306;True;False;False;False;False;False;False;False;False;False;False;True;False;False;False;False;False;False;False;False;False;False;False;False;False;1;True
6f27ae84e8f6ee63438f59c04830b28a;lag_despacho_negativo;delivered;True;SP;Ibitinga;SP;a3e9a2c700480d9bb01fba070ba80a0e;101-1000;4e8353ef6600cd4caf1999491c8a5910;Vitória;ES;ES;29090;2018-06-19 14:58:59;2018-06-19 15:19:48;2018-06-19 14:26:00;2018-07-05 23:42:22;2018-07-16 00:00:00;2018-06-22 15:19:48;1.0;a126cf2ba6e20ffef685352e40945a68;700.0;700.0;67.0;19.66;86.66;credit_card;16.363;-10.012;True;False;False;False;False;False;False;False;False;False;False;True;False;False;False;False;False;False;False;False;False;False;False;False;False;1;True
3f510ee6758ee5af3f189cbf3a3393a1;lag_despacho_negativo;delivered;True;SP;Hortolândia;SP;c70c1b0d8ca86052f45a432a38b73958;101-1000;3b1fc045609252174df7a4a59655c4eb;Rio de Janeiro;RJ;RJ;20211;2018-06-07 14:00:38;2018-06-07 14:20:39;2018-06-07 14:08:00;2018-06-12 16:48:56;2018-07-24 00:00:00;2018-06-15 14:20:39;1.0;2dd91cf063cf57cb0eebef072746daab;200.0;200.0;110.32;15.65;125.97;credit_card;5.117;-41.299;True;False;False;False;False;False;False;False;False;False;False;True;False;False;False;False;False;False;False;False;False;False;False;False;False;1;True
62ce1c9906369b2f38a1d3fb4472c306;lag_despacho_negativo;delivered;True;SP;São Paulo;SP;e24d3429d294b2eb200b064ebb035879;11-100;23b456db8fb258de4d1de7060f7d6f69;Vitória;ES;ES;29065;2018-07-04 15:46:44;2018-07-05 16:22:24;2018-07-05 13:53:00;2018-07-31 19:12:05;2018-07-23 00:00:00;2018-07-10 16:31:39;1.0;182b016da1c600181f4ed79df14186c7;1100.0;1100.0;119.99;18.64;138.63;credit_card;27.143;8.8;True;True;False;True;False;False;False;False;False;False;False;True;False;False;False;False;False;False;False;False;False;False;False;False;False;1;True
790adedc3b5b66b16b14675e794382b3;lag_despacho_negativo;delivered;True;SP;São José dos Campos;SP;8b28d096634035667e8263d57ba3368c;101-1000;fef3c1e7682886eeb159b88d5660545c;Nilópolis;RJ;RJ;26540;2018-07-03 11:11:29;2018-07-05 16:27:45;2018-07-05 14:25:00;2018-07-09 17:06:38;2018-07-27 00:00:00;2018-07-10 04:33:08;1.0;f986e5c01ed6b09ea37c158942eb8d12;250.0;250.0;69.8;18.59;88.39;boleto;6.247;-17.287;True;False;False;False;False;False;False;False;False;False;False;True;False;False;False;False;False;False;False;False;False;False;False;False;False;1;True
12b1cdf04230c77662cfee01e322fbdb;lag_despacho_negativo;delivered;True;RS;Arvorezinha;RS;f0837c8d71434931d9e38e7b79234797;11-100;4a9de1fa08a18852b69d87b5b96b7e7c;Rio de Janeiro;RJ;RJ;21230;2018-07-04 20:28:21;2018-07-05 16:31:02;2018-07-05 12:27:00;2018-07-12 16:48:41;2018-08-10 00:00:00;2018-07-10 21:32:13;1.0;b13b41e7467cf4ec18fceb0c4b0e6220;1450.0;1450.0;48.5;22.27;70.77;credit_card;7.847;-28.3;True;False;False;False;False;False;False;False;False;False;False;True;False;False;False;False;False;False;False;False;False;False;False;False;False;1;True
308af2adf367ec45187f929522f6b9ac;lag_despacho_negativo;delivered;True;SP;Ribeirão Preto;SP;7d13fca15225358621be4086e1eb0964;101-1000;6161425cbbafac1081823f055f12cd98;Rio de Janeiro;RJ;RJ;23580;2018-07-03 19:25:38;2018-07-05 16:33:01;2018-07-04 15:20:00;2018-07-09 15:51:05;2018-08-09 00:00:00;2018-07-09 20:31:41;1.0;6f3b5b605d91b7439c5e3f5a8dffeea7;335.0;335.0;165.0;19.26;184.26;credit_card;5.851;-30.34;True;False;False;False;False;False;False;False;False;False;False;True;False;False;False;False;False;False;False;False;False;False;False;False;False;1;True
e4a03aa31a44aef0f584dff623119c72;lag_despacho_negativo;delivered;True;SP;São Bernardo do Campo;SP;8d956fec2e4337affcb520f56fd8cbfd;101-1000;7e29d996caf508b65825f57600ebef69;Brasília;DF;DF;73251;2018-08-16 00:18:25;2018-08-16 16:38:42;2018-08-16 13:17:00;2018-08-23 17:07:50;2018-09-06 00:00:00;2018-08-20 01:30:41;1.0;51e3084a334ce75dc646c9c6eea90e37;175.0;175.0;24.53;15.27;39.8;credit_card;7.701;-13.286;True;False;False;False;False;False;False;False;False;False;False;True;False;False;False;False;False;False;False;False;False;False;False;False;False;1;True
9c37d7a7de99233fd6490a1c09ba0404;lag_despacho_negativo;delivered;True;SP;Birigüi;SP;709e16e2b25c7474d980076c6bfc4806;11-100;0d33a9b58b18573efd07ed7ee3c18405;Viamão;RS;RS;94490;2018-07-05 09:32:49;2018-07-05 16:07:20;2018-07-05 14:50:00;2018-07-13 19:07:29;2018-08-02 00:00:00;2018-07-09 10:31:57;1.0;f292ca832e0400809217dc0478a31650;100.0;100.0;25.9;18.28;44.18;credit_card;8.399;-19.203;True;False;False;False;False;False;False;False;False;False;False;True;False;False;False;False;False;False;False;False;False;False;False;False;False;1;True
e3f0b406629d8e6309d61f34a2087d71;lag_despacho_negativo;delivered;True;SP;Pedreira;SP;febab0275244b9a49a623f0bd613ca2f;101-1000;17635f40f800086f9e8990bd43d9aee7;São Paulo;SP;SP;5001;2018-04-22 19:42:32;2018-04-24 18:05:33;2018-04-23 19:04:00;2018-04-24 19:20:53;2018-05-18 00:00:00;2018-04-26 20:31:42;2.0;7498e2ed667dd1d3fd92e0d4c33b7944;13600.0;13600.0;216.99;65.96;282.95;credit_card;1.985;-23.194;True;False;False;False;False;False;False;False;False;False;False;True;False;False;False;False;False;False;False;False;False;False;False;False;False;1;True
c0f3bbb3ae2e2d74db5fcd5a0e3c84e3;lag_despacho_negativo;delivered;True;SP;Ibitinga;SP;1835b56ce799e6a4dc4eddc053f04066;101-1000;e2e25e1f6c10e641654ef18aa598cb58;São Paulo;SP;SP;1539;2018-04-22 23:01:26;2018-04-24 19:23:54;2018-04-24 18:48:33;2018-04-30 15:50:02;2018-05-16 00:00:00;2018-04-26 23:30:51;1.0;55a48e6b72c24fe47eaf37b6eb999e90;850.0;850.0;96.0;13.11;109.11;credit_card;7.7;-15.34;True;False;False;False;False;False;False;False;False;False;False;True;False;False;False;False;False;False;False;False;False;False;False;False;False;1;True
6a05e48937319f63bbb0b27612473839;lag_despacho_negativo;delivered;True;SP;Hortolândia;SP;c70c1b0d8ca86052f45a432a38b73958;101-1000;2d74cbac7470fa0af814cc8eb6913a97;São José do Rio Preto;SP;SP;15085;2018-04-22 13:50:30;2018-04-24 19:03:39;2018-04-23 22:45:40;2018-04-26 23:41:29;2018-05-24 00:00:00;2018-04-26 14:30:22;1.0;5f42d57952b7815098979a5c4fa6f82a;150.0;150.0;110.32;19.95;130.27;credit_card;4.41;-27.013;True;False;False;False;False;False;False;False;False;False;False;True;False;False;False;False;False;False;False;False;False;False;False;False;False;1;True
fd58bdbb6cc5d7519e063c3ceb7e951b;lag_despacho_negativo;delivered;True;SP;São Paulo;SP;0d33a55da925bbf1ff02af5f6059fc7f;11-100;df015cc56f529c0969b94f5985b0a970;Açailândia;MA;MA;65930;2018-04-25 13:02:26;2018-04-25 13:15:26;2018-04-25 12:36:00;2018-05-08 16:32:17;2018-05-28 00:00:00;2018-05-02 13:15:26;1.0;6d68112743e7ed2de3932554b033f544;500.0;500.0;28.0;52.48;80.48;credit_card;13.146;-19.311;True;False;False;False;False;False;False;False;False;False;False;True;False;False;False;False;False;False;False;False;False;False;False;False;False;1;True
0fa2c93bbfbce2c287bb56660c3998e3;lag_despacho_negativo;delivered;True;MA;São Luís;MA;06a2c3af7b3aee5d69171b0e14f0ee87;101-1000;85e9526ec7444cdf5907f1bda7edd899;Porto Alegre;RS;RS;90230;2018-06-18 14:54:21;2018-06-18 15:17:12;2018-06-18 14:06:00;2018-06-28 18:41:14;2018-07-25 00:00:00;2018-06-27 15:17:12;1.0;19c91ef95d509ea33eda93495c4d3481;700.0;700.0;122.99;36.63;159.62;credit_card;10.158;-26.221;True;False;False;False;False;False;False;False;False;False;False;True;False;False;False;False;False;False;False;False;False;False;False;False;False;1;True
89472d2aaca9a6765521c309ef6c814a;lag_despacho_negativo;delivered;True;SP;São José do Rio Preto;SP;e2c92f9c1c7746d899d18f2e158bbff7;11-100;75389af458abaf28cce96f5f719211b4;Salgueiro;PE;PE;56000;2018-04-23 09:49:26;2018-04-24 18:15:00;2018-04-23 19:21:50;2018-05-08 22:47:50;2018-05-18 00:00:00;2018-04-27 10:31:42;1.0;48b84ebeb242a7c1b410848b79d4f22b;6250.0;6250.0;159.5;37.81;197.31;credit_card;15.541;-9.05;True;False;False;False;False;False;False;False;False;False;False;True;False;False;False;False;False;False;False;False;False;False;False;False;False;1;True
3ff74df75d244d7b291dc5a16004b2f0;lag_despacho_negativo;delivered;True;PR;Maringá;PR;3bb548e3cb7f70f28e3f11ee9dce0e59;11-100;10a3d7b4223ff863dad2a7238129fec0;Santo André;SP;SP;9290;2018-07-04 12:22:03;2018-07-05 16:31:33;2018-07-05 15:51:00;2018-07-11 20:38:46;2018-08-07 00:00:00;2018-07-11 04:32:31;1.0;d76c049f36a5b4975aa3cf095a6fa499;194.0;194.0;124.85;14.21;139.06;boleto;7.345;-26.14;True;False;False;False;False;False;False;False;False;False;False;True;False;False;False;False;False;False;False;False;False;False;False;False;False;1;True
69c5ed61a7bd20a9761c8fb11d727833;lag_despacho_negativo;delivered;True;SC;Joinville;SC;a3a38f4affed601eb87a97788c949667;101-1000;d3e6f4644fab253987a428200b71d988;São Vicente;SP;SP;11310;2017-07-31 11:11:53;2017-08-02 08:32:11;2017-08-01 12:26:58;2017-08-07 16:12:51;2017-08-22 00:00:00;2017-08-07 04:25:44;1.0;70d01ae15a5d5ee38388b90c0470d9b0;850.0;850.0;104.9;17.98;122.88;boleto;7.209;-14.324;True;False;False;False;False;False;False;False;False;False;False;True;False;False;False;False;False;False;False;False;False;False;False;False;False;1;True
920e3d44eef0b91599e027ba1592e949;lag_despacho_negativo;delivered;True;SP;São Paulo;SP;7a67c85e85bb2ce8582c35f2203ad736;>1000;9d5587391b02f9c7561534b159b4afc2;Matinhos;PR;PR;83260;2018-04-19 17:30:07;2018-04-24 17:13:19;2018-04-23 17:33:53;2018-04-27 19:38:52;2018-05-18 00:00:00;2018-04-26 17:30:50;1.0;3354a4e684f5e7199f9407db70ccd92b;1200.0;1200.0;89.99;23.21;113.2;credit_card;8.089;-20.181;True;False;False;False;False;False;False;False;False;False;False;True;False;False;False;False;False;False;False;False;False;False;False;False;False;1;True
c1e2bf2b7dd3309f2f5356c6b63968fa;entrega_antes_coleta;delivered;True;SP;São Paulo;SP;d50d79cb34e38265a8649c383dcffd48;11-100;e37d47e7eec62f08dc5deecc7d5532d6;Belo Horizonte;MG;MG;30310;2017-02-10 10:19:10;2017-02-10 10:30:13;2017-03-02 17:34:26;2017-02-14 15:15:57;2017-03-15 00:00:00;2017-02-14 10:19:10;2.0;2029248294c186017ecfc48cecd47bbd;3250.0;3250.0;281.99;44.79;326.78;credit_card;4.206;-28.364;True;False;False;False;False;False;False;False;True;False;False;False;False;False;False;False;False;False;False;False;False;False;False;False;False;1;True
cb0909932c118481a0e44396d80ab2e8;lag_despacho_negativo;delivered;True;SP;Santa Bárbara D'oeste;SP;54a1852d1b8f10312c55e906355666ee;101-1000;68b476a4ea762d1de4bc7eea1942cc93;São Paulo;SP;SP;5339;2018-04-22 21:15:32;2018-04-24 19:24:43;2018-04-23 23:21:10;2018-04-24 15:32:26;2018-05-10 00:00:00;2018-04-26 21:31:01;1.0;fa7be99321f2dbb1e518d2139ccb1d39;500.0;500.0;59.99;8.88;68.87;credit_card;1.762;-15.352;True;False;False;False;False;False;False;False;False;False;False;True;False;False;False;False;False;False;False;False;False;False;False;False;False;1;True
8283cb8792b84009b158a085333ee8b3;lag_despacho_negativo;delivered;True;SP;Ribeirão Preto;SP;094ced053e257ae8cae57205592d6712;11-100;09f548315be5f30a9610b83ad933aaf1;Limoeiro;PE;PE;55700;2018-04-20 08:18:07;2018-04-24 18:14:55;2018-04-23 19:21:04;2018-05-08 16:35:47;2018-05-23 00:00:00;2018-05-03 02:31:58;1.0;1c47e837f2780378d8485d04ab83a45d;375.0;375.0;45.9;37.04;82.94;boleto;18.346;-14.308;True;False;False;False;False;False;False;False;False;False;False;True;False;False;False;False;False;False;False;False;False;False;False;False;False;1;True
f09e36e258656850b92657ac5f67b6d5;lag_despacho_negativo;delivered;True;SP;Garulhos;SP;b64d51f0435e884e8de603b1655155ae;11-100;77a34d46f6ebd1dcb9b4df9ae5739226;Barretos;SP;SP;14780;2018-07-03 12:37:02;2018-07-05 16:25:40;2018-07-04 09:56:00;2018-07-10 10:24:34;2018-07-24 00:00:00;2018-07-09 13:31:36;1.0;44d53f1240d6332232e4393c06500475;200.0;200.0;3.0;12.79;15.79;credit_card;6.908;-13.566;True;False;False;False;False;False;False;False;False;True;False;True;False;False;False;False;False;False;False;False;False;False;False;False;False;2;True
21d83e75dc0edc8c7aa58b4370a3518a;lag_despacho_negativo;delivered;True;SP;Echaporã;SP;52f9db5cfb423382a2fa5c9e39303202;11-100;a5dc43bd2a1dfae692b0597e2446fe29;Itariri;SP;SP;11760;2018-07-23 14:09:42;2018-07-28 23:31:12;2018-07-24 13:59:00;2018-07-30 16:58:37;2018-08-08 00:00:00;2018-07-27 04:25:16;2.0;bb4580d57d11614d91c391c557e27372;100.0;100.0;43.98;25.62;69.6;boleto;7.117;-8.293;True;False;False;False;False;False;False;False;False;False;False;True;False;False;False;False;False;False;False;False;False;False;False;False;False;1;True
030475e22d114f70be1a265fee326192;lag_despacho_negativo;delivered;True;SP;Cruzeiro;SP;dee656f0f566ed1aa85bd137c943f08f;11-100;09fdefd1702f72c144ad0de71d639900;São Paulo;SP;SP;4334;2018-04-23 16:06:44;2018-04-24 19:10:38;2018-04-24 16:50:50;2018-04-26 17:24:47;2018-05-16 00:00:00;2018-04-27 16:31:38;1.0;1d373b3e02a3212aff33054cbf30abf1;273.0;273.0;44.9;12.79;57.69;credit_card;3.054;-19.274;True;False;False;False;False;False;False;False;False;False;False;True;False;False;False;False;False;False;False;False;False;False;False;False;False;1;True
8612cf18484bb0bfb9d98a7e1ed2766d;lag_despacho_negativo;delivered;True;SP;Guarulhos;SP;72c5da29406b4234927b81855e7b64f6;11-100;2a4f46deb28e6867b88c553c355ea34a;Surubim;PE;PE;55750;2018-07-04 00:53:40;2018-07-05 16:32:47;2018-07-04 12:09:00;2018-07-10 15:57:50;2018-08-08 00:00:00;2018-07-10 01:31:13;1.0;1dce3fd38c13a3e74fe5000f33858442;1800.0;1800.0;229.99;43.89;273.88;credit_card;6.628;-28.335;True;False;False;False;False;False;False;False;False;False;False;True;False;False;False;False;False;False;False;False;False;False;False;False;False;1;True
3b44236022543714625fb6d8daaa0734;lag_despacho_negativo;delivered;True;SP;São Paulo;SP;ea8482cd71df3c1969d7b9473ff13abc;>1000;c7c90262b16c46073cdc9feef45807ec;São Paulo;SP;SP;3112;2018-04-20 18:47:04;2018-04-24 17:45:50;2018-04-23 21:52:07;2018-04-25 22:21:39;2018-05-09 00:00:00;2018-04-26 19:31:04;1.0;854f1672c41eaa84b3e3a79e06146f63;350.0;350.0;24.99;7.39;32.38;credit_card;5.149;-13.068;True;False;False;False;False;False;False;False;False;False;False;True;False;False;False;False;False;False;False;False;False;False;False;False;False;1;True
f5219d97208f4c6aed81985144497f1e;lag_despacho_negativo;delivered;True;SP;Ibitinga;SP;d673a59aac7a70d8b01e6902bf090a11;11-100;ea1d44731617545fe33f839b60da6b9c;Carapicuíba;SP;SP;6381;2018-04-20 13:37:48;2018-04-24 18:54:01;2018-04-20 23:16:34;2018-04-26 14:08:44;2018-05-15 00:00:00;2018-04-26 14:32:38;2.0;dd4c3b4ab7e001aaf385ea2e68952030;450.0;450.0;189.89000000000001;43.769999999999996;233.66;credit_card;6.021;-18.411;True;False;False;False;False;False;False;False;False;False;False;True;False;False;False;False;False;False;False;False;False;False;False;False;False;1;True
8f83b7fcba464b677274cb8fcf22eef8;lag_despacho_negativo;delivered;True;DF;Brasília;DF;44073f8b7e41514de3b7815dd0237f4f;101-1000;ee80fd5b86cbb55e2b93eabf04ede7a4;Sumaré;SP;SP;13178;2018-04-21 14:30:01;2018-04-24 19:19:39;2018-04-23 20:38:35;2018-04-27 22:23:41;2018-05-15 00:00:00;2018-04-26 15:30:32;1.0;df64236f60ba2eb87cfd76fd7cc73198;2300.0;2300.0;195.0;25.02;220.02;credit_card;6.329;-17.067;True;False;False;False;False;False;False;False;False;False;False;True;False;False;False;False;False;False;False;False;False;False;False;False;False;1;True
a0f26edb69d57d6b0624f0ebef947c79;lag_despacho_negativo;delivered;True;SP;São Paulo;SP;955fee9216a65b617aa5c0531780ce60;>1000;10511fcfd228afa2040219b363eb9f05;Goiânia;GO;GO;74015;2018-07-03 21:51:45;2018-07-05 16:14:41;2018-07-04 08:51:00;2018-07-10 20:35:48;2018-07-24 00:00:00;2018-07-05 22:31:13;1.0;35537536ed2b4c561b4018bf3abf54e0;2100.0;2100.0;390.0;24.03;414.03;credit_card;6.947;-13.142;True;False;False;False;False;False;False;False;False;False;False;True;False;False;False;False;False;False;False;False;False;False;False;False;False;1;True
d5d94fa0d1e2f561eb38c08dd582cad8;lag_despacho_negativo;delivered;True;SC;Palhoça;SC;9261d76c62caaf0b24677c2ceb7f8f20;1-10 pedidos;d57fee640224bb34de29f6e6d6f31c2a;Senador Canedo;GO;GO;75261;2018-07-05 09:49:54;2018-07-05 16:25:16;2018-07-05 12:44:00;2018-07-11 14:14:41;2018-08-03 00:00:00;2018-07-11 10:31:52;2.0;829e27d905ccac1f24f6dd5c5898de89;3000.0;3000.0;259.8;115.36;375.16;credit_card;6.184;-22.406;True;False;False;False;False;False;False;False;False;False;False;True;False;False;False;False;False;True;False;False;False;False;False;False;False;2;True
6be0e40ad5ed600b9e6b90fb9f58ba3a;lag_despacho_negativo;delivered;True;SP;São Paulo;SP;ea566164622c6b439516ab18062c42cd;11-100;7c82476c0f50a544581f32a8b7d7eda1;Brasília;DF;DF;72318;2018-04-21 14:21:53;2018-04-24 18:00:22;2018-04-23 20:18:35;2018-04-25 21:16:50;2018-05-17 00:00:00;2018-04-26 15:30:36;1.0;b62a3631a65d7a467406d6ff547c37ac;700.0;700.0;129.9;15.79;145.69;credit_card;4.288;-21.113;True;False;False;False;False;False;False;False;False;False;False;True;False;False;False;False;False;False;False;False;False;False;False;False;False;1;True
6a0633b045fa76bef36ac14dd4a3f165;lag_despacho_negativo;delivered;True;SP;São Paulo;SP;955fee9216a65b617aa5c0531780ce60;>1000;455258f2bf9d3777b0dfc5e91a703fe3;Lauro de Freitas;BA;BA;42738;2018-07-03 18:09:59;2018-07-05 16:10:39;2018-07-04 08:51:00;2018-07-11 19:13:48;2018-07-25 00:00:00;2018-07-05 18:31:21;2.0;ea74c867ca62f47d2c6bb8f14bdd34df;1450.0;1450.0;340.0;38.68;378.68;credit_card;8.044;-13.199;True;False;False;False;False;False;False;False;False;False;False;True;False;False;False;False;False;True;False;False;False;False;False;False;False;2;True
cc232fbf0724fb3e0289215b02b57707;lag_despacho_negativo;delivered;True;SP;Ibitinga;SP;4a3ca9315b744ce9f8e9374361493884;>1000;6763c676c2f00cf34f6573b3e0b4750b;Rio de Janeiro;RJ;RJ;21941;2018-07-26 16:45:22;2018-07-31 23:31:16;2018-07-28 08:56:00;2018-08-02 18:53:32;2018-08-24 00:00:00;2018-07-31 16:35:22;1.0;35afc973633aaeb6b877ff57b2793310;1825.0;1825.0;77.9;23.35;101.25;credit_card;7.089;-21.213;True;False;False;False;False;False;False;False;False;False;False;True;False;False;False;False;False;False;False;False;False;False;False;False;False;1;True
d0a75d6eda61b8a7261946b34ffb350c;lag_despacho_negativo;delivered;True;SP;Ribeirão Preto;SP;7d13fca15225358621be4086e1eb0964;101-1000;69e68f1d0a346b425f7a59e1773a8d10;Rio Branco;AC;AC;69911;2018-04-20 14:44:50;2018-04-24 19:21:47;2018-04-23 12:48:48;2018-05-18 08:18:40;2018-06-11 00:00:00;2018-04-26 15:32:18;1.0;2ae49b2b174231324f42d783f93d0edc;258.0;258.0;220.0;61.6;281.6;credit_card;27.732;-23.654;True;False;False;False;False;False;False;False;False;False;False;True;False;False;False;False;False;False;False;False;False;False;False;False;False;1;True
73b017a765ea2600be8cf4e374de23bd;lag_despacho_negativo;delivered;True;DF;Brasília;DF;f3b80352b986ab4d1057a4b724be19d0;11-100;0525fa756013f1d648c20c8892bdea3e;São Paulo;SP;SP;5884;2018-07-21 17:45:54;2018-07-26 23:32:33;2018-07-23 15:13:00;2018-07-29 20:18:21;2018-08-08 00:00:00;2018-07-25 17:44:42;1.0;7fb04722aba7a2b632bac8f9819796f3;1850.0;1850.0;90.0;20.58;110.58;credit_card;8.106;-9.154;True;False;False;False;False;False;False;False;False;False;False;True;False;False;False;False;False;False;False;False;False;False;False;False;False;1;True
b090db406a3c2b8c132d12115b575fa8;lag_despacho_negativo;delivered;True;SP;Piracicaba;SP;da8622b14eb17ae2831f4ac5b9dab84a;>1000;b5663b19d130b89cfa4c66655dd35ba5;São João da Boa Vista;SP;SP;13870;2018-07-04 18:25:26;2018-07-05 16:41:02;2018-07-05 14:47:00;2018-07-10 21:51:05;2018-07-23 00:00:00;2018-07-06 19:31:05;1.0;9ecfbbfd26a92d596e5f4f7dfead98e3;2550.0;2550.0;219.9;18.67;238.57;credit_card;6.143;-12.09;True;False;False;False;False;False;False;False;False;False;False;True;False;False;False;False;False;False;False;False;False;False;False;False;False;1;True
60d1bad2dd9051ddf6155fa1965d5c72;lag_despacho_negativo;delivered;True;SP;Guariba;SP;4869f7a5dfa277a7dca6462dcf3b52b2;>1000;1ea43911c7817ae202932454b9016329;Presidente Prudente;SP;SP;19023;2018-04-21 16:24:10;2018-04-24 18:59:44;2018-04-24 17:17:58;2018-04-30 21:45:43;2018-05-16 00:00:00;2018-04-26 16:31:35;1.0;53b36df67ebb7c41585e8d54d6772e08;584.0;584.0;106.9;0.0;106.9;credit_card;9.223;-15.093;True;False;False;False;False;False;False;False;False;False;True;True;False;False;False;False;False;False;False;False;False;False;False;False;False;2;True
f5234dc943e266dc8922b4870dc9d491;lag_despacho_negativo;delivered;True;SP;São Paulo;SP;6ddc28b61be28373b4503a1f61cf98a9;1-10 pedidos;42f75f85ea5abce880a33720e1334d02;Santos;SP;SP;11075;2018-07-02 09:29:17;2018-07-05 16:15:52;2018-07-03 16:52:00;2018-07-04 14:57:44;2018-07-16 00:00:00;2018-07-09 07:31:20;1.0;3c2417f0f42bc3de63d08893b06571e9;200.0;200.0;89.9;7.89;97.79;boleto;2.228;-11.377;True;False;False;False;False;False;False;False;False;False;False;True;False;False;False;False;False;False;False;False;False;False;False;False;False;1;True
79fa444e8356d0ed4f75c4666db50347;lag_despacho_negativo;delivered;True;MG;Ilicínea;MG;a1043bafd471dff536d0c462352beb48;101-1000;6d0c800d3fe9b8bb5fcea4693789605a;Guaíra;SP;SP;14790;2018-07-04 19:23:38;2018-07-05 16:19:09;2018-07-05 13:50:00;2018-07-11 15:41:46;2018-07-30 00:00:00;2018-07-06 20:31:43;1.0;d1c427060a0f73f6b889a5c7c61f2ac4;6550.0;6550.0;119.99;44.64;164.63;credit_card;6.846;-18.346;True;False;False;False;False;False;False;False;False;False;False;True;False;False;False;False;False;False;False;False;False;False;False;False;False;1;True
6e7d56b33e25e67ee602c9bfb9a63018;lag_despacho_negativo;delivered;True;SP;Praia Grande;SP;59cd88080b93f3c18508673122d26169;1-10 pedidos;748d0a448acf0d2296b277ab8f8d451d;São Paulo;SP;SP;8160;2017-07-30 11:30:39;2017-08-04 11:33:04;2017-08-01 17:25:38;2017-08-04 19:57:56;2017-08-11 00:00:00;2017-08-07 04:15:10;1.0;24e648f338846ab5a977cbe3e0638b19;250.0;250.0;35.5;8.27;43.77;boleto;5.352;-6.168;True;False;False;False;False;False;False;False;False;False;False;True;False;False;False;False;False;False;False;False;False;False;False;False;False;1;True
48b4f1f96d5ae13b404fe7d041a8d393;lag_despacho_negativo;delivered;True;MA;São Luís;MA;06a2c3af7b3aee5d69171b0e14f0ee87;101-1000;77151da438a727054ce6430fd175793a;Rio Branco;AC;AC;69918;2018-08-09 13:41:59;2018-08-09 14:35:22;2018-08-09 13:57:00;2018-08-24 16:44:28;2018-09-26 00:00:00;2018-08-23 14:35:22;1.0;3fbc0ef745950c7932d5f2a446189725;350.0;350.0;66.99;27.75;94.74;credit_card;15.127;-32.302;True;False;False;False;False;False;False;False;False;False;False;True;False;False;False;False;False;False;False;False;False;False;False;False;False;1;True
7e4781e7b053db140ebba2ed6e3fde99;lag_despacho_negativo;delivered;True;SP;Limeira;SP;7238a95bb63ef7e498389fb863b834a1;11-100;15aa16b2327e928f15a72f11d98d241d;Brasília;DF;DF;73105;2018-07-02 08:36:24;2018-07-05 16:14:20;2018-07-04 16:05:00;2018-07-10 16:41:12;2018-07-25 00:00:00;2018-07-10 08:32:17;1.0;22a4657fae391d977b8dfe09b590ee6c;2250.0;2250.0;89.0;23.42;112.42;boleto;8.337;-14.305;True;False;False;False;False;False;False;False;False;False;False;True;False;False;False;False;False;False;False;False;False;False;False;False;False;1;True
641879e47a518bfcd257cdedda69f029;lag_despacho_negativo;delivered;True;SP;Salto;SP;2ff97219cb8622eaf3cd89b7d9c09824;11-100;b3ecc2bd81952e83915d0df692cca31f;São Paulo;SP;SP;1529;2018-04-21 22:03:59;2018-04-24 19:25:17;2018-04-23 19:04:12;2018-04-24 19:18:51;2018-05-10 00:00:00;2018-04-25 22:31:37;1.0;a027d4d9a0ffc6b3c2cf45636b044078;200.0;200.0;15.9;7.87;23.77;credit_card;2.885;-15.195;True;False;False;False;False;False;False;False;False;False;False;True;False;False;False;False;False;False;False;False;False;False;False;False;False;1;True
229407b9e8b4a23ecee01a9d354fc79b;lag_despacho_negativo;delivered;True;SP;Ribeirão Pires;SP;08633c14ef2db992c11f840f04fad4cd;11-100;ba8f140572a94513e4f671f6f757f5b4;Niterói;RJ;RJ;24210;2018-07-23 08:57:55;2018-07-23 14:31:47;2018-07-23 12:36:00;2018-07-27 19:56:35;2018-08-07 00:00:00;2018-07-25 12:31:54;1.0;781afe929e3016a667f5f439afd55fce;400.0;400.0;107.9;15.86;123.76;credit_card;4.457;-10.169;True;False;False;False;False;False;False;False;False;False;False;True;False;False;False;False;False;False;False;False;False;False;False;False;False;1;True
dbebf60e0907d4124719fe7a872e7694;lag_despacho_negativo;delivered;True;SP;São Paulo;SP;6560211a19b47992c3666cc44a7e94c0;>1000;929552054064c59d6e5bcc06dd67a56b;Rio de Janeiro;RJ;RJ;23032;2018-07-02 19:27:48;2018-07-05 16:27:11;2018-07-04 10:48:00;2018-07-11 20:14:33;2018-08-03 00:00:00;2018-07-05 19:31:15;1.0;186fe07c8b8005ec6a498587ffbc1352;200.0;200.0;29.0;15.3;44.3;credit_card;9.032;-22.157;True;False;False;False;False;False;False;False;False;False;False;True;False;False;False;False;False;False;False;False;False;False;False;False;False;1;True
f47250cb6ba54d6506935dc2e409b914;lag_despacho_negativo;delivered;True;SP;São Carlos;SP;c013e57c075a06e5b5c48ee03c525719;11-100;6fa4f15ed7bd6ed54b86f2124a8634e7;Jatauba;PE;PE;55180;2018-07-03 13:52:30;2018-07-05 16:34:53;2018-07-04 15:01:00;2018-07-12 12:58:45;2018-08-02 00:00:00;2018-07-06 11:31:11;1.0;5999995b8f64d769dbc6f592b86d6f8a;1200.0;1200.0;36.99;42.54;79.53;credit_card;8.963;-20.459;True;False;False;False;False;False;False;False;False;False;False;True;False;False;False;False;False;False;False;False;False;False;False;False;False;1;True
f85a3babb8f57542a4493f9c45523501;lag_despacho_negativo;delivered;True;MG;Belo Horizonte;MG;229c3efbfb0ea2058de4ccdfbc3d784a;101-1000;2abea2bf3e5611f7a96f8d24f21a7198;Recife;PE;PE;52070;2018-07-04 11:13:48;2018-07-05 16:33:19;2018-07-04 16:10:00;2018-07-11 15:57:32;2018-07-31 00:00:00;2018-07-10 12:30:47;1.0;caf1ca4c82e6ab734903a3407795f556;225.0;225.0;87.0;23.33;110.33;debit_card;7.197;-19.335;True;False;False;False;False;False;False;False;False;False;False;True;False;False;False;False;False;False;False;False;False;False;False;False;False;1;True
b8da1a3a182f9172670e36c996363708;lag_despacho_negativo;delivered;True;SP;Mogi das Cruzes;SP;2c9e548be18521d1c43cde1c582c6de8;101-1000;555e0a9ba813008221adb74ad01a3720;Santo André;SP;SP;9060;2018-04-24 07:33:08;2018-04-24 19:08:24;2018-04-24 17:58:39;2018-04-26 02:11:07;2018-05-11 00:00:00;2018-04-30 08:31:47;1.0;06bf70b6e1d67d96308235ef350edc61;950.0;950.0;69.9;8.88;78.78;credit_card;1.776;-14.909;True;False;False;False;False;False;False;False;False;False;False;True;False;False;False;False;False;False;False;False;False;False;False;False;False;1;True
9230c8324320aabb46dcfbc11da845aa;lag_despacho_negativo;delivered;True;SP;São Paulo;SP;ea8482cd71df3c1969d7b9473ff13abc;>1000;a7f2a62afeb5a0947416264e78e3d5f4;Cianorte;PR;PR;87200;2018-05-07 07:17:20;2018-05-07 16:13:20;2018-05-07 15:05:00;2018-05-15 13:03:44;2018-05-28 00:00:00;2018-05-11 16:12:51;1.0;33a556a744bc9ea4e216c3990d352d03;350.0;350.0;27.99;18.23;46.22;credit_card;8.241;-12.456;True;False;False;False;False;False;False;False;False;False;False;True;False;False;False;False;False;False;False;False;False;False;False;False;False;1;True
763ff34638f08b1e6b6135c197e3a937;lag_despacho_negativo;delivered;True;MG;Betim;MG;17ca9b9e9b9ef8fdb529001b49ebb50f;101-1000;384f86bdd39dcf4505744c0132ac38a4;São Paulo;SP;SP;4419;2018-08-17 13:59:11;2018-08-17 14:46:52;2018-08-17 14:42:00;2018-08-21 17:37:50;2018-08-29 00:00:00;2018-08-21 14:46:52;1.0;50f45d42cdfecd33a2424a1c617d251f;450.0;450.0;49.97;15.45;65.42;debit_card;4.152;-7.265;True;False;False;False;False;False;False;False;False;False;False;True;False;False;False;False;False;False;False;False;False;False;False;False;False;1;True
8c8005895f46f6c1bdf16697c70e645a;lag_despacho_negativo;delivered;True;RS;Carazinho;RS;b1a81260566c1bac3114a6d124413f27;11-100;74245fe8288c7bdcbcd4644b2edf5beb;Teresina;PI;PI;64078;2018-08-17 15:57:10;2018-08-17 16:10:14;2018-08-17 14:56:00;2018-08-25 16:08:37;2018-09-19 00:00:00;2018-08-21 16:10:14;1.0;06f756df8d80309915285f3ee6ea1059;700.0;700.0;129.9;84.68;214.58;credit_card;8.008;-24.327;True;False;False;False;False;False;False;False;False;False;False;True;False;False;False;False;False;False;False;False;False;False;False;False;False;1;True
21a8ffca665bc7a1087d31751a7b7cbc;lag_despacho_negativo;delivered;True;SP;Santa Bárbara D'oeste;SP;30a2f535bb48308f991d0b9ad4a8c4bb;11-100;225aed9e773953084b09cf496c2be05a;São Paulo;SP;SP;1547;2017-05-31 12:00:35;2017-05-31 13:07:28;2017-05-31 12:43:47;2017-06-01 10:28:24;2017-06-13 00:00:00;2017-06-06 12:31:33;1.0;59a0529af96d3d459965f044c5cd1296;400.0;400.0;49.9;8.72;58.620000000000005;credit_card;0.936;-11.564;True;False;False;False;False;False;False;False;False;False;False;True;False;False;False;False;False;False;False;False;False;False;False;False;False;1;True
a7b10e487b0ab6b5e6f059a7fd2e79bc;lag_despacho_negativo;delivered;True;SP;Ibitinga;SP;2d50d6282f8aa2257819a77bfaa0efe0;11-100;41b9534b9c3c350df3cee8865cb0ce4d;Cravinhos;SP;SP;14140;2018-01-29 17:59:45;2018-02-03 23:31:49;2018-02-01 02:32:05;2018-02-06 17:22:50;2018-02-20 00:00:00;2018-02-06 02:53:31;1.0;567c45f86af8863b92fd65d77298a599;15650.0;15650.0;178.0;45.72;223.72;boleto;7.974;-13.276;True;False;False;False;False;False;False;False;False;False;False;True;False;False;False;False;False;False;False;False;False;False;False;False;False;1;True
366446679f4ddbffb2d8934f1abef1f8;lag_despacho_negativo;delivered;True;SC;Rio do Sul;SC;669ae81880e08f269a64487cfb287169;101-1000;eb9e4ffb14ee9484e33031726c7ec185;Londrina;PR;PR;86037;2018-04-22 22:38:49;2018-04-24 18:25:34;2018-04-23 20:08:28;2018-04-30 18:52:22;2018-05-17 00:00:00;2018-04-26 23:31:07;2.0;f35927953ed82e19d06ad3aac2f06353;450.0;450.0;230.0;37.38;267.38;credit_card;7.843;-16.214;True;False;False;False;False;False;False;False;False;False;False;True;False;False;False;False;False;True;False;False;False;False;False;False;False;2;True
05ddf4cc62efcc6f34b8c693eaa2db01;lag_despacho_negativo;delivered;True;MG;Araguari;MG;7299e27ed73d2ad986de7f7c77d919fa;101-1000;b77ee5671feb9b6efce84cc804842024;Brasília;DF;;73088;2018-07-03 18:18:34;2018-07-05 16:26:57;2018-07-04 14:51:00;2018-07-09 16:34:28;2018-07-25 00:00:00;2018-07-06 10:31:18;1.0;24c9d329963373e2fccaa3f3204db19e;100.0;100.0;69.99;18.59;88.58;credit_card;5.928;-15.309;True;False;False;False;False;False;True;False;False;False;False;True;False;False;False;False;False;False;False;False;False;False;False;False;False;2;True
133d08a542c28f4400480b9483517c32;lag_despacho_negativo;delivered;True;SP;São Paulo;SP;7a67c85e85bb2ce8582c35f2203ad736;>1000;81341fe38e3655b59db49c85c8d23d5b;Belém;PA;PA;66813;2018-07-21 22:54:08;2018-07-26 23:31:55;2018-07-23 11:47:00;2018-08-07 14:45:31;2018-08-16 00:00:00;2018-07-25 08:25:16;1.0;37e65c3560cce352429c7290f74bf7ec;1250.0;1250.0;62.99;22.72;85.71;credit_card;16.661;-8.385;True;False;False;False;False;False;False;False;False;False;False;True;False;False;False;False;False;False;False;False;False;False;False;False;False;1;True
70e534acd4ff3f46956f7b4b36418474;lag_despacho_negativo;delivered;True;SP;Guarulhos;SP;6b90f847357d8981edd79a1eb1bf0acb;11-100;5871240b438e21144634d9fdd480e0d8;Guarulhos;SP;SP;7135;2018-07-03 16:51:33;2018-07-05 16:34:40;2018-07-04 12:39:00;2018-07-05 15:13:43;2018-07-16 00:00:00;2018-07-09 17:31:15;1.0;3c5559ffe829dd89665484c98f0c4e18;683.0;683.0;69.9;9.24;79.14;credit_card;1.932;-10.365;True;False;False;False;False;False;False;False;False;False;False;True;False;False;False;False;False;False;False;False;False;False;False;False;False;1;True
d9a9bc50c9da52930374f4884e3175f0;lag_despacho_negativo;delivered;True;SP;São Paulo;SP;1354d51653f645349064725ed204e85e;11-100;851085d7c3bb92c48e50fe2dcc8e9bcd;Andradina;SP;SP;16903;2018-07-03 17:50:54;2018-07-05 16:25:20;2018-07-05 08:16:00;2018-07-11 00:15:58;2018-07-23 00:00:00;2018-07-06 18:31:38;1.0;419a18f1940972e64957006dbfbf318e;500.0;500.0;150.0;13.71;163.71;credit_card;7.267;-11.989;True;False;False;False;False;False;False;False;False;False;False;True;False;False;False;False;False;False;False;False;False;False;False;False;False;1;True
01d80471e02a3ba49c8e1d0abc2c1a64;lag_despacho_negativo;delivered;True;SP;Jacareí;SP;4e922959ae960d389249c378d1c939f5;101-1000;3106fe6ef3e7aa3053de377e22826161;Porto Alegre;RS;RS;90620;2017-05-03 19:35:37;2017-05-08 23:32:30;2017-05-08 15:45:00;2017-05-16 13:11:49;2017-06-02 00:00:00;2017-05-15 09:31:57;1.0;c19d5ba108c34b8255cf9a524da92bc4;150.0;150.0;75.0;16.23;91.23;credit_card;12.733;-16.45;True;False;False;False;False;False;False;False;False;False;False;True;False;False;False;False;False;False;False;False;False;False;False;False;False;1;True
da7d3c6c66e6838cfb5b2ec2df177a57;lag_despacho_negativo;delivered;True;SP;São Paulo;SP;4992e76a42cb3aad7a7047e0d3d7e729;11-100;691ed9d19188cfaa545496993fc8e907;Feira de Santana;BA;BA;44053;2018-05-18 11:16:57;2018-05-22 09:14:33;2018-05-22 09:04:00;2018-06-07 18:58:25;2018-06-08 00:00:00;2018-05-24 09:14:33;1.0;44be579342e8ba8bbe3d0448d126afea;550.0;550.0;24.9;22.06;46.96;boleto;20.32;-0.209;True;False;False;False;False;False;False;False;False;False;False;True;False;False;False;False;False;False;False;False;False;False;False;False;False;1;True
ba6a0a51f6852a4e562acc5feb6ca75e;lag_despacho_negativo;delivered;True;SP;São Paulo;SP;ea8482cd71df3c1969d7b9473ff13abc;>1000;d5963ef8d85391ac76157ec238ecfe6b;Florianópolis;SC;SC;88070;2018-06-12 14:14:08;2018-06-12 14:46:10;2018-06-12 13:50:00;2018-06-19 17:46:35;2018-07-05 00:00:00;2018-06-15 14:31:45;1.0;7f457254a89d62960399e075711b3deb;300.0;300.0;24.99;15.28;40.27;debit_card;7.148;-15.259;True;False;False;False;False;False;False;False;False;False;False;True;False;False;False;False;False;False;False;False;False;False;False;False;False;1;True
c3c86ecc0f7508ffce2a4662f49d9d8b;lag_despacho_negativo;delivered;True;SP;São Paulo;SP;1da3aeb70d7989d1e6d9b0e887f97c23;101-1000;76f4fa4aa87fa89b2ef1e17b86b425f9;Cascavel;PR;PR;85803;2018-05-14 12:42:52;2018-05-14 12:55:25;2018-05-14 12:25:00;2018-05-18 14:12:20;2018-06-01 00:00:00;2018-05-16 12:55:25;1.0;e35b496654367ba8f9ab8974a23331e6;250.0;250.0;9.99;18.23;28.22;voucher;4.062;-13.408;True;False;False;False;False;False;False;False;False;False;False;True;False;False;False;False;False;False;False;False;False;False;False;False;False;1;True
fff8286f77788ab8b55b2e5747fa7dd8;lag_despacho_negativo;delivered;True;SP;São Paulo;SP;ea8482cd71df3c1969d7b9473ff13abc;>1000;e79f494063c25f5c673222d8a2cc6f47;Belo Horizonte;MG;MG;30881;2018-07-03 21:53:22;2018-07-05 16:22:01;2018-07-04 14:33:00;2018-07-06 14:51:40;2018-07-20 00:00:00;2018-07-05 22:31:13;1.0;a2da86fa759178e9e58e54aa1a144e59;350.0;350.0;24.99;15.28;40.27;credit_card;2.707;-13.381;True;False;False;False;False;False;False;False;False;False;False;True;False;False;False;False;False;False;False;False;False;False;False;False;False;1;True
ee81daf572c595016b038f9dcf8f6a0a;lag_despacho_negativo;delivered;True;SP;Sumaré;SP;fa1c13f2614d7b5c4749cbc52fecda94;101-1000;d09527c5947fe80403de8cee76442c42;Santa Quitéria;CE;CE;62280;2018-07-04 20:14:04;2018-07-05 16:14:02;2018-07-05 14:17:00;2018-07-13 13:36:40;2018-08-02 00:00:00;2018-07-06 20:31:37;1.0;b21edc5440d0a05522fa8d1bc1a4a26d;325.0;325.0;199.9;38.31;238.21;credit_card;8.724;-19.433;True;False;False;False;False;False;False;False;False;False;False;True;False;False;False;False;False;False;False;False;False;False;False;False;False;1;True
da53168e1e12e3408d193c03604f260d;lag_despacho_negativo;delivered;True;PR;Cascavel;PR;72c38a04bd6a1c3dbc5298425a0db86d;1-10 pedidos;baa44e1b7be98ae9c59021a99509a628;Campos dos Goytacazes;RJ;RJ;28027;2018-07-05 10:00:59;2018-07-05 16:05:29;2018-07-05 10:23:00;2018-07-10 22:03:28;2018-08-01 00:00:00;2018-07-11 10:31:42;2.0;c519f4684e315ead8f279de375f4aa61;300.0;300.0;55.8;44.26;100.06;credit_card;5.502;-21.081;True;False;False;False;False;False;False;False;False;False;False;True;False;False;False;False;False;True;False;False;False;False;False;False;False;2;True
8ac52bf45b719c91c665c11e5696f199;lag_despacho_negativo;delivered;True;SP;Piracicaba;SP;f45122a9ab94eb4f3f8953578bc0c560;101-1000;a91d3b41b3f176b1eca6148265a8f10c;Brumado;BA;BA;46100;2018-04-22 14:56:35;2018-04-24 18:08:28;2018-04-23 19:38:19;2018-05-04 20:06:40;2018-05-24 00:00:00;2018-04-26 15:31:29;1.0;d86408ff5f272d41f18d18f8cbefa1a3;5300.0;5300.0;195.2;39.66;234.86;credit_card;12.215;-19.162;True;False;False;False;False;False;False;False;False;False;False;True;False;False;False;False;False;False;False;False;False;False;False;False;False;1;True
b1790ff077b7630f790bba65c012c64b;lag_despacho_negativo;delivered;True;PR;Maringá;PR;0b90b6df587eb83608a64ea8b390cf07;101-1000;3f2d49651aac6322e00f50492dab09dc;Guarulhos;SP;SP;7115;2018-06-20 15:04:55;2018-06-20 15:40:12;2018-06-20 15:39:00;2018-06-25 15:52:39;2018-07-24 00:00:00;2018-06-28 15:31:45;1.0;17878434ca0082537806de545c2f0351;250.0;250.0;140.9;14.33;155.23;credit_card;5.033;-28.338;True;False;False;False;False;False;False;False;False;False;False;True;False;False;False;False;False;False;False;False;False;False;False;False;False;1;True
31a200fac55455bb8b28d747b21cfb83;lag_despacho_negativo;delivered;True;SC;Joinville;SC;e9c2dc0dd4ac38448289be644ac94f42;1-10 pedidos;beb0e6708010ee6d99e100be6334deb9;São Paulo;SP;SP;3413;2018-07-03 23:37:11;2018-07-05 16:20:52;2018-07-04 10:17:00;2018-07-07 10:56:21;2018-07-25 00:00:00;2018-07-10 00:30:35;1.0;25b61c2d1c21066a588f702a6d2873c8;800.0;800.0;69.9;19.68;89.58;credit_card;3.472;-17.544;True;False;False;False;False;False;False;False;False;False;False;True;False;False;False;False;False;False;False;False;False;False;False;False;False;1;True
65bf80b7cf4363113089bc022bfef891;lag_despacho_negativo;delivered;True;SP;Ibitinga;SP;7d7d2b7a51328016102d4528c411d630;1-10 pedidos;3a8114b17781d69b6001c46764321674;Bom Despacho;MG;MG;35600;2018-04-22 11:47:34;2018-04-24 19:05:55;2018-04-23 17:04:01;2018-05-02 19:19:20;2018-05-11 00:00:00;2018-04-26 12:31:05;1.0;a9dad2ea6b0cb39733febae5b7ec1dda;790.0;790.0;52.9;19.34;72.24;credit_card;10.314;-8.195;True;False;False;False;False;False;False;False;False;False;False;True;False;False;False;False;False;False;False;False;False;False;False;False;False;1;True
736fa605c3ae7ebfa61d3fc8caa49b47;lag_despacho_negativo;delivered;True;SP;São Paulo;SP;7adbd3210a7b3cc2235e225eef33574d;1-10 pedidos;4fd30188e2c4fb40cd31ea4eddd03653;Gaúcha do Norte;MT;MT;78875;2018-06-30 21:39:57;2018-07-05 16:17:17;2018-07-04 08:39:00;2018-07-12 22:47:41;2018-08-06 00:00:00;2018-07-10 04:31:13;1.0;79a0f9f823d85410833d712d89666717;1400.0;1400.0;26.5;27.14;53.64;boleto;12.047;-24.05;True;False;False;False;False;False;False;False;False;False;False;True;False;False;False;False;False;False;False;False;False;False;False;False;False;1;True
6d70b44b2d0742e51c0434faba7c9afe;lag_despacho_negativo;delivered;True;SP;São Paulo;SP;ce27a3cc3c8cc1ea79d11e561e9bebb6;101-1000;192b1a2d0d7d5d391edab32669ef31ae;Serra;ES;ES;29162;2018-07-21 05:48:37;2018-07-26 23:31:41;2018-07-24 11:05:00;2018-07-31 02:05:04;2018-08-07 00:00:00;2018-07-26 06:05:34;1.0;4c7d4a2efde21e3bf1660926fabc6a9d;250.0;250.0;31.5;15.32;46.82;boleto;9.845;-6.913;True;False;False;False;False;False;False;False;False;False;False;True;False;False;False;False;False;False;False;False;False;False;False;False;False;1;True
9256fda5584ec43f6212f63bdf17b2ec;lag_despacho_negativo;delivered;True;SP;Campinas;SP;73b8eb4a9a729d4019b24ed1be748cbf;1-10 pedidos;2b3c93b880505c1bbc5b3de1dd0ace3d;Guarulhos;SP;SP;7114;2018-06-27 11:34:34;2018-06-27 11:57:21;2018-06-27 11:56:00;2018-06-28 18:26:27;2018-07-16 00:00:00;2018-07-05 11:57:21;1.0;36c554eb2e204a1db6000ed146c9fbde;170.0;170.0;116.25;8.07;124.32;credit_card;1.286;-17.232;True;False;False;False;False;False;False;False;False;False;False;True;False;False;False;False;False;False;False;False;False;False;False;False;False;1;True
7b60439ce00c75448babbcbfb0bdb6f0;lag_despacho_negativo;delivered;True;SP;Guarulhos;SP;0dd184061fb0eaa7ca37932c68ab91c5;101-1000;477f523d95439da10291dd5659e120a4;Rio de Janeiro;RJ;RJ;21750;2018-05-12 10:52:23;2018-05-14 14:10:18;2018-05-14 13:11:00;2018-05-22 18:22:03;2018-06-14 00:00:00;2018-05-18 14:10:18;1.0;593236d0ff46b4299b4787fb8d43f7f0;7225.0;7225.0;69.0;43.02;112.02;boleto;10.312;-22.235;True;False;False;False;False;False;False;False;False;False;False;True;False;False;False;False;False;False;False;False;False;False;False;False;False;1;True
cd152c10c2b137322bd87555c0553c16;lag_despacho_negativo;delivered;True;SP;São Paulo;SP;87d3c3aeb3ead335511b3ce315eb341e;11-100;70be873b5ea39f7ceb7bbc4d478c3f31;São Paulo;SP;SP;4323;2018-07-04 15:22:38;2018-07-05 16:20:07;2018-07-05 14:05:00;2018-07-09 13:34:22;2018-07-17 00:00:00;2018-07-10 16:31:48;1.0;e97ee7673459375fac14fe9a01a64e6c;289.0;289.0;79.99;7.82;87.81;credit_card;4.925;-7.434;True;False;False;False;False;False;False;False;False;False;False;True;False;False;False;False;False;False;False;False;False;False;False;False;False;1;True
bd9629bd5c3db3606ff891c6314be67a;lag_despacho_negativo;delivered;True;SP;São Paulo;SP;6560211a19b47992c3666cc44a7e94c0;>1000;40a7f711d403185fdc7517b5e7a0a2e0;Niterói;RJ;RJ;24210;2018-06-15 10:07:16;2018-06-15 10:39:38;2018-06-15 10:27:00;2018-06-20 22:31:48;2018-07-11 00:00:00;2018-06-19 10:31:35;2.0;16bf176650a888512655cc94f61860e3;200.0;200.0;78.0;30.74;108.74;credit_card;5.517;-20.061;True;False;False;False;False;False;False;False;False;False;False;True;False;False;False;False;False;True;False;False;False;False;False;False;False;2;True
c85ea30e9a24abecb353caa26294c81c;lag_despacho_negativo;delivered;True;PR;Curitiba;PR;2059c39f76271d4ca3f15b5ffaccc8b8;11-100;f6b48a3dd3d76b9f3a58d8e108df430b;Cachoeiro de Itapemirim;ES;ES;29307;2017-04-26 08:19:14;2017-04-27 13:36:17;2017-04-26 14:52:01;2017-05-08 16:07:01;2017-05-23 00:00:00;2017-05-03 09:35:23;1.0;095cb863f2b04911455ad33f5177062e;1000.0;1000.0;53.9;19.08;72.98;credit_card;12.325;-14.328;True;False;False;False;False;False;False;False;False;False;False;True;False;False;False;False;False;False;False;False;False;False;False;False;False;1;True
8346e642eb8d376b57cddc53b6118a3a;lag_despacho_negativo;delivered;True;SP;São Bernardo do Campo;SP;cbf09e831b0c11f6f23ffb51004db972;1-10 pedidos;0609f5889f00803311ba52e9219c3872;Abelardo Luz;SC;SC;89830;2018-08-01 09:50:24;2018-08-01 16:31:29;2018-08-01 12:39:00;2018-08-08 17:58:34;2018-08-15 00:00:00;2018-08-03 10:10:07;1.0;ceb9200bc33732558224476d75815c32;975.0;975.0;53.9;23.18;77.08;credit_card;7.339;-6.251;True;False;False;False;False;False;False;True;False;False;False;True;False;False;False;False;False;False;False;False;False;False;False;False;False;2;True
7344c860833e7ea5b676e4575b225d6c;lag_despacho_negativo;delivered;True;SP;Ibitinga;SP;4a3ca9315b744ce9f8e9374361493884;>1000;7ce0adff24b4b3d2b542175fce45d9b3;Governador Valadares;MG;MG;35041;2018-04-22 14:09:27;2018-04-24 17:14:31;2018-04-23 23:56:52;2018-04-30 20:14:27;2018-05-21 00:00:00;2018-04-26 14:30:42;1.0;868b3136c5b206f91b8208fbfdf2cb7c;800.0;800.0;93.0;19.62;112.62;credit_card;8.253;-20.157;True;False;False;False;False;False;False;False;False;False;False;True;False;False;False;False;False;False;False;False;False;False;False;False;False;1;True
91be51c856a90d7efe86cf9d082d6ae3;lag_despacho_negativo;delivered;True;SP;Santo André;SP;da7039f29f90ce5b4846ffc0fcc93beb;11-100;637321037fb8b34323ce7fd8aab4a0f1;Araraquara;SP;SP;14806;2018-06-12 15:58:03;2018-06-12 16:32:26;2018-06-12 15:44:00;2018-06-15 15:42:07;2018-07-12 00:00:00;2018-06-14 16:30:57;4.0;73bcea4312cb31d72bffc6562f7f7c71;350.0;350.0;339.44;58.46;397.9;credit_card;2.989;-26.346;True;False;False;False;False;False;False;False;False;False;False;True;False;False;False;False;False;False;False;False;False;False;False;False;False;1;True
200b121c28e10ef638131a7c76753327;peso_invalido;delivered;True;SP;Ibitinga;SP;b39d7fe263ef469605dbb32608aee0af;11-100;26bcca10e5c9679c306d8333bf527929;Mineiros;GO;GO;75830;2018-08-04 15:55:59;2018-08-04 16:10:16;2018-08-08 14:35:00;2018-08-23 18:21:59;2018-08-30 00:00:00;2018-08-14 16:10:16;1.0;81781c0fed9fe1ad6e8c81fca1e1cb08;;0.0;100.0;19.89;119.89;credit_card;19.101;-6.235;True;False;False;False;False;False;False;False;False;False;False;False;False;False;False;False;True;False;False;False;False;False;False;False;False;1;True
fa40e63c3c59d4bd7858f31c33e0d882;lag_despacho_negativo;delivered;True;SP;Ibitinga;SP;4a3ca9315b744ce9f8e9374361493884;>1000;036f4b8b056789194b5f668eab64c84f;Luziânia;GO;GO;72800;2018-04-21 20:41:35;2018-04-24 18:41:25;2018-04-23 18:00:09;2018-05-03 18:19:36;2018-05-22 00:00:00;2018-04-25 21:30:52;1.0;29fd9022374ff3fef2e8f82c39b4133e;800.0;800.0;69.9;18.1;88.0;credit_card;11.901;-18.236;True;False;False;False;False;False;False;False;False;False;False;True;False;False;False;False;False;False;False;False;False;False;False;False;False;1;True
ffcc17a2f3331d4d25cf692060921690;lag_despacho_negativo;delivered;True;MG;Belo Horizonte;MG;2a84855fd20af891be03bc5924d2b453;101-1000;bf75820404561a3f35085c58a99a63fd;Belo Horizonte;MG;MG;31080;2018-06-29 14:41:28;2018-06-29 14:50:16;2018-06-29 14:40:00;2018-07-03 16:14:35;2018-07-13 00:00:00;2018-07-03 14:50:16;1.0;42ec84ace63b58b8c5a7ba7be01d5fb8;2550.0;2550.0;89.9;13.46;103.36;credit_card;4.065;-9.323;True;False;False;False;False;False;False;False;False;False;False;True;False;False;False;False;False;False;False;False;False;False;False;False;False;1;True
652ea8ea554ac0339e725a3a9c028040;lag_despacho_negativo;delivered;True;MG;Congonhas;MG;34d1ca11b242c0fee2c834ae8d788566;11-100;1d4e6a21d80dc3eaccec225fb5e78a6d;Rio de Janeiro;RJ;RJ;21235;2018-04-20 09:41:41;2018-04-24 18:12:56;2018-04-24 00:41:47;2018-05-01 12:41:11;2018-05-28 00:00:00;2018-04-26 02:31:49;1.0;78819ab10b4a44927c832a21c06849e0;1100.0;1100.0;580.27;23.03;603.3;boleto;11.125;-26.471;True;False;False;False;False;False;False;False;False;False;False;True;False;False;False;False;False;False;False;False;False;False;False;False;False;1;True
4e16f71b2a5ddc0266f9ddfdfd0bcfba;lag_despacho_negativo;delivered;True;SP;Belo Horizonte;MG;289cdb325fb7e7f891c38608bf9e0962;101-1000;0e6c54c40385920c74542f153754aca6;Cotia;SP;SP;6719;2018-07-22 18:58:10;2018-07-27 23:30:54;2018-07-24 15:09:00;2018-07-27 16:46:38;2018-08-06 00:00:00;2018-07-26 06:05:30;1.0;595fac2a385ac33a80bd5114aec74eb8;400.0;400.0;118.7;15.93;134.63;boleto;4.909;-9.301;True;False;False;False;False;False;False;False;False;False;False;True;False;False;False;False;False;False;False;False;False;False;False;False;True;2;True
ef18f5dcc7b8a44cbdb1a14de4164bd1;lag_despacho_negativo;shipped;True;SP;São Paulo;SP;ba143b05f0110f0dc71ad71b4466ce92;11-100;4f3505c2d2b2547a60e333a7eaac6cba;Guarulhos;SP;SP;7063;2018-07-04 10:52:38;2018-07-05 16:32:54;2018-07-04 14:18:00;;2018-07-20 00:00:00;2018-07-10 11:31:24;1.0;4535b0e1091c278dfd193e5a1d63b39f;850.0;850.0;53.99;9.13;63.12;credit_card;;;False;;True;True;False;False;False;False;False;False;False;True;False;False;False;False;False;False;False;False;True;False;False;False;False;2;True
576e9a23f503e96fdc30b174e8c6d8be;lag_despacho_negativo;delivered;True;SP;Cajamar;SP;c003204e1ab016dfa150abc119207b24;101-1000;c7d1d1f9c6ed9f0d7ef358eda44b9e71;São Paulo;SP;SP;5272;2018-04-23 17:27:49;2018-04-24 18:29:32;2018-04-24 18:12:16;2018-04-28 18:34:04;2018-05-08 00:00:00;2018-04-27 18:31:56;1.0;d3e1006ba3735c0d44160026b6e0ced3;1850.0;1850.0;109.9;12.67;122.57;credit_card;5.046;-9.226;True;False;False;False;False;False;False;False;False;False;False;True;False;False;False;False;False;False;False;False;False;False;False;False;False;1;True
4637ca194b6387e2d538dc89b124b0ee;pagamento_invalido|canal_indefinido;canceled;False;SEM_FILIAL;;;;SEM_VENDEDOR;a73c1f73f5772cf801434bf984b0b1a7;São Paulo;SP;SP;4685;2018-09-03 14:14:25;;;;2018-09-10 00:00:00;;;;;;;;0.0;not_defined;;;False;;False;;True;True;False;False;False;False;False;False;False;False;True;False;False;False;True;True;True;True;True;False;False;8;True
0417b4ccdad2da3b88aa378eef45528c;lag_despacho_negativo;delivered;True;SP;São Paulo;SP;1e8b33f18b4f7598d87f5cbee2282cc2;101-1000;124b29c0b577597f7379265f38d50490;Rio de Janeiro;RJ;RJ;20510;2018-04-22 18:41:26;2018-04-24 19:05:58;2018-04-24 01:56:52;2018-05-08 20:52:46;2018-05-25 00:00:00;2018-04-26 19:31:37;1.0;7668f663b32b0678da61622125b39545;1100.0;1100.0;89.9;16.6;106.5;credit_card;16.091;-16.13;True;False;False;False;False;False;False;False;False;False;False;True;False;False;False;False;False;False;False;False;False;False;False;False;False;1;True
dc20804f9d8ea2452990f7c41ccb34bc;lag_despacho_negativo;delivered;True;SP;Piracicaba;SP;da8622b14eb17ae2831f4ac5b9dab84a;>1000;57feb621213d35470d052e8c25b27e2c;São José dos Campos;SP;SP;12243;2018-04-23 12:05:10;2018-04-24 19:07:37;2018-04-24 17:45:38;2018-04-27 19:33:10;2018-05-11 00:00:00;2018-04-30 03:31:59;1.0;0a4093a4af429dc0a9334300e5c13ae5;300.0;300.0;29.9;7.71;37.61;boleto;4.311;-13.185;True;False;False;False;False;False;False;False;False;False;False;True;False;False;False;False;False;False;False;False;False;False;False;False;False;1;True
c8c528189310eaa44a745b8d9d26908b;pagamento_invalido|canal_indefinido;canceled;False;SEM_FILIAL;;;;SEM_VENDEDOR;197a2a6a77da93f678ea0d379f21da0a;São Paulo;SP;SP;8042;2018-08-28 20:05:14;;;;2018-09-11 00:00:00;;;;;;;;0.0;not_defined;;;False;;False;;True;True;False;False;False;False;False;False;False;False;True;False;False;False;True;True;True;True;True;False;False;8;True
66e1b657a71397245290f39ffe24031e;lag_despacho_negativo;delivered;True;SP;Limeira;SP;95ec4458365c4d11f452ccf538377619;11-100;be274b149cc9bb8af13628e268867c10;Guarulhos;SP;SP;7130;2018-07-22 15:09:37;2018-07-27 23:31:10;2018-07-24 19:07:00;2018-07-25 14:58:47;2018-08-01 00:00:00;2018-07-27 04:05:26;2.0;c985e917daf44dfe2779833209017098;200.0;200.0;37.8;14.78;52.58;boleto;2.992;-6.376;True;False;False;False;False;False;False;False;False;False;False;True;False;False;False;False;False;True;False;False;False;False;False;False;False;2;True
dbd49fd0ab245be1d63d2e47ac959016;lag_despacho_negativo;delivered;True;SP;Piracicaba;SP;da8622b14eb17ae2831f4ac5b9dab84a;>1000;678cebee4bae7ceb9b835645caf0fa06;Brasília;DF;DF;70275;2018-04-22 19:55:11;2018-04-24 19:21:42;2018-04-24 16:06:52;2018-05-02 17:41:36;2018-05-18 00:00:00;2018-04-26 20:31:50;1.0;51ce083cd2b9078656a94655ab45b8a4;2450.0;2450.0;199.9;25.56;225.46;credit_card;9.907;-15.263;True;False;False;False;False;False;False;False;False;False;False;True;False;False;False;False;False;False;False;False;False;False;False;False;False;1;True
9baa5b4e68d86c9f1694e1598b543a93;lag_despacho_negativo;delivered;True;PR;Curitiba;PR;0241d4d5d36f10f80c644447315af0bd;101-1000;0332d8ec6d259a1caeda045188ffe70f;São Paulo;SP;SP;4686;2018-07-02 23:13:07;2018-07-05 16:20:18;2018-07-05 11:55:00;2018-07-10 19:05:23;2018-07-25 00:00:00;2018-07-05 16:31:40;1.0;698b3ddae2f0b80c2a48fb40624ca4e4;8150.0;8150.0;249.9;35.83;285.73;credit_card;7.828;-14.205;True;False;False;False;False;False;False;False;False;False;False;True;False;False;False;False;False;False;False;False;False;False;False;False;False;1;True
53aef74d5e95ede5ab3a78d696eafb6f;lag_despacho_negativo;delivered;True;MA;São Luís;MA;06a2c3af7b3aee5d69171b0e14f0ee87;101-1000;5616f00a12a329c0e5f949253836cc6e;Rio de Janeiro;RJ;RJ;23033;2018-07-02 19:00:59;2018-07-05 16:19:08;2018-07-04 11:28:00;2018-07-12 15:24:33;2018-08-13 00:00:00;2018-07-09 19:31:40;1.0;3fbc0ef745950c7932d5f2a446189725;350.0;350.0;66.99;27.75;94.74;credit_card;9.85;-31.358;True;False;False;False;False;False;False;False;False;False;False;True;False;False;False;False;False;False;False;False;False;False;False;False;False;1;True
5b9983c12367a47fae641c25ac8877f4;lag_despacho_negativo;delivered;True;SP;Guarulhos;SP;c826c40d7b19f62a09e2d7c5e7295ee2;101-1000;d16877827eb20429fa037032d13c9e82;Belo Horizonte;MG;MG;30640;2018-01-30 13:18:05;2018-02-04 23:31:36;2018-02-01 01:28:01;2018-02-07 13:26:48;2018-02-22 00:00:00;2018-02-06 02:55:43;1.0;5a848e4ab52fd5445cdc07aab1c40e48;400.0;400.0;122.99;14.61;137.6;boleto;8.006;-14.44;True;False;False;False;False;False;False;False;False;False;False;True;False;False;False;False;False;False;False;False;False;False;False;False;False;1;True
fe206005e41f89f9759ece7fe7acc9c3;lag_despacho_negativo;delivered;True;MG;Formiga;MG;d921b68bf747894be13a97ae52b0f386;11-100;00447b6bd39c4a0f6366b05948f9e2e3;Paranavaí;PR;PR;87710;2018-06-25 15:05:27;2018-06-25 15:18:59;2018-06-25 14:08:00;2018-07-03 20:10:15;2018-07-23 00:00:00;2018-06-27 15:18:59;1.0;21767347dfdabbe42b3ca5846a4cdb48;277.0;277.0;279.9;23.89;303.79;credit_card;8.212;-19.16;True;False;False;False;False;False;False;False;False;False;False;True;False;False;False;False;False;False;False;False;False;False;False;False;False;1;True
d60ecff4cf9ca74d078b9a105d138eed;lag_despacho_negativo;delivered;True;GO;Goiânia;GO;b410bdd36d5db7a65dcd42b7ead933b8;11-100;1d1a37c1b70cba4e4a95c2c71a984d05;São Paulo;SP;SP;5741;2018-02-06 23:00:53;2018-02-10 10:18:39;2018-02-08 14:21:59;2018-02-19 22:24:51;2018-03-06 00:00:00;2018-02-13 23:31:59;1.0;f8b624d4e475bb8d1bddf1b65c6a64f6;2841.0;2841.0;179.0;18.53;197.53;credit_card;12.975;-14.066;True;False;False;False;False;False;False;False;False;False;False;True;False;False;False;False;False;False;False;False;False;False;False;False;False;1;True
4e88622fff810dd27f43c1663684bcf7;lag_despacho_negativo;delivered;True;SP;Ibitinga;SP;4a3ca9315b744ce9f8e9374361493884;>1000;a2a33693165276b5e7e5ddb42a1d0c40;Unaí;MG;MG;38610;2018-07-04 19:49:40;2018-07-05 16:22:00;2018-07-05 15:26:00;2018-07-14 14:37:28;2018-07-26 00:00:00;2018-07-06 20:31:48;1.0;99a4788cb24856965c36a24e339b6058;1383.0;1383.0;79.9;23.36;103.26;credit_card;9.783;-11.391;True;False;False;False;False;False;False;False;False;False;False;True;False;False;False;False;False;False;False;False;False;False;False;False;False;1;True
06f69fec6e098f6350cefea19ca51ff4;lag_despacho_negativo;delivered;True;SP;Ibitinga;SP;4a3ca9315b744ce9f8e9374361493884;>1000;243d86c0e5924f29e6e9496e533b0a85;Brasília;DF;DF;70276;2018-07-05 11:52:08;2018-07-05 16:11:09;2018-07-05 15:26:00;2018-07-10 18:06:35;2018-07-26 00:00:00;2018-07-09 12:31:18;1.0;99a4788cb24856965c36a24e339b6058;1383.0;1383.0;79.9;23.36;103.26;credit_card;5.26;-15.245;True;False;False;False;False;False;False;False;False;False;False;True;False;False;False;False;False;False;False;False;False;False;False;False;False;1;True
b7d794a0d512566c47d3ffb585bb3805;lag_despacho_negativo;delivered;True;SP;Itapeva;SP;dc7192adf8ba09569261f4a8d576afe0;1-10 pedidos;970922c6488462df7d8b02576a219263;Mogi das Cruzes;SP;SP;8745;2018-08-15 12:20:55;2018-08-15 12:35:25;2018-08-15 12:34:00;2018-08-18 01:44:44;2018-08-28 00:00:00;2018-08-17 12:35:25;1.0;4608a449f45011c89095f36265e75ec3;450.0;450.0;98.0;13.35;111.35;credit_card;2.558;-9.927;True;False;False;False;False;False;False;False;False;False;False;True;False;False;False;False;False;False;False;False;False;False;False;False;False;1;True
388c070ce42d3ccaedfd15662e09631d;lag_despacho_negativo;shipped;True;SP;São Paulo;SP;7a67c85e85bb2ce8582c35f2203ad736;>1000;b879ae1c5f704d2571496b0f0fb8c47c;Rio de Janeiro;RJ;RJ;22713;2018-04-21 03:25:21;2018-04-24 18:58:14;2018-04-23 17:31:51;;2018-05-30 00:00:00;2018-04-26 03:31:01;1.0;115bc0865dc675638645e1ab5311e30c;850.0;850.0;51.99;16.33;68.32;credit_card;;;False;;True;True;False;False;False;False;False;False;False;True;False;False;False;False;False;False;False;False;True;False;False;False;False;2;True
819c0a8de9efdc8a6886525a06dc7967;lag_despacho_negativo;delivered;True;RJ;Rio de Janeiro;RJ;3d5d0dc7073a299e31fa718ce1bc00b6;11-100;27c44b89b007427937dc837cf41ca672;Brauna;SP;SP;16290;2018-07-04 16:10:42;2018-07-05 16:21:06;2018-07-04 15:30:00;2018-07-12 15:08:34;2018-07-26 00:00:00;2018-07-06 16:32:19;1.0;2722b7e5f68e776d18fe901638034e54;650.0;650.0;27.9;19.39;47.29;credit_card;7.957;-13.369;True;False;False;False;False;False;False;False;False;False;False;True;False;False;False;False;False;False;False;False;False;False;False;False;False;1;True
f02c97921d050822b79ace5646299e12;lag_despacho_negativo;delivered;True;SP;Serra Negra;SP;715bbd5ba4e6b74cb0d2f29eb45058b0;11-100;d99e101fd894a11db5843aa5de2ca8d9;Nonoai;RS;RS;99600;2018-07-02 20:15:38;2018-07-05 16:25:21;2018-07-04 10:48:00;2018-07-11 19:27:48;2018-08-06 00:00:00;2018-07-09 08:32:15;1.0;48cce5e4d2191b274474ac6327a3df2d;6850.0;6850.0;139.0;57.45;196.45;boleto;8.967;-25.189;True;False;False;False;False;False;False;False;False;False;False;True;False;False;False;False;False;False;False;False;False;False;False;False;False;1;True
af3afcbdb956d1e158a0cb3ebd336d84;lag_despacho_negativo;delivered;True;SP;Batatais;SP;10076e5788b8ee532724bcd460baf762;11-100;0d3de1ee03eac4a173c6fb49f396ecf3;Brasília;DF;DF;70650;2018-04-22 14:40:52;2018-04-24 19:18:09;2018-04-23 18:33:37;2018-04-30 22:52:31;2018-05-18 00:00:00;2018-04-26 15:31:44;1.0;d87815e398ce1204e5981c427c03291f;200.0;200.0;51.2;18.24;69.44;credit_card;8.341;-17.047;True;False;False;False;False;False;False;False;False;False;False;True;False;False;False;False;False;False;False;False;False;False;False;False;False;1;True
27f7d43a44061f79fa0e259a3b9a7922;lag_despacho_negativo;delivered;True;SP;Assis;SP;8bb48dc19fccaa8613b6229bf7f452a2;11-100;c96a1529c59cbf3fa1a38386f5458c0d;Brasília;DF;DF;71699;2018-04-22 21:26:51;2018-04-24 17:16:31;2018-04-23 23:41:42;2018-04-27 16:32:41;2018-05-15 00:00:00;2018-04-26 22:31:53;2.0;36ed32627110790264cb94c9d49ffea1;200.0;200.0;93.6;36.489999999999995;130.09;credit_card;4.796;-17.311;True;False;False;False;False;False;False;False;False;False;False;True;False;False;False;False;False;False;False;False;False;False;False;False;False;1;True
1bab77281b20f4719d0a9f87f2282fde;lag_despacho_negativo;delivered;True;SP;Ibitinga;SP;391fc6631aebcf3004804e51b40bcf1e;101-1000;28d0ce13f2e87804e85a7a2a0282c711;Guarulhos;SP;SP;7124;2017-04-24 22:25:28;2017-04-27 10:33:13;2017-04-27 07:42:03;2017-05-08 16:07:05;2017-05-11 00:00:00;2017-05-03 02:25:25;1.0;4c89737c10cbdd71a70bb34964577657;2500.0;2500.0;139.9;16.09;155.99;boleto;13.737;-2.328;True;False;False;False;False;False;False;False;False;False;False;True;False;False;False;False;False;False;False;False;False;False;False;False;False;1;True
dbf6633516ca4df83ac9e96e2100846d;lag_despacho_negativo;delivered;True;SP;Ibitinga;SP;1835b56ce799e6a4dc4eddc053f04066;101-1000;5986b73cce82bff30c9619b63cbb7c84;Pau dos Ferros;RN;RN;59900;2018-04-21 16:36:03;2018-04-24 18:57:06;2018-04-24 17:32:16;2018-05-07 20:57:38;2018-05-28 00:00:00;2018-04-26 17:30:39;1.0;ec72148301904394ad2c3f6204781102;650.0;650.0;34.99;50.85;85.84;credit_card;16.182;-20.127;True;False;False;False;False;False;False;False;False;False;False;True;False;False;False;False;False;False;False;False;False;False;False;False;False;1;True
f32b1e3320d65b3c94140ffe559dda4f;lag_despacho_negativo;delivered;True;SP;São Paulo;SP;cea729054f157f5870bdd321a958d994;11-100;22bb67c88f37434dbea7e1b88a3f736c;Maracanaú;CE;CE;61919;2018-07-18 14:07:03;2018-07-18 14:22:13;2018-07-18 14:08:00;2018-07-27 22:53:41;2018-08-07 00:00:00;2018-07-20 14:22:13;1.0;85d619318aa201aca57171aabeed0048;150.0;150.0;14.0;19.04;33.04;credit_card;9.366;-10.046;True;False;False;False;False;False;False;False;False;False;False;True;False;False;False;False;False;False;False;False;False;False;False;False;False;1;True
627bcc1ede93534cd39bf82a8357f0a8;lag_despacho_negativo;delivered;True;DF;Brasília;DF;5656537e588803a555b8eb41f07a944b;101-1000;b939acf224f32675a9ef981a024e8d02;Limeira;SP;SP;13484;2018-02-14 23:23:30;2018-02-16 14:31:33;2018-02-15 20:37:43;2018-02-22 16:42:53;2018-03-08 00:00:00;2018-02-20 23:30:40;1.0;f0bc8fe90b1c3901a14ba52f6aa17273;100.0;100.0;42.89;16.79;59.68;credit_card;7.722;-13.304;True;False;False;False;False;False;False;False;False;False;False;True;False;False;False;False;False;False;False;False;False;False;False;False;False;1;True
4d15992eecccff8ef3bf6d2adece1b0a;lag_despacho_negativo;delivered;True;MG;Belo Horizonte;MG;2a84855fd20af891be03bc5924d2b453;101-1000;b0899369e8a8bd200bade75e8ae36eaf;Indaiatuba;SP;SP;13339;2018-04-20 13:17:55;2018-04-24 19:26:30;2018-04-20 23:16:43;2018-04-26 21:34:02;2018-05-15 00:00:00;2018-04-26 13:32:37;1.0;e9896cd67d67e394cc2d3b0ecfd11eb2;17150.0;17150.0;205.0;53.96;258.96;credit_card;6.345;-18.101;True;False;False;False;False;False;False;False;False;False;False;True;False;False;False;False;False;False;False;False;False;False;False;False;False;1;True
1676852853bb81a2a74bceb23c87ea44;lag_despacho_negativo;delivered;True;RS;Jacutinga;RS;d1c7fa84e48cfa21a0e595167c1c500e;11-100;7d0ff11552c535ce8179ab49b5f0838b;São Caetano do Sul;SP;SP;9571;2018-04-21 17:56:07;2018-04-24 19:23:51;2018-04-23 19:32:56;2018-05-03 20:19:18;2018-05-22 00:00:00;2018-04-26 18:31:29;1.0;21538f484ba135893f2b51c8b8750966;550.0;550.0;65.0;18.33;83.33;credit_card;12.099;-18.153;True;False;False;False;False;False;False;False;False;False;False;True;False;False;False;False;False;False;False;False;False;False;False;False;False;1;True
9ac6f439f70af60a204c7d47285fa099;lag_despacho_negativo;delivered;True;SP;São Paulo;SP;788f22bafdd7ab0e1e79f19db72f16a4;1-10 pedidos;e7fa5bffe3dac4a255ededf0bdd537ed;Mostardas;RS;RS;96270;2018-08-16 15:46:02;2018-08-16 15:55:24;2018-08-16 14:20:00;2018-08-21 19:55:34;2018-08-28 00:00:00;2018-08-20 15:55:24;1.0;6fc029e77559f1864748702ba9f3c1fe;50.0;50.0;69.9;18.59;88.49;credit_card;5.173;-6.17;True;False;False;False;False;False;False;False;False;False;False;True;False;False;False;False;False;False;False;False;False;False;False;False;False;1;True
8554cb37f7158cb0b082a841d24a4589;lag_despacho_negativo;delivered;True;PB;Mamanguape;PB;a6bd7d1ccdac48c6b33b28596b7eb122;11-100;788e845925ff64c9df5d8ba40e28cf50;Ipueiras;CE;CE;62230;2017-09-01 18:40:44;2017-09-13 21:58:04;2017-09-04 19:12:19;2017-09-08 20:07:45;2017-10-02 00:00:00;2017-09-07 22:32:18;2.0;52cd5817c291740688bad8a1972bb019;550.0;550.0;1249.49;49.79;1299.28;credit_card;7.06;-23.161;True;False;False;False;False;False;False;False;False;False;False;True;False;False;False;False;False;False;False;False;False;False;False;False;False;1;True
bf3aac7b998a34f5bc14f646652e7bed;lag_despacho_negativo;delivered;True;SP;Praia Grande;SP;e9779976487b77c6d4ac45f75ec7afe9;101-1000;97ba7ab5636b3e4696989ffb223ff95f;Rio de Janeiro;RJ;RJ;21210;2018-07-03 22:31:17;2018-07-05 16:22:47;2018-07-04 14:05:00;2018-07-07 12:54:50;2018-08-08 00:00:00;2018-07-10 08:31:21;1.0;4005df5f887f3c2529f363671fc8f4a5;2200.0;2200.0;84.99;26.9;111.89;boleto;3.6;-31.462;True;False;False;False;False;False;False;False;False;False;False;True;False;False;False;False;False;False;False;False;False;False;False;False;False;1;True
1d54af1bf3179b54f046212de28f8bc7;lag_despacho_negativo;delivered;True;SP;São Paulo;SP;42b729f859728f5079499127a9c2ef37;101-1000;0ab303f6065bc9bf8d4ff5a56cf5c52e;Ponto Belo;ES;ES;29885;2018-08-09 08:37:26;2018-08-09 08:50:35;2018-08-09 08:33:00;2018-08-17 21:03:54;2018-09-05 00:00:00;2018-08-13 08:50:35;1.0;346347724291a3ffbb5f5778e31a9fca;150.0;150.0;79.9;18.66;98.56;credit_card;8.518;-18.122;True;False;False;False;False;False;False;False;False;False;False;True;False;False;False;False;False;False;False;False;False;False;False;False;False;1;True
b866af202be0692766081310cd4085e1;entrega_antes_coleta;delivered;True;SP;Santo André;SP;41b39e28db005d9731d9d485a83b4c38;101-1000;d1800078046ed2e5ae1b0792b695c56e;São Paulo;SP;SP;3063;2017-01-27 14:59:17;2017-01-27 15:30:46;2017-02-20 02:32:08;2017-02-15 03:53:46;2017-04-17 00:00:00;2017-02-15 14:59:17;2.0;0561435e3af107a3bd2104466ad5985a;900.0;900.0;188.65;18.0;206.65;credit_card;18.538;-60.838;True;False;False;False;False;False;False;False;True;False;False;False;False;False;False;False;False;False;False;False;False;False;False;False;False;1;True
f8a3dc81761d2783626d9deb2dc55088;lag_despacho_negativo;delivered;True;SP;Ibitinga;SP;cca3071e3e9bb7d12640c9fbe2301306;101-1000;cd016e415a90516d06178e876e57a734;Barueri;SP;SP;6416;2018-04-20 21:44:04;2018-04-24 19:00:41;2018-04-24 17:07:44;2018-04-27 18:42:00;2018-05-11 00:00:00;2018-04-25 22:31:13;1.0;bf3feeeefed5b3e4b5fed721408deac2;1500.0;1500.0;75.26;14.62;89.88;credit_card;6.874;-13.221;True;False;False;False;False;False;False;False;False;False;False;True;False;False;False;False;False;False;False;False;False;False;False;False;False;1;True
48300f948ed1d70ff6e5f733e30e5816;lag_despacho_negativo;delivered;True;MA;São Luís;MA;06a2c3af7b3aee5d69171b0e14f0ee87;101-1000;433815e0c6b070fe32e4c615523846de;Goiânia;GO;GO;74170;2018-06-21 14:37:50;2018-06-21 14:59:59;2018-06-21 13:09:00;2018-07-06 14:51:09;2018-07-24 00:00:00;2018-06-27 14:59:59;1.0;19c91ef95d509ea33eda93495c4d3481;700.0;700.0;122.99;25.21;148.2;credit_card;15.009;-17.381;True;False;False;False;False;False;False;False;False;False;False;True;False;False;False;False;False;False;False;False;False;False;False;False;False;1;True
1b5e2881604b415e9f8ac15e575dfbf2;lag_despacho_negativo;delivered;True;SC;Blumenau;SC;8ed8ea9a57c862f2c18c2fe41f601d56;11-100;6ff1ce1223fc24d2a1e47c4f93c3ebfc;Barueri;SP;SP;6447;2018-04-21 09:35:31;2018-04-24 18:48:58;2018-04-23 18:27:55;2018-04-27 20:32:41;2018-05-11 00:00:00;2018-04-26 10:31:07;1.0;b69eb25e3a4def8e9cddee18712e0c5e;7750.0;7750.0;199.0;42.15;241.15;credit_card;6.456;-13.144;True;False;False;False;False;False;False;False;False;False;False;True;False;False;False;False;False;False;False;False;False;False;False;False;False;1;True
f40af969fcf3d71db248ca5459f0b7ca;lag_despacho_negativo;delivered;True;SP;São Paulo;SP;431050a06a317f2b38168dec3dcd2b46;11-100;c18b0f796ac8806c72e1596f5c7ff05a;Osasco;SP;SP;6080;2018-06-27 08:43:53;2018-06-27 11:03:45;2018-06-27 09:54:00;2018-06-28 17:55:43;2018-07-16 00:00:00;2018-07-03 09:31:23;1.0;8ab83b53b9a953395f4f21f0b1a845ef;150.0;150.0;83.8;7.85;91.65;credit_card;1.383;-17.253;True;False;False;False;False;False;False;False;False;False;False;True;False;False;False;False;False;False;False;False;False;False;False;False;False;1;True
f0755c7d99a4a7f0bfa967f87d657855;lag_despacho_negativo;delivered;True;SP;Itajai;SC;0bae85eb84b9fb3bd773911e89288d54;101-1000;5046f368e69df3131e108c966fbe93ae;Onda Verde;SP;SP;15450;2018-07-05 12:26:16;2018-07-05 16:32:14;2018-07-05 12:23:00;2018-07-13 21:27:50;2018-08-02 00:00:00;2018-07-09 13:31:57;1.0;b7c8f19a99c322aa3d90d93fbe9eb275;600.0;600.0;69.81;19.68;89.49;credit_card;8.376;-19.106;True;False;False;False;False;False;False;False;False;False;False;True;False;False;False;False;False;False;False;False;False;False;False;False;True;2;True
e93510a1b0e70c6f717c60f67ad314f2;lag_despacho_negativo;delivered;True;SP;São Paulo;SP;de23c3b98a88888289c6f5cc1209054a;101-1000;50abb603ddaaaf168342706ce6861eb3;Marechal Cândido Rondon;PR;PR;85960;2018-07-03 22:26:39;2018-07-05 16:33:10;2018-07-04 12:59:00;2018-07-13 20:41:27;2018-07-24 00:00:00;2018-07-05 23:30:39;1.0;1147151b874f436976ef5ad14a8a7694;450.0;450.0;150.0;19.15;169.15;credit_card;9.927;-10.138;True;False;False;False;False;False;False;False;False;False;False;True;False;False;False;False;False;False;False;False;False;False;False;False;False;1;True
083fa2fb9d3de18eabbb3427045a1a1f;lag_despacho_negativo;delivered;True;SP;Ribeirão Preto;SP;7d13fca15225358621be4086e1eb0964;101-1000;8b866d31b49a1305c5680658fff7e006;Rio de Janeiro;RJ;RJ;22290;2018-07-03 10:24:56;2018-07-05 16:25:48;2018-07-05 15:18:00;2018-07-12 22:02:48;2018-08-10 00:00:00;2018-07-10 10:31:28;1.0;53b36df67ebb7c41585e8d54d6772e08;584.0;584.0;119.0;18.93;137.93;credit_card;9.485;-28.081;True;False;False;False;False;False;False;False;False;False;False;True;False;False;False;False;False;False;False;False;False;False;False;False;False;1;True
a7dff9f82589bed9661867f1d3e5673e;lag_despacho_negativo;delivered;True;SP;São Paulo;SP;138dbe45fc62f1e244378131a6801526;11-100;b6d04e119573f6721d1d58a9beb1b483;Sales;SP;SP;14980;2018-07-04 14:49:16;2018-07-05 16:32:49;2018-07-05 11:48:00;2018-07-11 16:07:41;2018-07-23 00:00:00;2018-07-10 15:30:51;1.0;a861fc3f9efc96a2aa2f90a1e8a41875;400.0;400.0;15.9;12.79;28.69;credit_card;7.054;-11.328;True;False;False;False;False;False;False;False;False;False;False;True;False;False;False;False;False;False;False;False;False;False;False;False;False;1;True
eab659d04f2bba5abfe11a2e6ef92bd0;lag_despacho_negativo;delivered;True;SP;São Paulo;SP;9f505651f4a6abe901a56cdc21508025;101-1000;c7a3c1e9b965f65f0b0204bd868604f9;Belo Horizonte;MG;MG;31525;2018-06-05 13:24:11;2018-06-05 14:31:11;2018-06-05 12:34:00;2018-06-08 20:34:21;2018-07-11 00:00:00;2018-06-13 13:35:22;1.0;2770305847be150f16eb0b25fa7c171b;150.0;150.0;34.99;15.23;50.22;credit_card;3.299;-32.143;True;False;False;False;False;False;False;False;False;False;False;True;False;False;False;False;False;False;False;False;False;False;False;False;False;1;True
294a3f0960f3588f7b1597da079f590e;lag_despacho_negativo;delivered;True;MG;Sete Lagoas;MG;0ea22c1cfbdc755f86b9b54b39c16043;101-1000;8ea42c1486fc37fb10dfb10210ea1e5a;São Paulo;SP;SP;4620;2017-04-25 22:15:42;2017-04-27 13:33:23;2017-04-27 07:18:06;2017-05-08 13:13:20;2017-05-16 00:00:00;2017-05-03 09:32:58;1.0;d1b8f5983d9573c8e523b8c56a59497d;150.0;150.0;79.9;14.73;94.63;credit_card;12.623;-7.449;True;False;False;False;False;False;False;False;False;False;False;True;False;False;False;False;False;False;False;False;False;False;False;False;False;1;True
d4646c4ab91c910a48e894192d0c5a97;lag_despacho_negativo;delivered;True;SP;Cotia;SP;25cf099de44674fde97473224f9d59ab;11-100;8c9b6ba8f384bdf1a92424bc1b9401e9;Rio de Janeiro;RJ;RJ;21021;2018-03-05 00:23:16;2018-03-06 15:00:59;2018-03-05 18:39:11;2018-03-07 12:57:26;2018-04-06 00:00:00;2018-03-12 04:30:45;1.0;b8d33fa8d1aa09f4adaf070e0db3a5d9;300.0;300.0;10.0;14.1;24.1;credit_card;2.524;-29.46;True;False;False;False;False;False;False;False;False;False;False;True;False;False;False;False;False;False;False;False;False;False;False;False;False;1;True
e6905b52f294e4e2acc73bbb588038b3;lag_despacho_negativo;delivered;True;SP;Garça;SP;527801b552d0077ffd170872eb49683b;11-100;098893faefa0c7e41222c40a4fb97b94;Fortaleza;CE;CE;60165;2018-04-22 16:08:41;2018-04-24 19:06:33;2018-04-23 20:46:38;2018-05-03 13:13:02;2018-05-18 00:00:00;2018-04-26 16:31:47;1.0;b9ca577f48894c59a9677f895f9a44bc;1350.0;1350.0;334.9;44.4;379.3;credit_card;10.878;-14.449;True;False;False;False;False;False;False;False;False;False;False;True;False;False;False;False;False;False;False;False;False;False;False;False;False;1;True
35cab29a44850e454b675c0160b34a45;lag_despacho_negativo;delivered;True;SP;São Bernardo do Campo;SP;f5a590cf36251cf1162ea35bef76fe84;101-1000;c7ed15337e261a758c2812b1b41261dc;São Paulo;SP;SP;8420;2018-07-31 14:27:01;2018-07-31 15:31:39;2018-07-31 15:08:00;2018-08-02 19:58:26;2018-08-10 00:00:00;2018-08-06 15:24:09;1.0;4941b2c06706332ebfd9072d7b1fb23c;50.0;50.0;650.0;11.81;661.81;credit_card;2.23;-7.168;True;False;False;False;False;False;False;False;False;False;False;True;False;False;False;False;False;False;False;False;False;False;False;False;False;1;True
07d395244b58ce72bbecdafbb1b60ace;lag_despacho_negativo;delivered;True;SP;São Paulo;SP;9f505651f4a6abe901a56cdc21508025;101-1000;25d62fdf76ad56f0adb33fcdeb5cf36f;Campo Alegre de Minas;MG;MG;35238;2018-07-02 19:41:29;2018-07-05 16:26:51;2018-07-03 13:45:00;2018-07-20 15:36:53;2018-07-25 00:00:00;2018-07-05 04:30:58;1.0;2ae94d219369eb83f204effd82cb9f31;350.0;350.0;119.0;18.93;137.93;boleto;17.83;-4.349;True;False;False;False;False;False;False;False;False;False;False;True;False;False;False;False;False;False;False;False;False;False;False;False;False;1;True
261a70322fb6e56501d54f81cf525f15;lag_despacho_negativo;delivered;True;MG;Patos de Minas;MG;63a79f5a7eb5cb48a7e5787b141c7993;11-100;42b792d272dd0df00225d952e7f0f3f9;São Paulo;SP;SP;1047;2018-04-20 14:12:42;2018-04-24 18:56:07;2018-04-23 15:22:30;2018-04-26 16:54:41;2018-05-10 00:00:00;2018-04-26 14:32:48;1.0;ee02ba5de3da259a602cd51ac7e5ffd9;1200.0;1200.0;35.9;22.93;58.83;credit_card;6.112;-13.295;True;False;False;False;False;False;False;False;False;False;False;True;False;False;False;False;False;False;False;False;False;False;False;False;False;1;True
59e2aa6cada46ead4c4520d965785640;lag_despacho_negativo;delivered;True;SP;Ibitinga;SP;1835b56ce799e6a4dc4eddc053f04066;101-1000;bf1723772c5aeb6d78db6f2a6456e417;Santos;SP;SP;11055;2018-07-05 11:39:19;2018-07-05 16:31:07;2018-07-05 14:13:00;2018-07-09 13:41:00;2018-07-24 00:00:00;2018-07-09 12:31:06;1.0;99407e203910716731e1644a5a0bccd5;2000.0;2000.0;237.99;14.33;252.32;credit_card;4.085;-14.43;True;False;False;False;False;False;False;False;False;False;False;True;False;False;False;False;False;False;False;False;False;False;False;False;False;1;True
4669128c3280c4b2c99e4de410143681;lag_despacho_negativo;delivered;True;SP;São Paulo;SP;bbad7e518d7af88a0897397ffdca1979;11-100;8d9e0f2f8da28d693bda0da41529bbc8;Goiânia;GO;GO;74484;2018-07-04 08:08:35;2018-07-05 16:27:27;2018-07-05 16:08:00;2018-07-13 18:08:44;2018-07-30 00:00:00;2018-07-11 09:30:58;1.0;0cf41187284d7f099adc8415a743ebbd;300.0;300.0;35.9;15.35;51.25;credit_card;9.417;-16.244;True;False;False;False;False;False;False;False;False;False;False;True;False;False;False;False;False;False;False;False;False;False;False;False;False;1;True
aa61e95f95f3ec74b8a3b7c5c174c0c5;lag_despacho_negativo;delivered;True;SP;Franca;SP;7202e2ba20579a9bd1acb29e61fe71f6;11-100;020e0c200a053638412950ba455d5b37;Porto Alegre;RS;RS;90470;2018-07-04 15:29:33;2018-07-05 16:32:10;2018-07-05 09:08:00;2018-07-10 20:50:44;2018-08-08 00:00:00;2018-07-10 16:31:43;1.0;03511a5e5d4c3d8ef00f1578e1419800;400.0;400.0;379.9;20.76;400.66;credit_card;6.223;-28.131;True;False;False;False;False;False;False;False;False;False;False;True;False;False;False;False;False;False;False;False;False;False;False;False;False;1;True
64a22766d8a3975ba61edc4943501e24;lag_despacho_negativo;delivered;True;SP;São Paulo;SP;bf00385a5f7fc1ef39a13c2e9ee50a5f;11-100;bef759dfed0e4bd8186d68a751be1d56;São Carlos;SP;SP;13560;2018-07-03 15:45:08;2018-07-05 16:19:00;2018-07-05 14:45:00;2018-07-10 20:18:45;2018-07-31 00:00:00;2018-07-18 05:31:04;1.0;4c7135793bfbc474845cef259450e694;200.0;200.0;17.9;12.79;30.69;boleto;7.19;-20.154;True;False;False;False;False;False;False;False;False;False;False;True;False;False;False;False;False;False;False;False;False;False;False;False;False;1;True
eb9c386367b06468eb9334ad5a9f28bc;lag_despacho_negativo;delivered;True;SP;Piracicaba;SP;da8622b14eb17ae2831f4ac5b9dab84a;>1000;f0f6f2b6ed7fefbc460e7e216139a1b0;São Caetano do Sul;SP;SP;9550;2018-04-22 01:27:23;2018-04-24 19:08:47;2018-04-24 16:10:04;2018-04-25 17:06:35;2018-05-10 00:00:00;2018-04-26 02:31:51;1.0;b48ac8fbef9f889656ccef21bd7ca87b;2800.0;2800.0;199.9;14.87;214.77;credit_card;3.652;-14.287;True;False;False;False;False;False;False;False;False;False;False;True;False;False;False;False;False;False;False;False;False;False;False;False;False;1;True
5e981569f5835c96e4b288363b3b8f63;lag_despacho_negativo;delivered;True;SP;São Roque;SP;45ba18c210d42734ec52c0c1c574e9ee;11-100;53bb5604662705879bbe3f11a25bda0f;São Paulo;SP;SP;2222;2018-07-30 16:25:37;2018-08-02 13:43:13;2018-07-31 13:42:00;2018-08-01 15:17:54;2018-08-02 00:00:00;2018-08-01 19:31:54;1.0;d812b354e25b2bd51eccbb4c4e8f05f1;1050.0;1050.0;169.89;12.92;182.81;credit_card;1.953;-0.363;True;False;False;False;False;False;False;False;False;False;False;True;False;False;False;False;False;False;False;False;False;False;False;False;False;1;True
43f0d057f0850582f4045651805ef133;lag_despacho_negativo;delivered;True;SP;Guarulhos;SP;7681ef142fd2c19048da7430856b5588;11-100;6fbbf2b39fe0a8a7a626b35f1353e155;São José dos Campos;SP;SP;12236;2018-07-04 16:37:48;2018-07-05 16:16:58;2018-07-05 14:11:00;2018-07-06 16:55:52;2018-07-23 00:00:00;2018-07-10 17:31:43;1.0;091e1ab4eb3b6b2eab091cfd2cd002f2;24950.0;24950.0;210.0;60.07;270.07;credit_card;2.013;-16.295;True;False;False;False;False;False;False;False;False;False;False;True;False;False;False;False;False;False;False;False;False;False;False;False;False;1;True
3fce76a41d913dedb8f211a38fa0a8b8;lag_despacho_negativo;delivered;True;PR;Curitiba;PR;73a63f72308aa20a46f4b1632018f196;11-100;c8ecf49c62e0943b4a44bad2af3f0e5f;São Paulo;SP;SP;4918;2017-05-01 16:51:20;2017-05-06 21:33:35;2017-05-03 16:10:14;2017-05-09 08:50:07;2017-05-25 00:00:00;2017-05-09 12:31:25;2.0;2c14b8fb1b0888410324f12fc6748772;2500.0;2500.0;87.9;36.2;124.1;credit_card;7.666;-15.632;True;False;False;False;False;False;False;False;False;False;False;True;False;False;False;False;False;True;False;False;False;False;False;False;False;2;True
7c6146547d5509c612ec26867d1cd47b;lag_despacho_negativo;delivered;True;PR;Curitiba;PR;ccc4bbb5f32a6ab2b7066a4130f114e3;101-1000;7278b5baca0464a3bf8074b8b5cb6e6f;São Bento;PB;PB;58865;2018-07-03 20:59:44;2018-07-05 16:13:03;2018-07-04 16:17:00;2018-07-13 19:32:31;2018-08-01 00:00:00;2018-07-05 21:31:40;1.0;6cdd53843498f92890544667809f1595;900.0;900.0;364.0;69.69;433.69;credit_card;9.939;-18.186;True;False;False;False;False;False;False;False;False;False;False;True;False;False;False;False;False;False;False;False;False;False;False;False;False;1;True
3ed559dec69ab96d9074fedaf18650eb;lag_despacho_negativo;delivered;True;BA;Salvador;BA;fc59392d66ef99377e50356ee4f3b4e1;1-10 pedidos;c2e3af310bc1697927b089ce04f87c6f;Guarapari;ES;ES;29215;2018-06-15 13:20:09;2018-06-15 13:44:37;2018-06-15 11:22:00;2018-06-26 15:53:25;2018-07-23 00:00:00;2018-06-21 13:44:37;1.0;8d4ad4de724b1ef73a5678900ac69644;459.0;459.0;80.0;17.49;97.49;credit_card;11.106;-26.338;True;False;False;False;False;False;False;False;False;False;False;True;False;False;False;False;False;False;False;False;False;False;False;False;False;1;True
8895673f81ae9b1b7ecd868bd707b243;lag_despacho_negativo;delivered;True;SP;São Paulo;SP;1025f0e2d44d7041d6cf58b6550e0bfa;101-1000;3cc9672b7b30a285f3613aad8480cca5;Porto Alegre;RS;RS;91740;2018-07-22 13:13:57;2018-07-27 23:31:15;2018-07-24 14:27:00;2018-07-31 20:49:38;2018-08-16 00:00:00;2018-07-31 04:15:22;1.0;a39cc58c1b5926b6f9f378daa89f1315;3800.0;3800.0;150.0;28.03;178.03;boleto;9.316;-15.132;True;False;False;False;False;False;False;False;False;False;False;True;False;False;False;False;False;False;False;False;False;False;False;False;False;1;True
f32ac9e04d057c043017dc54d5fcd9da;lag_despacho_negativo;delivered;True;SP;Salto;SP;f8db351d8c4c4c22c6835c19a46f01b0;101-1000;5d0dc01a24e822ec01298260d70bf6cd;Papanduva;SC;SC;89370;2018-04-23 12:03:31;2018-04-24 19:24:34;2018-04-24 18:41:36;2018-04-30 14:48:28;2018-05-23 00:00:00;2018-04-27 12:30:36;1.0;35488a446a9fe259f079ba250f4e2110;950.0;950.0;89.9;18.51;108.41;credit_card;7.115;-22.383;True;False;False;False;False;False;False;False;False;False;False;True;False;False;False;False;False;False;False;False;False;False;False;False;False;1;True
387c2cbba26c5cfe21c60a8f2208a78d;lag_despacho_negativo;delivered;True;RS;Porto Alegre;RS;87142160b41353c4e5fca2360caf6f92;101-1000;04dbc4abee6079d145aecbe59c634606;Redencao da Serra;SP;SP;12170;2017-05-04 08:01:35;2017-05-09 22:32:39;2017-05-09 08:18:12;2017-05-16 11:53:08;2017-05-31 00:00:00;2017-05-12 09:31:46;1.0;f7e0fa615b386bc9a8b9eb52bc1fff76;325.0;325.0;89.9;16.33;106.23;credit_card;12.161;-14.505;True;False;False;False;False;False;False;False;False;False;False;True;False;False;False;False;False;False;False;False;False;False;False;False;False;1;True
f8d0d96aa37dec6d5889d28cf88574b5;lag_despacho_negativo;delivered;True;RJ;Rio de Janeiro;RJ;46dc3b2cc0980fb8ec44634e21d2718e;101-1000;269241d3dcdfa33840108eff894f180c;Mendes;RJ;RJ;26700;2018-06-30 14:40:41;2018-07-05 16:14:44;2018-07-04 14:19:00;2018-07-10 14:44:06;2018-07-20 00:00:00;2018-07-06 08:32:05;1.0;ff3ec972ebd16eb98d55e8ea2fa255ee;2488.0;2488.0;219.99;20.62;240.61;boleto;10.002;-9.386;True;False;False;False;False;False;False;False;False;False;False;True;False;False;False;False;False;False;False;False;False;False;False;False;False;1;True
0fb2036805020445edceb236ebe847c8;lag_despacho_negativo;delivered;True;SP;Salto;SP;2ff97219cb8622eaf3cd89b7d9c09824;11-100;6df65cb2a7043cd4c6b1689efa5d44bc;São Paulo;SP;SP;4460;2018-04-23 02:22:13;2018-04-24 19:04:29;2018-04-23 19:04:00;2018-04-24 19:54:53;2018-05-10 00:00:00;2018-04-27 03:31:34;1.0;b2f15c23f560da3b247e1090d9d12be7;200.0;200.0;18.9;7.87;26.77;credit_card;1.731;-15.17;True;False;False;False;False;False;False;False;False;False;False;True;False;False;False;False;False;False;False;False;False;False;False;False;False;1;True
bec3652605143e5f7e0265d993793eba;lag_despacho_negativo;delivered;True;DF;Brasília;DF;43b2c864251aa0ce4030c746984e088a;1-10 pedidos;d1f3606bb1135de704d89880f90cc675;Mauá;SP;SP;9351;2018-08-23 12:49:42;2018-08-23 13:24:57;2018-08-23 13:05:00;2018-08-28 17:36:54;2018-09-04 00:00:00;2018-08-27 13:24:57;1.0;e06506f28cebdffaab496680a2ed3a3e;368.0;368.0;59.9;17.35;77.25;credit_card;5.199;-6.266;True;False;False;False;False;True;False;False;False;False;False;True;False;False;False;False;False;False;False;False;False;False;False;False;False;2;True
16a10c94dc005b8e19195327eb853b21;lag_despacho_negativo;delivered;True;SP;Presidente Prudente;SP;8a432f4e5b471f8da497d7dc517666e2;11-100;9e5dc8df72aa76b7d2cf26f4e549466c;Barra Mansa;RJ;RJ;27331;2018-04-20 19:47:03;2018-04-24 19:06:49;2018-04-23 22:11:37;2018-05-16 14:20:42;2018-05-10 00:00:00;2018-04-26 20:31:22;1.0;261dc97192b478e60fd1318cd0650618;1200.0;1200.0;39.0;18.23;57.23;credit_card;25.773;6.598;True;True;False;True;False;False;False;False;False;False;False;True;False;False;False;False;False;False;False;False;False;False;False;False;False;1;True
40ec3ad4f08944421d76ad879ca56b64;lag_despacho_negativo;delivered;True;SP;São Paulo;SP;ea8482cd71df3c1969d7b9473ff13abc;>1000;0c41d3676a3676b647ac6a973f61badc;Recife;PE;PE;51030;2018-07-02 11:33:57;2018-07-05 16:02:49;2018-07-04 14:31:00;2018-07-11 20:21:49;2018-07-27 00:00:00;2018-07-05 04:30:42;1.0;a2da86fa759178e9e58e54aa1a144e59;350.0;350.0;24.99;19.09;44.08;boleto;9.367;-15.152;True;False;False;False;False;False;False;False;False;False;False;True;False;False;False;False;False;False;False;False;False;False;False;False;False;1;True
bafb684404bd59635ed1f02e09058779;lag_despacho_negativo;delivered;True;SP;Praia Grande;SP;e9779976487b77c6d4ac45f75ec7afe9;101-1000;67e9e9957d48219a70259073642bf4f7;São Paulo;SP;SP;3015;2018-07-04 11:56:27;2018-07-05 16:33:22;2018-07-05 13:56:00;2018-07-06 13:18:40;2018-07-19 00:00:00;2018-07-10 12:31:00;1.0;727a46f0b58a9ef165af9f7ebcfebfa9;200.0;200.0;19.49;7.88;27.37;credit_card;2.057;-12.445;True;False;False;False;False;False;False;False;False;False;False;True;False;False;False;False;False;False;False;False;False;False;False;False;False;1;True
e9b5a2375e8f252aaba047d5d20e4f84;lag_despacho_negativo;delivered;True;SP;São Paulo;SP;768a86e36ad6aae3d03ee3c6433d61df;11-100;ed60082a254eb599f63bdfaceed3b9ac;São Paulo;SP;SP;3801;2018-07-22 16:55:39;2018-07-23 12:31:38;2018-07-23 10:15:00;2018-07-24 19:02:38;2018-07-31 00:00:00;2018-07-25 10:32:09;1.0;5cab8d5ca731b3de4c23b8b13b04e594;250.0;250.0;45.0;7.58;52.58;credit_card;2.088;-6.207;True;False;False;False;False;False;False;False;False;False;False;True;False;False;False;False;False;False;False;False;False;False;False;False;False;1;True
4b38f9d30c069b6ec0c1da7d03c0ea21;lag_despacho_negativo;delivered;True;SP;Barueri;SP;7e93a43ef30c4f03f38b393420bc753a;101-1000;e1b1c628b4250d2b1d60bbd1dfd69d40;Tietê;SP;SP;18530;2018-04-23 15:05:11;2018-04-24 19:03:58;2018-04-24 17:04:21;2018-04-27 18:28:46;2018-05-16 00:00:00;2018-04-27 15:31:17;1.0;d04e48982547095af81c231c3d581cb6;292.0;292.0;219.0;13.97;232.97;credit_card;4.141;-18.23;True;False;False;False;False;False;False;False;False;False;False;True;False;False;False;False;False;False;False;False;False;False;False;False;False;1;True
85d142633f7411ccb6c6af60c196b8c5;lag_despacho_negativo;delivered;True;SP;São Paulo;SP;8b321bb669392f5163d04c59e235e066;101-1000;532ffb06662d3a63de097386d409ab63;Sete Lagoas;MG;MG;35701;2018-07-03 13:41:36;2018-07-05 16:27:16;2018-07-04 14:30:00;2018-07-10 22:38:28;2018-07-25 00:00:00;2018-07-06 08:31:34;1.0;ce8a29973a1fed3f8d22ea5514d9ea07;200.0;200.0;18.9;15.23;34.13;boleto;7.373;-14.057;True;False;False;False;False;False;False;False;False;False;False;True;False;False;False;False;False;False;False;False;False;False;False;False;False;1;True
c52d58426aab3759ad2cf6fcb69e4add;lag_despacho_negativo;delivered;True;SP;Campo Limpo Paulista;SP;3d871de0142ce09b7081e2b9d1733cb1;>1000;47e4d87e021a20a49ead4ef11a9b466f;São Mateus do Maranhão;MA;MA;65470;2017-07-30 21:04:22;2017-08-02 08:33:31;2017-08-01 15:54:30;2017-08-21 19:43:48;2017-09-01 00:00:00;2017-08-07 04:30:38;1.0;6a2961a3f5c85026ed1b3406a9ac27cd;10950.0;10950.0;75.9;38.08;113.98;boleto;21.944;-10.178;True;False;False;False;False;False;False;False;False;False;False;True;False;False;False;False;False;False;False;False;False;False;False;False;False;1;True
ae213a9f84c777fb7a31e8c0f09fd30c;lag_despacho_negativo;delivered;True;PR;Curitiba;PR;ccc4bbb5f32a6ab2b7066a4130f114e3;101-1000;cac4524e1e6714ef3fdc324fc0f86cfb;Maceió;AL;AL;57083;2018-07-03 22:13:48;2018-07-05 16:15:23;2018-07-04 16:17:00;2018-09-19 15:46:39;2018-07-31 00:00:00;2018-07-05 22:31:11;1.0;6cdd53843498f92890544667809f1595;900.0;900.0;364.0;34.69;398.69;credit_card;77.731;50.657;True;True;False;True;False;False;False;False;False;False;False;True;False;False;False;False;False;False;False;False;False;False;False;False;False;1;True
acfd4e73993d49708599a826d48978dd;lag_despacho_negativo;delivered;True;SP;São Paulo;SP;9f505651f4a6abe901a56cdc21508025;101-1000;defc96df9b7447d38ecab4d7b302219f;Nova Iguaçu;RJ;RJ;26084;2018-06-26 10:36:34;2018-06-27 11:06:50;2018-06-27 09:51:00;2018-06-30 15:33:24;2018-07-18 00:00:00;2018-06-29 10:30:57;1.0;b7c26f18ec50a3fbdb10c7189b8f459d;100.0;100.0;19.99;15.24;35.230000000000004;voucher;4.206;-17.352;True;False;False;False;False;False;False;False;False;False;False;True;False;False;False;False;False;False;False;False;False;False;False;False;False;1;True
d1c3e5942668c790cea34c89fd33f05f;lag_despacho_negativo;delivered;True;SP;Ibitinga;SP;7ad32824caee82087b3e2e5f33b1bf32;101-1000;d17490b0aabad2cd852076d5635ffca1;Pereira Barreto;SP;SP;15370;2018-04-19 17:24:28;2018-04-24 18:26:31;2018-04-24 16:38:58;2018-04-30 13:06:31;2018-05-14 00:00:00;2018-04-26 02:31:46;1.0;52557b5771eba333f455ba6486ea6f19;1387.0;1387.0;159.0;13.55;172.55;boleto;10.821;-13.454;True;False;False;False;False;False;False;False;False;False;False;True;False;False;False;False;False;False;False;False;False;False;False;False;False;1;True
7a240ceeef4e675b85598c68d9aed65f;lag_despacho_negativo;delivered;True;SP;São José do Rio Preto;SP;1f50f920176fa81dab994f9023523100;>1000;8f7734b01f40b58a639198ea95c3c0d7;São Paulo;SP;SP;5818;2018-04-22 16:06:21;2018-04-24 19:28:11;2018-04-23 23:21:37;2018-04-30 21:04:35;2018-05-16 00:00:00;2018-04-26 16:31:43;1.0;389d119b48cf3043d311335e499d9c6b;1750.0;1750.0;53.9;14.47;68.37;credit_card;8.207;-15.122;True;False;False;False;False;False;False;False;False;False;False;True;False;False;False;False;False;False;False;False;False;False;False;False;False;1;True
3cb2ba0f933044d545dcce9bb8dbbed8;lag_despacho_negativo;delivered;True;SP;São Paulo;SP;dbd66278cbfe1aa1000f90a217ca4695;11-100;3d34bc278b589f2d4f7486271fbfc3a2;São Paulo;SP;SP;8253;2018-04-21 11:42:17;2018-04-24 18:13:35;2018-04-23 18:42:19;2018-04-26 11:19:15;2018-05-07 00:00:00;2018-04-26 12:30:52;2.0;5275ff6b5e1629977be145d9a55d2d83;550.0;550.0;298.44;23.62;322.06;credit_card;4.984;-10.528;True;False;False;False;False;False;False;False;False;False;False;True;False;False;False;False;False;False;False;False;False;False;False;False;False;1;True
9c3ec2b1090ff630e2ff9ef49f962734;lag_despacho_negativo;delivered;True;SP;São Paulo;SP;6219ba2359cfb97f2e38fd4c321eb309;1-10 pedidos;afeb4348cd00d7c53b08422459d5b8f2;Contagem;MG;MG;32341;2018-06-29 11:02:18;2018-06-29 11:15:13;2018-06-29 11:05:00;2018-07-03 19:25:44;2018-07-23 00:00:00;2018-07-05 11:15:13;1.0;9d0e4c40f96d84fbf6beb84671fb149d;4050.0;4050.0;144.9;23.77;168.67;credit_card;4.35;-19.19;True;False;False;False;False;False;False;False;False;False;False;True;False;False;False;False;False;False;False;False;False;False;False;False;False;1;True
730c83933acab283b21bae7b3fcc91d1;lag_despacho_negativo;delivered;True;PR;Umuarama;PR;5b67882648febfb6e1225e6ad7164f6b;11-100;6e37091e698b4eededd017fa87a1ce5b;Pedralva;MG;MG;37520;2018-07-05 08:54:50;2018-07-05 16:07:03;2018-07-05 14:24:00;2018-07-11 16:16:48;2018-08-03 00:00:00;2018-07-09 09:32:27;3.0;d102ed54656bd3eaf5bd365494e08bf6;200.0;200.0;524.98;65.65;590.62;credit_card;6.307;-22.322;True;False;False;False;False;False;False;False;False;False;False;True;False;False;False;False;False;True;False;False;False;False;False;False;False;2;True
b8f1d12f21b83fdb91d157f357617d90;lag_despacho_negativo;delivered;True;SP;Ibitinga;SP;4a3ca9315b744ce9f8e9374361493884;>1000;7f1bc009fe19bd5da0750c9161fe70d2;São Paulo;SP;SP;1510;2018-07-03 21:50:06;2018-07-05 16:40:42;2018-07-04 14:06:00;2018-07-10 19:16:33;2018-07-20 00:00:00;2018-07-05 22:31:09;1.0;868b3136c5b206f91b8208fbfdf2cb7c;800.0;800.0;93.0;14.23;107.23;credit_card;6.893;-9.197;True;False;False;False;False;False;False;False;False;False;False;True;False;False;False;False;False;False;False;False;False;False;False;False;False;1;True
1bc159c29e3f54a9f2d4d2bdaa45b5df;lag_despacho_negativo;delivered;True;SP;São Paulo;SP;1e8b33f18b4f7598d87f5cbee2282cc2;101-1000;adec67e0ce2bde83bf2ed69ad12bf63c;Corumbaíba;GO;GO;75680;2018-07-04 22:19:15;2018-07-05 16:13:52;2018-07-05 14:05:00;2018-07-12 16:26:53;2018-07-27 00:00:00;2018-07-08 22:31:12;1.0;03aad9707028422f38b0563410912177;1500.0;1500.0;74.8;23.32;98.12;credit_card;7.755;-14.315;True;False;False;False;False;False;False;False;False;False;False;True;False;False;False;False;False;False;False;False;False;False;False;False;False;1;True
ff8fa4002efe1dc72ea0343487e7b6c6;lag_despacho_negativo;delivered;True;SP;Ibitinga;SP;1835b56ce799e6a4dc4eddc053f04066;101-1000;69dd0c30532e05224630ad7cf9f10446;São Paulo;SP;SP;2452;2018-01-29 20:17:19;2018-02-03 23:32:07;2018-01-31 15:08:46;2018-02-05 23:08:09;2018-02-20 00:00:00;2018-02-06 02:53:46;1.0;428826d374cf2a3f61d6072163ca6502;550.0;550.0;34.99;11.85;46.84;boleto;7.119;-14.036;True;False;False;False;False;False;False;False;False;False;False;True;False;False;False;False;False;False;False;False;False;False;False;False;False;1;True
87e7ff710ee02d1ee56ad8d47834fb89;lag_despacho_negativo;delivered;True;SP;São Paulo;SP;808d4348b916efa08e766ebad39f61eb;11-100;72785ad5f42dc6ce2500bb83f98a0c40;Jaguariaíva;PR;PR;84200;2018-07-21 20:47:47;2018-07-26 23:32:51;2018-07-24 14:40:00;2018-07-31 15:41:43;2018-08-13 00:00:00;2018-07-27 04:25:21;1.0;b16c0da649071283aa94607f11da154a;200.0;200.0;21.9;18.25;40.15;boleto;9.787;-12.346;True;False;False;False;False;False;False;False;False;False;False;True;False;False;False;False;False;False;False;False;False;False;False;False;False;1;True
add6fca600991376414a6352a0bf85dc;lag_despacho_negativo;delivered;True;SP;Santa Bárbara D'oeste;SP;54a1852d1b8f10312c55e906355666ee;101-1000;c9dde713316880ec5a56e0eb8fc0f519;Santa Maria;RS;RS;97010;2018-04-20 19:05:57;2018-04-24 19:04:58;2018-04-23 22:38:37;2018-05-14 16:18:48;2018-05-24 00:00:00;2018-04-26 19:30:35;1.0;aef74719b37c2e1d6be96b4e50495ad0;975.0;975.0;74.99;23.1;98.09;credit_card;23.884;-9.32;True;False;False;False;False;False;False;False;False;False;False;True;False;False;False;False;False;False;False;False;False;False;False;False;False;1;True
3d85885db63d8328e4dbaa59804ad1ee;lag_despacho_negativo;delivered;True;SP;Penápolis;SP;f4ce8ca9fa7157e3b33f536ac9a4487d;1-10 pedidos;e4c1279932f34611181c734b62006a92;Terra Nova do Norte;MT;MT;78505;2018-07-22 11:51:42;2018-07-27 23:31:16;2018-07-24 14:21:00;2018-08-03 18:24:50;2018-08-15 00:00:00;2018-07-30 03:35:12;1.0;b91e21bfc2c8edfe31dda8ab56cc8791;5050.0;5050.0;159.9;48.17;208.07;boleto;12.273;-11.233;True;False;False;False;False;False;False;False;False;False;False;True;False;False;False;False;False;False;False;False;False;False;False;False;False;1;True
22d03f81f36cfd05e90af56d5dc63e74;lag_despacho_negativo;delivered;True;SP;São Paulo;SP;6560211a19b47992c3666cc44a7e94c0;>1000;86d3fe4ddf2692de0699c9b1c9e8df57;Três Lagoas;MS;MS;79630;2018-07-31 13:22:30;2018-08-01 16:31:37;2018-08-01 11:19:00;2018-08-16 16:07:46;2018-08-27 00:00:00;2018-08-02 13:35:19;1.0;ff55834c0b3272853dfe62340f2bb91b;250.0;250.0;45.0;18.42;63.42;credit_card;16.115;-10.328;True;False;False;False;False;False;False;False;False;False;False;True;False;False;False;False;False;False;False;False;False;False;False;False;False;1;True
29941903985f944b0ffc49c479c1547d;entrega_antes_coleta;delivered;True;RS;Porto Alegre;RS;06e5eefc71ec47ae763c5c6f8db7064f;11-100;b56ee98181afc3948a758d73a08423de;Bento de Abreu;SP;SP;16790;2017-05-29 16:16:50;2017-05-29 16:25:16;2017-06-09 15:07:29;2017-06-02 11:09:16;2017-06-23 00:00:00;2017-06-02 16:25:16;2.0;3006b8f5b476750a03137c1b2755cea1;100.0;100.0;289.98;30.81;320.79;credit_card;3.786;-20.535;True;False;False;False;False;False;False;False;True;False;False;False;False;False;False;False;False;False;False;False;False;False;False;False;False;1;True
cc8778d76e567b45082b7f52bce23095;lag_despacho_negativo;delivered;True;PE;Recife;PE;de722cd6dad950a92b7d4f82673f8833;101-1000;be2e37dca4d90f0bfd4f57e676377191;Carandaí;MG;MG;36280;2018-04-21 16:45:16;2018-04-24 19:24:18;2018-04-23 18:22:46;2018-04-30 22:16:47;2018-05-29 00:00:00;2018-04-26 17:30:45;2.0;909b87db6cb3a7ab26bd03cc59860136;169.0;169.0;107.91;57.68;165.59;credit_card;9.23;-28.072;True;False;False;False;False;False;False;False;False;False;False;True;False;False;False;False;False;False;False;False;False;False;False;False;False;1;True
ae93587d71bc1659fcc7614e6f4dddfa;lag_despacho_negativo;delivered;True;SP;São Paulo;SP;f3da5b2ff499efb8d4a6d371d175d7dd;11-100;c285f8977c6d1f18543c636b180797ad;São Paulo;SP;SP;1415;2018-04-20 15:15:29;2018-04-24 19:25:38;2018-04-24 18:11:43;2018-04-25 18:51:23;2018-05-11 00:00:00;2018-04-30 04:31:35;4.0;5ee76866fa61481c966c02a129dfac08;717.0;717.0;191.6;35.52;227.12;boleto;5.15;-15.214;True;False;False;False;False;False;False;False;False;False;False;True;False;False;False;False;False;True;False;False;False;False;False;False;False;2;True
638913622370c1dfea90659077bd5375;lag_despacho_negativo;delivered;True;SP;São Paulo;SP;9f505651f4a6abe901a56cdc21508025;101-1000;91159f9cd99ac36508b2dcf3a92abf71;São Paulo;SP;SP;2461;2018-07-31 11:33:56;2018-08-01 16:31:34;2018-07-31 14:56:00;2018-08-01 20:24:36;2018-08-03 00:00:00;2018-08-02 11:45:14;1.0;8b50a72d52d7a91fb19d19fbe069e2f2;250.0;250.0;49.99;7.61;57.6;credit_card;1.369;-1.15;True;False;False;False;False;False;False;False;False;False;False;True;False;False;False;False;False;False;False;False;False;False;False;False;False;1;True
0474da9403011efc4abd2bf594e9b68b;lag_despacho_negativo;delivered;True;MG;Baependi;MG;d94a40fd42351c259927028d163af842;11-100;dcce3df038a0a13e25b904159c902a96;Simao Pereira;MG;MG;36123;2018-08-08 13:18:36;2018-08-08 13:30:15;2018-08-08 12:19:00;2018-08-13 22:10:52;2018-08-29 00:00:00;2018-08-14 13:30:15;1.0;c8327011b01e4666db6770ebb8a86fa9;9950.0;9950.0;149.0;26.41;175.41;credit_card;5.37;-15.076;True;False;False;False;False;False;False;False;False;False;False;True;False;False;False;False;False;False;False;False;False;False;False;False;False;1;True
1cb3c680ddf904752646028ee22073a4;lag_despacho_negativo;delivered;True;SP;São Paulo;SP;67883baaae6134ee81b271a542613728;11-100;791b43e8ebbd6abf0ad946fe9f2e1cac;Monte Aprazível;SP;SP;15150;2018-07-27 14:08:38;2018-07-27 14:24:04;2018-07-27 14:08:00;2018-08-02 18:56:47;2018-08-07 00:00:00;2018-07-31 14:24:04;1.0;79eeb2d2e2c707454215fe450a5602b5;200.0;200.0;189.0;14.9;203.9;credit_card;6.2;-4.211;True;False;False;False;False;False;False;False;False;False;False;True;False;False;False;False;False;False;False;False;False;False;False;False;False;1;True
d429103c6be912be69781fae58d4a76c;lag_despacho_negativo;delivered;True;PR;Maringá;PR;128639473a139ac0f3e5f5ade55873a5;101-1000;7dabb04a1e7a98eb986090f03515408d;Londrina;PR;PR;86050;2018-04-23 09:22:26;2018-04-24 17:24:07;2018-04-23 21:32:25;2018-04-25 22:13:52;2018-05-07 00:00:00;2018-04-27 10:31:10;1.0;11fae4b61d8f3af1e807e521d268810d;150.0;150.0;18.9;7.87;26.77;credit_card;2.536;-11.074;True;False;False;False;False;False;False;False;False;False;False;True;False;False;False;False;False;False;False;False;False;False;False;False;False;1;True
ab6d00347b9055691972ac20f00df77b;lag_despacho_negativo;delivered;True;SP;São Paulo;SP;9f505651f4a6abe901a56cdc21508025;101-1000;cb1f700f682e3a51b2d8cd55d577f3fb;Pariquera-açu;SP;SP;11930;2018-07-04 11:11:58;2018-07-05 16:32:56;2018-07-04 14:08:00;2018-07-06 15:34:33;2018-07-23 00:00:00;2018-07-06 11:31:22;1.0;3931aaf38ba4cc928100541ff51b82ff;400.0;400.0;129.0;13.56;142.56;credit_card;2.182;-16.351;True;False;False;False;False;False;False;False;False;False;False;True;False;False;False;False;False;False;False;False;False;False;False;False;False;1;True
98b4d7416936a07ca82851907fb3c63b;lag_despacho_negativo;delivered;True;SP;Jacareí;SP;8648b1e89e9b349e32d3741b30ec737e;11-100;22ea4c164526c98f483be9f6ff6a64e5;São Paulo;SP;SP;5048;2018-07-04 21:19:15;2018-07-05 16:19:56;2018-07-05 14:41:00;2018-07-06 20:38:43;2018-07-17 00:00:00;2018-07-08 21:31:47;1.0;56d41ba4e2811d7bfca68aadf164b32b;150.0;150.0;45.0;8.06;53.06;credit_card;1.972;-10.14;True;False;False;False;False;False;False;False;False;False;False;True;False;False;False;False;False;False;False;False;False;False;False;False;False;1;True
d3fa993cd95accac6c3d0b7e51dffcda;lag_despacho_negativo;delivered;True;SP;São Paulo;SP;26785a546900236d66f2e4197c211158;11-100;5d7e8485166fd2b3ed47c4e4806c7f00;Rio de Janeiro;RJ;RJ;22010;2018-07-03 14:51:19;2018-07-05 16:32:09;2018-07-05 12:05:00;2018-07-10 19:41:31;2018-08-15 00:00:00;2018-07-16 10:31:22;1.0;1583253d78b23f7808214770298e0118;250.0;250.0;39.9;15.38;55.28;credit_card;7.202;-35.18;True;False;False;False;False;False;False;False;False;False;False;True;False;False;False;False;False;False;False;False;False;False;False;False;False;1;True
0d1141bc7e92a45b00c06ed12c5c4eb2;lag_despacho_negativo;delivered;True;SC;Brusque;SC;609e1a9a6c2539919b8205cf7c4e6ff0;11-100;440881663ca6ea85485f1f0e13bebeb2;Santa Rosa;RS;RS;98796;2018-04-22 14:49:00;2018-04-24 17:53:29;2018-04-23 19:18:50;2018-05-03 20:03:38;2018-05-18 00:00:00;2018-04-26 15:31:30;1.0;76cdcc9133ea25f1fac4b03ede26e062;250.0;250.0;19.9;18.23;38.13;credit_card;11.218;-14.164;True;False;False;False;False;False;False;False;False;False;False;True;False;False;False;False;False;False;False;False;False;False;False;False;False;1;True
caec6ec3266608cf43f2abc14334a25f;lag_despacho_negativo;delivered;True;SP;São Paulo;SP;955fee9216a65b617aa5c0531780ce60;>1000;da7cc31742c8cf535f3e5491b845d4c1;São Paulo;SP;SP;4547;2018-04-20 11:57:52;2018-04-24 18:05:40;2018-04-23 19:17:26;2018-04-24 19:21:50;2018-05-09 00:00:00;2018-04-26 12:31:56;1.0;4fd6ec612afa6f67b850b157f00a3368;598.0;598.0;22.99;8.29;31.28;credit_card;4.308;-14.193;True;False;False;False;False;False;False;False;False;False;False;True;False;False;False;False;False;False;False;False;False;False;False;False;False;1;True
2e62dadd571541842fefc7c3b4bf4527;lag_despacho_negativo;delivered;True;SP;Ribeirão Preto;SP;218d46b86c1881d022bce9c68a7d4b15;101-1000;410b0c2b4402cccdd78659f6307bea18;Vera Cruz;BA;BA;44470;2017-06-04 13:03:43;2017-06-06 13:10:53;2017-06-06 13:03:59;2017-08-18 15:52:19;2017-07-07 00:00:00;2017-06-13 12:44:21;1.0;e1ef8c2b8bbfe112673cc1ca044f630a;3200.0;3200.0;56.61;23.27;79.88;boleto;75.117;42.661;True;True;False;True;False;False;False;False;False;False;False;True;False;False;False;False;False;False;False;False;False;False;False;False;False;1;True
0184d4ddb259e1a4cfc2871888cf97b8;lag_despacho_negativo;delivered;True;SP;Ipaussu;SP;e333046ce6517bd8bb510291d44f0130;11-100;09425ea1839abf2f0d289a0ff453fa21;Araraquara;SP;SP;14811;2017-09-01 20:04:28;2017-09-13 22:17:15;2017-09-04 14:05:50;2017-09-09 15:12:44;2017-09-20 00:00:00;2017-09-07 22:31:42;1.0;aa8627a375771ab01288705307ec4ae5;5750.0;5750.0;75.0;16.16;91.16;credit_card;7.797;-10.366;True;False;False;False;False;False;False;False;False;False;False;True;False;False;False;False;False;False;False;False;False;False;False;False;False;1;True
47f127d696dedbcc985921e3304db01e;lag_despacho_negativo;delivered;True;SP;Ribeirão Pires;SP;08633c14ef2db992c11f840f04fad4cd;11-100;292240272988cf78f82cd691b228601c;Santos;SP;SP;11075;2018-06-30 16:01:43;2018-07-05 16:25:26;2018-07-04 14:24:00;2018-07-05 17:09:41;2018-07-16 00:00:00;2018-07-06 08:32:46;1.0;781afe929e3016a667f5f439afd55fce;400.0;400.0;107.9;8.92;116.82;boleto;5.047;-10.285;True;False;False;False;False;False;False;False;False;False;False;True;False;False;False;False;False;False;False;False;False;False;False;False;False;1;True
9a6327d5a077984fa3e3c659a24e7915;lag_despacho_negativo;delivered;True;SP;Guarulhos;SP;fcb5ace8bcc92f75707dc0f01a27d269;11-100;46777be868cf25df4587888868aaba43;São Paulo;SP;SP;4123;2018-04-20 15:30:13;2018-04-24 18:59:19;2018-04-23 17:56:55;2018-04-24 18:17:07;2018-05-08 00:00:00;2018-04-26 16:31:44;1.0;47376be1404bbe927766e8a9011714cb;225.0;225.0;22.35;7.39;29.74;debit_card;4.116;-13.238;True;False;False;False;False;False;False;False;False;False;False;True;False;False;False;False;False;False;False;False;False;False;False;False;False;1;True
9e85367165bb242141b1f2638d6fc239;lag_despacho_negativo;delivered;True;SP;São Paulo;SP;0bebbb2cea103a4a020c95d43fd7d754;1-10 pedidos;9552f0301e14c521091a8701f48615c3;Santa Maria;RS;RS;97015;2018-07-05 13:40:19;2018-07-05 16:31:55;2018-07-05 12:45:00;2018-07-12 23:12:12;2018-08-03 00:00:00;2018-07-11 14:31:51;1.0;addd109cd809043dce31d9d023f51ed2;342.0;342.0;204.9;19.53;224.43;credit_card;7.397;-21.033;True;False;False;False;False;False;False;False;False;False;False;True;False;False;False;False;False;False;False;False;False;False;False;False;False;1;True
7046baacfed62d117699e43e9cc8ee7c;lag_despacho_negativo;delivered;True;PR;Curitiba;PR;916c9de0b5ad957346eeeb12f332687e;11-100;176f7fae9b66b96ab07b7b3385f834aa;Franca;SP;SP;14401;2018-07-02 21:48:39;2018-07-05 16:06:14;2018-07-04 15:17:00;2018-07-10 15:22:07;2018-07-27 00:00:00;2018-07-09 22:31:12;1.0;ee5329ffbe604bebcf84b2fd7792024e;250.0;250.0;184.0;19.39;203.39;credit_card;7.732;-16.36;True;False;False;False;False;False;False;False;False;False;False;True;False;False;False;False;False;False;False;False;False;False;False;False;False;1;True
c4fe6f6fb6b226089906913cd4ab8a20;lag_despacho_negativo;delivered;True;SP;Itatiba;SP;855668e0971d4dfd7bef1b6a4133b41b;101-1000;0c376c9c15aca35371617c653ede046d;Rio das Ostras;RJ;RJ;28897;2018-07-04 12:34:13;2018-07-05 16:04:37;2018-07-05 14:24:00;2018-07-12 22:48:23;2018-08-03 00:00:00;2018-07-16 04:31:51;1.0;685919d3ededc26c0ec078b32241025a;6850.0;6850.0;52.0;44.16;96.16;boleto;8.427;-21.05;True;False;False;False;False;False;False;False;False;False;False;True;False;False;False;False;False;False;False;False;False;False;False;False;False;1;True
6f01b35ce046bc721e6d87e5a073c620;lag_despacho_negativo;delivered;True;MG;Patos de Minas;MG;5cf13accae3222c70a9cac40818ae839;101-1000;59ba882fbfa53c2068bb4a0787b16bb1;Salvador;BA;BA;40460;2017-07-29 11:00:33;2017-08-02 08:32:59;2017-08-01 13:44:56;2017-08-15 17:58:56;2017-08-28 00:00:00;2017-08-07 04:25:41;1.0;561e48cdfacd14e7cfe67aa4ebd0caea;650.0;650.0;94.9;18.23;113.13;boleto;17.291;-12.251;True;False;False;False;False;False;False;False;False;False;False;True;False;False;False;False;False;False;False;False;False;False;False;False;False;1;True
66460ca7e4dff034a9ac0ec80c7fdea8;lag_despacho_negativo;delivered;True;SP;Itirapina;SP;a7a9b880c49781da66651ccf4ba9ac38;1-10 pedidos;b53116772c5f1961424999a7ff5d0002;Ponte Nova;MG;MG;35430;2018-05-16 16:16:03;2018-05-17 10:43:13;2018-05-17 08:40:00;2018-06-01 21:34:31;2018-06-06 00:00:00;2018-05-22 17:08:50;1.0;fd87595e4b416c50ca77899592f2bef3;1117.0;1117.0;74.9;23.1;98.0;credit_card;16.221;-4.101;True;False;False;False;False;False;False;False;False;False;False;True;False;False;False;False;False;False;False;False;False;False;False;False;False;1;True
0e490dd9ff8d1bf7259c4265f49bd577;lag_despacho_negativo;delivered;True;SP;Campinas;SP;562fc2f2c2863ab7e79a9e4388a58a14;101-1000;75aa1071d01b766bb4b3e8b8d613555d;Brasília;DF;DF;71963;2018-04-19 21:25:22;2018-04-24 18:06:04;2018-04-24 00:18:41;2018-04-30 21:33:34;2018-05-16 00:00:00;2018-04-25 21:30:33;2.0;c9c6fde711572c1ad99ca12728c6af00;150.0;150.0;59.98;30.46;90.44;credit_card;11.006;-15.102;True;False;False;False;False;False;False;False;False;False;False;True;False;False;False;False;False;True;False;False;False;False;False;False;False;2;True
874315445af6a82710d4b4bc4ed0dd4e;lag_despacho_negativo;delivered;True;SP;Salto;SP;2ff97219cb8622eaf3cd89b7d9c09824;11-100;6e278147fa4b248ed3961c92b4192ccb;São Paulo;SP;SP;2927;2018-04-21 20:27:54;2018-04-24 17:25:11;2018-04-23 19:03:47;2018-04-24 19:52:06;2018-05-10 00:00:00;2018-04-25 21:30:51;1.0;f7c9e1767903086a8dcffb1038b7e5b5;500.0;500.0;39.9;9.44;49.34;credit_card;2.975;-15.172;True;False;False;False;False;False;False;False;False;False;False;True;False;False;False;False;False;False;False;False;False;False;False;False;False;1;True
e9aabb11af0ed0b77743b1d0ddd7591c;lag_despacho_negativo;delivered;True;SP;São Sebastião;SP;db2956745b3a8e9f3785c99f34b5d25e;11-100;c4e38cf472c77b3b0053dc7201fd39a9;São José dos Campos;SP;SP;12233;2018-07-03 19:19:20;2018-07-05 16:11:07;2018-07-05 14:44:00;2018-07-06 13:03:48;2018-07-19 00:00:00;2018-07-09 19:31:11;1.0;13d10ec6bc5633f5b34c710ba5ff866d;450.0;450.0;159.0;9.8;168.8;credit_card;2.739;-12.456;True;False;False;False;False;False;False;False;False;False;False;True;False;False;False;False;False;False;False;False;False;False;False;False;False;1;True
941638a41a3674d12166261747988666;lag_despacho_negativo;delivered;True;SP;São Paulo;SP;f3c38ab652836d21de61fb8314b69182;11-100;5a6464c1949c1fc4e9c61286e1ab8bfb;Belo Horizonte;MG;MG;30431;2018-07-05 10:28:04;2018-07-05 16:30:45;2018-07-05 11:13:00;2018-07-10 17:26:08;2018-07-24 00:00:00;2018-07-09 11:31:49;1.0;3e08b2e39d6d62bba485dfd958639662;2350.0;2350.0;335.0;23.65;358.65;credit_card;5.29;-13.274;True;False;False;False;False;False;False;False;False;False;False;True;False;False;False;False;False;False;False;False;False;False;False;False;False;1;True
6f09086a54ed13a7f152d6339e2ee5a3;lag_despacho_negativo;delivered;True;SP;Guarulhos;SP;0dd184061fb0eaa7ca37932c68ab91c5;101-1000;77ef5c4759ca73c972dd784c5110def1;Uberaba;MG;MG;38070;2018-06-26 09:51:04;2018-06-26 10:18:00;2018-06-26 09:08:00;2018-06-28 16:32:10;2018-07-20 00:00:00;2018-06-29 10:18:00;1.0;a2105c8c0d5d99dbc5a2a9ad94321e5c;4800.0;4800.0;99.0;44.49;143.49;credit_card;2.279;-21.311;True;False;False;False;False;False;False;False;False;False;False;True;False;False;False;False;False;False;False;False;False;False;False;False;False;1;True
9cc8a145d8be894ab07cdbd8503c4887;lag_despacho_negativo;delivered;True;SP;São José do Rio Preto;SP;b372ee768ed69e46ca8cdbd267aa7a38;11-100;a3fc5aa6679a45c8d0dd3036c9ee246b;Poços de Caldas;MG;MG;37704;2017-11-28 10:44:35;2017-12-03 23:36:19;2017-11-28 22:15:58;2017-12-18 19:44:08;2017-12-21 00:00:00;2017-12-06 10:55:03;1.0;b866da669fde20a56fe475ded8ac41b9;150.0;150.0;255.0;16.54;271.54;credit_card;20.375;-2.178;True;False;False;False;False;False;False;False;False;False;False;True;False;False;False;False;False;False;False;False;False;False;False;False;False;1;True
6898d4e2dad0e7d07e74cbbff0a796e3;lag_despacho_negativo;delivered;True;SP;São Paulo;SP;955fee9216a65b617aa5c0531780ce60;>1000;7e5ee4028e6aa22d999d62d221478949;Caxias do Sul;RS;RS;95020;2018-07-03 18:41:20;2018-07-05 16:10:30;2018-07-04 08:41:00;2018-07-11 18:18:38;2018-07-30 00:00:00;2018-07-05 19:31:16;1.0;e1bb819e98ca4d6153c28872921f171e;450.0;450.0;70.0;18.59;88.59;credit_card;7.984;-18.237;True;False;False;False;False;False;False;False;False;False;False;True;False;False;False;False;False;False;False;False;False;False;False;False;False;1;True
b4545b4fc2de8025a8a42fb23125cc54;lag_despacho_negativo;delivered;True;MG;Uberlândia;MG;aac29b1b99776be73c3049939652091d;11-100;6b79c900752442fedbc62cffbd5874be;Hortolândia;SP;SP;13186;2017-04-26 17:00:43;2017-04-28 11:41:42;2017-04-28 10:31:05;2017-05-22 09:55:50;2017-05-17 00:00:00;2017-05-05 05:33:05;1.0;7d854ab97c64ef9df2bbfaf332765786;4100.0;4100.0;59.9;17.16;77.06;boleto;25.705;5.414;True;True;False;True;False;False;False;False;False;False;False;True;False;False;False;False;False;False;False;False;False;False;False;False;False;1;True
f43e5eafabf8b91d5bf98e478fe28cff;lag_despacho_negativo;delivered;True;SP;Cajamar;SP;c003204e1ab016dfa150abc119207b24;101-1000;272fdc8db0aa254166fd532d2bc99fa5;Niterói;RJ;RJ;24320;2018-04-23 23:02:02;2018-04-24 19:07:34;2018-04-24 18:12:20;2018-05-08 20:46:39;2018-05-15 00:00:00;2018-04-29 23:31:27;1.0;629e019a6f298a83aeecc7877964f935;1750.0;1750.0;109.9;23.31;133.21;credit_card;14.906;-6.134;True;False;False;False;False;False;False;False;False;False;False;True;False;False;False;False;False;False;False;False;False;False;False;False;False;1;True
dadc329b35c6c0dcbe7c3ddb1923f51a;lag_despacho_negativo;delivered;True;PR;Rolândia;PR;710e3548e02bc1d2831dfc4f1b5b14d4;101-1000;6fb98dfbb5b667b36d0f0c1e84d544d3;Rio Grande;RS;RS;96212;2018-06-29 16:01:12;2018-06-29 16:11:43;2018-06-29 15:47:00;2018-07-05 20:54:44;2018-07-31 00:00:00;2018-07-10 16:11:43;1.0;cf78006a2a6b0429b9663edd99bb38f9;1900.0;1900.0;299.99;24.9;324.89;credit_card;6.204;-25.129;True;False;False;False;False;False;False;False;False;False;False;True;False;False;False;False;False;False;False;False;False;False;False;False;False;1;True
000576fe39319847cbb9d288c5617fa6;lag_despacho_negativo;delivered;True;SP;Presidente Prudente;SP;5996cddab893a4652a15592fb58ab8db;1-10 pedidos;9ed5e522dd9dd85b4af4a077526d8117;Praia Grande;SP;SP;11702;2018-07-04 12:08:27;2018-07-05 16:35:48;2018-07-05 12:15:00;2018-07-09 14:04:07;2018-07-25 00:00:00;2018-07-10 12:30:45;1.0;557d850972a7d6f792fd18ae1400d9b6;13805.0;13805.0;810.0;70.75;880.75;credit_card;5.08;-15.414;True;False;False;False;False;False;False;False;False;False;False;True;False;False;False;False;False;False;False;False;False;False;False;False;False;1;True
a31e3f43f9ed2f1d94b0748bc723b899;lag_despacho_negativo;delivered;True;SP;São Paulo;SP;6560211a19b47992c3666cc44a7e94c0;>1000;7f227d89607bdb422be881917ea6161f;Itapevi;SP;SP;6663;2018-07-03 16:04:38;2018-07-05 16:34:56;2018-07-04 10:43:00;2018-07-06 01:31:26;2018-07-16 00:00:00;2018-07-05 16:31:29;1.0;b84520a57891e7a8ae2c68741dcc7146;250.0;250.0;45.0;7.58;52.58;credit_card;2.394;-9.937;True;False;False;False;False;False;False;False;False;False;False;True;False;False;False;False;False;False;False;False;False;False;False;False;False;1;True
5c19e256f5972c1dc427a1a1f9940a3d;lag_despacho_negativo;delivered;True;SP;São Paulo;SP;ea8482cd71df3c1969d7b9473ff13abc;>1000;4a6f381eb19bad5d9975d63edf753920;Fortaleza;CE;CE;60040;2018-04-20 16:09:42;2018-04-24 17:47:43;2018-04-23 21:52:07;2018-05-12 13:28:52;2018-05-21 00:00:00;2018-04-26 16:31:07;2.0;e67f32f0a3e66440cba31dc13d5cfb0b;400.0;400.0;199.98;38.78;238.76;credit_card;21.888;-8.438;True;False;False;False;False;False;False;False;False;False;False;True;False;False;False;False;False;True;False;False;False;False;False;False;False;2;True
a3a43dd512f51c100ca62a18f50076b6;lag_despacho_negativo;delivered;True;RS;Santo Ângelo;RS;05ff92fedb5be47920fea08e501238b9;11-100;82d5a2482ca8f3f29454d05e129a21bd;São Paulo;SP;SP;1310;2018-02-14 22:32:54;2018-02-16 14:30:38;2018-02-15 16:52:01;2018-02-20 19:04:37;2018-03-15 00:00:00;2018-02-20 23:31:29;1.0;830345ab5d2e365c7c6b91459119ea2d;1400.0;1400.0;420.0;20.19;440.19;credit_card;5.855;-22.205;True;False;False;False;False;False;False;False;False;False;False;True;False;False;False;False;False;False;False;False;False;False;False;False;False;1;True
2143f0dfdbb1c47ab7c75c9c097e0173;lag_despacho_negativo;delivered;True;SP;Campinas;SP;fe2032dab1a61af8794248c8196565c9;101-1000;587140b63abb380a13f3e008fb38ec09;Sorocaba;SP;SP;18046;2018-05-30 14:11:28;2018-05-30 14:31:48;2018-05-30 14:15:00;2018-06-03 17:40:51;2018-06-25 00:00:00;2018-06-07 14:30:40;1.0;bacf2de8920bbcaf6f005a30d81391d2;481.0;481.0;319.0;10.97;329.97;credit_card;4.145;-21.263;True;False;False;False;False;False;False;False;False;False;False;True;False;False;False;False;False;False;False;False;False;False;False;False;False;1;True
cf5c8d9f52807cb2d2f0a0ff54c478da;lag_despacho_negativo;delivered;True;SP;São Paulo;SP;a5ff20ff766e7f50bd5066f33da14413;1-10 pedidos;e898b5ef24833b9cb9e2d4f00b937595;Cuiabá;MT;MT;78050;2018-08-24 13:04:05;2018-08-24 13:24:27;2018-08-24 12:00:00;2018-08-30 19:11:50;2018-10-05 00:00:00;2018-08-28 13:24:27;6.0;064c975d37d3c646bd94d94c6e16f37e;200.0;200.0;163.19;53.99;217.18;credit_card;6.255;-35.2;True;False;False;False;False;True;False;False;False;False;False;True;False;False;False;False;False;False;False;False;False;False;False;False;False;2;True
05e6d57ea1f64b4e9a0b37c669515cfc;lag_despacho_negativo;delivered;True;MG;Uberlândia;MG;6c99c983ce3b6ba0ab813e6790e81691;1-10 pedidos;9ab821f6684feba5c42a42a05c0a12a2;Brasília;DF;DF;70383;2018-07-03 23:29:36;2018-07-05 16:03:39;2018-07-04 12:35:00;2018-07-07 11:38:46;2018-07-24 00:00:00;2018-07-10 00:30:41;1.0;4d012181c7a23a79f84dc6cdd1cb1c04;6550.0;6550.0;42.2;44.1;86.3;credit_card;3.506;-16.515;True;False;False;False;False;False;False;False;False;False;False;True;False;False;False;False;False;False;False;False;False;False;False;False;False;1;True
77fbc4cdd3be2594cbb02bac5e3ce914;lag_despacho_negativo;delivered;True;SC;São Ludgero;SC;1b4c3a6f53068f0b6944d2d005c9fc89;101-1000;3db6d62286946e62a243790edb0ffc7f;Muritiba;BA;BA;44340;2018-07-03 08:21:19;2018-07-05 16:32:23;2018-07-03 12:28:00;2018-07-11 00:16:41;2018-08-03 00:00:00;2018-07-05 09:31:39;1.0;e9a69340883a438c3f91739d14d3a56d;3000.0;3000.0;159.49;63.14;222.63;credit_card;7.663;-22.988;True;False;False;False;False;False;False;False;False;False;False;True;False;False;False;False;False;False;False;False;False;False;False;False;False;1;True
0a84606bdb8331708400882d2e921524;lag_despacho_negativo;delivered;True;SP;Praia Grande;SP;e9779976487b77c6d4ac45f75ec7afe9;101-1000;e3675484b0ca35cb2ffddb7ab5258a9c;São Paulo;SP;SP;1414;2018-06-29 16:28:41;2018-06-29 16:51:20;2018-06-29 14:47:00;2018-07-03 14:44:33;2018-07-17 00:00:00;2018-07-05 16:51:20;1.0;ab8a616a62326859211452cc82885197;150.0;150.0;33.49;7.97;41.46;credit_card;3.928;-13.386;True;False;False;False;False;False;False;False;False;False;False;True;False;False;False;False;False;False;False;False;False;False;False;False;False;1;True
23c8185c60bb06f217a2437ffc73e45f;lag_despacho_negativo;delivered;True;SP;São Paulo;SP;6e13dd869aa7185f601c941423abcc8f;1-10 pedidos;e3a4077cf3ad106c942f8a682505eb97;São José dos Campos;SP;SP;12236;2018-07-01 15:33:02;2018-07-05 16:09:05;2018-07-05 14:50:00;2018-07-06 17:38:41;2018-07-18 00:00:00;2018-07-11 05:31:07;2.0;1b6033cbf12974cf79c1cccbf8592ffd;250.0;250.0;176.0;15.76;191.76;boleto;5.087;-11.265;True;False;False;False;False;False;False;False;False;False;False;True;False;False;False;False;False;True;False;False;False;False;False;False;False;2;True
5115750c51f268f7427daf3657d1a699;lag_despacho_negativo;delivered;True;RJ;Rio de Janeiro;RJ;cd6efc47efaabf134f8bdb654e10b4f1;11-100;403bd0ad9f819c0c4c68d01e298da759;São Paulo;SP;SP;4306;2018-04-20 20:53:39;2018-04-24 19:21:39;2018-04-24 18:18:42;2018-05-02 19:42:46;2018-05-15 00:00:00;2018-04-25 21:30:29;1.0;e84997d75938765ef99930f908ceedf4;1900.0;1900.0;127.0;18.47;145.47;credit_card;11.951;-12.179;True;False;False;False;False;False;False;False;False;False;False;True;False;False;False;False;False;False;False;False;False;False;False;False;False;1;True
3f3f8127c7e0537f9f74550f3504f93d;lag_despacho_negativo;delivered;True;MG;Belo Horizonte;MG;2a84855fd20af891be03bc5924d2b453;101-1000;bee149e10d51ea292fb297cbd35414a7;Martins Soares;MG;MG;36972;2018-06-30 09:51:07;2018-07-05 16:17:17;2018-07-03 14:51:00;2018-07-09 11:36:54;2018-07-20 00:00:00;2018-07-05 05:31:26;1.0;bdcf6a834e8faa30dac3886c7a58e92e;1614.0;1614.0;35.9;15.32;51.22;boleto;9.073;-10.516;True;False;False;False;False;False;False;False;False;False;False;True;False;False;False;False;False;False;False;False;False;False;False;False;False;1;True
a5bc76cff5020a123d1fdbbf26e06774;lag_despacho_negativo;delivered;True;SC;Brusque;SC;c33847515fa6305ce6feb1e818569f13;101-1000;60968a8a342573e9f88a5507a0e322d1;Assis;SP;SP;19813;2018-07-04 13:05:20;2018-07-05 16:24:48;2018-07-05 12:42:00;2018-07-10 23:24:44;2018-07-31 00:00:00;2018-07-10 13:30:59;1.0;fbce4c4cb307679d89a3bf3d3bb353b9;6550.0;6550.0;149.0;44.84;193.84;credit_card;6.43;-20.024;True;False;False;False;False;False;False;False;False;False;False;True;False;False;False;False;False;False;False;False;False;False;False;False;False;1;True
5914b571e2efd1eca2e2d5dc0a50f155;lag_despacho_negativo;delivered;True;SP;São Paulo;SP;7ddcbb64b5bc1ef36ca8c151f6ec77df;101-1000;89b4427a50c31a3a75b286ec4494ae6b;Barreiras;BA;BA;47800;2018-04-23 21:17:41;2018-04-24 18:22:56;2018-04-24 16:36:40;2018-05-15 16:17:33;2018-05-22 00:00:00;2018-04-29 21:31:28;1.0;ef0e165d773ec293c5aeb5470a08b183;2250.0;2250.0;169.99;22.29;192.28;credit_card;21.792;-6.321;True;False;False;False;False;False;False;False;False;False;False;True;False;False;False;False;False;False;False;False;False;False;False;False;False;1;True
f07589f27657a39d2d7cba90c38cd654;lag_despacho_negativo;delivered;True;PR;Cascavel;PR;530ec6109d11eaaf87999465c6afee01;11-100;a5fb551249482fed391d7bab51ea2be2;Rio de Janeiro;RJ;RJ;21512;2018-07-03 13:37:03;2018-07-05 16:17:03;2018-07-04 15:28:00;2018-07-12 20:46:53;2018-08-13 00:00:00;2018-07-06 14:31:31;1.0;008cff0e5792219fae03e570f980b330;1550.0;1550.0;134.99;27.9;162.89;debit_card;9.298;-31.134;True;False;False;False;False;False;False;False;False;False;False;True;False;False;False;False;False;False;False;False;False;False;False;False;False;1;True
7e64c6b0a855acecee3ad0225a0e1da0;lag_despacho_negativo;delivered;True;RJ;Rio de Janeiro;RJ;fad44952713764836814be105382aee5;11-100;30bae38963fe905daf0372b2e7ef69a7;Santana de Parnaíba;SP;SP;6543;2018-06-30 23:57:59;2018-07-05 16:27:48;2018-07-03 14:35:00;2018-07-06 18:18:34;2018-07-25 00:00:00;2018-07-10 07:30:41;1.0;b38b25d838ae0b8385e8cc68b9017644;200.0;200.0;130.0;16.01;146.01;boleto;5.764;-18.237;True;False;False;False;False;False;False;False;False;False;False;True;False;False;False;False;False;False;False;False;False;False;False;False;False;1;True
ced9d48cd170ccf0a762bf379b4723fc;lag_despacho_negativo;delivered;True;SP;São Paulo;SP;6560211a19b47992c3666cc44a7e94c0;>1000;e17005589b4ea116d5d37e99073c8f91;Indaiatuba;SP;SP;13348;2018-04-20 15:52:59;2018-04-24 18:40:04;2018-04-23 23:12:34;2018-04-24 15:24:38;2018-05-10 00:00:00;2018-04-26 16:30:58;1.0;44d097d59e8430f88a67517cd0c4f865;350.0;350.0;69.0;7.39;76.39;credit_card;3.98;-15.358;True;False;False;False;False;False;False;False;False;False;False;True;False;False;False;False;False;False;False;False;False;False;False;False;False;1;True
979c4326cc15330dd0b1e4547e25e81c;lag_despacho_negativo;delivered;True;PE;Recife;PE;de722cd6dad950a92b7d4f82673f8833;101-1000;e4dc2f565cd58a95a1f952a6a8e4e74e;Salvador;BA;BA;40715;2018-04-23 21:16:12;2018-04-24 18:21:35;2018-04-24 18:19:23;2018-05-03 19:46:56;2018-05-15 00:00:00;2018-04-29 21:31:28;1.0;3dd2a17168ec895c781a9191c1e95ad7;533.0;533.0;149.9;18.98;168.88;credit_card;9.938;-11.176;True;False;False;False;False;False;False;False;False;False;False;True;False;False;False;False;False;False;False;False;False;False;False;False;False;1;True
5b9e437b9b8c217c1e35158aeafc2102;lag_despacho_negativo;delivered;True;SP;São Paulo;SP;92eb0f42c21942b6552362b9b114707d;101-1000;dfa8547fa65cf8971c91c4102eba6180;São Paulo;SP;SP;3920;2018-04-20 00:23:34;2018-04-24 19:06:45;2018-04-23 15:06:33;2018-04-24 15:32:18;2018-05-07 00:00:00;2018-04-26 17:31:08;1.0;52e5fdcb5e51164483d584c75bd3a478;150.0;150.0;25.77;7.39;33.16;debit_card;4.631;-12.353;True;False;False;False;False;False;False;False;False;False;False;True;False;False;False;False;False;False;False;False;False;False;False;False;False;1;True
e317f41180b8a6fa3ce86b6fba6ac3fa;lag_despacho_negativo;delivered;True;SP;Santo André;SP;ff063b022a9a0aab91bad2c9088760b7;11-100;6285f604fa70a13975a094497da3bf6b;Rio Branco;AC;AC;69908;2018-06-25 20:52:04;2018-06-27 08:54:31;2018-06-27 07:37:00;2018-07-05 18:32:09;2018-08-03 00:00:00;2018-06-29 03:31:47;1.0;a8075470f960215ffb67624782f80fec;2900.0;2900.0;119.0;39.27;158.27;boleto;9.903;-28.228;True;False;False;False;False;False;False;False;False;False;False;True;False;False;False;False;False;False;False;False;False;False;False;False;False;1;True
eedc6468311e8bd6f486d10ceef187f9;lag_despacho_negativo;delivered;True;RS;Rio Grande;RS;51e4e89242cbb846c2deff3dc015650e;11-100;5fabc533f674be519dbec34d861afe1f;Ilhéus;BA;BA;45654;2018-04-22 16:03:02;2018-04-24 19:22:41;2018-04-24 19:11:44;2018-05-17 15:12:51;2018-05-24 00:00:00;2018-04-27 08:31:47;1.0;191b7949f8bac02b5232cb1d4efcac66;1100.0;1100.0;58.9;67.33;126.22999999999999;credit_card;24.965;-6.366;True;False;False;False;False;False;False;False;False;False;False;True;False;False;False;False;False;False;False;False;False;False;False;False;False;1;True
1c958182f10d6fcbac7728c8d3a151f1;lag_despacho_negativo;delivered;True;SP;Ibitinga;SP;640e21a7d01df7614a3b4923e990d40c;101-1000;08e16d18de470d7041b38c2b4031dbc1;Maracaçumé;MA;MA;65289;2018-07-23 15:09:44;2018-07-23 16:05:15;2018-07-23 14:52:00;2018-08-01 21:05:05;2018-08-14 00:00:00;2018-07-25 16:00:03;1.0;e934947ca6b64f5a6d864e21dca13b73;900.0;900.0;52.58;52.72;105.3;credit_card;9.247;-12.121;True;False;False;False;False;False;False;False;False;False;False;True;False;False;False;False;False;False;False;False;False;False;False;False;False;1;True
e758dcd9bd08272ffb2f985926579539;lag_despacho_negativo;delivered;True;SP;Sorocaba;SP;6481e96574816ead57975da2c0f6d80d;11-100;ba3743e23ed5d26cf1a06a43f0ee44ac;São Paulo;SP;SP;2341;2018-07-28 13:11:22;2018-07-30 16:05:25;2018-07-30 15:39:00;2018-08-01 14:52:54;2018-08-07 00:00:00;2018-08-01 16:05:25;1.0;51d1db0b0ed8fee9994a5bae549a6160;5047.0;5047.0;185.0;41.74;226.74;credit_card;4.071;-5.38;True;False;False;False;False;False;False;False;False;False;False;True;False;False;False;False;False;False;False;False;False;False;False;False;False;1;True
396af24f9fbfbbb946c61236fa1cf895;lag_despacho_negativo;delivered;True;PR;Curitiba;PR;ce69a8021d18961dd2a40269b7c2c293;11-100;a8dddbb164f3848ad6a58dace214ed7b;São Paulo;SP;SP;3210;2018-07-22 17:27:47;2018-07-23 12:31:38;2018-07-23 11:17:00;2018-07-26 17:37:50;2018-08-09 00:00:00;2018-07-27 10:24:11;1.0;dcd590f679e692420391bbd2c7ae22e2;333.0;333.0;247.99;16.84;264.83;credit_card;4.007;-13.265;True;False;False;False;False;False;False;False;False;False;False;True;False;False;False;False;False;False;False;False;False;False;False;False;False;1;True
076f1fe978468db6b826f40f714da65f;lag_despacho_negativo;delivered;True;PE;Recife;PE;de722cd6dad950a92b7d4f82673f8833;101-1000;4f35ebb1592ee75a4a0d34f4c9615090;Lauro de Freitas;BA;BA;42739;2018-06-05 11:41:02;2018-06-05 14:31:31;2018-06-05 13:59:00;2018-06-11 15:26:48;2018-07-19 00:00:00;2018-06-13 11:50:17;1.0;3dd2a17168ec895c781a9191c1e95ad7;533.0;533.0;149.9;18.98;168.88;credit_card;6.157;-37.356;True;False;False;False;False;False;False;False;False;False;False;True;False;False;False;False;False;False;False;False;False;False;False;False;False;1;True
476a432306780038e2403c30235817e7;lag_despacho_negativo;delivered;True;SP;Ferraz de Vasconcelos;SP;0885aaf116795758dfeb5f1032487bcd;11-100;9047ddd8b67873d55ff287e1d90db634;Tatuí;SP;SP;18271;2018-04-22 17:04:00;2018-04-24 17:48:13;2018-04-24 14:14:32;2018-05-03 23:51:38;2018-05-11 00:00:00;2018-04-26 17:30:55;1.0;cd2c0529e45020c77a7c05b4ef2408fd;1000.0;1000.0;69.9;13.85;83.75;credit_card;11.283;-7.006;True;False;False;False;False;False;False;False;False;False;False;True;False;False;False;False;False;False;False;False;False;False;False;False;False;1;True
b5cded175dda03c8360eb5d652b931e1;lag_despacho_negativo;delivered;True;RS;Jacutinga;RS;d1c7fa84e48cfa21a0e595167c1c500e;11-100;3caac0647292a8ce09b6ab64320754d1;Curitiba;PR;PR;82840;2018-04-21 10:31:08;2018-04-24 19:17:52;2018-04-24 16:54:51;2018-04-30 13:18:51;2018-05-17 00:00:00;2018-04-30 03:32:28;1.0;21538f484ba135893f2b51c8b8750966;550.0;550.0;65.0;18.33;83.33;boleto;9.116;-16.445;True;False;False;False;False;False;False;False;False;False;False;True;False;False;False;False;False;False;False;False;False;False;False;False;False;1;True
14a915a594225cec76a7c3628517a64a;lag_despacho_negativo;delivered;True;PR;Curitiba;PR;77530e9772f57a62c906e1c21538ab82;101-1000;532a03a72cef381fc677f18d3b9989ea;São Paulo;SP;SP;1154;2018-07-05 09:50:56;2018-07-05 16:26:27;2018-07-05 15:34:00;2018-07-12 23:38:24;2018-07-27 00:00:00;2018-07-09 10:31:53;1.0;813a9ef2db7efff209973a335d043c0f;2950.0;2950.0;299.0;43.39;342.39;credit_card;7.575;-14.015;True;False;False;False;False;False;False;False;False;False;False;True;False;False;False;False;False;False;False;False;False;False;False;False;False;1;True
00d2559e61b9a0744a0552c35c5ecccb;lag_despacho_negativo;delivered;True;SP;São Caetano do Sul;SP;b839e41795b7f3ad94cc2014a52f6796;11-100;d4af02c83608285f0bd9ff891130c980;Belo Horizonte;MG;MG;30350;2018-06-11 12:24:48;2018-06-11 13:32:18;2018-06-11 12:05:00;2018-06-18 16:51:52;2018-06-28 00:00:00;2018-06-13 12:57:03;1.0;44fc450365728c413fefc547592626be;1833.0;1833.0;849.0;23.52;872.52;credit_card;7.185;-9.297;True;False;False;False;False;False;False;False;False;False;False;True;False;False;False;False;False;False;False;False;False;False;False;False;False;1;True
2c313debfbfb2b44f91ae0431823ccb4;lag_despacho_negativo;delivered;True;SP;Jaboticabal;SP;c68fb906c8f4b4b946d8386bfa6e5467;11-100;82189789fcc0955a1f54c4b48c171652;São Paulo;SP;SP;1306;2018-07-18 14:08:03;2018-07-18 14:22:13;2018-07-18 14:16:00;2018-07-23 12:18:55;2018-08-01 00:00:00;2018-07-20 14:22:13;1.0;b0759d549c07bcc21fffd7ac9f3958a6;1275.0;1275.0;141.38;14.57;155.95;credit_card;4.924;-8.487;True;False;False;False;False;False;False;False;False;False;False;True;False;False;False;False;False;False;False;False;False;False;False;False;False;1;True
98c8ce34fb87be20f449264f5ff6fb35;lag_despacho_negativo;delivered;True;PR;Curitiba;PR;d624126b9206f595fb3fbb6ba03b28a8;11-100;bd0894dfa25e1220154c2424f2fa8745;São Paulo;SP;SP;4531;2018-04-22 22:00:48;2018-04-24 17:44:15;2018-04-23 20:41:59;2018-04-26 21:05:31;2018-05-21 00:00:00;2018-04-26 22:31:55;4.0;3606696d19bbcad6cb6c0e985749862f;450.0;450.0;147.6;71.72;219.32;credit_card;3.962;-24.121;True;False;False;False;False;False;False;False;False;False;False;True;False;False;False;False;False;True;False;False;False;False;False;False;False;2;True
bfa6db3b1ea85796d80dabdfd83b9d40;lag_despacho_negativo;delivered;True;SP;Praia Grande;SP;d91fb3b7d041e83b64a00a3edfb37e4f;101-1000;c11fa7875b229cc8087f67a0c3bfa230;Juíz de Fora;MG;MG;36015;2018-07-03 14:01:13;2018-07-05 16:20:09;2018-07-05 14:59:00;2018-07-09 21:11:58;2018-07-25 00:00:00;2018-07-09 14:31:27;1.0;8aad7a3c7032428e9990ecccaf5e0543;200.0;200.0;117.6;18.92;136.52;credit_card;6.299;-15.117;True;False;False;False;False;False;False;False;False;False;False;True;False;False;False;False;False;False;False;False;False;False;False;False;False;1;True
0782e07a7692b86e29c3fcec805b3bfc;lag_despacho_negativo;delivered;True;SP;São Paulo;SP;ceaec5548eefc6e23e6607c5435102e7;101-1000;b941917841af028a5d97758e40ac21ac;São Paulo;SP;SP;3087;2018-07-03 21:25:43;2018-07-05 16:32:28;2018-07-05 09:50:00;2018-07-06 20:32:34;2018-07-23 00:00:00;2018-07-12 10:31:38;2.0;b92211a0503b5226b3cd3dd1c7fb3687;2800.0;2800.0;954.0;58.9;1012.9;credit_card;2.963;-16.144;True;False;False;False;False;False;False;False;False;False;False;True;False;False;False;False;False;False;False;False;False;False;False;False;False;1;True
872b07190c0c9c0f13475d2141c4036a;lag_despacho_negativo;delivered;True;SP;São Paulo;SP;7c5b05cbdb5542049f38d90d7815b97d;11-100;814605f2161337c56520639099b0199f;Belém;PA;PA;66033;2018-07-03 10:10:12;2018-07-05 16:22:38;2018-07-03 12:00:00;2018-07-10 17:18:49;2018-08-02 00:00:00;2018-07-06 10:30:56;2.0;019003324f0a201dd2c8962beaf94b6d;250.0;250.0;129.98;38.74;168.72;credit_card;7.298;-22.279;True;False;False;False;False;False;False;False;False;False;False;True;False;False;False;False;False;False;False;False;False;False;False;False;False;1;True
0ea5fe49c67efb820d76f32ac29817c8;lag_despacho_negativo;delivered;True;SP;Santo André;SP;cc419e0650a3c5ba77189a1882b7556a;>1000;91a7ce47b2a4efba5d9fdd77f8e38fdf;Brasília;DF;DF;73252;2018-04-22 15:37:00;2018-04-24 18:42:29;2018-04-23 19:03:14;2018-05-01 00:08:49;2018-05-18 00:00:00;2018-04-26 16:31:34;1.0;ee0c1cf2fbeae95205b4aa506f1469f0;200.0;200.0;44.99;15.23;60.22;credit_card;8.355;-16.994;True;False;False;False;False;False;False;False;False;False;False;True;False;False;False;False;False;False;False;False;False;False;False;False;False;1;True
38e0cb80c67af61efd491a83aed8c8be;lag_despacho_negativo;delivered;True;SP;Praia Grande;SP;e9779976487b77c6d4ac45f75ec7afe9;101-1000;f45084d9526b019b846ff5baf75014bb;Ipatinga;MG;MG;35164;2018-07-20 09:55:09;2018-07-25 23:32:02;2018-07-25 14:06:00;2018-07-30 18:03:12;2018-08-08 00:00:00;2018-07-30 04:10:23;1.0;054515fd15bc1a2029f10de97ffa9120;150.0;150.0;43.0;18.4;61.4;boleto;10.339;-8.248;True;False;False;False;False;False;False;False;False;False;False;True;False;False;False;False;False;False;False;False;False;False;False;False;False;1;True
afce0ce9c7f274fe0f46591b25e9d438;lag_despacho_negativo;delivered;True;SP;São Bernardo do Campo;SP;4200ddf1967c5e41e48db62bc6d4b5ac;11-100;ec126b0b2593214b75ec14893b15d9e5;Mafra;SC;SC;89300;2018-02-08 17:41:15;2018-02-10 10:18:48;2018-02-10 01:17:51;2018-03-02 20:46:46;2018-03-09 00:00:00;2018-02-14 18:32:21;1.0;ea43b87d74397400228d42e26adb7f24;300.0;300.0;16.9;15.1;32.0;credit_card;22.129;-6.134;True;False;False;False;False;False;False;False;False;False;False;True;False;False;False;False;False;False;False;False;False;False;False;False;False;1;True
8299066c13f491b4cf9bdb486d2058c2;lag_despacho_negativo;delivered;True;MG;Belo Horizonte;MG;daeb5653dd96c1b11860f72209795012;11-100;9463b5b75f8762cb7253d4c117bd2194;Santa Bárbara D'oeste;SP;SP;13458;2018-05-14 12:53:23;2018-05-14 13:17:03;2018-05-14 12:43:00;2018-05-23 21:21:54;2018-06-06 00:00:00;2018-05-23 13:17:03;1.0;ae48f03d1836c1021bf0babdf8b63dbb;800.0;800.0;12.9;15.23;28.13;voucher;9.353;-13.11;True;False;False;False;False;False;False;False;False;False;False;True;False;False;False;False;False;False;False;False;False;False;False;False;False;1;True
76458889992169d3135b264dc13aec67;entrega_antes_coleta;delivered;True;SP;Ibitinga;SP;391fc6631aebcf3004804e51b40bcf1e;101-1000;999196dca58a3db3d966d8f148532010;Santos;SP;SP;11025;2016-10-07 10:05:16;2016-10-07 11:24:43;2016-10-26 11:43:06;2016-10-20 18:03:17;2016-11-29 00:00:00;2016-10-11 11:24:44;1.0;c50663262403f916d58303c231e7ed3a;1100.0;1100.0;73.35;12.23;85.58;credit_card;13.332;-39.248;True;False;False;False;False;False;False;False;True;False;False;False;False;False;False;False;False;False;False;False;False;False;False;False;False;1;True
1c723386781fca8d1e45ac747914962a;lag_despacho_negativo;delivered;True;SP;Marília;SP;1927cdb9fa74f5270097f6250e8e8f34;1-10 pedidos;2d629ccf7fa0c22635758b85b96c0d34;Cachoeiro de Itapemirim;ES;ES;29314;2018-08-06 15:47:47;2018-08-06 15:55:15;2018-08-06 15:06:00;2018-08-14 18:53:24;2018-08-23 00:00:00;2018-08-10 15:55:15;1.0;dd650fe0148b47c3adedb593cda2c6dd;8300.0;8300.0;120.0;58.92;178.92;credit_card;8.129;-8.213;True;False;False;False;False;False;False;False;False;False;False;True;False;False;False;False;False;False;False;False;False;False;False;False;False;1;True
febbb5a06ba3e1a76d7074adb56ff587;lag_despacho_negativo;delivered;True;SP;São Paulo;SP;6560211a19b47992c3666cc44a7e94c0;>1000;70a41f17bb11f0489b47681e7df35d77;Salvador;BA;BA;40231;2018-06-07 17:47:13;2018-06-12 23:31:02;2018-06-11 09:52:00;2018-06-28 15:49:38;2018-07-11 00:00:00;2018-06-18 17:59:26;1.0;44d097d59e8430f88a67517cd0c4f865;350.0;350.0;69.0;17.19;86.19;credit_card;20.918;-12.341;True;False;False;False;False;False;False;False;False;False;False;True;False;False;False;False;False;False;False;False;False;False;False;False;False;1;True
5322755defeb2e8863500740172a082b;lag_despacho_negativo;delivered;True;SP;Ibitinga;SP;640e21a7d01df7614a3b4923e990d40c;101-1000;9922420b9b6f5767d8c46ddfe4d3b22b;Pojuca;BA;BA;48120;2018-07-03 11:14:42;2018-07-05 16:25:46;2018-07-03 14:38:00;2018-07-11 22:26:43;2018-08-03 00:00:00;2018-07-09 11:31:25;2.0;979a52ea2c0c4e9e7e7e4a766d4eeda4;1550.0;1550.0;181.0;59.08;240.08;credit_card;8.467;-22.065;True;False;False;False;False;False;False;False;False;False;False;True;False;False;False;False;False;False;False;False;False;False;False;False;False;1;True
8358045db0b940a1fcaa47dadb2b79c9;lag_despacho_negativo;delivered;True;SP;São Paulo;SP;dbd66278cbfe1aa1000f90a217ca4695;11-100;7ac9e0604c9ae3f476588f5f0fee10bc;Juíz de Fora;MG;MG;36016;2018-04-22 23:01:47;2018-04-24 18:38:39;2018-04-23 18:54:34;2018-05-08 20:44:50;2018-05-09 00:00:00;2018-04-26 23:30:54;1.0;83ed3cc53055fe51099569075b77ceca;817.0;817.0;69.9;23.07;92.97;credit_card;15.905;-0.136;True;False;False;False;False;False;False;False;False;False;False;True;False;False;False;False;False;False;False;False;False;False;False;False;False;1;True
9ec8fd6e5988089dadaa2c8ebdc15a0f;lag_despacho_negativo;delivered;True;SP;São Paulo;SP;d566c37fa119d5e66c4e9052e83ee4ea;11-100;6f3ff361ef37dc93f7b53536854f1590;Virgínia;MG;MG;37465;2018-04-23 18:29:35;2018-04-24 18:59:08;2018-04-24 18:09:08;2018-05-03 18:54:46;2018-05-16 00:00:00;2018-04-27 19:31:08;1.0;8173ca41cdb176462f9ae79821a48404;150.0;150.0;35.9;18.23;54.13;credit_card;10.017;-12.212;True;False;False;False;False;False;False;False;False;False;False;True;False;False;False;False;False;False;False;False;False;False;False;False;False;1;True
0922ee1619de7b995648e5a8407afb91;entrega_antes_coleta;delivered;True;SP;Poá;SP;259f7b5e6e482c230e5bfaa670b6bb8f;101-1000;8dab637615e9eae6d33ef5e48644d6d3;São Paulo;SP;SP;4726;2017-07-11 10:45:44;2017-07-11 10:55:15;2017-07-14 12:41:34;2017-07-12 20:49:42;2017-08-14 00:00:00;2017-07-17 10:55:15;2.0;4689718bc1b839a9baeaa91d2c278598;3300.0;3300.0;204.8;44.29;249.09;credit_card;1.419;-32.132;True;False;False;False;False;False;False;False;True;False;False;False;False;False;False;False;False;False;False;False;False;False;False;False;False;1;True
002834535f7a609a5c68266f173fa59e;lag_despacho_negativo;delivered;True;SP;São Paulo;SP;ea8482cd71df3c1969d7b9473ff13abc;>1000;89a6b1bfbe1b366503995b8df4c49450;Recife;PE;PE;52041;2018-07-23 17:26:00;2018-07-28 23:30:59;2018-07-24 15:53:00;2018-08-11 01:48:33;2018-08-14 00:00:00;2018-07-26 17:44:36;1.0;df3655ac9aa8c6cbfa63bdd8d3b09c50;300.0;300.0;37.99;19.18;57.17;boleto;18.349;-2.925;True;False;False;False;False;False;False;False;False;False;False;True;False;False;False;False;False;False;False;False;False;False;False;False;False;1;True
c45408df26d1ce2b64518a9a9d65fd04;lag_despacho_negativo;delivered;True;SP;São Paulo;SP;7dc8c42cc750eeafea6c85712ffee9bf;11-100;c352445d447e16c25ee542299b98642d;Bauru;SP;SP;17013;2018-08-16 17:11:46;2018-08-16 17:29:05;2018-08-16 16:13:00;2018-08-22 14:33:43;2018-09-05 00:00:00;2018-08-29 17:29:05;1.0;ae8465400218e5aa54535b74d9138416;1200.0;1200.0;34.99;14.56;49.55;credit_card;5.89;-13.393;True;False;False;False;False;False;False;False;False;False;False;True;False;False;False;False;False;False;False;False;False;False;False;False;False;1;True
e73fe43cdcd166f7f0c6e3c2bf11a917;lag_despacho_negativo;delivered;True;SP;Santo André;SP;334cab711dee080b079fa5779b584783;11-100;3a412111e4f293539eae05b502fc63de;São Paulo;SP;SP;8220;2018-08-09 18:06:43;2018-08-20 15:57:28;2018-08-14 14:48:00;2018-08-15 15:46:38;2018-08-16 00:00:00;2018-08-15 16:31:14;1.0;544c14365db76307e0820a1468ed8114;550.0;550.0;49.9;9.1;56.5;debit_card;5.903;-0.343;True;False;False;False;False;False;False;False;False;False;False;True;False;True;False;False;False;False;False;False;False;False;False;False;False;2;True
292d3c40e87d260ea28e83b76b5e352c;lag_despacho_negativo;delivered;True;SP;São Paulo;SP;5b2e94f2c22b39ccc24d34ad0f669672;1-10 pedidos;c8ace93dcc058d6488bc06dcc239421e;Brasília;DF;DF;70670;2018-05-17 10:06:16;2018-05-19 11:31:31;2018-05-17 13:47:00;2018-06-01 13:38:53;2018-06-04 00:00:00;2018-05-23 14:10:00;1.0;10a96b8c9e62f372aaf40bf8ec897a75;1100.0;1100.0;123.8;36.84;160.64;credit_card;15.148;-2.431;True;False;False;False;False;False;False;False;False;False;False;True;False;False;False;False;False;False;False;False;False;False;False;False;False;1;True
834545a0dc30bbf519e4d9c697eca0a1;lag_despacho_negativo;delivered;True;SP;São Paulo;SP;955fee9216a65b617aa5c0531780ce60;>1000;b12a07131fc3b2e84833273255ed7f98;Ponta Grossa;PR;PR;84015;2018-07-04 18:50:37;2018-07-05 16:23:33;2018-07-05 09:36:00;2018-07-10 20:42:26;2018-07-26 00:00:00;2018-07-06 19:31:02;1.0;89005f5c60b53829a9a617fe5e292221;700.0;700.0;40.0;19.47;59.47;credit_card;6.078;-15.137;True;False;False;False;False;False;False;False;False;False;False;True;False;False;False;False;False;False;False;False;False;False;False;False;False;1;True
131c6bd0b11c3fc93c3c8dbe45f317e6;lag_despacho_negativo;delivered;True;SP;São Paulo;SP;955fee9216a65b617aa5c0531780ce60;>1000;6ea2b66604e1b20a26837742dff50729;Porto Alegre;RS;RS;90620;2018-04-20 16:08:48;2018-04-24 17:37:23;2018-04-23 19:51:22;2018-05-14 20:08:52;2018-05-22 00:00:00;2018-04-26 16:31:10;3.0;2948658cb6abc82847412be7201bfc4c;3500.0;3500.0;330.0;69.92999999999999;399.93;credit_card;24.167;-7.161;True;False;False;False;False;False;False;False;False;False;False;True;False;False;False;False;False;True;False;False;False;False;False;False;False;2;True
ac17f36b9ec35c47dc44e96558d33dc7;lag_despacho_negativo;delivered;True;GO;Luziânia;GO;9a84ba99f5367fdbd4598363496f1ea2;11-100;4c99e4d80794cc4520af0b07913b4d6e;Simonésia;MG;MG;36930;2018-07-03 10:00:13;2018-07-05 16:27:11;2018-07-04 08:00:00;2018-07-11 01:29:34;2018-08-06 00:00:00;2018-07-10 05:30:39;1.0;b52e4724d5ae56c1e1503a363b388d2a;3000.0;3000.0;689.99;55.7;745.69;boleto;7.645;-25.938;True;False;False;False;False;False;False;False;False;False;False;True;False;False;False;False;False;False;False;False;False;False;False;False;False;1;True
049fa9a29ba386943ccbd0954fe8b8a0;lag_despacho_negativo;delivered;True;SP;Ibitinga;SP;8160255418d5aaa7dbdc9f4c64ebda44;101-1000;bb00108144109ccb3358a5de12232077;Rio de Janeiro;RJ;RJ;20091;2018-07-03 08:35:57;2018-07-05 16:33:02;2018-07-03 17:14:00;2018-07-09 19:28:54;2018-08-06 00:00:00;2018-07-05 09:31:42;1.0;8562e2c780a345b609e1b802d7e3e4ae;1100.0;1100.0;79.9;23.36;103.26;credit_card;6.453;-27.188;True;False;False;False;False;False;False;False;False;False;False;True;False;False;False;False;False;False;False;False;False;False;False;False;False;1;True
48ddd457f76f31a99e60ac8007bc8b28;lag_despacho_negativo;delivered;True;PR;Curitiba;PR;e0878efa0e0b7e5313ac0b43bc04c081;11-100;97fc5244045c01b3cf813cb86e6376e3;Patos de Minas;MG;MG;38700;2018-01-30 10:24:25;2018-02-04 23:31:38;2018-01-31 17:59:31;2018-02-08 14:18:48;2018-03-02 00:00:00;2018-02-07 02:53:28;1.0;ab330e1b64fde92d3b4d4d6980a38576;150.0;150.0;39.9;16.79;56.69;boleto;9.163;-21.404;True;False;False;False;False;False;False;False;False;False;False;True;False;False;False;False;False;False;False;False;False;False;False;False;False;1;True
e17ed9c20d79f29256a4a514e8d07230;lag_despacho_negativo;delivered;True;SP;São Paulo;SP;b2ba3715d723d245138f291a6fe42594;101-1000;f02281ff50731e8a5e07bbc0a45d4912;Praia Grande;SP;SP;11702;2018-04-21 19:02:39;2018-04-24 18:59:40;2018-04-23 19:03:19;2018-04-24 19:34:31;2018-05-08 00:00:00;2018-04-26 14:30:53;1.0;e6b6e13cf71449a457269f425b89dc74;588.0;588.0;109.9;8.53;118.43;debit_card;3.022;-13.184;True;False;False;False;False;False;False;False;False;False;False;True;False;False;False;False;False;False;False;False;False;False;False;False;False;1;True
51ee9ef5d831b5f76f97d2819e7f94a9;lag_despacho_negativo;delivered;True;MG;Monte Sião;MG;1554a68530182680ad5c8b042c3ab563;101-1000;503c7a5a21169f21170540da26c2829a;São Paulo;SP;SP;2518;2018-07-04 20:00:12;2018-07-05 16:27:36;2018-07-05 14:07:00;2018-07-09 17:12:01;2018-07-25 00:00:00;2018-07-10 20:31:43;1.0;859329faf3d87f53947ed9a294b501cc;1500.0;1500.0;75.9;13.87;89.77;credit_card;4.883;-15.283;True;False;False;False;False;False;False;False;False;False;False;True;False;False;False;False;False;False;False;False;False;False;False;False;False;1;True
e65f1eeee1f52024ad1dcd03447f7482;lag_despacho_negativo;delivered;True;SP;Carapicuíba;SP;f680f85bee2d253556ac91be391d2c82;11-100;198f511b5a75bf936a96f1d4769e3974;Santo André;SP;SP;9120;2018-05-18 15:03:19;2018-05-18 15:15:37;2018-05-18 15:00:00;2018-05-19 12:28:30;2018-05-29 00:00:00;2018-05-23 15:15:37;1.0;c319f453652bff80bc8f9f71d87e56c1;260.0;260.0;34.99;8.29;43.28;credit_card;0.892;-9.48;True;False;False;False;False;False;False;False;False;False;False;True;False;False;False;False;False;False;False;False;False;False;False;False;False;1;True
f707ff2a9514dce20b267136b60af042;lag_despacho_negativo;delivered;True;SP;Praia Grande;SP;d91fb3b7d041e83b64a00a3edfb37e4f;101-1000;d1774572040fe4b9081e1abcc26f0783;São Paulo;SP;SP;5849;2018-07-04 01:20:01;2018-07-05 16:33:26;2018-07-05 14:51:00;2018-07-06 19:19:44;2018-07-19 00:00:00;2018-07-10 01:31:01;1.0;7fa2058a9bf3a89ef34df823357e0be9;190.0;190.0;10.1;7.87;17.97;credit_card;2.75;-12.195;True;False;False;False;False;False;False;False;False;False;False;True;False;False;False;False;False;False;False;False;False;False;False;False;False;1;True
d54bea5ba90238aa83323565749538a1;lag_despacho_negativo;delivered;True;SP;Indaiatuba;SP;c510bc1718f0f2961eaa42a23330681a;11-100;10e925f935d8bfe0a9edf39378996fd7;Rio de Janeiro;RJ;RJ;22775;2018-04-22 17:45:57;2018-04-24 18:33:58;2018-04-24 17:16:31;2018-05-12 18:20:56;2018-05-23 00:00:00;2018-04-26 18:30:53;1.0;cda8b19a05af621d957a97a979b6fa9a;16333.0;16333.0;2110.0;154.9;2264.9;credit_card;20.024;-10.235;True;False;False;False;False;False;False;False;False;False;False;True;False;False;False;False;False;False;False;False;False;False;False;False;False;1;True
7ce4e38f4eadd993bb5b2e60bb7f7bec;lag_despacho_negativo;delivered;True;MG;Monte Sião;MG;1554a68530182680ad5c8b042c3ab563;101-1000;945ff008560255cc327d509beeefb54f;Palmas;TO;TO;77002;2018-08-08 14:46:45;2018-08-08 15:05:01;2018-08-08 13:29:00;2018-08-15 18:55:45;2018-08-28 00:00:00;2018-08-13 15:05:01;1.0;09e5556011177a1f20244a4fcdde2752;6100.0;6100.0;179.9;103.12;283.02;debit_card;7.173;-12.211;True;False;False;False;False;False;False;False;False;False;False;True;False;False;False;False;False;False;False;False;False;False;False;False;False;1;True
e0656680044e57cdeb0d3ec00c152a39;lag_despacho_negativo;delivered;True;MG;Belo Horizonte;MG;282f23a9769b2690c5dda22e316f9941;11-100;5107f877a1a7e7c4c40a33b6b68fbd93;Macaé;RJ;RJ;27946;2018-04-20 13:04:18;2018-04-24 18:28:09;2018-04-23 23:52:43;2018-05-08 18:41:36;2018-05-14 00:00:00;2018-04-26 02:32:02;1.0;42eb5329dd0ee3d76d135ce04c84451b;1150.0;1150.0;29.7;19.32;49.02;boleto;18.234;-5.221;True;False;False;False;False;False;False;False;False;False;False;True;False;False;False;False;False;False;False;False;False;False;False;False;False;1;True
69aca49c98f05af05bec6fa1f87a3059;lag_despacho_negativo;delivered;True;PR;Pitanga;PR;141440cad9341e553f8401c574a2aa38;11-100;a125a54036b56ceb4c73638eda0f18aa;Nova Iguaçu;RJ;RJ;26015;2018-07-20 13:19:19;2018-07-20 13:30:13;2018-07-20 12:01:00;2018-07-25 17:03:35;2018-08-14 00:00:00;2018-07-24 13:30:13;1.0;c848bbf7ec73272cce4df7509a71afde;1925.0;1925.0;119.8;27.79;147.59;credit_card;5.156;-19.289;True;False;False;False;False;False;False;False;False;False;False;True;False;False;False;False;False;False;False;False;False;False;False;False;False;1;True
52839320a287fc82e97026f99434d425;lag_despacho_negativo;delivered;True;SP;São Paulo;SP;ceaec5548eefc6e23e6607c5435102e7;101-1000;4948914a6d422d2bcb6d13062973d3bc;Gramado dos Loureiros;RS;RS;99605;2018-04-21 13:06:22;2018-04-24 18:04:56;2018-04-24 02:18:28;2018-05-02 19:22:22;2018-06-04 00:00:00;2018-05-03 13:31:24;1.0;ddceb6eef6af67e9fbbd4c148dbe5fd9;4650.0;4650.0;209.99;27.55;237.54;credit_card;11.261;-32.193;True;False;False;False;False;False;False;False;False;False;False;True;False;False;False;False;False;False;False;False;False;False;False;False;False;1;True
082e1d9362de402518ac4c47b4d82dd0;lag_despacho_negativo;delivered;True;SP;Salto;SP;f8db351d8c4c4c22c6835c19a46f01b0;101-1000;bc79e7caa09731190172e80af2e3d126;Valinhos;SP;SP;13271;2017-07-28 22:34:21;2017-08-02 08:33:52;2017-08-01 13:59:59;2017-08-02 16:13:08;2017-08-10 00:00:00;2017-08-07 04:43:36;1.0;083ffd30820b592e294de7ed668ff975;300.0;300.0;49.9;8.27;58.17;boleto;4.735;-7.324;True;False;False;False;False;False;False;False;False;False;False;True;False;False;False;False;False;False;False;False;False;False;False;False;False;1;True
7fb538147fab748faf726e6706589b74;lag_despacho_negativo;delivered;True;SC;Navegantes;SC;8ae520247981aa06bc94abddf5f46d34;11-100;3a214c7413071d2247bbdcc535d5bd10;São José do Rio Preto;SP;SP;15014;2018-08-16 14:26:06;2018-08-16 15:24:46;2018-08-16 14:19:00;2018-08-21 19:14:28;2018-09-03 00:00:00;2018-08-20 15:24:16;1.0;63e0fba310acec294c78c0ad6e3d0e4a;275.0;275.0;160.0;19.22;179.22;boleto;5.2;-12.198;True;False;False;False;False;False;False;False;False;False;False;True;False;False;False;False;False;False;False;False;False;False;False;False;False;1;True
05d657dbf5a4b2e7a685903cc8bb03f0;lag_despacho_negativo;delivered;True;MG;Ilicínea;MG;a1043bafd471dff536d0c462352beb48;101-1000;809c3dc9eabbbe4e6b03198d239b6e2d;Governador Valadares;MG;MG;35010;2018-01-30 09:37:46;2018-02-04 23:31:34;2018-02-02 09:15:37;2018-02-08 19:56:46;2018-02-21 00:00:00;2018-02-06 02:35:35;1.0;52c80cedd4e90108bf4fa6a206ef6b03;7650.0;7650.0;179.0;26.87;205.87;boleto;9.43;-12.169;True;False;False;False;False;False;False;False;False;False;False;True;False;False;False;False;False;False;False;False;False;False;False;False;False;1;True
fd6490ff0d0a47338582b893c79863fe;lag_despacho_negativo;delivered;True;SP;Guariba;SP;4869f7a5dfa277a7dca6462dcf3b52b2;>1000;cacf7efbb5d03425e739ddee564d1e24;Londrina;PR;PR;86047;2018-07-04 21:15:39;2018-07-05 16:15:50;2018-07-05 12:24:00;2018-07-11 20:06:32;2018-07-31 00:00:00;2018-07-09 21:31:36;1.0;bc4c74766d34e4f4f9b803e75d1e689d;320.0;320.0;108.0;18.86;126.86;credit_card;6.952;-19.162;True;False;False;False;False;False;False;False;False;False;False;True;False;False;False;False;False;False;False;False;False;False;False;False;False;1;True
de1b85f04c5fe5b727293a8133502cb1;lag_despacho_negativo;delivered;True;SP;São Paulo;SP;6e386f64c84e482f0b9abf960797ee1b;11-100;370e9b111968bd747c429eb56c54c8e3;Adamantina;SP;SP;17800;2018-04-19 10:20:15;2018-04-24 18:58:16;2018-04-23 23:39:47;2018-04-27 00:08:54;2018-05-09 00:00:00;2018-04-26 03:30:39;1.0;1bbf3c5abc34eb8f1d884a7503b7764f;350.0;350.0;199.7;13.84;213.54;boleto;7.575;-11.994;True;False;False;False;False;False;False;False;False;False;False;True;False;False;False;False;False;False;False;False;False;False;False;False;False;1;True
e669e95aa5f8eea105055ad8829ef533;lag_despacho_negativo;delivered;True;MG;Juíz de Fora;MG;f789d2c4f2c2eb38fc4373e7a4b35264;11-100;37bcaa01c187cd16e1d916173a202232;Rio de Janeiro;RJ;RJ;21330;2018-04-22 09:05:32;2018-04-24 19:23:46;2018-04-24 12:48:55;2018-04-25 22:05:59;2018-05-24 00:00:00;2018-04-26 09:31:11;1.0;6841fe26a65cdc7dad114a453ce638b3;150.0;150.0;59.99;7.55;67.54;credit_card;3.542;-28.079;True;False;False;False;False;False;False;False;False;False;False;True;False;False;False;False;False;False;False;False;False;False;False;False;False;1;True
dbc94ce4ff22c2daba89640dacc43949;lag_despacho_negativo;delivered;True;SP;Piracicaba;SP;f45122a9ab94eb4f3f8953578bc0c560;101-1000;6119608bf8b3b9b4883efc15b3ad5b40;Jundiaí;SP;SP;13212;2018-04-20 20:24:56;2018-04-24 18:56:51;2018-04-23 19:38:20;2018-05-02 20:48:28;2018-05-09 00:00:00;2018-04-25 21:30:32;1.0;34157b9ee376927e58c66e9a69cc8704;850.0;850.0;49.99;8.64;58.63;credit_card;12.016;-6.133;True;False;False;False;False;False;False;False;False;False;False;True;False;False;False;False;False;False;False;False;False;False;False;False;False;1;True
5ced629739c2b3247b4fcd4f0498c3bb;lag_despacho_negativo;delivered;True;SP;Guariba;SP;4869f7a5dfa277a7dca6462dcf3b52b2;>1000;f1e536f71fb7f248fa9a25bbf15da79f;Rio de Janeiro;RJ;RJ;20240;2018-04-20 18:41:27;2018-04-24 19:24:50;2018-04-24 17:18:00;2018-05-08 17:47:43;2018-06-04 00:00:00;2018-04-26 19:30:44;1.0;53b36df67ebb7c41585e8d54d6772e08;584.0;584.0;106.9;0.0;106.9;credit_card;17.963;-26.259;True;False;False;False;False;False;False;False;False;False;True;True;False;False;False;False;False;False;False;False;False;False;False;False;False;2;True
44dd8e3e7650c35a1973a42498626ded;lag_despacho_negativo;delivered;True;SP;São Paulo;SP;31561f325664a8a7aba4c8d0c3a9b3db;11-100;f95848fbfa710dd05f1f05d048be3725;São Paulo;SP;SP;3052;2018-07-13 15:08:43;2018-07-13 15:24:01;2018-07-13 14:36:00;2018-07-16 11:14:27;2018-07-23 00:00:00;2018-07-19 15:24:01;2.0;c201a862c6018d402222594d5229c613;1675.0;1675.0;203.89;19.71;223.6;credit_card;2.837;-6.532;True;False;False;False;False;False;False;False;False;False;False;True;False;False;False;False;False;False;False;False;False;False;False;False;False;1;True
a52c52c656d3b3ef3ec72fcdc13c714f;lag_despacho_negativo;delivered;True;SP;São Paulo;SP;955fee9216a65b617aa5c0531780ce60;>1000;e6775a7638f68355e3cf369f3e1e11f0;Monte Carmelo;MG;MG;38500;2018-04-20 07:59:18;2018-04-24 17:08:47;2018-04-23 18:51:59;2018-05-02 14:03:14;2018-05-18 00:00:00;2018-04-26 12:31:56;1.0;aca2eb7d00ea1a7b8ebd4e68314663af;2600.0;2600.0;69.9;0.0;69.9;debit_card;12.253;-15.414;True;False;False;False;False;False;False;False;False;False;True;True;False;False;False;False;False;False;False;False;False;False;False;False;False;2;True
cbec458163d85abfb23e8838fd9196e6;lag_despacho_negativo;delivered;True;SP;Limeira;SP;729f06993dac8e860d4f02d7088ca48a;11-100;2d7be79ec7cff20da0a7d793741b5f20;Taubaté;SP;SP;12020;2018-04-22 22:52:39;2018-04-24 18:32:50;2018-04-23 19:16:42;2018-04-27 20:52:02;2018-05-17 00:00:00;2018-04-26 23:31:03;1.0;5a57a59c44429be19e1ce8e69e15c473;8550.0;8550.0;120.0;17.75;137.75;credit_card;4.916;-19.131;True;False;False;False;False;False;False;False;False;False;False;True;False;False;False;False;False;False;False;False;False;False;False;False;False;1;True
8b5e19adc5101e4b002ed7c4dfd0ecb3;lag_despacho_negativo;delivered;True;SP;São Paulo;SP;b4ffb71f0cb1b1c3d63fad021ecf93e1;101-1000;9f2006fed361ad5ab1caaf4dbd5e34e4;Lençóis Paulista;SP;SP;18682;2018-07-04 12:42:02;2018-07-05 16:19:58;2018-07-04 13:44:00;2018-07-07 15:51:04;2018-07-23 00:00:00;2018-07-06 13:30:59;1.0;e8c221d6e4cc4e52388be533deda1740;600.0;600.0;128.0;13.56;141.56;credit_card;3.131;-15.34;True;False;False;False;False;False;False;False;False;False;False;True;False;False;False;False;False;False;False;False;False;False;False;False;False;1;True
7f0bbbb8c4fac9e12d3e931d8060da12;lag_despacho_negativo;delivered;True;SP;São Paulo;SP;f80edd2c5aaa505cc4b0a3b219abf4b8;101-1000;29429468b1dcbea0794fe3206c369710;São Paulo;SP;SP;5417;2018-04-23 22:54:01;2018-04-24 19:07:27;2018-04-24 18:50:52;2018-04-25 19:17:53;2018-05-07 00:00:00;2018-04-29 23:31:35;1.0;18f6ea7e8cff29f8053baac6762449f9;1850.0;1850.0;54.9;11.15;66.05;credit_card;1.85;-11.196;True;False;False;False;False;False;False;False;False;False;False;True;False;False;False;False;False;False;False;False;False;False;False;False;False;1;True
f09e65822983a5488ca34c053ed555ac;lag_despacho_negativo;delivered;True;SP;Sorocaba;SP;9d4db00d65d7760644ac0c14edb5fd86;11-100;104b1c416aeb72edd6c2e03d513c72d9;São Paulo;SP;SP;5525;2018-07-05 08:54:10;2018-07-05 16:10:18;2018-07-05 14:19:00;2018-07-06 17:41:51;2018-07-18 00:00:00;2018-07-09 09:31:45;1.0;3d5837f86205fe83f03fb5f7e4d5b9cf;1017.0;1017.0;109.8;10.08;119.88;credit_card;1.366;-11.263;True;False;False;False;False;False;False;False;False;False;False;True;False;False;False;False;False;False;False;False;False;False;False;False;False;1;True
3ccd24b53560c0fe294750d98a057584;lag_despacho_negativo;delivered;True;MG;Belo Horizonte;MG;2a84855fd20af891be03bc5924d2b453;101-1000;26ea059d8584663283fee72473c5ec6e;Belo Horizonte;MG;MG;30160;2018-07-03 16:19:41;2018-07-05 16:27:08;2018-07-05 12:52:00;2018-07-09 19:04:36;2018-07-18 00:00:00;2018-07-09 04:32:58;1.0;bdcf6a834e8faa30dac3886c7a58e92e;1614.0;1614.0;35.9;11.74;47.64;boleto;6.115;-8.205;True;False;False;False;False;False;False;False;False;False;False;True;False;False;False;False;False;False;False;False;False;False;False;False;False;1;True
82ffe097d8ddbf319a523b9bbe7725d5;lag_despacho_negativo;delivered;True;SP;Guarujá;SP;41e0fa5761c886a630994a55c12087e7;1-10 pedidos;caed95700dcb091eeaac59a97fe0cb17;Poá;SP;SP;8557;2018-04-23 01:41:29;2018-04-24 18:29:30;2018-04-23 16:52:42;2018-04-24 17:34:30;2018-05-08 00:00:00;2018-04-27 02:31:45;1.0;31cddbc370031fbb839a21441df28015;433.0;433.0;84.6;8.89;93.49;voucher;1.662;-13.268;True;False;False;False;False;False;False;False;False;False;False;True;False;False;False;False;False;False;False;False;False;False;False;False;False;1;True
56b58249ffb3737fd1083df765e0838d;lag_despacho_negativo;delivered;True;MG;Uberlândia;MG;59b22a78efb79a4797979612b885db36;101-1000;a9641f3d71a5d6ed789920fcc9c079fc;Ponta Grossa;PR;PR;84015;2018-04-21 14:21:14;2018-04-24 19:05:57;2018-04-23 23:44:49;2018-05-04 16:07:30;2018-05-22 00:00:00;2018-04-26 14:30:38;1.0;20415eb4f2c37838abe474b4d601da86;7000.0;7000.0;99.0;50.76;149.76;credit_card;13.074;-17.328;True;False;False;False;False;False;False;False;False;False;False;True;False;False;False;False;False;False;False;False;False;False;False;False;False;1;True
0f6f05d4fb3a94f1cf6cca2700c259d3;lag_despacho_negativo;delivered;True;SP;São José do Rio Preto;SP;1f50f920176fa81dab994f9023523100;>1000;c44291dd4ff2bf256eb1327a1872fa14;Lauro de Freitas;BA;BA;42710;2018-04-22 21:26:48;2018-04-24 18:39:29;2018-04-24 00:03:30;2018-05-14 18:56:47;2018-05-22 00:00:00;2018-04-26 22:31:53;1.0;368c6c730842d78016ad823897a372db;1650.0;1650.0;53.9;25.21;79.11;credit_card;21.896;-7.211;True;False;False;False;False;False;False;False;False;False;False;True;False;False;False;False;False;False;False;False;False;False;False;False;False;1;True
f4f81d9284f8b6894f76d2a8fa524467;lag_despacho_negativo;delivered;True;SP;São Paulo;SP;4d9fea3499bdc22aa4da4e339365f215;1-10 pedidos;e7dbb6cb6a60a83827010f30f9afe441;Rio de Janeiro;RJ;RJ;22261;2018-07-04 16:17:34;2018-07-05 16:27:49;2018-07-05 07:51:00;2018-07-09 16:48:33;2018-08-14 00:00:00;2018-07-10 16:31:34;1.0;898fa82b63404937c7a3c2cc77d6e5b5;400.0;400.0;96.54;15.78;112.32;credit_card;5.022;-35.3;True;False;False;False;False;False;False;False;False;False;False;True;False;False;False;False;False;False;False;False;False;False;False;False;False;1;True
7a0f0934c14eafa4b5afc9a590b9386f;lag_despacho_negativo;delivered;True;SP;Barueri;SP;70126eecc6aa1274392a1743866e9678;1-10 pedidos;a8ab6aab2e9e6cbfb98d85c1d7c54dd0;Belo Horizonte;MG;MG;30285;2018-07-04 11:56:22;2018-07-05 16:15:43;2018-07-05 12:15:00;2018-07-10 21:48:36;2018-07-24 00:00:00;2018-07-11 04:32:07;1.0;3c9ddb88ecde498679b5c3b5f9b0a213;270.0;270.0;38.8;21.57;60.37;boleto;6.411;-13.091;True;False;False;False;False;False;False;False;False;False;False;True;False;False;False;False;False;False;False;False;False;False;False;False;False;1;True
1d4f81fabfc6dadb18f166298fc6aaad;lag_despacho_negativo;delivered;True;SP;São Paulo;SP;6560211a19b47992c3666cc44a7e94c0;>1000;df356cdb085cb42613a303002a1c63e5;Guarulhos;SP;SP;7240;2018-07-01 13:08:05;2018-07-05 16:27:24;2018-07-04 15:11:00;2018-07-06 01:03:55;2018-07-16 00:00:00;2018-07-06 08:32:05;1.0;0dce093fc7ec4dec214256df878e3c08;200.0;200.0;145.0;8.28;153.28;boleto;4.497;-9.956;True;False;False;False;False;False;False;False;False;False;False;True;False;False;False;False;False;False;False;False;False;False;False;False;False;1;True
697dd6059b52ae362ff66b900faebc21;lag_despacho_negativo;delivered;True;RJ;Duque de Caxias;RJ;e1dc0754bada9ee4cfe9713f22f61292;11-100;e07aeffead50e50b8d795fd124fd3241;Erechim;RS;RS;99700;2018-07-02 11:31:09;2018-07-05 16:35:21;2018-07-04 11:59:00;2018-07-12 18:41:37;2018-07-27 00:00:00;2018-07-10 08:32:44;1.0;b948a6dd0adccdcf3ea81888bf678924;850.0;850.0;65.0;23.61;88.61;boleto;10.299;-14.221;True;False;False;False;False;False;False;False;False;False;False;True;False;False;False;False;False;False;False;False;False;False;False;False;False;1;True
6c996c013efca89d881f5717239cf3b0;lag_despacho_negativo;delivered;True;SP;Jaboticabal;SP;4e7c18b98d84e05cbae3ff0ff03846c2;11-100;bfa038d9dc03dee42e6574d7df63f51f;Ponta Grossa;PR;PR;84043;2018-04-22 15:04:45;2018-04-24 18:10:51;2018-04-23 17:12:43;2018-04-27 19:06:55;2018-05-22 00:00:00;2018-04-26 15:31:20;1.0;533c4025819ed8277dcade79756ad4df;1700.0;1700.0;88.0;26.7;114.7;credit_card;5.168;-24.204;True;False;False;False;False;False;False;False;False;False;False;True;False;False;False;False;False;False;False;False;False;False;False;False;False;1;True
2e2c60b99754ae1e4d8b18846cfec9f2;lag_despacho_negativo;delivered;True;SP;Garça;SP;527801b552d0077ffd170872eb49683b;11-100;b9d460d12c9b6c5c3a0d73541e11e5f5;Campo Limpo Paulista;SP;SP;13232;2018-04-22 20:13:45;2018-04-24 18:33:53;2018-04-23 20:46:36;2018-04-26 21:41:40;2018-05-11 00:00:00;2018-04-26 20:31:49;1.0;1cc61b32763a4d816212b3507b6b6c59;1050.0;1050.0;524.9;17.76;542.66;credit_card;4.061;-14.096;True;False;False;False;False;False;False;False;False;False;False;True;False;False;False;False;False;False;False;False;False;False;False;False;False;1;True
e9ce8d3f379bf3d70e4af85174e1841f;lag_despacho_negativo;shipped;True;SP;Laranjal Paulista;SP;7aa4334be125fcdd2ba64b3180029f14;101-1000;383e0c402beac204dc7ad8633cc49ae8;Santa Maria;RS;RS;97010;2017-07-29 14:44:04;2017-08-02 08:34:47;2017-08-01 18:12:05;;2017-08-24 00:00:00;2017-08-07 04:42:59;1.0;d66815037fba03ebe1e3bcb9967723aa;1349.0;1349.0;120.99;18.1;139.09;boleto;;;False;;True;True;False;False;False;False;False;False;False;True;False;False;False;False;False;False;False;False;True;False;False;False;False;2;True
c27714731c13899240db6b32949a7d70;lag_despacho_negativo;delivered;True;MG;Borda da Mata;MG;dbc22125167c298ef99da25668e1011f;101-1000;1b96b13fd6728f27f75ee65f6ec70d74;Juíz de Fora;MG;MG;36060;2018-04-22 23:23:36;2018-04-24 18:57:17;2018-04-23 23:35:31;2018-04-28 01:03:10;2018-05-11 00:00:00;2018-04-27 00:31:01;1.0;5c2bb11cf2149bd4d9fffcc1246458c3;2283.0;2283.0;99.9;13.82;113.72;credit_card;5.069;-12.956;True;False;False;False;False;False;False;False;False;False;False;True;False;False;False;False;False;False;False;False;False;False;False;False;False;1;True
eca1c60d914e6b6b936a63727aaffe7f;lag_despacho_negativo;delivered;True;SP;São Paulo;SP;8bdd8e3fd58bafa48af76b2c5fd71974;11-100;9d117ff3220412aa3c654878555759b1;Três Corações;MG;MG;37410;2018-07-04 22:37:56;2018-07-05 16:32:34;2018-07-05 10:17:00;2018-07-10 23:58:23;2018-07-26 00:00:00;2018-07-10 23:31:11;1.0;ec165cd31c50585786ffda6feff5d0a6;967.0;967.0;188.99;24.12;213.11;credit_card;6.056;-15.001;True;False;False;False;False;False;False;False;False;False;False;True;False;False;False;False;False;False;False;False;False;False;False;False;False;1;True
f8d1bd3e890e8a6792efb7acfc9a4853;lag_despacho_negativo;delivered;True;PR;Maringá;PR;3bb548e3cb7f70f28e3f11ee9dce0e59;11-100;53dee9b3304eaaeeb645b5a449759c51;Rio de Janeiro;RJ;RJ;22010;2018-07-02 20:37:52;2018-07-05 16:09:15;2018-07-05 15:56:00;2018-07-12 17:38:46;2018-08-15 00:00:00;2018-07-10 08:31:41;1.0;d76c049f36a5b4975aa3cf095a6fa499;194.0;194.0;124.89;22.8;147.69;boleto;9.876;-33.265;True;False;False;False;False;False;False;False;False;False;False;True;False;False;False;False;False;False;False;False;False;False;False;False;False;1;True
2833a1c17a4948451b9931c440440fc5;lag_despacho_negativo;delivered;True;SP;São Paulo;SP;7a67c85e85bb2ce8582c35f2203ad736;>1000;3bcd05ab09f9eebaf2ce4edda2e166e4;São Luís;MA;MA;65075;2018-04-23 18:55:51;2018-04-24 19:07:39;2018-04-24 16:58:46;2018-05-05 15:03:53;2018-05-18 00:00:00;2018-04-27 19:31:44;1.0;8064566a6062566058808b3815d7defa;2100.0;2100.0;259.99;33.62;293.61;credit_card;11.839;-12.372;True;False;False;False;False;False;False;False;False;False;False;True;False;False;False;False;False;False;False;False;False;False;False;False;False;1;True
64ff09b60c2714ff11ebcf304ed21fb6;lag_despacho_negativo;delivered;True;SP;Osasco;SP;080199a181c46c657dc5aa235411be3b;11-100;b2c63a8267bfc180d06ba2d9b79cfcc3;São Fidélis;RJ;RJ;28400;2018-07-31 14:04:37;2018-07-31 14:31:37;2018-07-31 13:34:00;2018-08-07 14:41:43;2018-08-10 00:00:00;2018-08-02 14:15:14;1.0;1b405b8c885afa80810433526fc2c5ec;600.0;600.0;120.0;18.94;138.94;credit_card;7.026;-2.388;True;False;False;False;False;False;False;False;False;False;False;True;False;False;False;False;False;False;False;False;False;False;False;False;False;1;True
404d71e18721243380c994069a7f411a;lag_despacho_negativo;delivered;True;SP;São Paulo;SP;31561f325664a8a7aba4c8d0c3a9b3db;11-100;a1e91b297d20335ee3a05686ce77cd75;Belo Horizonte;MG;MG;30882;2018-07-24 13:06:23;2018-07-24 13:44:29;2018-07-24 13:43:00;2018-07-26 20:41:13;2018-08-07 00:00:00;2018-07-30 13:32:03;1.0;730e0343a68b7cebc35ad4d14cf9f7af;150.0;150.0;54.9;15.48;70.38;credit_card;2.316;-11.138;True;False;False;False;False;False;False;False;False;False;False;True;False;False;False;False;False;False;False;False;False;False;False;False;False;1;True
30f1c325f7c1c138e27a82ba984ee5bc;lag_despacho_negativo;delivered;True;SP;Salto;SP;2ff97219cb8622eaf3cd89b7d9c09824;11-100;30b5c881869a4f616fc0824e06f641de;Anastácio;MS;MS;79210;2018-07-02 23:55:31;2018-07-05 16:09:29;2018-07-04 15:09:00;2018-07-11 18:31:46;2018-07-26 00:00:00;2018-07-06 08:32:12;1.0;3ecfdbaf8e32624c343f9e845cdfeec6;650.0;650.0;29.9;19.4;49.3;boleto;8.775;-14.228;True;False;False;False;False;False;False;False;False;False;False;True;False;False;False;False;False;False;False;False;False;False;False;False;False;1;True
3d366c0511565a8ddf3cbeaaba174193;lag_despacho_negativo;delivered;True;SP;São Paulo;SP;2156f2671501a81034d7d07f217609d0;11-100;18d668de92869e9c6bee7a74461e137b;Guaraci;SP;SP;15420;2018-04-20 15:36:52;2018-04-24 18:05:15;2018-04-23 20:52:28;2018-04-27 14:15:00;2018-05-15 00:00:00;2018-04-26 16:31:45;1.0;45c6a146b3386b75159f74dce2524e02;9600.0;9600.0;329.9;19.22;349.12;credit_card;6.943;-17.406;True;False;False;False;False;False;False;True;False;False;False;True;False;False;False;False;False;False;False;False;False;False;False;False;False;2;True
d744f890bf27c2aa635c5d82b2ca0c8a;lag_despacho_negativo;delivered;True;SP;Salto;SP;d6b1ce66b035a475f00c017792ff9769;11-100;dc7997b49d45e3164246815f516ca5d0;Francisco Beltrão;PR;PR;85603;2018-04-22 10:53:11;2018-04-24 18:20:52;2018-04-23 17:47:32;2018-04-26 19:04:32;2018-05-21 00:00:00;2018-04-26 11:31:44;2.0;89411fc3098e56bb679697117c2055af;1300.0;1300.0;309.9;39.02;348.92;credit_card;4.341;-24.205;True;False;False;False;False;False;False;False;False;False;False;True;False;False;False;False;False;False;False;False;False;False;False;False;False;1;True
c2100d40d4b85ba8fc3633a85df8af87;lag_despacho_negativo;delivered;True;SP;São Paulo;SP;850f4f8af5ea87287ac68de36e29107f;101-1000;741ecbacde649cad82e6c1666e9dc0cb;Telêmaco Borba;PR;PR;84266;2018-06-05 11:49:18;2018-06-05 14:31:35;2018-06-05 13:45:00;2018-06-12 16:09:54;2018-07-17 00:00:00;2018-06-13 12:15:44;1.0;2397e0e56f2c656e794348f4fbdfa3dc;3000.0;3000.0;469.01;25.86;494.87;credit_card;7.181;-34.326;True;False;False;False;False;False;False;False;False;False;False;True;False;False;False;False;False;False;False;False;False;False;False;False;False;1;True
b30659f06b33fcd3ffad36f031b503e4;lag_despacho_negativo;delivered;True;SP;São Paulo;SP;ea8482cd71df3c1969d7b9473ff13abc;>1000;d6dc1f2356615d3e02cec3ce83e28783;São Luís;MA;MA;65075;2018-04-22 15:17:49;2018-04-24 18:26:05;2018-04-23 21:51:59;2018-05-08 23:18:39;2018-05-18 00:00:00;2018-04-26 15:31:30;1.0;23845f8d570efe1e44d1ed2f533ab4ee;267.0;267.0;121.99;23.35;145.34;credit_card;16.334;-9.029;True;False;False;False;False;False;False;False;False;False;False;True;False;False;False;False;False;False;False;False;False;False;False;False;False;1;True
22f4dea7b1810fd75107dad133794113;lag_despacho_negativo;delivered;True;MG;Belo Horizonte;MG;080102cd0a76b09e0dcf55fcacc60e05;101-1000;fc26c5fd980909cee638793d9936fdb8;Belo Horizonte;MG;MG;31578;2018-05-30 14:34:06;2018-05-30 14:57:36;2018-05-30 14:50:00;2018-06-01 21:16:31;2018-06-25 00:00:00;2018-06-07 14:57:36;1.0;832137af5164ffb89cf407d686aa2d0d;100.0;100.0;21.9;7.71;29.61;credit_card;2.279;-23.114;True;False;False;False;False;False;False;False;False;False;False;True;False;False;False;False;False;False;False;False;False;False;False;False;False;1;True
86f5f7fe2f0e743fa54095370a545033;lag_despacho_negativo;delivered;True;SP;São Paulo;SP;6560211a19b47992c3666cc44a7e94c0;>1000;f40ba7b6847d3d12bba8467f8e6813fd;Serra;ES;ES;29182;2017-07-26 20:12:49;2017-07-31 23:33:41;2017-07-27 17:29:49;2017-08-07 20:55:48;2017-08-21 00:00:00;2017-08-01 20:25:12;1.0;0b2c18d8e73e17348a011241525cb089;400.0;400.0;199.0;15.14;214.14;credit_card;12.03;-13.128;True;False;False;False;False;False;False;False;False;False;False;True;False;False;False;False;False;False;False;False;False;False;False;False;False;1;True
b2385a6b96543064201c7f066a2b9b56;lag_despacho_negativo;delivered;True;MG;Borda da Mata;MG;dbc22125167c298ef99da25668e1011f;101-1000;71722cbe7140ec7af2c5d829d0569167;Ubá;MG;MG;36502;2018-04-22 18:02:00;2018-04-24 18:53:53;2018-04-23 23:41:42;2018-04-27 16:59:45;2018-05-11 00:00:00;2018-04-26 18:30:46;1.0;14555ba663de8689feacf1d0819cc3b3;2150.0;2150.0;87.99;18.45;106.44;credit_card;4.957;-13.292;True;False;False;False;False;False;False;False;False;False;False;True;False;False;False;False;False;False;False;False;False;False;False;False;False;1;True
71fecd3061e596fd59e65e9d62886535;lag_despacho_negativo;delivered;True;SP;Santo André;SP;ff063b022a9a0aab91bad2c9088760b7;11-100;7ad00854738c8fc46b6bf4c6974cfc49;Vila dos Cabanos;PA;PA;68447;2018-05-08 14:17:52;2018-05-08 14:30:18;2018-05-08 13:43:00;2018-05-22 19:08:28;2018-06-12 00:00:00;2018-05-14 14:30:18;1.0;a5341e3f8155dbb3e62323d3ea289729;2850.0;2850.0;93.0;47.09;140.09;credit_card;14.202;-20.202;True;False;False;False;False;False;False;False;False;False;False;True;False;False;False;False;False;False;False;False;False;False;False;False;False;1;True
43db2bc49fcbe07b3ee17f03949557f4;lag_despacho_negativo;delivered;True;SP;Ibitinga;SP;4a3ca9315b744ce9f8e9374361493884;>1000;d5898f068b0c163032a416dbe57e535f;São Paulo;SP;SP;4144;2018-07-03 16:22:23;2018-07-05 16:23:42;2018-07-04 14:06:00;2018-07-10 20:50:52;2018-07-20 00:00:00;2018-07-05 17:31:26;1.0;99a4788cb24856965c36a24e339b6058;1383.0;1383.0;79.9;14.87;94.77;credit_card;7.186;-9.131;True;False;False;False;False;False;False;False;False;False;False;True;False;False;False;False;False;False;False;False;False;False;False;False;False;1;True
fc94803f2f890e115923357e5ef2d347;lag_despacho_negativo;delivered;True;MG;Conselheiro Lafaiete;MG;58f1a6197ed863543e0136bdedb3fce2;11-100;bca2f94b38209f0053cd08495eb44762;Tupã;SP;SP;17603;2018-07-04 13:50:25;2018-07-05 16:21:19;2018-07-05 13:33:00;2018-07-13 15:59:31;2018-07-31 00:00:00;2018-07-10 14:31:11;1.0;c8ab4e1fd53092c488c0a1777d522b41;6350.0;6350.0;169.0;20.37;189.37;credit_card;9.09;-17.334;True;False;False;False;False;False;False;False;False;False;False;True;False;False;False;False;False;False;False;False;False;False;False;False;False;1;True
06eb87385425e5797a1a5c2cdb1b6559;lag_despacho_negativo;delivered;True;SP;Piracicaba;SP;da8622b14eb17ae2831f4ac5b9dab84a;>1000;3bf91fb0570071bd0857ff3d97461f71;Brasília;DF;DF;71937;2017-09-01 18:53:08;2017-09-13 22:10:37;2017-09-06 21:10:11;2017-09-15 18:53:50;2017-09-26 00:00:00;2017-09-07 22:31:16;1.0;419538c5c0c21d892928586bee1ea16a;2900.0;2900.0;199.9;26.24;226.14;credit_card;14.0;-10.213;True;False;False;False;False;False;False;False;False;False;False;True;False;False;False;False;False;False;False;False;False;False;False;False;False;1;True
cdf7511b632d2a9b53d70b1e24a45e70;lag_despacho_negativo;delivered;True;SP;Ibitinga;SP;d2374cbcbb3ca4ab1086534108cc3ab7;101-1000;fc2f06b2af43f8be78736cd991ca8486;Araçatuba;SP;SP;16070;2018-07-04 16:35:27;2018-07-05 16:15:56;2018-07-05 13:30:00;2018-07-07 17:37:36;2018-07-30 00:00:00;2018-07-11 13:31:36;2.0;0152f69b6cf919bcdaf117aa8c43e5a2;250.0;250.0;86.9;27.57;114.47;credit_card;3.043;-22.266;True;False;False;False;False;False;False;False;False;False;False;True;False;False;False;False;False;False;False;False;False;False;False;False;False;1;True
615915458e5cdf8939ae422e043ca879;lag_despacho_negativo;delivered;True;SP;São Paulo;SP;7a67c85e85bb2ce8582c35f2203ad736;>1000;abbbbf3b358a480884af84bee14b9102;Belém;PA;PA;66610;2018-04-21 17:05:02;2018-04-24 17:17:08;2018-04-23 17:27:43;2018-05-29 16:36:41;2018-05-28 00:00:00;2018-04-26 17:30:39;1.0;3354a4e684f5e7199f9407db70ccd92b;1200.0;1200.0;89.99;22.69;112.68;credit_card;37.98;1.692;True;True;False;True;False;False;False;False;False;False;False;True;False;False;False;False;False;False;False;False;False;False;False;False;False;1;True
12052ac6aa067434388199224c0f11bc;lag_despacho_negativo;delivered;True;SP;Guarulhos;SP;7ff588a03c2aeae4fbd23f9ae64b760d;11-100;f82d1df095bf073a1298faed123b844b;Uibaí;BA;BA;44950;2018-07-31 13:16:33;2018-07-31 13:25:25;2018-07-31 12:51:00;2018-08-09 21:15:51;2018-08-28 00:00:00;2018-08-06 13:25:25;1.0;c0fc7711dd6c18600d83a5420d0e010b;600.0;600.0;89.99;27.58;117.57;credit_card;9.333;-18.114;True;False;False;False;False;False;False;False;False;False;False;True;False;False;False;False;False;False;False;False;False;False;False;False;False;1;True
77ca435b03fbf991e5027e3776e37885;lag_despacho_negativo;delivered;True;SP;São Paulo;SP;d12c926d74ceff0a90a21184466ce161;11-100;c7c94293f2433a2421bc2dbd8cd23ee6;Salvador;BA;BA;40243;2017-09-01 18:49:54;2017-09-13 21:56:08;2017-09-04 20:50:00;2017-09-30 17:33:43;2017-09-26 00:00:00;2017-09-10 22:32:29;1.0;ab1ecbce7afd9f6e661baa24a5706c9c;350.0;350.0;44.9;15.79;60.69;credit_card;28.947;4.732;True;True;False;True;False;False;False;False;False;False;False;True;False;False;False;False;False;False;False;False;False;False;False;False;False;1;True
c9e7721790d06c21ff6fcd2dee7a2f73;lag_despacho_negativo;delivered;True;SP;Santo André;SP;da7039f29f90ce5b4846ffc0fcc93beb;11-100;ac54eabad353ecdbd32b0d554d99f411;São Paulo;SP;SP;4350;2018-07-04 20:23:40;2018-07-05 16:24:41;2018-07-05 08:39:00;2018-07-06 14:36:52;2018-07-17 00:00:00;2018-07-08 21:32:01;1.0;880f4cc8f0bd44fe5afa9fc978a216e1;100.0;100.0;112.9;8.05;120.95;credit_card;1.759;-10.391;True;False;False;False;False;False;False;False;False;False;False;True;False;False;False;False;False;False;False;False;False;False;False;False;False;1;True
60f7dee462ea29c73d75c9dcccf5d870;lag_despacho_negativo;delivered;True;RS;Carazinho;RS;b1a81260566c1bac3114a6d124413f27;11-100;41ce6b8924d1d2850730a60910da0dff;Montes Claros;MG;MG;39401;2018-06-15 07:32:22;2018-06-15 08:00:16;2018-06-15 07:00:00;2018-06-21 17:56:54;2018-07-19 00:00:00;2018-06-19 08:00:16;1.0;c68252426f70e1434cf6e465d7cae869;450.0;450.0;169.9;23.12;193.02;credit_card;6.434;-27.252;True;False;False;False;False;False;False;False;False;False;False;True;False;False;False;False;False;False;False;False;False;False;False;False;False;1;True
79847bdf9821dfcc7a036271d0c6044b;lag_despacho_negativo;delivered;True;SP;Sorocaba;SP;9d4db00d65d7760644ac0c14edb5fd86;11-100;ba800c3db2f86dbeddfb9824aa2b35ac;São Paulo;SP;SP;3333;2018-07-05 09:14:52;2018-07-05 16:31:21;2018-07-05 14:19:00;2018-07-06 17:41:50;2018-07-18 00:00:00;2018-07-09 09:31:33;1.0;fe8b0ea4a95d3a6488d8e23b41720e46;450.0;450.0;199.99;10.09;210.08;credit_card;1.352;-11.263;True;False;False;False;False;False;False;False;False;False;False;True;False;False;False;False;False;False;False;False;False;False;False;False;False;1;True
6445a8b97a5e66d5c72eec0cb6650141;lag_despacho_negativo;delivered;True;PR;Cascavel;PR;522620dcb18a6b31cd7bdf73665113a9;101-1000;dfdababa38004b4e6620ddee41475c0a;Jundiaí;SP;SP;13218;2018-07-03 16:15:05;2018-07-05 16:32:46;2018-07-04 15:11:00;2018-07-10 16:32:10;2018-08-01 00:00:00;2018-07-09 16:31:07;1.0;c4ca7813a32bb7bdf50108e39b6473dd;1800.0;1800.0;829.0;28.6;857.6;credit_card;7.012;-21.311;True;False;False;False;False;False;False;False;False;False;False;True;False;False;False;False;False;False;False;False;False;False;False;False;False;1;True
5adea766ca8f3521f957b27154b09761;lag_despacho_negativo;delivered;True;MG;Betim;MG;4e06067cc08b3f41d837768d392c3ee3;11-100;2cc81b7f51e08b9f200fff0fc2eec98d;São Paulo;SP;SP;4929;2018-07-28 20:32:43;2018-08-02 23:30:35;2018-07-31 11:12:00;2018-08-09 14:16:41;2018-08-15 00:00:00;2018-08-02 16:10:19;2.0;e53197022fd9f554e01b9cf4f3c9f249;150.0;150.0;14.0;30.46;44.46;credit_card;11.739;-5.405;True;False;False;False;False;False;False;False;False;False;False;True;False;False;False;False;False;False;False;False;False;False;False;False;False;1;True
045eff272f42f0ae0191149686f193e1;lag_despacho_negativo;delivered;True;SP;São Bernardo do Campo;SP;f5a590cf36251cf1162ea35bef76fe84;101-1000;9e2ae0d82b9057c99ad147658cd4e336;Belo Horizonte;MG;MG;30150;2018-04-23 09:07:47;2018-04-24 17:13:48;2018-04-23 23:56:47;2018-04-26 15:41:05;2018-05-10 00:00:00;2018-04-27 09:31:32;1.0;44e086c4a977f37a888627b43880586c;600.0;600.0;69.0;15.36;84.36;credit_card;3.273;-13.346;True;False;False;False;False;False;False;False;False;False;False;True;False;False;False;False;False;False;False;False;False;False;False;False;False;1;True
10251da35626072605d693e816f297ca;lag_despacho_negativo;delivered;True;MG;Borda da Mata;MG;dbc22125167c298ef99da25668e1011f;101-1000;91226d2e0845a09fdd86f955c3f32c88;Poços de Caldas;MG;MG;37701;2018-08-13 15:27:36;2018-08-13 15:49:00;2018-08-13 14:45:00;2018-08-16 18:41:34;2018-08-21 00:00:00;2018-08-15 15:49:00;1.0;5c2bb11cf2149bd4d9fffcc1246458c3;2283.0;2283.0;98.9;14.99;113.89;credit_card;3.135;-4.221;True;False;False;False;False;False;False;False;False;False;False;True;False;False;False;False;False;False;False;False;False;False;False;False;False;1;True
15e76da51e30092973501aec21769ee2;lag_despacho_negativo;delivered;True;SP;Praia Grande;SP;e9779976487b77c6d4ac45f75ec7afe9;101-1000;65bb4f2eb2155f9248ac7e57f1f82885;Jardinópolis;SP;SP;14680;2018-07-04 20:41:03;2018-07-05 16:06:59;2018-07-05 14:19:00;2018-07-11 16:51:35;2018-07-25 00:00:00;2018-07-10 21:31:48;1.0;157ee978f4fcdf8984b0bb33a6687fde;650.0;650.0;35.0;13.83;48.83;credit_card;6.841;-13.298;True;False;False;False;False;False;False;False;False;False;False;True;False;False;False;False;False;False;False;False;False;False;False;False;False;1;True
cb9a6504c8ba700db40dcf1442725189;lag_despacho_negativo;delivered;True;MG;Araguari;MG;7299e27ed73d2ad986de7f7c77d919fa;101-1000;d632722bcb3ae214fa649315518a96e5;Presidente Prudente;SP;SP;19010;2018-06-05 13:18:08;2018-06-05 14:31:42;2018-06-05 13:25:00;2018-06-18 19:04:24;2018-07-13 00:00:00;2018-06-13 13:31:15;1.0;be19e1611a6015a66266d199ff3ccce0;150.0;150.0;69.99;18.37;88.36;credit_card;13.24;-24.205;True;False;False;False;False;False;False;False;False;False;False;True;False;False;False;False;False;False;False;False;False;False;False;False;False;1;True
7643003db706885af24736e3a12e76bd;lag_despacho_negativo;delivered;True;SP;Guariba;SP;4869f7a5dfa277a7dca6462dcf3b52b2;>1000;c715072863363b451f8de00e1b2eb9d4;São João Del Rei;MG;MG;36307;2018-04-20 14:48:42;2018-04-24 19:09:38;2018-04-23 19:28:49;2018-05-03 20:09:48;2018-05-18 00:00:00;2018-04-26 15:31:11;1.0;6f3b5b605d91b7439c5e3f5a8dffeea7;335.0;335.0;145.9;18.9;164.8;credit_card;13.223;-14.16;True;False;False;False;False;False;False;False;False;False;False;True;False;False;False;False;False;False;False;False;False;False;False;False;False;1;True
31827c49aa741fe6dc05ad3f63fef4e6;lag_despacho_negativo;delivered;True;SP;Ibitinga;SP;4a3ca9315b744ce9f8e9374361493884;>1000;f8104ccef143d4fdd2690976345d235e;Piracicaba;SP;SP;13418;2018-07-05 11:28:27;2018-07-05 16:19:40;2018-07-05 15:26:00;2018-07-12 21:45:31;2018-07-24 00:00:00;2018-07-09 12:30:42;1.0;777d2e438a1b645f3aec9bd57e92672c;950.0;950.0;69.9;14.8;84.7;credit_card;7.429;-11.093;True;False;False;False;False;False;False;False;False;False;False;True;False;False;False;False;False;False;False;False;False;False;False;False;False;1;True
497ce9c1558c455c54cdc09e3f5e961a;lag_despacho_negativo;delivered;True;SP;São Paulo;SP;6560211a19b47992c3666cc44a7e94c0;>1000;a311ee3ace919e91f7bfe39b98976f57;Promissão;SP;SP;16370;2018-04-21 11:52:23;2018-04-24 18:33:23;2018-04-23 22:39:29;2018-04-30 18:44:30;2018-05-16 00:00:00;2018-04-26 12:30:41;1.0;e70f7c188cd2c0f01a1f6b35411cc481;250.0;250.0;78.0;12.99;90.99;credit_card;9.286;-15.219;True;False;False;False;False;False;False;False;False;False;False;True;False;False;False;False;False;False;False;False;False;False;False;False;False;1;True
17d465c931e7173971bb5f553a9b7750;lag_despacho_negativo;delivered;True;SP;São Paulo;SP;6a8a889bde935bafa76d7848782dfaf9;11-100;33654a02eb3d11a694e43b27986781df;Indaiatuba;SP;SP;13330;2018-04-23 15:16:45;2018-04-24 19:07:50;2018-04-24 18:28:48;2018-04-25 19:22:29;2018-05-09 00:00:00;2018-04-27 15:31:57;1.0;49bfa76ac7062b8b5a0bf9601623d612;450.0;450.0;30.49;8.29;38.78;credit_card;2.171;-13.193;True;False;False;False;False;False;False;False;False;False;False;True;False;False;False;False;False;False;False;False;False;False;False;False;False;1;True
4eee637d6e745237adf560dec7ae412e;lag_despacho_negativo;delivered;True;PR;Curitiba;PR;0cab2da43793a6f3c5ed8514c5f54627;1-10 pedidos;d7aad15e6e3ccca5082ee21b5ad88313;Araraquara;SP;SP;14810;2018-07-27 10:30:54;2018-07-28 10:25:11;2018-07-28 09:05:00;2018-08-01 23:16:48;2018-08-21 00:00:00;2018-08-06 10:25:11;1.0;dca6d5a73e0fb3c97e3fa17fa7f928d7;1900.0;1900.0;119.9;23.64;143.54;credit_card;5.532;-19.03;True;False;False;False;False;False;False;False;False;False;False;True;False;False;False;False;False;False;False;False;False;False;False;False;False;1;True
6cdd8e55d732c4757465f8eb53d4a8a0;lag_despacho_negativo;delivered;True;SP;São Paulo;SP;6560211a19b47992c3666cc44a7e94c0;>1000;8ba94df575a711d67b290b53bca38eed;São Paulo;SP;SP;2874;2018-07-04 09:54:58;2018-07-05 16:32:22;2018-07-04 15:11:00;2018-07-06 15:34:50;2018-07-17 00:00:00;2018-07-06 10:31:36;1.0;86c43103446290e7efacad3701cd654d;250.0;250.0;35.0;7.51;42.51;credit_card;2.236;-10.351;True;False;False;False;False;False;False;False;False;False;False;True;False;False;False;False;False;False;False;False;False;False;False;False;False;1;True
14acf0ab4732322f187e0fd6871a6cbe;lag_despacho_negativo;delivered;True;SP;Guariba;SP;4869f7a5dfa277a7dca6462dcf3b52b2;>1000;6febba3313a197d966a3267abfb5e227;Curitiba;PR;PR;80230;2018-04-21 12:02:33;2018-04-24 18:48:58;2018-04-24 17:18:38;2018-05-02 18:23:52;2018-05-23 00:00:00;2018-04-26 12:30:50;1.0;6f3b5b605d91b7439c5e3f5a8dffeea7;335.0;335.0;145.9;18.9;164.8;credit_card;11.265;-20.233;True;False;False;False;False;False;False;False;False;False;False;True;False;False;False;False;False;False;False;False;False;False;False;False;False;1;True
af79819a5f90540c8d9a0eb9a4ed589c;lag_despacho_negativo;delivered;True;SP;Assis;SP;8bb48dc19fccaa8613b6229bf7f452a2;11-100;ca4bcd691fcdeebab8be6cbb8bb43e95;Jaraguá do Sul;SC;SC;89254;2018-07-03 21:32:49;2018-07-05 16:33:00;2018-07-05 14:09:00;2018-07-10 18:31:45;2018-07-30 00:00:00;2018-07-09 04:32:59;1.0;e5c9a123f21eb2f3dbf0192935d476ea;350.0;350.0;16.4;18.23;34.63;boleto;6.874;-19.228;True;False;False;False;False;False;False;False;False;False;False;True;False;False;False;False;False;False;False;False;False;False;False;False;False;1;True
d64dc080a9163c5e593b591e6c8e32b8;lag_despacho_negativo;delivered;True;SP;Guarulhos;SP;6edacfd9f9074789dad6d62ba7950b9c;101-1000;bf10f1fd7fd870f4d92a239792498714;Itu;SP;SP;13309;2017-07-31 18:29:24;2017-08-02 08:34:30;2017-08-01 21:56:40;2017-08-03 22:07:48;2017-08-11 00:00:00;2017-08-07 06:35:26;1.0;47e7c7fb5d7ab1b726e49c74693a0e69;400.0;400.0;37.9;8.72;46.62;boleto;3.152;-7.078;True;False;False;False;False;False;False;False;False;False;False;True;False;False;False;False;False;False;False;False;False;False;False;False;False;1;True
97d3870e43e40f4dcac70eec95a6b146;lag_despacho_negativo;delivered;True;SP;Guarulhos;SP;0dd184061fb0eaa7ca37932c68ab91c5;101-1000;6b7021aa2622618c2a5fe9639f8282d2;Teresina;PI;PI;64018;2018-08-10 12:23:32;2018-08-10 12:35:24;2018-08-10 12:11:00;2018-08-23 22:48:34;2018-09-18 00:00:00;2018-08-14 12:35:24;1.0;a2105c8c0d5d99dbc5a2a9ad94321e5c;4800.0;4800.0;99.0;44.61;143.61;credit_card;13.434;-25.05;True;False;False;False;False;False;False;False;False;False;False;True;False;False;False;False;False;False;False;False;False;False;False;False;False;1;True
b1b1b0b5750f064412720744d890eaf0;lag_despacho_negativo;delivered;True;SP;Presidente Prudente;SP;8a432f4e5b471f8da497d7dc517666e2;11-100;fa904738e1b854de39ec337a79525be6;Rio de Janeiro;RJ;RJ;20950;2018-06-11 14:00:46;2018-06-12 09:31:55;2018-06-11 14:20:00;2018-06-19 19:04:21;2018-07-19 00:00:00;2018-06-13 14:18:50;1.0;261dc97192b478e60fd1318cd0650618;1200.0;1200.0;39.0;22.93;61.93;credit_card;8.211;-29.205;True;False;False;False;False;False;False;False;False;False;False;True;False;False;False;False;False;False;False;False;False;False;False;False;False;1;True
935337c314d75668fe94f2a51ade79a3;lag_despacho_negativo;delivered;True;SP;Ibitinga;SP;1835b56ce799e6a4dc4eddc053f04066;101-1000;7b3eb812221b3f3b1f3995cb15ee73c2;Cotia;SP;SP;6705;2018-07-04 23:08:12;2018-07-05 16:34:56;2018-07-05 14:13:00;2018-07-11 18:09:33;2018-07-25 00:00:00;2018-07-08 23:31:20;3.0;e3f7b3cbb0ccf1f1e361e6974b22e346;650.0;650.0;60.8;28.650000000000002;89.45;credit_card;6.793;-13.243;True;False;False;False;False;False;False;False;False;False;False;True;False;False;False;False;False;True;False;False;False;False;False;False;False;2;True
f91129f9c042c85dbc000f46b36492a5;lag_despacho_negativo;delivered;True;RJ;Teresópolis;RJ;edb1ef5e36e0c8cd84eb3c9b003e486d;101-1000;11e3ca02fb7ecf2f3d8cb15ec85e2fd7;Caarapó;MS;MS;79940;2018-07-30 15:33:14;2018-08-02 13:43:18;2018-07-31 13:36:00;2018-08-08 15:12:31;2018-08-20 00:00:00;2018-08-01 18:30:52;1.0;64cc57332d82d99ae365b4f5f1048bd0;300.0;300.0;895.65;28.2;923.85;credit_card;8.986;-11.366;True;False;False;False;False;False;False;False;False;False;False;True;False;False;False;False;False;False;False;False;False;False;False;False;False;1;True
e884177a9732255a4b37042acf760c06;lag_despacho_negativo;delivered;True;SP;Guarulhos;SP;c826c40d7b19f62a09e2d7c5e7295ee2;101-1000;62efb165f6f8e441bf9094840e818608;Marília;SP;SP;17516;2018-04-22 20:05:44;2018-04-24 19:22:40;2018-04-24 18:03:05;2018-05-08 14:22:36;2018-05-16 00:00:00;2018-04-26 20:32:02;1.0;5a848e4ab52fd5445cdc07aab1c40e48;400.0;400.0;122.99;0.0;122.99;credit_card;15.762;-7.401;True;False;False;False;False;False;False;False;False;False;True;True;False;False;False;False;False;False;False;False;False;False;False;False;False;2;True
d10768b753caf92effee124437f14321;lag_despacho_negativo;delivered;True;SP;São Paulo;SP;2b3e4a2a3ea8e01938cabda2a3e5cc79;11-100;d91c1a0faf55f367e43be832269cfe62;São Paulo;SP;SP;3872;2018-07-04 09:52:41;2018-07-05 16:32:41;2018-07-04 11:25:00;2018-07-05 18:03:41;2018-07-18 00:00:00;2018-07-09 10:31:42;1.0;35495b55cace6656e50bdc2b82f9d4bb;5550.0;5550.0;1199.9;23.7;1223.6;credit_card;1.341;-12.247;True;False;False;False;False;False;False;False;False;False;False;True;False;False;False;False;False;False;False;False;False;False;False;False;False;1;True
ee00fa5093eb96d8573403b382fb60a8;lag_despacho_negativo;delivered;True;MG;Fronteira;MG;ad420dd0c4f92f8af951ac24b86d0cf5;11-100;41288d4a1cb5b4716c3661bb33a11a01;São Paulo;SP;SP;4711;2018-06-30 21:54:34;2018-07-05 16:08:58;2018-07-04 11:30:00;2018-07-10 20:37:34;2018-07-25 00:00:00;2018-07-05 04:31:45;2.0;d7324c6fc32d3b7077415f24e259ed8f;50.0;50.0;29.98;36.46;66.44;boleto;9.947;-14.141;True;False;False;False;False;False;False;False;False;False;False;True;False;False;False;False;False;False;False;False;False;False;False;False;False;1;True
853bcc471d6ed0eb620a497023eb9fa6;lag_despacho_negativo;delivered;True;SP;Atibaia;SP;d4ffeb15b67e81ff9af2b4252d99fb7e;11-100;5255888d021de3e7ad01cbc8e47b256c;Curitiba;PR;PR;80250;2018-05-24 14:10:03;2018-05-24 14:33:22;2018-05-24 14:19:00;2018-06-04 22:52:34;2018-06-20 00:00:00;2018-05-30 14:31:54;1.0;b9732f4c0f20039130f5ff8cea1c2cb3;5400.0;5400.0;95.0;43.25;138.25;credit_card;11.363;-15.047;True;False;False;False;False;False;False;False;False;False;False;True;False;False;False;False;False;False;False;False;False;False;False;False;False;1;True
394d17c2b71a726e205caaeee3d2aa3d;lag_despacho_negativo;delivered;True;SP;São Paulo;SP;6560211a19b47992c3666cc44a7e94c0;>1000;10d109b1f1f45bd2bf9afd83543eedd4;São Paulo;SP;SP;2071;2018-08-03 14:56:26;2018-08-08 23:31:22;2018-08-06 11:51:00;2018-08-07 19:28:25;2018-08-08 00:00:00;2018-08-07 15:10:09;1.0;dc52f0f5d3ec37a93eaf956cde4e5d2c;400.0;400.0;49.0;8.5;57.5;credit_card;4.189;-0.189;True;False;False;False;False;False;False;False;False;False;False;True;False;False;False;False;False;False;False;False;False;False;False;False;False;1;True
2055a5d587514fc2e59552e6bc6e0a5e;lag_despacho_negativo;delivered;True;SP;Poá;SP;259f7b5e6e482c230e5bfaa670b6bb8f;101-1000;0a76f003f75729860b9ed8ab323df7d6;São Paulo;SP;SP;4833;2018-04-22 23:15:51;2018-04-24 18:58:24;2018-04-23 21:04:53;2018-04-25 12:58:39;2018-05-10 00:00:00;2018-04-26 23:30:54;1.0;4cd6ba4ea3112de8fc238307c4dc6307;1000.0;1000.0;39.0;11.15;50.15;credit_card;2.571;-14.459;True;False;False;False;False;False;False;False;False;False;False;True;False;False;False;False;False;False;False;False;False;False;False;False;False;1;True
f15eda4eee582fbfebc330748f24e208;lag_despacho_negativo;delivered;True;SP;Campinas;SP;562fc2f2c2863ab7e79a9e4388a58a14;101-1000;7fd09df30cd248907b022db21c51ed45;Santa Maria;RS;RS;97030;2018-07-04 15:40:08;2018-07-05 16:32:52;2018-07-05 15:30:00;2018-07-12 19:06:46;2018-08-01 00:00:00;2018-07-09 04:32:12;2.0;71191d3e8768745afc1c290c63f6241e;150.0;150.0;123.99;37.07;161.06;boleto;8.143;-19.204;True;False;False;False;False;False;False;False;False;False;False;True;False;False;False;False;False;False;False;False;False;False;False;False;False;1;True
b83c1be0cbe93a1aea7c3a77e4ae37ee;lag_despacho_negativo;delivered;True;SP;São Paulo;SP;f262cbc1c910c83959f849465454ddd3;101-1000;3c77dd4951dba1fe8d9bb591b12abec2;Poá;SP;SP;8567;2017-12-02 20:43:14;2017-12-05 10:30:54;2017-12-04 22:18:55;2017-12-15 15:12:27;2017-12-20 00:00:00;2017-12-08 12:49:15;2.0;0721efe2bcae3223969332d77f0182bc;421.0;421.0;79.98;17.44;97.42;boleto;12.77;-4.366;True;False;False;False;False;False;False;False;False;False;False;True;False;False;False;False;False;True;False;False;False;False;False;False;False;2;True
4036f899610ca6b249129cf1b59ae8f5;lag_despacho_negativo;delivered;True;PR;Curitiba;PR;adbc26658d6c7b4b6219f9d934598091;11-100;ca76733eeda54059c97f9610c1f6d1c0;Ibirubá;RS;RS;98200;2018-07-31 13:29:34;2018-07-31 14:04:26;2018-07-31 13:42:00;2018-08-10 15:21:33;2018-09-12 00:00:00;2018-08-02 14:04:26;1.0;80d2404aa74015aa6cd21863642295f7;5700.0;5700.0;109.9;23.99;133.89;voucher;10.078;-32.36;True;False;False;False;False;False;False;False;False;False;False;True;False;False;False;False;False;False;False;False;False;False;False;False;False;1;True
49c534c4015249b8c5faf61de763c6e8;lag_despacho_negativo;delivered;True;MG;Monte Sião;MG;1554a68530182680ad5c8b042c3ab563;101-1000;e77388513eea246317ea08bd3dd9062a;Avanhandava;SP;SP;16360;2017-07-30 13:17:00;2017-08-02 08:33:32;2017-08-01 22:12:50;2017-08-07 17:03:31;2017-08-31 00:00:00;2017-08-07 04:35:10;1.0;985c412b0ac92ed9d8a76bbeab6d44eb;1800.0;1800.0;68.9;17.73;86.63;boleto;8.157;-23.289;True;False;False;False;False;False;False;False;False;False;False;True;False;False;False;False;False;False;False;False;False;False;False;False;False;1;True
c651217322b400d1c7f2fb8230870721;lag_despacho_negativo;delivered;True;SP;Barueri;SP;7e93a43ef30c4f03f38b393420bc753a;101-1000;f4984d9f9ce9b3201db4932ea329cb40;Duque de Caxias;RJ;RJ;25213;2018-04-20 08:31:40;2018-04-24 18:14:49;2018-04-24 17:04:24;2018-04-28 16:46:49;2018-05-14 00:00:00;2018-04-26 02:31:42;2.0;bd66403f5f11696c897a825d5235697f;274.0;274.0;440.99;32.84;473.83;boleto;8.344;-15.301;True;False;False;False;False;False;False;False;False;False;False;True;False;False;False;False;False;False;False;False;False;False;False;False;False;1;True
77eebc56e710b7d5e02097984981cd76;lag_despacho_negativo;delivered;True;RJ;Teresópolis;RJ;edb1ef5e36e0c8cd84eb3c9b003e486d;101-1000;38e3937c97e049632e77de6d05648412;Belo Horizonte;MG;MG;30350;2018-05-29 18:10:24;2018-05-30 14:17:00;2018-05-30 14:05:00;2018-06-04 15:24:56;2018-07-17 00:00:00;2018-06-07 14:17:00;1.0;6ef77c360c5206f18e444f0d170a3a01;583.0;583.0;1299.65;31.23;1330.88;credit_card;5.885;-42.358;True;False;False;False;False;False;False;False;False;False;False;True;False;False;False;False;False;False;False;False;False;False;False;False;False;1;True
374fcc5350e3372ce0d7cab981d7de90;lag_despacho_negativo;delivered;True;SP;São Paulo;SP;5b925e1d006e9476d738aa200751b73b;11-100;8b5a55f1ca276fe752917ce68a971407;Cuiabá;MT;MT;78049;2018-04-23 10:53:41;2018-04-24 18:34:56;2018-04-24 00:14:49;2018-05-02 17:44:27;2018-05-21 00:00:00;2018-04-27 11:31:19;1.0;c72edc98e7d77f0c4c04ec80730c05f5;700.0;700.0;65.0;20.18;85.18;credit_card;9.285;-18.261;True;False;False;False;False;False;False;False;False;False;False;True;False;False;False;False;False;False;False;False;False;False;False;False;False;1;True
9ce03263783d6de468ef6a6debdbe92a;lag_despacho_negativo;delivered;True;SP;Guarulhos;SP;72c5da29406b4234927b81855e7b64f6;11-100;5e1de778ea1bea7c3d6f4c899226b7fa;Rio de Janeiro;RJ;RJ;23052;2018-06-07 10:57:37;2018-06-07 11:37:01;2018-06-07 11:26:00;2018-06-16 12:26:21;2018-07-27 00:00:00;2018-06-15 11:31:26;1.0;71f2ce4ae5dfdd3b55a51c7a2d3c4da8;3750.0;3750.0;579.99;26.6;606.59;credit_card;9.062;-40.482;True;False;False;False;False;False;False;False;False;False;False;True;False;False;False;False;False;False;False;False;False;False;False;False;False;1;True
fbffbaaa30f4077e87ec6acdb835b278;entrega_antes_coleta;delivered;True;SP;Dracena;SP;37515688008a7a40ac93e3b2e4ab203f;101-1000;a31e61974efff601345e65e5d6b7ff31;Indaiatuba;SP;SP;13330;2017-07-30 17:58:26;2017-07-31 07:05:07;2017-08-04 20:04:17;2017-08-03 20:30:00;2017-08-18 00:00:00;2017-08-04 07:05:07;2.0;0aabfb375647d9738ad0f7b4ea3653b1;150.0;150.0;104.9;24.779999999999998;129.68;credit_card;4.105;-14.146;True;False;False;False;False;False;False;False;True;False;False;False;False;False;False;False;False;False;False;False;False;False;False;False;False;1;True
b1e786caeddece12e5efd30580eaaabc;lag_despacho_negativo;delivered;True;SP;Santo André;SP;da7039f29f90ce5b4846ffc0fcc93beb;11-100;7241aae1af5ffcdb5411a9d23be378ea;Rio de Janeiro;RJ;RJ;20241;2018-04-20 08:04:26;2018-04-24 17:46:25;2018-04-23 12:34:51;2018-05-02 21:38:37;2018-05-21 00:00:00;2018-04-26 02:31:51;1.0;e988092a8afe5d9393a5c3a7ca17691c;400.0;400.0;49.8;15.23;65.03;boleto;12.565;-18.098;True;False;False;False;False;False;False;False;False;False;False;True;False;False;False;False;False;False;False;False;False;False;False;False;False;1;True
a2dbd93b24fc7f52962452e1920d2ec4;lag_despacho_negativo;delivered;True;SP;Santo André;SP;693660429f9dc4ff704eb3d88dad54d7;1-10 pedidos;a3aff8d67c9d400f130d4c0df6c83939;Rio de Janeiro;RJ;RJ;20960;2018-07-23 17:01:07;2018-07-24 08:31:37;2018-07-24 07:03:00;2018-07-27 18:31:43;2018-08-22 00:00:00;2018-07-27 17:31:26;1.0;50497261c5976a5ca9c115935de42450;547.0;547.0;62.0;15.53;77.53;voucher;4.063;-25.228;True;False;False;False;False;False;False;False;False;False;False;True;False;False;False;False;False;False;False;False;False;False;False;False;False;1;True
7948985f993a3dba42989d5ffef9435d;lag_despacho_negativo;delivered;True;SP;São Paulo;SP;891071be6ba827b591264c90c2ae8a63;11-100;9f147f7fe7e0fff905dfb5012ec986ec;Goiás;GO;GO;76600;2018-04-23 17:56:07;2018-04-24 18:45:12;2018-04-24 18:41:14;2018-05-07 23:05:11;2018-05-22 00:00:00;2018-04-27 18:31:31;1.0;462646c1c1495199e63684d79e6e0d1b;50.0;50.0;25.0;18.23;43.23;credit_card;14.215;-14.038;True;False;False;False;False;False;False;False;False;False;False;True;False;False;False;False;False;False;False;False;False;False;False;False;False;1;True
3b67413a225423c7c571ac1f07bda044;lag_despacho_negativo;delivered;True;SP;Belo Horizonte;MG;289cdb325fb7e7f891c38608bf9e0962;101-1000;fdfd06ba6f7c1fb14143f4890f6179bf;Caiapônia;GO;GO;75850;2018-07-21 22:35:28;2018-07-26 23:32:14;2018-07-24 15:09:00;2018-08-02 21:18:40;2018-08-10 00:00:00;2018-07-26 04:10:19;1.0;cc5447118c174dcc6456c84ccb29e6f7;550.0;550.0;119.8;22.77;142.57;boleto;11.947;-7.112;True;False;False;False;False;False;False;False;False;False;False;True;False;False;False;False;False;False;False;False;False;False;False;False;True;2;True
c5c1bc50dd24bd493ca543401aa6d592;lag_despacho_negativo;delivered;True;SP;São José do Rio Preto;SP;b372ee768ed69e46ca8cdbd267aa7a38;11-100;973769db015fccb0984873fe8ae93ab3;Presidente Prudente;SP;SP;19025;2018-04-20 20:33:06;2018-04-24 19:25:49;2018-04-23 22:11:38;2018-04-26 22:14:48;2018-05-14 00:00:00;2018-05-01 21:30:45;1.0;d3b24c68466ec241b98cddd7861bce4a;150.0;150.0;35.0;12.79;47.79;credit_card;6.071;-17.073;True;False;False;False;False;False;False;False;False;False;False;True;False;False;False;False;False;False;False;False;False;False;False;False;False;1;True
2d26e963bdb342dbdae1fad7ad2ea511;lag_despacho_negativo;delivered;True;RJ;Rio de Janeiro;RJ;bd4431c1a8dfa744b59e1e2a8bc99b9e;1-10 pedidos;d02dd1824902a30960455283214432b0;Santo André;SP;SP;9171;2018-08-14 12:35:00;2018-08-14 12:50:18;2018-08-14 12:23:00;2018-08-21 19:18:51;2018-08-27 00:00:00;2018-08-16 12:50:18;1.0;ab94356394683706626f737b7c135ae1;27050.0;27050.0;139.9;110.67;250.57;credit_card;7.28;-5.195;True;False;False;False;False;False;False;False;False;False;False;True;False;False;False;False;False;False;False;False;False;False;False;False;False;1;True
fa98b69fc0f7e0d07b0f1a54cd42ebfb;lag_despacho_negativo;delivered;True;SP;Guarulhos;SP;72c5da29406b4234927b81855e7b64f6;11-100;97cf93f1a7996669346c33146a8c5acd;Itapeva;SP;SP;18411;2018-07-04 09:21:08;2018-07-05 16:13:19;2018-07-04 12:19:00;2018-07-07 14:03:57;2018-07-26 00:00:00;2018-07-10 09:31:07;1.0;71f2ce4ae5dfdd3b55a51c7a2d3c4da8;3750.0;3750.0;579.99;22.36;602.35;credit_card;3.196;-18.414;True;False;False;False;False;False;False;False;False;False;False;True;False;False;False;False;False;False;False;False;False;False;False;False;False;1;True
3464107c541f0583d599cc7d335cb9c7;lag_despacho_negativo;delivered;True;SP;Guarulhos;SP;8581055ce74af1daba164fdbd55a40de;101-1000;3393bd1427bf03f06c6920825a192337;Americana;SP;SP;13471;2017-04-25 23:34:07;2017-04-27 13:33:18;2017-04-27 11:53:10;2017-05-12 15:24:45;2017-05-12 00:00:00;2017-05-03 09:38:10;1.0;b7277571c3b0c8900e528b94ad5a05dd;6125.0;6125.0;88.0;15.73;103.73;credit_card;16.66;0.642;True;True;False;True;False;False;False;False;False;False;False;True;False;False;False;False;False;False;False;False;False;False;False;False;False;1;True
22a0f64560b6a90eb7175a87387a1aa1;lag_despacho_negativo;delivered;True;SP;Mogi das Cruzes;SP;7d456afc660226829370f3173d14520c;11-100;5e5d0d5a01a3e4809c36751fd5f0a6ff;Santiago;RS;RS;97700;2018-04-21 14:36:39;2018-04-24 18:04:42;2018-04-23 18:03:44;2018-05-03 19:36:32;2018-05-24 00:00:00;2018-04-26 15:30:43;1.0;7f4f22d5b992917ff6895cc0898ca796;50.0;50.0;15.0;18.23;33.23;credit_card;12.208;-20.183;True;False;False;False;False;False;False;False;False;False;False;True;False;False;False;False;False;False;False;False;False;False;False;False;False;1;True
d5ed14d56a32bdc31d25faabc33e7b7a;lag_despacho_negativo;delivered;True;SP;São Paulo;SP;aba1721a889e04decc910aa13b768ef4;11-100;d173bdc28ffe8491a9b9b4b21eb06975;Rio de Janeiro;RJ;RJ;22061;2018-04-23 09:19:20;2018-04-24 17:25:07;2018-04-23 21:42:47;2018-05-02 15:17:04;2018-05-24 00:00:00;2018-04-27 09:31:29;1.0;48c6a56d5ca5f69c0150da0c98a745b8;150.0;150.0;37.0;15.23;52.23;credit_card;9.248;-21.363;True;False;False;False;False;False;False;False;False;False;False;True;False;False;False;False;False;False;False;False;False;False;False;False;False;1;True
0bcf4c7784f314d5c92bcfc30b7813e2;lag_despacho_negativo;delivered;True;SP;Campinas;SP;562fc2f2c2863ab7e79a9e4388a58a14;101-1000;2e0c8e22fced1b114c5f5ed439912ce1;Goiânia;GO;GO;74770;2018-04-21 07:48:49;2018-04-24 18:40:40;2018-04-24 00:16:49;2018-05-08 19:44:55;2018-05-21 00:00:00;2018-04-27 13:30:50;1.0;c9c6fde711572c1ad99ca12728c6af00;150.0;150.0;29.99;15.23;45.22;credit_card;17.497;-12.177;True;False;False;False;False;False;False;False;False;False;False;True;False;False;False;False;False;False;False;False;False;False;False;False;False;1;True
4381b4b79d51e72e0eb56a2fd1aea7b9;lag_despacho_negativo;delivered;True;SP;Ibitinga;SP;640e21a7d01df7614a3b4923e990d40c;101-1000;9a13a74d558446411f150f9d0e0fc8e1;Entre Rios de Minas;MG;MG;35490;2018-05-18 14:39:06;2018-05-18 14:57:40;2018-05-18 13:51:00;2018-06-07 15:21:25;2018-06-08 00:00:00;2018-05-23 14:57:40;1.0;013ee64977aaa6b2b25475095162e0e9;1350.0;1350.0;69.99;23.07;93.06;credit_card;20.029;-0.36;True;False;False;False;False;False;False;False;False;False;False;True;False;False;False;False;False;False;False;False;False;False;False;False;False;1;True
f9acbb9c41a974fa5fdd57e6bf85846a;lag_despacho_negativo;delivered;True;MA;São Luís;MA;06a2c3af7b3aee5d69171b0e14f0ee87;101-1000;fdcdab30bfa02a13cba1adeef408d4b5;Tauá;CE;CE;63660;2018-07-03 09:03:34;2018-07-05 16:40:33;2018-07-04 11:28:00;2018-07-10 17:07:33;2018-08-07 00:00:00;2018-07-09 09:31:52;1.0;19c91ef95d509ea33eda93495c4d3481;700.0;700.0;122.99;20.05;143.04;credit_card;7.336;-27.286;True;False;False;False;False;False;False;False;False;False;False;True;False;False;False;False;False;False;False;False;False;False;False;False;False;1;True
04ac671da9c58d9111811d06df6d2513;lag_despacho_negativo;delivered;True;SP;São José do Rio Preto;SP;1f50f920176fa81dab994f9023523100;>1000;775c4699698b1ee74e359daff3e7468c;São Paulo;SP;SP;8062;2018-04-22 19:30:11;2018-04-24 17:51:00;2018-04-24 00:03:29;2018-04-28 15:41:49;2018-05-16 00:00:00;2018-04-26 20:32:08;1.0;368c6c730842d78016ad823897a372db;1650.0;1650.0;53.9;13.46;67.36;credit_card;5.841;-17.346;True;False;False;False;False;False;False;False;False;False;False;True;False;False;False;False;False;False;False;False;False;False;False;False;False;1;True
69cc55eb653cc27eea935e7a0d26b83a;lag_despacho_negativo;delivered;True;PR;Maringá;PR;0b90b6df587eb83608a64ea8b390cf07;101-1000;b867c3da44a39181b0c4a1ef9c644673;Santos;SP;SP;11040;2018-04-21 08:00:56;2018-04-24 18:25:47;2018-04-23 23:28:33;2018-04-28 01:54:46;2018-05-28 00:00:00;2018-05-03 08:31:12;1.0;5526b1ae9ab2688cf600783cece249df;200.0;200.0;98.44;13.81;112.25;credit_card;6.746;-29.92;True;False;False;False;False;False;False;False;False;False;False;True;False;False;False;False;False;False;False;False;False;False;False;False;False;1;True
4bdb3af7b8d5db206e5ea7b4f964ba4c;lag_despacho_negativo;delivered;True;SP;Ibitinga;SP;7ad32824caee82087b3e2e5f33b1bf32;101-1000;7a5f00b8eaeff82f1d3be0ff6ef8035e;Bambuí;MG;MG;38900;2018-06-30 22:25:00;2018-07-05 16:05:22;2018-07-03 13:56:00;2018-07-06 19:08:10;2018-07-25 00:00:00;2018-07-05 04:31:07;2.0;0424d4d1508370eb771126734ec9740e;2100.0;2100.0;130.0;45.309999999999995;175.31;boleto;5.863;-18.203;True;False;False;False;False;False;False;False;False;False;False;True;False;False;False;False;False;False;False;False;False;False;False;False;False;1;True
47273c48a7c7bb72eefff6de63be0b9b;lag_despacho_negativo;delivered;True;SP;Salto;SP;f8db351d8c4c4c22c6835c19a46f01b0;101-1000;18fe8875aadc2329681fc8e335d0a984;São Luiz Gonzaga;RS;RS;97800;2017-07-28 23:20:34;2017-08-02 08:33:52;2017-08-01 14:00:00;2017-08-09 18:46:03;2017-08-23 00:00:00;2017-08-07 04:25:42;1.0;35557c68a22ecebcf066e25ca2ddc144;300.0;300.0;16.9;15.1;32.0;boleto;11.809;-13.218;True;False;False;False;False;False;False;False;False;False;False;True;False;False;False;False;False;False;False;False;False;False;False;False;False;1;True
85f900f229f817bf7e71ed0c9fdb4fa3;lag_despacho_negativo;delivered;True;SP;Campinas;SP;fe2032dab1a61af8794248c8196565c9;101-1000;03933bd8f668c8444d5307d9d5d171eb;Indaiatuba;SP;SP;13340;2018-04-23 17:22:26;2018-04-24 18:23:50;2018-04-24 16:47:49;2018-04-25 18:31:51;2018-05-10 00:00:00;2018-04-27 18:31:44;1.0;b414928d2f8bfbea1bf625562b6fffc2;325.0;325.0;199.9;9.16;209.06;credit_card;2.048;-14.228;True;False;False;False;False;False;False;False;False;False;False;True;False;False;False;False;False;False;False;False;False;False;False;False;False;1;True
8b5512b2679b86761e6aadc28ed91762;lag_despacho_negativo;delivered;True;SP;Vargem Grande Paulista;SP;de0c78824586e9a5f5f04fd84e25df39;11-100;ee2eee66d80a60f1761eedb7599a971d;Salvador;BA;BA;40100;2018-08-03 14:39:54;2018-08-03 14:50:14;2018-08-03 13:57:00;2018-08-22 18:03:43;2018-10-01 00:00:00;2018-08-07 14:50:14;1.0;08a20557431a9fcad3a08aed08811e14;750.0;750.0;201.9;19.56;221.46;credit_card;19.142;-39.247;True;False;False;False;False;False;False;False;False;False;False;True;False;False;False;False;False;False;False;False;False;False;False;False;False;1;True
7fd6cd7e778c71e9b3721599948c104c;lag_despacho_negativo;delivered;True;RJ;Rio de Janeiro;RJ;db46ca7bce82b11f7e247539271fc390;11-100;e8d04906f39accaf787450a1fbf3ad60;Jaci;SP;SP;15155;2017-05-01 21:16:52;2017-05-06 21:32:39;2017-05-05 11:22:24;2017-05-16 08:34:32;2017-05-25 00:00:00;2017-05-09 12:30:50;1.0;096d687ce8c7ae68039cce3f229b1d4c;665.0;665.0;61.9;15.64;77.54;credit_card;14.471;-8.643;True;False;False;False;False;False;False;False;False;False;False;True;False;False;False;False;False;False;False;False;False;False;False;False;False;1;True
bd47f29a1a6ede24f9dd4d5ca6027dd4;lag_despacho_negativo;delivered;True;SP;Ibitinga;SP;640e21a7d01df7614a3b4923e990d40c;101-1000;c3627b8c3533bd55a1b19e6fd705bf82;Caxias do Sul;RS;RS;95010;2018-07-16 15:34:37;2018-07-16 15:45:19;2018-07-16 14:29:00;2018-07-24 09:41:51;2018-08-08 00:00:00;2018-07-18 15:45:19;1.0;703d742887bb9267f89b675608ba7aa0;950.0;950.0;56.1;19.58;75.68;credit_card;7.755;-14.596;True;False;False;False;False;False;False;False;False;False;False;True;False;False;False;False;False;False;False;False;False;False;False;False;False;1;True
392abee0f881388ab93e4b6b5fd60177;lag_despacho_negativo;delivered;True;SP;Vicente de Carvalho;SP;9b013e03b2ab786505a1d3b5c0756754;101-1000;428f696c9a8641d3e9a0ec0febd9a4bd;São Paulo;SP;SP;8061;2018-07-04 23:48:36;2018-07-05 16:11:04;2018-07-05 13:56:00;2018-07-13 12:06:28;2018-07-19 00:00:00;2018-07-11 00:30:41;1.0;d99526b1e4fa5f57b8bde34a7337b5ee;250.0;250.0;58.0;8.15;66.15;credit_card;8.512;-5.496;True;False;False;False;False;False;False;False;False;False;False;True;False;False;False;False;False;False;False;False;False;False;False;False;False;1;True
2ffc1bd0212c5ba712e1da786b4328c2;lag_despacho_negativo;delivered;True;SP;Praia Grande;SP;e9779976487b77c6d4ac45f75ec7afe9;101-1000;a40bcc58beb1ce296a0b7ad7cb0ec0b6;Novo Hamburgo;RS;RS;93332;2017-07-28 21:14:50;2017-08-02 08:32:33;2017-08-01 18:39:25;2017-08-15 22:09:41;2017-08-23 00:00:00;2017-08-07 04:15:37;1.0;169e1fedd1319ca92e90e057e7123005;400.0;400.0;59.0;15.16;74.16;boleto;18.038;-7.077;True;False;False;False;False;False;False;False;False;False;False;True;False;False;False;False;False;False;False;False;False;False;False;False;False;1;True
a7708ffa8966514c098d15e1abfa6417;lag_despacho_negativo;delivered;True;SP;São Paulo;SP;5670f4db5b62c43d542e1b2d56b0cf7c;11-100;360782688ff472f1adbd47a85861751e;São Paulo;SP;SP;3804;2018-04-23 19:03:35;2018-04-24 19:17:45;2018-04-24 16:22:36;2018-04-25 23:02:39;2018-05-15 00:00:00;2018-04-27 19:31:35;2.0;091107484dd7172f5dcfed173e4a960e;183.0;183.0;36.65;21.1;57.75;credit_card;2.166;-19.04;True;False;False;False;False;False;False;False;False;False;False;True;False;False;False;False;False;False;False;False;False;False;False;False;False;1;True
ccf1f49fad1e7cc6c926b067a0cfea00;lag_despacho_negativo;delivered;True;SP;São Paulo;SP;4978a02ea9c8be7a9b5480680f40334e;11-100;1e8cf2e3b4f313dcc79f5dd092220f60;Suzano;SP;SP;8674;2018-04-23 18:03:27;2018-04-24 18:38:35;2018-04-24 18:18:50;2018-04-26 02:46:51;2018-05-03 00:00:00;2018-04-30 04:30:44;1.0;a0b7b660f3ff79836867de402e158770;11825.0;11825.0;119.99;11.46;131.45;boleto;2.363;-6.884;True;False;False;False;False;False;False;False;False;False;False;True;False;False;False;False;False;False;False;False;False;False;False;False;False;1;True
fdbe86571218c28f0e4259b726b1bd0b;lag_despacho_negativo;delivered;True;SP;São Paulo;SP;955fee9216a65b617aa5c0531780ce60;>1000;0eaa821dd1e028e0076b3b1b52b925fa;Poços de Caldas;MG;MG;37701;2018-04-22 14:04:10;2018-04-24 17:13:10;2018-04-23 19:17:32;2018-04-28 19:34:58;2018-05-17 00:00:00;2018-04-26 14:30:42;1.0;01847cb3f55acfd629641e58e38e561e;800.0;800.0;48.0;13.71;61.71;credit_card;6.23;-18.184;True;False;False;False;False;False;False;False;False;False;False;True;False;False;False;False;False;False;False;False;False;False;False;False;False;1;True
692f4207d359fbf24d641b1470721130;lag_despacho_negativo;delivered;True;SP;Santo André;SP;ff063b022a9a0aab91bad2c9088760b7;11-100;eb7da1cd8b8d48a43fdb3d86f34beff4;Porto Alegre;RS;RS;91430;2018-06-04 12:10:06;2018-06-04 12:31:17;2018-06-04 11:04:00;2018-06-21 21:56:34;2018-07-17 00:00:00;2018-06-12 12:30:58;1.0;f0d56a1df2c0a7a756d7e4352cdcc8f0;2300.0;2300.0;74.0;18.1;92.1;credit_card;17.407;-25.086;True;False;False;False;False;False;False;False;False;False;False;True;False;False;False;False;False;False;False;False;False;False;False;False;False;1;True
129b63bc323d7b5b2965a143b2e72cc7;lag_despacho_negativo;delivered;True;RJ;Rio de Janeiro;RJ;cd6efc47efaabf134f8bdb654e10b4f1;11-100;b1aa2abda32e707cb5c7ab57203e4fec;Varginha;MG;MG;37048;2018-05-30 14:33:24;2018-05-30 14:57:24;2018-05-30 14:33:00;2018-06-08 13:58:41;2018-07-05 00:00:00;2018-06-07 14:57:24;1.0;e84997d75938765ef99930f908ceedf4;1900.0;1900.0;127.0;23.47;150.47;credit_card;8.976;-26.418;True;False;False;False;False;False;False;False;False;False;False;True;False;False;False;False;False;False;False;False;False;False;False;False;False;1;True
12582224cebac18145db6690144db314;lag_despacho_negativo;delivered;True;SP;Piracicaba;SP;da8622b14eb17ae2831f4ac5b9dab84a;>1000;5b2753ef501369b29a72df5ea1b68139;São Paulo;SP;SP;5043;2018-07-30 14:57:33;2018-08-01 16:31:30;2018-07-31 19:02:00;2018-08-01 23:12:46;2018-08-08 00:00:00;2018-08-02 16:55:30;1.0;0a4093a4af429dc0a9334300e5c13ae5;300.0;300.0;29.9;7.47;37.37;credit_card;2.344;-6.033;True;False;False;False;False;False;False;False;False;False;False;True;False;False;False;False;False;False;False;False;False;False;False;False;False;1;True
12f0d35d150a1645900980264e766cc6;lag_despacho_negativo;delivered;True;SP;São Paulo;SP;a416b6a846a11724393025641d4edd5e;101-1000;b3f4c935e5e55ebf855699e8bc3c48ae;Nova Lima;MG;MG;34012;2018-07-03 19:44:29;2018-07-05 16:32:47;2018-07-04 14:59:00;2018-07-07 17:28:48;2018-07-24 00:00:00;2018-07-09 20:31:46;1.0;a779813bc20484d25e7dddbacab940a7;700.0;700.0;99.0;16.88;115.88;credit_card;3.906;-16.272;True;False;False;False;False;False;False;False;False;False;False;True;False;False;False;False;False;False;False;False;False;False;False;False;False;1;True
fcca6c3fefb03709360cbcc79f2ff73d;lag_despacho_negativo;delivered;True;SP;São Paulo;SP;6560211a19b47992c3666cc44a7e94c0;>1000;8d6f8996611cdb40523b0d0f5a01192f;Mauá;SP;SP;9371;2018-06-27 07:09:47;2018-06-27 10:51:56;2018-06-27 10:18:00;2018-06-28 16:22:29;2018-07-12 00:00:00;2018-06-29 07:31:11;1.0;17ad136b7421ea8690fded631b651158;250.0;250.0;55.0;7.65;62.65;credit_card;1.384;-13.318;True;False;False;False;False;False;False;False;False;False;False;True;False;False;False;False;False;False;False;False;False;False;False;False;False;1;True
c8fa48f1b2af19f06cd1ca3b5533bd0e;lag_despacho_negativo;delivered;True;SP;São Paulo;SP;e644cbadf7eeb30d0d29f335ce7d52ec;1-10 pedidos;91b81b40f58d76adb310d312bfe6dbde;Campos Novos;SC;SC;89620;2018-07-03 09:10:24;2018-07-05 16:30:49;2018-07-05 13:59:00;2018-07-13 19:06:45;2018-07-27 00:00:00;2018-07-09 09:31:51;1.0;28e1646763656b0a621cf2b65c118da9;1250.0;1250.0;109.99;23.57;133.56;credit_card;10.414;-13.204;True;False;False;False;False;False;False;False;False;False;False;True;False;False;False;False;False;False;False;False;False;False;False;False;False;1;True
656dbb4c6b66cb06a7ffd47823b6345a;lag_despacho_negativo;delivered;True;MG;Borda da Mata;MG;dbc22125167c298ef99da25668e1011f;101-1000;1c1f87806ef329fd59618c8f50a3ef1d;Muriaé;MG;MG;36887;2018-06-08 11:15:40;2018-06-13 23:32:29;2018-06-08 14:40:00;2018-06-18 21:40:48;2018-07-04 00:00:00;2018-06-18 15:16:52;1.0;5c2bb11cf2149bd4d9fffcc1246458c3;2283.0;2283.0;88.9;14.7;103.6;debit_card;10.434;-15.097;True;False;False;False;False;False;False;False;False;False;False;True;False;False;False;False;False;False;False;False;False;False;False;False;False;1;True
44f9bb85e9dfb3f106dd017fbd8b8006;lag_despacho_negativo;delivered;True;SC;Rio do Sul;SC;669ae81880e08f269a64487cfb287169;101-1000;213133b1f3d6d32a0380333e4ff1102c;Rio de Janeiro;RJ;RJ;22270;2018-04-20 22:20:00;2018-04-24 18:10:37;2018-04-23 20:08:23;2018-05-01 16:02:34;2018-06-01 00:00:00;2018-04-25 23:31:20;2.0;cb81df0e3ccece253557f2a07df4727e;225.0;225.0;90.0;44.12;134.12;credit_card;10.738;-30.332;True;False;False;False;False;False;False;False;False;False;False;True;False;False;False;False;False;True;False;False;False;False;False;False;False;2;True
ad716a0d2ae795dfccfb3afc5d40a6e9;lag_despacho_negativo;delivered;True;SP;Araraquara;SP;974cf2cb8f4b7add98709c30df02fe10;11-100;ceb4051c6ffa6d84505741c5f96093f0;Itaquaquecetuba;SP;SP;8591;2018-07-04 20:46:18;2018-07-05 16:18:56;2018-07-05 13:15:00;2018-07-10 18:38:43;2018-07-23 00:00:00;2018-07-08 21:31:51;1.0;317a06884480d645d7f0bc82455ec277;650.0;650.0;79.99;14.14;94.13;credit_card;5.911;-12.223;True;False;False;False;False;False;False;False;False;False;False;True;False;False;False;False;False;False;False;False;False;False;False;False;False;1;True
d699c734a0b1c8111f2272a3f36d398c;lag_despacho_negativo;delivered;True;SP;Garça;SP;527801b552d0077ffd170872eb49683b;11-100;0c7e5a2123d793a5b2059cca7f650dc8;São José do Rio Preto;SP;SP;15035;2018-04-22 13:17:43;2018-04-24 18:35:56;2018-04-23 20:46:40;2018-04-26 21:47:45;2018-05-11 00:00:00;2018-04-26 13:31:14;1.0;b9ca577f48894c59a9677f895f9a44bc;1350.0;1350.0;334.9;16.43;351.33;credit_card;4.354;-14.092;True;False;False;False;False;False;False;False;False;False;False;True;False;False;False;False;False;False;False;False;False;False;False;False;False;1;True
a771d79ec4b8d059bfb6e773f290cc1d;lag_despacho_negativo;delivered;True;SP;São Paulo;SP;ea8482cd71df3c1969d7b9473ff13abc;>1000;cdbde24991a0b156e7608bd872df8747;Pindorama do Tocantins;TO;TO;77380;2018-07-21 08:57:30;2018-07-26 23:32:34;2018-07-24 15:52:00;2018-08-02 19:37:52;2018-08-16 00:00:00;2018-07-27 04:15:23;1.0;044f05bc9de36e8a693a83e4bc79dd0d;300.0;300.0;24.99;37.09;62.08;boleto;12.445;-13.182;True;False;False;False;False;False;False;False;False;False;False;True;False;False;False;False;False;False;False;False;False;False;False;False;False;1;True
f9682c67b4be66779d1ccdb17aee33f1;lag_despacho_negativo;delivered;True;SP;Ribeirão Preto;SP;5ef131ac72773e5b3f6c0d63cf424657;1-10 pedidos;13e56bf1c485ef13438118c361f92527;Nova Friburgo;RJ;RJ;28625;2018-07-03 22:53:10;2018-07-05 16:40:50;2018-07-04 15:12:00;2018-07-10 01:22:24;2018-07-25 00:00:00;2018-07-09 23:30:56;1.0;d48bacc1dcd9c86bf1ed4ed2a303336c;1232.0;1232.0;46.4;19.52;65.92;credit_card;6.104;-14.943;True;False;False;False;False;False;False;False;False;False;False;True;False;False;False;False;False;False;False;False;False;False;False;False;False;1;True
7a43439d03078dce6fa291258b5d9796;lag_despacho_negativo;delivered;True;SP;Praia Grande;SP;e9779976487b77c6d4ac45f75ec7afe9;101-1000;8bf4cd387c05a3f413601e3aeacf4765;São Bernardo do Campo;SP;SP;9843;2018-07-03 20:46:02;2018-07-05 16:40:38;2018-07-04 14:02:00;2018-07-05 23:59:48;2018-07-18 00:00:00;2018-07-09 22:31:11;1.0;612c7f49d1026f7beded75464b574f81;200.0;200.0;34.49;7.98;42.47;credit_card;2.135;-12.0;True;False;False;False;False;False;False;False;False;False;False;True;False;False;False;False;False;False;False;False;False;False;False;False;False;1;True
61f6ae0e872b9606ece03b676b113436;lag_despacho_negativo;delivered;True;SC;Florianópolis;SC;54c04bdb5ec46762f8f08c7e8f86ed4a;11-100;fd0378f2a2b488cabc3c85bbddfeae6a;Jundiaí;SP;SP;13206;2018-04-21 19:18:32;2018-04-24 18:13:59;2018-04-23 19:18:00;2018-04-27 20:48:39;2018-05-17 00:00:00;2018-04-26 19:30:57;1.0;958168282b745d22ab817ba81a0987b6;2920.0;2920.0;140.0;16.95;156.95;credit_card;6.063;-19.133;True;False;False;False;False;False;False;False;False;False;False;True;False;False;False;False;False;False;False;False;False;False;False;False;False;1;True
d17cd10dbb5981e9a2ba4739a202da55;lag_despacho_negativo;delivered;True;SP;São Bernardo do Campo;SP;116ccb1a1604bc88e4d234a8c23f33de;11-100;9b59ab6cfb7bd290c9a9ed9e86d2ec99;São Bento Abade;MG;MG;37407;2018-02-14 22:21:40;2018-02-16 14:30:18;2018-02-16 02:09:01;2018-02-26 23:06:32;2018-03-09 00:00:00;2018-02-20 23:31:26;1.0;4bb72c0d466766c287b67e15fb8121dd;350.0;350.0;16.0;15.1;31.1;credit_card;12.031;-10.037;True;False;False;False;False;False;False;False;False;False;False;True;False;False;False;False;False;False;False;False;False;False;False;False;False;1;True
6dcf0aeb8b1eb4021c26e1d0e9394979;lag_despacho_negativo;delivered;True;PR;Curitiba;PR;77530e9772f57a62c906e1c21538ab82;101-1000;8d10ccfe7c979ef982e4964bbff62637;Curitiba;PR;PR;82970;2018-08-09 20:37:34;2018-08-20 15:59:18;2018-08-14 13:05:00;2018-08-15 19:06:29;2018-08-15 00:00:00;2018-08-15 16:31:14;1.0;f61f6e53f9c6d150e5e48919a25272d1;2800.0;2800.0;299.0;34.92;318.97;debit_card;5.937;0.796;True;True;False;True;False;False;False;False;False;False;False;True;False;True;False;False;False;False;False;False;False;False;False;False;False;2;True
b27ffd98b450ba9120b7ebd8d6bb75db;lag_despacho_negativo;delivered;True;SP;Cotia;SP;d650b663c3b5f6fb392b6326366efa9a;11-100;dbd324a50ece1c09a1d090c01a10733b;São Paulo;SP;SP;2419;2018-07-03 12:18:23;2018-07-05 16:18:41;2018-07-03 14:55:00;2018-07-06 19:12:04;2018-07-17 00:00:00;2018-07-06 12:31:49;1.0;e801441171ec3eaf3bbb86d6ba6fc9af;275.0;275.0;389.0;9.98;398.98;credit_card;3.287;-10.2;True;False;False;False;False;False;False;False;False;False;False;True;False;False;False;False;False;False;False;False;False;False;False;False;False;1;True
4e790ef1ee5dca2f0de38704d806e45d;lag_despacho_negativo;delivered;True;MG;Montes Claros;MG;3d49bfdd1b43a7fe169b3740067acc61;1-10 pedidos;2bc33799adeccec1a65fa254bdec653d;Rio de Janeiro;RJ;RJ;22730;2018-06-30 01:23:27;2018-07-05 16:05:22;2018-07-04 16:03:00;2018-07-11 20:40:27;2018-08-08 00:00:00;2018-07-09 04:31:28;1.0;2c3dfe5b09e660349378f30d628d70bb;650.0;650.0;80.0;19.75;99.75;boleto;11.803;-27.139;True;False;False;False;False;False;False;False;False;False;False;True;False;False;False;False;False;False;False;False;False;False;False;False;False;1;True
be68a2bd0ec703cf10253c611bfda5d4;lag_despacho_negativo;delivered;True;SP;São Paulo;SP;6560211a19b47992c3666cc44a7e94c0;>1000;f170321e9d98109bd05c9669e71fc4b0;Taboão da Serra;SP;SP;6775;2018-07-03 09:23:56;2018-07-05 16:30:42;2018-07-04 10:46:00;2018-07-05 17:18:41;2018-07-17 00:00:00;2018-07-06 08:31:39;1.0;a92930c327948861c015c919a0bcb4a8;250.0;250.0;78.0;7.81;85.81;boleto;2.33;-11.279;True;False;False;False;False;False;False;False;False;False;False;True;False;False;False;False;False;False;False;False;False;False;False;False;False;1;True
de5b9ed8a33e27633d1c4a31445dddd1;lag_despacho_negativo;delivered;True;SP;São Paulo;SP;a673821011d0cec28146ea42f5ab767f;101-1000;b371160fd327e88b578d64afeb088756;Belo Horizonte;MG;MG;31630;2018-04-20 13:50:27;2018-04-24 18:40:05;2018-04-23 23:10:35;2018-04-30 20:28:28;2018-05-14 00:00:00;2018-04-26 15:31:02;2.0;bb02c40ca38878b8986798de4842d134;975.0;975.0;179.8;36.42;216.22;debit_card;10.276;-13.147;True;False;False;False;False;False;False;False;False;False;False;True;False;False;False;False;False;True;False;False;False;False;False;False;False;2;True
d3e737e1eef1aa87ad5c92bcbf7396dc;lag_despacho_negativo;delivered;True;SP;Campinas;SP;fe2032dab1a61af8794248c8196565c9;101-1000;10d2a255228fa0b30be3453dc1feb36b;São José dos Campos;SP;SP;12237;2018-04-23 11:41:51;2018-04-24 19:05:26;2018-04-23 21:48:57;2018-04-25 23:25:28;2018-05-10 00:00:00;2018-04-27 12:32:01;1.0;b414928d2f8bfbea1bf625562b6fffc2;325.0;325.0;199.9;9.51;209.41;credit_card;2.489;-14.024;True;False;False;False;False;False;False;False;False;False;False;True;False;False;False;False;False;False;False;False;False;False;False;False;False;1;True
8a0d96f5670fea64635b9fc54650c414;lag_despacho_negativo;delivered;True;SP;São Paulo;SP;1d4587203296c8f4ad134dc286fa6db0;11-100;294c84368e1e700bd409fdd944eb07ad;Blumenau;SC;SC;89035;2018-04-20 11:53:46;2018-04-24 17:25:40;2018-04-23 23:17:35;2018-05-04 16:11:50;2018-05-18 00:00:00;2018-04-26 12:31:34;1.0;a9d1cb8af08398eac9706fecdfd3fea3;200.0;200.0;34.9;18.23;53.13;credit_card;14.179;-13.325;True;False;False;False;False;False;False;False;False;False;False;True;False;False;False;False;False;False;False;False;False;False;False;False;False;1;True
e57c5c4eb04e271f8cb3de347b910287;lag_despacho_negativo;delivered;True;SP;São José do Rio Preto;SP;fadb07c842a2aef5d5a676b85f220e71;1-10 pedidos;4490fd213fb26eb6d996653707721726;Imbituba;SC;SC;88780;2018-07-31 15:42:30;2018-07-31 17:00:17;2018-07-31 15:50:00;2018-08-08 00:08:45;2018-08-17 00:00:00;2018-08-02 16:31:56;1.0;867901d7e8488fb97f1fb538c09d476e;6750.0;6750.0;79.99;34.32;114.31;credit_card;7.352;-8.994;True;False;False;False;False;False;False;False;False;False;False;True;False;False;False;False;False;False;False;False;False;False;False;False;False;1;True
c6f11a51ee3384a11e50cc55dc685c24;lag_despacho_negativo;delivered;True;SP;Campo Limpo Paulista;SP;3d871de0142ce09b7081e2b9d1733cb1;>1000;52f41b570c31d5f465eea3427b30334e;Tupã;SP;SP;17602;2018-08-15 14:02:44;2018-08-15 14:24:18;2018-08-15 13:56:00;2018-08-21 10:15:44;2018-08-28 00:00:00;2018-08-20 14:24:18;1.0;fcaab5d7f656094e49fbe4ee3a506658;7650.0;7650.0;109.0;24.84;133.84;credit_card;5.842;-6.572;True;False;False;False;False;False;False;False;False;False;False;True;False;False;False;False;False;False;False;False;False;False;False;False;False;1;True
e7d1cbc138189b71137ee7031026b62e;lag_despacho_negativo;delivered;True;SP;Barueri;SP;7e93a43ef30c4f03f38b393420bc753a;101-1000;0c08fe96c0e03914e28fb8678c66983c;Niterói;RJ;RJ;24346;2018-04-21 18:11:49;2018-04-24 18:59:35;2018-04-24 17:04:18;2018-04-30 22:05:24;2018-05-15 00:00:00;2018-04-26 18:31:38;1.0;d04e48982547095af81c231c3d581cb6;292.0;292.0;219.0;16.41;235.41;credit_card;9.162;-14.08;True;False;False;False;False;False;False;False;False;False;False;True;False;False;False;False;False;False;False;False;False;False;False;False;False;1;True
c952071f38138a067c714cf653f34aa6;lag_despacho_negativo;delivered;True;PR;Curitiba;PR;fde0cc9ea29c8ccfc0a2c22256a58c71;11-100;c6f9d741f10022ed6f9233f0ee079978;São Paulo;SP;SP;2404;2018-07-22 21:32:38;2018-07-23 12:31:57;2018-07-23 10:52:00;2018-07-26 17:26:30;2018-08-09 00:00:00;2018-07-25 11:03:33;1.0;23318fc7dadffdde2b4ebf8dadefcf68;3300.0;3300.0;105.0;23.5;128.5;credit_card;3.829;-13.273;True;False;False;False;False;False;False;False;False;False;False;True;False;False;False;False;False;False;False;False;False;False;False;False;False;1;True
3263e5243c28ebe706f7500cf88054ad;lag_despacho_negativo;delivered;True;SP;São Paulo;SP;1025f0e2d44d7041d6cf58b6550e0bfa;101-1000;d2cb62917a62d79c9eaa46bdd9d374a5;Franca;SP;SP;14405;2018-04-22 18:16:11;2018-04-24 19:04:58;2018-04-23 19:31:49;2018-04-26 19:48:45;2018-05-16 00:00:00;2018-04-26 18:31:03;6.0;ef66e63137bdd1b2e44aa968646fc1e3;750.0;750.0;285.0;84.66;369.65;credit_card;4.064;-19.174;True;False;False;False;False;False;False;False;False;False;False;True;False;False;False;False;False;True;False;False;False;False;False;False;False;2;True
23a9867e2ef4c3cd636e7e275edb0252;lag_despacho_negativo;delivered;True;SP;Garça;SP;527801b552d0077ffd170872eb49683b;11-100;ff6b4cd2177f2ccab82ff6ae151ad0e0;Taboão da Serra;SP;SP;6775;2018-04-20 20:35:54;2018-04-24 19:27:38;2018-04-23 20:46:36;2018-04-26 12:56:38;2018-05-11 00:00:00;2018-04-27 08:31:42;1.0;b9ca577f48894c59a9677f895f9a44bc;1350.0;1350.0;334.9;16.43;351.33;credit_card;5.681;-14.461;True;False;False;False;False;False;False;False;False;False;False;True;False;False;False;False;False;False;False;False;False;False;False;False;False;1;True
07f770114a6de1a65f865bf22d8bb20a;lag_despacho_negativo;delivered;True;SP;São Paulo;SP;42b729f859728f5079499127a9c2ef37;101-1000;c1afacb800d62408ba097a32d6524e84;Cruzeiro;SP;SP;12705;2018-08-06 09:17:53;2018-08-06 09:30:16;2018-08-06 08:44:00;2018-08-09 16:40:37;2018-08-16 00:00:00;2018-08-08 09:30:16;1.0;27c5d184e397082e7f0ff11ace0d7269;750.0;750.0;62.9;14.02;76.92;credit_card;3.307;-6.305;True;False;False;False;False;False;False;False;False;False;False;True;False;False;False;False;False;False;False;False;False;False;False;False;False;1;True
c0064eb733991511a78ddc2fdba0effe;lag_despacho_negativo;delivered;True;SP;São Bernardo do Campo;SP;7722b1df1b0e383e000397b2c11e3e19;101-1000;051cfab9a2157fdd2150d0b4aa0128ba;São Paulo;SP;SP;5886;2018-07-03 10:47:11;2018-07-05 16:40:44;2018-07-04 13:12:00;2018-07-07 19:41:48;2018-07-17 00:00:00;2018-07-06 11:31:18;1.0;5135301d684848b74276f22afcc6781c;500.0;500.0;49.9;9.1;59.0;credit_card;4.371;-9.179;True;False;False;False;False;False;False;False;False;False;False;True;False;False;False;False;False;False;False;False;False;False;False;False;False;1;True
0133a47b53fee66218790a8d7dcab993;lag_despacho_negativo;delivered;True;SP;São Paulo;SP;7a67c85e85bb2ce8582c35f2203ad736;>1000;0663e652f8793c2d4eb77e8185a5747f;Porto Alegre;RS;RS;91110;2018-04-20 19:05:03;2018-04-24 18:59:19;2018-04-23 17:33:54;2018-05-02 18:07:55;2018-05-22 00:00:00;2018-04-26 19:30:43;1.0;3354a4e684f5e7199f9407db70ccd92b;1200.0;1200.0;89.99;18.21;108.2;credit_card;11.96;-19.245;True;False;False;False;False;False;False;False;False;False;False;True;False;False;False;False;False;False;False;False;False;False;False;False;False;1;True
e8a8221d81dec1257a582b21f3db43fd;lag_despacho_negativo;delivered;True;SP;Santo André;SP;d4910f1cdcfdabd48d6b316e395d4a23;11-100;365ed08446356b37760003aabd1c8166;São Paulo;SP;SP;2247;2018-07-30 13:01:12;2018-08-01 16:31:32;2018-08-01 11:34:00;2018-08-06 15:26:57;2018-08-06 00:00:00;2018-08-03 16:45:23;1.0;dc0b50beb0d276fb3eb4c7a5cb177f46;1150.0;1150.0;98.8;11.71;110.51;credit_card;7.101;0.644;True;True;False;True;False;False;False;False;False;False;False;True;False;False;False;False;False;False;False;False;False;False;False;False;False;1;True
ed274ecbd297951203b23b1e071eb593;lag_despacho_negativo;delivered;True;SP;Ibitinga;SP;640e21a7d01df7614a3b4923e990d40c;101-1000;bfe964865bb435b81a560ba893502540;Louveira;SP;SP;13290;2018-05-15 15:33:44;2018-05-15 15:56:03;2018-05-15 14:13:00;2018-05-18 16:48:50;2018-05-30 00:00:00;2018-05-18 15:56:03;1.0;703d742887bb9267f89b675608ba7aa0;950.0;950.0;56.1;8.38;64.48;credit_card;3.052;-11.299;True;False;False;False;False;False;False;False;False;False;False;True;False;False;False;False;False;False;False;False;False;False;False;False;False;1;True
aca0056ddf17f45b8d03364ba389f4fb;lag_despacho_negativo;delivered;True;SP;São Paulo;SP;8b321bb669392f5163d04c59e235e066;101-1000;3300f6c7c4348403af41d6037c04f618;São Paulo;SP;SP;4649;2018-04-20 08:36:48;2018-04-24 17:29:50;2018-04-23 17:56:50;2018-04-24 18:31:06;2018-05-09 00:00:00;2018-04-26 02:31:42;1.0;a5db7a80a8d9c9d49050360fceb6ffd4;300.0;300.0;9.9;7.39;17.29;boleto;4.413;-14.228;True;False;False;False;False;False;False;False;False;False;False;True;False;False;False;False;False;False;False;False;False;False;False;False;False;1;True
d561072d49eab548e70aab56a180616e;lag_despacho_negativo;delivered;True;SP;São Paulo;SP;d594982fd877af63ace38ea1fca27c76;1-10 pedidos;bc7739e799fb6568ea343b5616d23e62;Jaú;SP;SP;17209;2018-07-01 21:20:41;2018-07-05 16:04:53;2018-07-04 10:53:00;2018-07-11 00:28:38;2018-07-24 00:00:00;2018-07-09 04:30:42;1.0;5ae2f57d379f89f995f9444cdb6d5c60;133.0;133.0;27.19;12.85;40.04;boleto;9.131;-12.98;True;False;False;False;False;False;False;False;False;False;False;True;False;False;False;False;False;False;False;False;False;False;False;False;False;1;True
7323d8e601f88123554e4d9bdb617b79;lag_despacho_negativo;delivered;True;PE;Recife;PE;de722cd6dad950a92b7d4f82673f8833;101-1000;99e5ffb6f6a73fce0c4eb14560acb6ff;Ibotirama;BA;BA;47520;2018-04-23 20:15:41;2018-04-24 18:39:01;2018-04-24 18:19:25;2018-05-01 13:40:29;2018-05-23 00:00:00;2018-04-30 04:31:03;1.0;3dd2a17168ec895c781a9191c1e95ad7;533.0;533.0;149.9;23.98;173.88;boleto;7.726;-21.43;True;False;False;False;False;False;False;False;False;False;False;True;False;False;False;False;False;False;False;False;False;False;False;False;False;1;True
ef42ca96b36e758b3da05888aa8ad723;lag_despacho_negativo;delivered;True;SP;Hortolândia;SP;c70c1b0d8ca86052f45a432a38b73958;101-1000;c09c9145125e2082c928a5c3de5664fb;São Paulo;SP;SP;5136;2018-04-22 22:00:53;2018-04-24 17:44:29;2018-04-23 23:04:02;2018-04-24 23:42:47;2018-05-02 00:00:00;2018-04-26 22:31:45;1.0;c31aeb5af287a26d96b971c4cca17ece;200.0;200.0;110.32;7.83;118.15;credit_card;2.071;-7.012;True;False;False;False;False;False;False;False;False;False;False;True;False;False;False;False;False;False;False;False;False;False;False;False;False;1;True
b82cf5fe4911adae1a6d2c4b171ec237;lag_despacho_negativo;delivered;True;SP;Diadema;SP;77a515caa36327151d1cc6c32a9f00e1;11-100;edc6cc31523779d9c623c9669740324b;São Paulo;SP;SP;4734;2018-06-29 21:56:38;2018-07-05 16:04:23;2018-07-04 12:24:00;2018-07-05 22:56:41;2018-07-19 00:00:00;2018-07-09 04:31:31;1.0;ed50ef551530d9a6966c1b0cdfed30a1;350.0;350.0;83.0;7.84;90.84;boleto;6.042;-13.044;True;False;False;False;False;False;False;False;False;False;False;True;False;False;False;False;False;False;False;False;False;False;False;False;False;1;True
771e9bbd641d86a4ee75fe80bdf61d7b;lag_despacho_negativo;delivered;True;MG;Ilicínea;MG;a1043bafd471dff536d0c462352beb48;101-1000;c8146cb28fa1053e64b1d6ffaeef6d42;Tijucas;SC;SC;88200;2018-06-13 13:00:21;2018-06-13 13:17:05;2018-06-13 12:00:00;2018-06-21 22:56:45;2018-07-17 00:00:00;2018-06-15 13:17:05;1.0;c4baedd846ed09b85f78a781b522f126;5950.0;5950.0;89.99;50.92;140.91;credit_card;8.414;-25.044;True;False;False;False;False;False;False;False;False;False;False;True;False;False;False;False;False;False;False;False;False;False;False;False;False;1;True
a62edb6b5312cdc742089aa7c336718c;lag_despacho_negativo;delivered;True;SC;Brusque;SC;c33847515fa6305ce6feb1e818569f13;101-1000;c2cccfa82f467cdc30aa4d6093522ae0;Santo Antônio do Leste;MT;MT;78628;2018-07-02 18:35:06;2018-07-05 16:14:55;2018-07-05 12:42:00;2018-07-13 19:26:49;2018-08-07 00:00:00;2018-07-10 08:32:20;1.0;fbce4c4cb307679d89a3bf3d3bb353b9;6550.0;6550.0;149.0;88.55;237.55;boleto;11.036;-24.19;True;False;False;False;False;False;False;False;False;False;False;True;False;False;False;False;False;False;False;False;False;False;False;False;False;1;True
047ea1a58aad923c2c108eafa2c28192;lag_despacho_negativo;delivered;True;MA;São Luís;MA;06a2c3af7b3aee5d69171b0e14f0ee87;101-1000;55ff194b4d155d1922986019aedb8933;Taubaté;SP;SP;12010;2018-07-01 09:19:30;2018-07-05 16:05:43;2018-07-03 13:34:00;2018-07-11 21:32:28;2018-08-01 00:00:00;2018-07-09 04:31:21;1.0;19c91ef95d509ea33eda93495c4d3481;700.0;700.0;122.99;63.11;186.1;boleto;10.509;-20.102;True;False;False;False;False;False;False;False;False;False;False;True;False;False;False;False;False;False;False;False;False;False;False;False;False;1;True
1f46960aa3ffd141df0ca069e617b4a2;lag_despacho_negativo;delivered;True;SP;Atibaia;SP;16090f2ca825584b5a147ab24aa30c86;101-1000;c52453821582b2e9295670149b2a77f7;Jacareí;SP;SP;12327;2018-07-20 18:36:59;2018-07-25 23:31:43;2018-07-24 12:56:00;2018-07-26 00:16:44;2018-07-30 00:00:00;2018-07-26 04:25:26;1.0;33ba4b29d820b397054cc97e892ab1bc;300.0;300.0;27.9;7.46;35.36;boleto;5.236;-3.988;True;False;False;False;False;False;False;False;False;False;False;True;False;False;False;False;False;False;False;False;False;False;False;False;False;1;True
ebb181b4dfa0aa047045c086da0802b7;lag_despacho_negativo;delivered;True;RJ;Rio de Janeiro;RJ;95e03ca3d4146e4011985981aeb959b9;101-1000;b08ebed8c47766c87998c74fbd448785;Rio de Janeiro;RJ;RJ;22750;2018-04-20 01:25:30;2018-04-24 17:52:57;2018-04-23 19:07:34;2018-04-27 03:34:41;2018-05-23 00:00:00;2018-04-26 02:31:40;1.0;c77780d5086829345e6632976fb648a0;850.0;850.0;38.0;9.06;47.06;boleto;7.09;-25.851;True;False;False;False;False;False;False;False;False;False;False;True;False;False;False;False;False;False;False;False;False;False;False;False;False;1;True
744bade1fcf9ff3f31d860ace076d422;lag_despacho_negativo;delivered;True;SP;Franca;SP;7202e2ba20579a9bd1acb29e61fe71f6;11-100;5e5794daaa13f73e2f1cdb4114529843;São Paulo;SP;SP;5263;2018-04-22 11:34:42;2018-04-24 19:04:46;2018-04-24 03:14:34;2018-04-27 20:55:28;2018-05-16 00:00:00;2018-04-26 12:31:06;1.0;0cf573090c66bb30ac5e53c82bdb0403;128.0;128.0;45.9;12.79;58.69;credit_card;5.389;-18.128;True;False;False;False;False;False;False;False;False;False;False;True;False;False;False;False;False;False;False;False;False;False;False;False;False;1;True
f16e3a8c0140ade96be78de15312125b;lag_despacho_negativo;delivered;True;RJ;Rio de Janeiro;RJ;95e03ca3d4146e4011985981aeb959b9;101-1000;8c174f294d5d854841d958eda33f9235;Salvador;BA;BA;40301;2018-04-22 17:22:04;2018-04-24 18:20:56;2018-04-23 19:12:51;2018-05-02 12:47:39;2018-05-25 00:00:00;2018-05-03 18:30:54;1.0;481aad97c80d6786a7c6096991003274;450.0;450.0;35.0;19.04;54.04;credit_card;9.809;-22.467;True;False;False;False;False;False;False;False;False;False;False;True;False;False;False;False;False;False;False;False;False;False;False;False;False;1;True
d8c03aab0fec0814864f1ddfb5135698;lag_despacho_negativo;delivered;True;MG;Uberlândia;MG;59b22a78efb79a4797979612b885db36;101-1000;ebc137c689bc832cc0e53dca8b02c5e8;Porto Alegre;RS;RS;91788;2018-07-04 18:45:58;2018-07-05 16:13:12;2018-07-05 15:43:00;2018-07-13 21:37:44;2018-08-06 00:00:00;2018-07-11 09:31:59;1.0;ecf9484703bdfb9cfcc1ac9c2084b567;11400.0;11400.0;265.0;108.32;373.32;credit_card;9.119;-23.099;True;False;False;False;False;False;False;False;False;False;False;True;False;False;False;False;False;False;False;False;False;False;False;False;False;1;True
a60d571514c73cfc7655d67c75ed82c7;lag_despacho_negativo;delivered;True;MG;Sete Lagoas;MG;0ea22c1cfbdc755f86b9b54b39c16043;101-1000;ad5945bdec9120fbc7eab1a9746695a7;Santana de Parnaíba;SP;SP;6529;2017-04-25 09:50:01;2017-04-27 10:32:03;2017-04-27 07:18:06;2017-05-05 18:58:07;2017-05-26 00:00:00;2017-05-03 02:22:39;1.0;e456721fdab66b576664c035ad183965;150.0;150.0;29.9;14.52;44.42;boleto;10.381;-20.21;True;False;False;False;False;False;False;False;False;False;False;True;False;False;False;False;False;False;False;False;False;False;False;False;False;1;True
7c14826dc2064f880f7652f2b1da73e4;lag_despacho_negativo;delivered;True;PR;Curitiba;PR;e256a62e0ac58c0edfba09966142d561;11-100;459d2dd32c51b04f7abbeeaea3e7817b;Carapicuíba;SP;SP;6351;2018-07-30 09:37:39;2018-08-01 16:31:38;2018-07-31 11:19:00;2018-08-03 19:47:31;2018-08-08 00:00:00;2018-08-01 16:35:23;1.0;d05cc9afc85771f597cf4bc9d8f12546;450.0;450.0;38.0;15.37;53.37;credit_card;4.424;-4.175;True;False;False;False;False;False;False;False;False;False;False;True;False;False;False;False;False;False;False;False;False;False;False;False;False;1;True
f6f0b540e89f9b3f6f256e9c5c739f6f;lag_despacho_negativo;delivered;True;SP;Praia Grande;SP;d91fb3b7d041e83b64a00a3edfb37e4f;101-1000;45632580026f9ec1b0b512437cc31fe4;Santo André;SP;SP;9090;2018-07-01 11:24:10;2018-07-05 16:03:22;2018-07-05 14:58:00;2018-07-10 18:04:51;2018-07-18 00:00:00;2018-07-09 04:31:21;1.0;9443c4c94962f689aafb1c13f5f1762f;500.0;500.0;52.0;9.05;61.05;boleto;9.278;-7.247;True;False;False;False;False;False;False;False;False;False;False;True;False;False;False;False;False;False;False;False;False;False;False;False;False;1;True
5409caeb5a9baefa9e8316e7854e532f;lag_despacho_negativo;delivered;True;SP;Ibitinga;SP;4a3ca9315b744ce9f8e9374361493884;>1000;5774503f5dbbcd09cb88a1fa32f4f88d;São Paulo;SP;SP;3943;2018-06-30 12:16:02;2018-07-05 16:04:21;2018-07-03 14:54:00;2018-07-06 10:48:39;2018-07-26 00:00:00;2018-07-05 04:31:39;2.0;5bfc7506459ae2a7b4b573fe557a58e1;800.0;800.0;250.89000000000001;29.64;280.53;boleto;5.939;-19.55;True;False;False;False;False;False;False;False;False;False;False;True;False;False;False;False;False;False;False;False;False;False;False;False;False;1;True
3a41d0e227b4c6fff055561af5eaca13;lag_despacho_negativo;delivered;True;SP;São Paulo;SP;b4b447d715f9ab302a188fb43d3e96b3;1-10 pedidos;345a1ac3ca53330b45af176810ac91a6;São Paulo;SP;SP;4006;2018-07-03 15:00:40;2018-07-05 16:11:06;2018-07-04 15:11:00;2018-07-05 14:16:41;2018-07-16 00:00:00;2018-07-09 15:31:39;1.0;80096496b2a02d4fff129b5e6a8f047e;5000.0;5000.0;161.99;18.34;180.33;credit_card;1.969;-10.405;True;False;False;False;False;False;False;False;False;False;False;True;False;False;False;False;False;False;False;False;False;False;False;False;False;1;True
59c51bdf0c3270d962625e5ebbe22fb1;lag_despacho_negativo;delivered;True;SP;São Paulo;SP;138dbe45fc62f1e244378131a6801526;11-100;d62eee7d44db15b7b56c01f70fbb2e4c;Praia Grande;SP;SP;11705;2018-06-29 05:26:29;2018-07-05 16:08:11;2018-07-03 19:29:00;2018-07-04 15:32:20;2018-07-13 00:00:00;2018-07-09 04:31:19;1.0;5099f7000472b634fea8304448d20825;375.0;375.0;19.9;8.3;28.2;boleto;5.421;-8.353;True;False;False;False;False;False;False;False;False;False;False;True;False;False;False;False;False;False;False;False;False;False;False;False;False;1;True
70f814478ea3019fff8677f0aca6a54b;lag_despacho_negativo;delivered;True;SP;Diadema;SP;77a515caa36327151d1cc6c32a9f00e1;11-100;adad0c56d848f4034c2cb989a6139c98;Piracicaba;SP;SP;13405;2018-08-23 15:58:16;2018-08-23 16:10:22;2018-08-23 15:31:00;2018-08-27 18:54:37;2018-08-28 00:00:00;2018-08-27 16:10:22;1.0;156bb7508d25ad3108035c7ec3a3d2fb;800.0;800.0;59.89;9.17;69.06;credit_card;4.122;-0.212;True;False;False;False;False;True;False;False;False;False;False;True;False;False;False;False;False;False;False;False;False;False;False;False;False;2;True
89d89c06d4e340f4aab76ee09311062e;lag_despacho_negativo;delivered;True;SP;Dois Córregos;SP;238fac594e170b59c6d228f5a4f4f1d9;11-100;b546b6395b62a37f63ad6f6e4aaa420e;Belo Horizonte;MG;MG;31270;2018-04-22 08:29:09;2018-04-24 18:05:50;2018-04-23 21:11:27;2018-05-02 23:50:41;2018-05-18 00:00:00;2018-04-26 09:31:16;1.0;9f404f5737d7df22b5dc718b6d73a7fb;12800.0;12800.0;99.0;81.78;180.78;credit_card;10.64;-15.006;True;False;False;False;False;False;False;False;False;False;False;True;False;False;False;False;False;False;False;False;False;False;False;False;False;1;True
85b1e09d7a230790544ffb86902bf77b;lag_despacho_negativo;delivered;True;RJ;Petrópolis;RJ;620c87c171fb2a6dd6e8bb4dec959fc6;101-1000;10c23e73ba4e0d1dba0fcb959305ecf2;Rio de Janeiro;RJ;RJ;20020;2018-06-05 11:35:51;2018-06-05 14:31:34;2018-06-05 14:25:00;2018-06-06 13:46:01;2018-07-19 00:00:00;2018-06-13 11:50:12;2.0;b8a0d73b2a06e7910d9864dccdb0cda2;371.0;371.0;139.8;17.64;157.44;credit_card;1.09;-42.426;True;False;False;False;False;False;False;False;False;False;False;True;False;False;False;False;False;True;False;False;False;False;False;False;False;2;True
be7d02ed4f9ec9a43ac0f6adade17ade;lag_despacho_negativo;delivered;True;SP;Salto;SP;c31eff8334d6b3047ed34bebd4d62c36;101-1000;0ddf8285e8d523864efdb434122f13fb;São Paulo;SP;SP;5754;2018-07-03 01:55:39;2018-07-05 16:23:22;2018-07-03 19:26:00;2018-07-04 15:33:58;2018-07-20 00:00:00;2018-07-11 02:31:16;1.0;4fe644d766c7566dbc46fb851363cb3b;1700.0;1700.0;99.99;12.43;112.42;credit_card;1.568;-15.351;True;False;False;False;False;False;False;False;False;False;False;True;False;False;False;False;False;False;False;False;False;False;False;False;False;1;True
476b812a7e4fc972646eb390517bddcb;peso_invalido;delivered;True;SP;Ibitinga;SP;b39d7fe263ef469605dbb32608aee0af;11-100;18a1176652a9344ba489fa4ccaa3c20f;Águas Lindas de Goiás;GO;GO;72911;2018-08-18 11:09:12;2018-08-18 11:30:54;2018-08-21 12:07:00;2018-08-30 16:56:44;2018-09-12 00:00:00;2018-08-22 11:30:42;1.0;e673e90efa65a5409ff4196c038bb5af;;0.0;129.9;23.71;153.61;credit_card;12.241;-12.294;True;False;False;False;False;False;False;False;False;False;False;False;False;False;False;False;True;False;False;False;False;False;False;False;False;1;True
59bcef0c3287abc23a5807748b62b7ad;lag_despacho_negativo;delivered;True;PR;Curitiba;PR;c3cfdc648177fdbbbb35635a37472c53;101-1000;54c4a093ba4ad08084d0d8c7d5f33cc3;São Paulo;SP;SP;1329;2018-07-30 16:31:56;2018-08-02 13:43:21;2018-07-31 14:56:00;2018-08-02 18:52:31;2018-08-09 00:00:00;2018-08-01 18:30:50;1.0;8b18b26ce90f9f0e4c9ae339e532f325;2175.0;2175.0;179.9;22.56;202.46;credit_card;3.098;-6.214;True;False;False;False;False;False;False;False;False;False;False;True;False;False;False;False;False;False;False;False;False;False;False;False;False;1;True
9711d975b961355b4b5d636857e48498;lag_despacho_negativo;delivered;True;RJ;Rio de Janeiro;RJ;3d5d0dc7073a299e31fa718ce1bc00b6;11-100;93ae1bda7d91d89da9fbccb5e1da3d48;Duque de Caxias;RJ;RJ;25268;2018-06-13 15:23:50;2018-06-13 15:38:18;2018-06-13 13:15:00;2018-06-26 00:33:48;2018-06-29 00:00:00;2018-06-19 15:38:18;1.0;4ba9263261711e19aa09a61e3ab72316;750.0;750.0;50.0;9.28;59.28;credit_card;12.382;-2.977;True;False;False;False;False;False;False;False;False;False;False;True;False;False;False;False;False;False;False;False;False;False;False;False;False;1;True
1280f995f41bf95106134b4d116a5f01;lag_despacho_negativo;delivered;True;SC;São José;SC;baa49d93c8c8841e27400a300f5d74b2;1-10 pedidos;c71d7cc776805177a8efc0f904ee5b60;Campinas;SP;SP;13082;2017-05-03 13:31:27;2017-05-08 23:33:06;2017-05-03 16:35:47;2017-05-11 12:41:58;2017-05-26 00:00:00;2017-05-09 14:02:29;1.0;89f1e78cec2da8a550bc341cfc36c066;100.0;100.0;39.9;14.52;54.42;credit_card;7.966;-14.471;True;False;False;False;False;False;False;False;False;False;False;True;False;False;False;False;False;False;False;False;False;False;False;False;False;1;True
a138c0644d38ab9a92ab77dfdd294584;lag_despacho_negativo;delivered;True;SP;São Paulo;SP;960945e1a9535cbc0cd6ddd35fbe7ae8;11-100;76b2a09f520e22fb95a73f4baa4cfe50;Mairiporã;SP;SP;7600;2018-07-04 12:47:34;2018-07-05 16:27:10;2018-07-05 14:43:00;2018-07-06 16:24:42;2018-07-17 00:00:00;2018-07-06 13:30:52;1.0;ec743e758e4f6c47b4b9e73ddd129e86;900.0;900.0;153.9;9.83;163.73;credit_card;2.151;-10.316;True;False;False;False;False;False;False;False;False;False;False;True;False;False;False;False;False;False;False;False;False;False;False;False;False;1;True
db2ab2d67b7e072882b87621025cc8d6;lag_despacho_negativo;delivered;True;SP;São Paulo;SP;4992e76a42cb3aad7a7047e0d3d7e729;11-100;e840da610c4332c5751cc1341e988a6e;São Paulo;SP;SP;3121;2017-07-30 17:48:59;2017-08-02 08:32:15;2017-08-01 15:22:11;2017-08-02 22:11:54;2017-08-11 00:00:00;2017-08-07 04:15:35;1.0;100260bf9206d859dc8db128c8c5afc9;300.0;300.0;25.0;7.78;32.78;boleto;3.183;-8.075;True;False;False;False;False;False;False;False;False;False;False;True;False;False;False;False;False;False;False;False;False;False;False;False;False;1;True
33c1911ef3652a03c6cb098b9399b1d3;lag_despacho_negativo;delivered;True;SP;Carapicuíba;SP;4c498c7345e89aebad651544829beca0;11-100;70f95a47532d0a1ffd3b15302f61a1bf;Uberlândia;MG;MG;38401;2018-07-03 15:14:01;2018-07-05 16:32:54;2018-07-04 12:14:00;2018-07-09 20:26:43;2018-07-27 00:00:00;2018-07-09 15:31:46;1.0;d35825dd1741eee134506022d73f4e71;313.0;313.0;79.69;18.66;98.35;credit_card;6.217;-17.148;True;False;False;False;False;False;False;False;False;False;False;True;False;False;False;False;False;False;False;False;False;False;False;False;False;1;True
7dbcbb9165bf085d77a814bbbea38c6b;lag_despacho_negativo;delivered;True;SP;Salto;SP;f8db351d8c4c4c22c6835c19a46f01b0;101-1000;56ab12c41231e557afdb9dd27ce5652b;São Paulo;SP;SP;4534;2018-04-23 09:30:16;2018-04-24 18:39:19;2018-04-24 18:33:10;2018-04-25 19:14:39;2018-05-11 00:00:00;2018-04-30 04:31:38;1.0;f7a17d2c51d9df89a4f1711c4ac17f33;350.0;350.0;48.9;8.82;57.72;boleto;2.406;-15.198;True;False;False;False;False;False;False;False;False;False;False;True;False;False;False;False;False;False;False;False;False;False;False;False;False;1;True
6c28cf68e8389e5024135b3d33d8a987;lag_despacho_negativo;delivered;True;MG;Ilicínea;MG;a1043bafd471dff536d0c462352beb48;101-1000;cca42269d9ed5030a5952d9abcb1722d;Sumaré;SP;SP;13178;2018-05-09 12:23:00;2018-05-09 12:35:53;2018-05-09 11:09:00;2018-05-21 19:31:32;2018-05-28 00:00:00;2018-05-11 12:35:23;1.0;c4baedd846ed09b85f78a781b522f126;5950.0;5950.0;110.0;44.98;154.98;credit_card;12.298;-6.186;True;False;False;False;False;False;False;False;False;False;False;True;False;False;False;False;False;False;False;False;False;False;False;False;False;1;True
dba025e9db06809a86eb497cbdf12dca;lag_despacho_negativo;delivered;True;SP;São Paulo;SP;761681a821d8275bc79f552116d06869;1-10 pedidos;cf352219936163a042aac91a52f507b7;Itapetininga;SP;SP;18207;2018-04-23 19:27:59;2018-04-24 17:16:24;2018-04-24 16:17:10;2018-04-27 17:58:51;2018-05-11 00:00:00;2018-04-27 20:31:53;1.0;16d903db54452c6e230d4750b57926de;5000.0;5000.0;101.19;20.05;121.24;credit_card;3.938;-13.251;True;False;False;False;False;False;False;False;False;False;False;True;False;False;False;False;False;False;False;False;False;False;False;False;False;1;True
cc460ac4435835dfdda5526dfe84f01f;lag_despacho_negativo;delivered;True;RJ;Rio de Janeiro;RJ;ddd51ae8cda92f3995a51fc0f0f3eec7;1-10 pedidos;99a32bf8f0c54702217b584a4d220761;Rio de Janeiro;RJ;RJ;21060;2017-04-25 10:10:12;2017-04-27 10:32:44;2017-04-26 09:16:59;2017-04-27 22:23:09;2017-05-12 00:00:00;2017-05-03 02:25:21;6.0;200eed7d1d3482898094819dbec1cb52;500.0;500.0;185.39999999999998;52.34;237.72;boleto;2.509;-14.067;True;False;False;False;False;False;False;False;False;False;False;True;False;False;False;False;False;True;False;False;False;False;False;False;False;2;True
1dcb629bf4ae95dddc7ec77ff8fcdd4a;lag_despacho_negativo;delivered;True;SP;São Paulo;SP;7a67c85e85bb2ce8582c35f2203ad736;>1000;dd20dff57e18e1c1fbff44235906d1e2;Belo Horizonte;MG;MG;31060;2018-01-30 11:17:47;2018-02-04 23:31:46;2018-01-31 18:04:50;2018-02-15 18:22:41;2018-02-21 00:00:00;2018-02-06 02:53:47;1.0;29427de7f8a9ee983d9dbc51cec569b4;4475.0;4475.0;99.99;16.95;116.94;boleto;16.295;-5.234;True;False;False;False;False;False;False;False;False;False;False;True;False;False;False;False;False;False;False;False;False;False;False;False;False;1;True
fb3d9e762ad9fb92971864a84c619fec;lag_despacho_negativo;delivered;True;SP;São Paulo;SP;a420f60ff1aa9acc80d0e42959f2b313;11-100;55497a8f92fba80515d30d6f1b4eb9d8;Lauro de Freitas;BA;BA;42710;2018-07-03 14:55:43;2018-07-05 16:32:38;2018-07-03 15:16:00;2018-07-06 20:03:28;2018-07-25 00:00:00;2018-07-05 15:32:18;1.0;dade783416e4099641bdd36ee0f0c3a3;6745.0;6745.0;128.0;35.19;163.19;credit_card;3.214;-18.164;True;False;False;False;False;False;False;False;False;False;False;True;False;False;False;False;False;False;False;False;False;False;False;False;False;1;True
e0dbf52e0c78f9be2caeaa5d799a83ea;lag_despacho_negativo;delivered;True;SP;São José do Rio Preto;SP;1f50f920176fa81dab994f9023523100;>1000;b7c4a65c2ef2735dffd17b8c44a9e685;São Paulo;SP;SP;4364;2018-05-21 10:32:52;2018-05-24 17:35:37;2018-05-22 14:33:00;2018-06-01 17:25:46;2018-06-08 00:00:00;2018-05-25 13:00:39;1.0;368c6c730842d78016ad823897a372db;1650.0;1650.0;53.9;10.13;64.03;credit_card;11.287;-6.274;True;False;False;False;False;False;False;False;False;False;False;True;False;False;False;False;False;False;False;False;False;False;False;False;False;1;True
8883dd20e652369652c1abd7a411788f;lag_despacho_negativo;delivered;True;RJ;Queimados;RJ;056b4ada5bbc2c50cc7842547dda6b51;11-100;65691ce6d0d99e673bd133ade0ec2362;Nova Iguaçu;RJ;RJ;26070;2018-08-14 14:24:51;2018-08-20 14:36:32;2018-08-17 14:44:00;2018-08-20 17:37:56;2018-08-23 00:00:00;2018-08-17 14:45:31;1.0;ddea12cd17c60cff8865c207cf696cf7;425.0;425.0;199.99;9.31;209.3;credit_card;6.134;-2.265;True;False;False;False;False;False;False;False;False;False;False;True;False;False;False;False;False;False;False;False;False;False;False;False;False;1;True
f32c0e06190ba6756bf5532cae9f07c1;lag_despacho_negativo;delivered;True;MA;São Luís;MA;06a2c3af7b3aee5d69171b0e14f0ee87;101-1000;3f582c70a36c90e4f9147b5bb3d80f43;São Paulo;SP;SP;2276;2018-04-20 16:08:56;2018-04-24 19:06:28;2018-04-23 09:57:00;2018-04-30 20:38:51;2018-05-16 00:00:00;2018-04-26 16:31:19;1.0;19c91ef95d509ea33eda93495c4d3481;700.0;700.0;114.99;29.83;144.82;credit_card;10.187;-15.14;True;False;False;False;False;False;False;False;False;False;False;True;False;False;False;False;False;False;False;False;False;False;False;False;False;1;True
8dbf95d9c5478e672a3de4e316ab4d9a;lag_despacho_negativo;delivered;True;SP;São Paulo;SP;6560211a19b47992c3666cc44a7e94c0;>1000;9c10f9a20b72a0e5280f7190bb35d60b;Natal;RN;RN;59112;2018-07-04 19:46:29;2018-07-05 16:22:46;2018-07-05 10:45:00;2018-07-14 18:52:39;2018-07-30 00:00:00;2018-07-06 20:31:34;1.0;0dce093fc7ec4dec214256df878e3c08;200.0;200.0;145.0;23.74;168.74;credit_card;9.963;-15.213;True;False;False;False;False;False;False;False;False;False;False;True;False;False;False;False;False;False;False;False;False;False;False;False;False;1;True
c042c97fd633f5e705a44361fb468828;lag_despacho_negativo;delivered;True;SP;Ibitinga;SP;640e21a7d01df7614a3b4923e990d40c;101-1000;e6035de27a06aca1d56fea7ece3d431e;Nova Iguaçu;RJ;RJ;26022;2018-07-04 15:27:15;2018-07-05 16:21:52;2018-07-05 13:08:00;2018-07-11 17:18:27;2018-07-31 00:00:00;2018-07-10 16:31:51;1.0;703d742887bb9267f89b675608ba7aa0;950.0;950.0;56.1;19.58;75.68;credit_card;7.077;-19.279;True;False;False;False;False;False;False;False;False;False;False;True;False;False;False;False;False;False;False;False;False;False;False;False;False;1;True
24c7fef753636c54b5290c9047a82432;lag_despacho_negativo;delivered;True;SP;Piracicaba;SP;da8622b14eb17ae2831f4ac5b9dab84a;>1000;a119a6f40e1ecc97abc1ec25f931174f;São Paulo;SP;SP;5106;2018-04-21 18:32:13;2018-04-24 19:28:11;2018-04-24 16:31:57;2018-04-25 17:54:35;2018-05-10 00:00:00;2018-04-26 18:30:57;1.0;704ef63ad0ac345842ea734060a83db2;850.0;850.0;74.9;9.26;84.16;credit_card;3.974;-14.254;True;False;False;False;False;False;False;False;False;False;False;True;False;False;False;False;False;False;False;False;False;False;False;False;False;1;True
4d5e865e4b64c8b33f8a81fd14731344;lag_despacho_negativo;delivered;True;PR;Curitiba;PR;0ef83d7d83ed97cd2a0049ac8be5f88a;11-100;1227e78bfc2760c165324d240e2d9ff0;Curitiba;PR;PR;80230;2018-04-20 14:54:15;2018-04-24 19:20:25;2018-04-21 00:28:54;2018-04-23 14:35:02;2018-04-30 00:00:00;2018-04-26 15:31:09;1.0;719d571299707561c34ba04ab867b32a;434.0;434.0;52.99;9.26;62.25;credit_card;2.987;-6.392;True;False;False;False;False;False;False;False;False;False;False;True;False;False;False;False;False;False;False;False;False;False;False;False;False;1;True
17536c16762f9a7287c3bbf5f2262008;lag_despacho_negativo;delivered;True;PR;Londrina;PR;ffa6adafb71b807dc13159e26431354c;11-100;e9a6568264ec01dbcf4501a138e216dd;São Paulo;SP;SP;2111;2018-04-21 02:26:31;2018-04-24 18:58:59;2018-04-23 19:22:55;2018-04-27 20:46:37;2018-05-16 00:00:00;2018-04-26 03:30:39;1.0;4ae6bbbe40edd8689f356e7d822c6dd3;1900.0;1900.0;159.0;11.39;170.39;credit_card;6.764;-18.134;True;False;False;False;False;False;False;False;False;False;False;True;False;False;False;False;False;False;False;False;False;False;False;False;False;1;True
604eaa08ecca86f614fb23ab44999543;lag_despacho_negativo;delivered;True;SP;Jacareí;SP;4e922959ae960d389249c378d1c939f5;101-1000;14186beaa17fc3c147b7018852d55c04;Cotia;SP;SP;6710;2018-07-04 13:08:16;2018-07-05 16:24:41;2018-07-05 14:41:00;2018-07-06 13:41:30;2018-07-20 00:00:00;2018-07-11 04:32:20;1.0;c8f3af40bfb84b26b7d88c30a0760b27;150.0;150.0;199.0;9.13;208.13;boleto;2.023;-13.43;True;False;False;False;False;False;False;False;False;False;False;True;False;False;False;False;False;False;False;False;False;False;False;False;False;1;True
ee482a8248d67e42aa1105d14a941a47;lag_despacho_negativo;delivered;True;MG;Ilicínea;MG;a1043bafd471dff536d0c462352beb48;101-1000;ba2c423a4e4c16a43981b06932eb7393;Belém;PA;PA;66040;2018-04-23 08:49:06;2018-04-24 19:10:07;2018-04-24 16:12:04;2018-05-31 00:04:29;2018-05-28 00:00:00;2018-04-27 09:31:49;1.0;d1c427060a0f73f6b889a5c7c61f2ac4;6550.0;6550.0;119.0;31.52;150.52;credit_card;37.636;3.003;True;True;False;True;False;False;False;False;False;False;False;True;False;False;False;False;False;False;False;False;False;False;False;False;False;1;True
1166c0cee90e165a1b3cf275339be6cc;lag_despacho_negativo;delivered;True;SP;São Paulo;SP;1025f0e2d44d7041d6cf58b6550e0bfa;101-1000;01514a0b29d64250fc301b3413aa0ba3;Londrina;PR;PR;86088;2018-07-21 19:29:35;2018-07-26 23:31:24;2018-07-24 14:27:00;2018-07-30 21:38:00;2018-08-13 00:00:00;2018-07-31 04:25:19;2.0;b532349fe46b38fbc7bb3914c1bdae07;850.0;850.0;70.0;38.88;108.88;boleto;9.089;-13.099;True;False;False;False;False;False;False;False;False;False;False;True;False;False;False;False;False;True;False;False;False;False;False;False;False;2;True
a8a2f97bc403ceb2bc6c142b4b4add3e;lag_despacho_negativo;delivered;True;RS;Porto Alegre;RS;87142160b41353c4e5fca2360caf6f92;101-1000;677d29a213c461d16e75734b36d68d8a;Marília;SP;SP;17519;2018-07-03 09:54:45;2018-07-05 16:20:20;2018-07-03 12:16:00;2018-07-11 23:12:06;2018-07-30 00:00:00;2018-07-05 10:30:53;1.0;134957eeec87be2414ac629ee0b947a4;200.0;200.0;19.9;18.24;38.14;credit_card;8.554;-18.033;True;False;False;False;False;False;False;False;False;False;False;True;False;False;False;False;False;False;False;False;False;False;False;False;False;1;True
f6f0b2497c5a4ca89670186757ab2684;lag_despacho_negativo;delivered;True;PR;Curitiba;PR;77530e9772f57a62c906e1c21538ab82;101-1000;a0a77214faef45bda6ff573f33f39f2c;São Paulo;SP;SP;4270;2017-06-26 12:23:32;2017-07-05 17:09:11;2017-06-27 17:03:09;2017-07-03 17:53:29;2017-07-18 00:00:00;2017-06-30 13:32:11;1.0;44dfeb8491daf22683dff46c7a3265b9;3000.0;3000.0;65.0;14.2;79.2;credit_card;7.229;-14.255;True;False;False;False;False;False;False;False;False;False;False;True;False;False;False;False;False;False;False;False;False;False;False;False;False;1;True
002175704e8b209f61b9ad5cfd92b60e;lag_despacho_negativo;delivered;True;SP;São Paulo;SP;b2ba3715d723d245138f291a6fe42594;101-1000;a562db3c7cb9a68947debd30879b491e;Araraquara;SP;SP;14802;2018-04-22 12:13:25;2018-04-24 17:24:48;2018-04-23 19:03:19;2018-05-02 20:38:44;2018-05-14 00:00:00;2018-04-26 12:30:57;1.0;e6b6e13cf71449a457269f425b89dc74;588.0;588.0;109.9;13.21;123.11;credit_card;10.351;-11.14;True;False;False;False;False;False;False;False;False;False;False;True;False;False;False;False;False;False;False;False;False;False;False;False;False;1;True
33155e3c770d0aeb3c0e7d431e6b420d;lag_despacho_negativo;delivered;True;SP;Ibitinga;SP;4a3ca9315b744ce9f8e9374361493884;>1000;dfb4280815288634f90fd842753443fe;Rio de Janeiro;RJ;RJ;23555;2018-07-04 10:14:33;2018-07-05 16:32:50;2018-07-04 16:13:00;2018-07-11 21:56:26;2018-08-07 00:00:00;2018-07-06 10:31:30;1.0;99a4788cb24856965c36a24e339b6058;1383.0;1383.0;79.9;23.36;103.26;credit_card;7.487;-26.086;True;False;False;False;False;False;False;False;False;False;False;True;False;False;False;False;False;False;False;False;False;False;False;False;False;1;True
fbaeee85e7af535eb8087a3caea19cb4;lag_despacho_negativo;delivered;True;SP;São Paulo;SP;2a7dc43cecabf23403078e2188437d1d;11-100;a46011afb86fab5c2de785a72351e8eb;Natal;RN;RN;59025;2018-04-20 11:21:20;2018-04-24 18:58:26;2018-04-24 00:44:31;2018-05-03 19:26:51;2018-05-22 00:00:00;2018-04-26 14:31:44;1.0;078cd7c7e05802e62f12b568aa50ed9a;700.0;700.0;149.9;27.6;177.5;boleto;13.337;-18.19;True;False;False;False;False;False;False;False;False;False;False;True;False;False;False;False;False;False;False;False;False;False;False;False;False;1;True
1190543041e25468b0370ddae215f01d;lag_despacho_negativo;delivered;True;SP;São Paulo;SP;955fee9216a65b617aa5c0531780ce60;>1000;49d785f527d4a06134c806ebdf629350;Bragança Paulista;SP;SP;12903;2018-04-21 22:29:49;2018-04-24 19:18:16;2018-04-23 19:14:29;2018-04-25 11:42:41;2018-05-10 00:00:00;2018-04-25 23:31:05;1.0;4651cbf18222b853f46619003d9861f3;400.0;400.0;80.0;7.43;87.43;credit_card;3.551;-14.512;True;False;False;False;False;False;False;False;False;False;False;True;False;False;False;False;False;False;False;False;False;False;False;False;False;1;True
53a24a678d0e83d0d3c718528aa0aece;lag_despacho_negativo;delivered;True;SP;São Paulo;SP;955fee9216a65b617aa5c0531780ce60;>1000;a6676c68128a3af44c5df985bc3f8d67;São Paulo;SP;SP;1506;2018-04-20 22:26:26;2018-04-24 18:13:57;2018-04-23 19:51:15;2018-04-24 20:57:25;2018-05-09 00:00:00;2018-04-25 23:31:06;1.0;2948658cb6abc82847412be7201bfc4c;3500.0;3500.0;110.0;13.67;123.67;credit_card;3.938;-14.127;True;False;False;False;False;False;False;False;False;False;False;True;False;False;False;False;False;False;False;False;False;False;False;False;False;1;True
9dcef670d743a0deba5b2598d7121679;lag_despacho_negativo;delivered;True;SP;São Paulo;SP;00ee68308b45bc5e2660cd833c3f81cc;101-1000;bb6e58e6cad6ad02bcb618a15406c16d;Ubatuba;SP;SP;11680;2018-01-30 11:10:42;2018-02-04 23:31:46;2018-01-31 18:25:16;2018-02-07 22:17:37;2018-02-21 00:00:00;2018-02-06 02:55:31;2.0;95ec3f7e237a87df9935a570ab6ef266;5326.0;5326.0;330.0;50.92;380.92;boleto;8.463;-13.071;True;False;False;False;False;False;False;False;False;False;False;True;False;False;False;False;False;True;False;False;False;False;False;False;False;2;True
421bc5d68665463cbb939db50847894d;lag_despacho_negativo;delivered;True;SP;São Bernardo do Campo;SP;f5a590cf36251cf1162ea35bef76fe84;101-1000;a56e946b1a51b5f351a804c5a3fb0a8e;Juína;MT;MT;78320;2018-07-01 11:05:08;2018-07-05 16:26:38;2018-07-05 15:03:00;2018-07-14 00:08:23;2018-08-01 00:00:00;2018-07-09 08:32:27;2.0;0412ec72192f1d85e92047c0773434ec;15400.0;15400.0;1660.0;267.38;1927.38;boleto;12.544;-17.994;True;False;False;False;False;False;False;False;False;False;False;True;False;False;False;False;False;True;False;False;False;False;False;False;False;2;True
9d007ac7c623e7e78d49d44d67152788;lag_despacho_negativo;delivered;True;SP;Ibitinga;SP;b8a0adc91af209270c2c725168eb00fd;1-10 pedidos;c6afb8cbcf5fe74297b31f1321962633;Cachoeiro de Itapemirim;ES;ES;29309;2018-04-22 15:51:11;2018-04-24 19:08:41;2018-04-24 17:44:57;2018-05-07 23:03:33;2018-05-11 00:00:00;2018-04-30 03:33:13;1.0;6abb8f3aa658704b9845176c7ff453c8;1400.0;1400.0;49.9;18.23;68.13;boleto;15.3;-3.039;True;False;False;False;False;False;False;False;False;False;False;True;False;False;False;False;False;False;False;False;False;False;False;False;False;1;True
46919c41f3e2b0e06e6fe85383250e9a;lag_despacho_negativo;delivered;True;PR;Londrina;PR;0691148aee60ca47977c187804f935ae;11-100;6c47a76c5eae78ce63f61a9a77cd7e3c;Ponta Grossa;PR;PR;84015;2018-07-04 17:40:58;2018-07-05 16:33:01;2018-07-05 14:40:00;2018-07-11 13:20:45;2018-07-27 00:00:00;2018-07-12 18:31:33;1.0;ca8b9b8192b5fd79de43cf6480c6cdeb;250.0;250.0;35.9;14.55;50.45;credit_card;6.819;-15.444;True;False;False;False;False;False;False;False;False;False;False;True;False;False;False;False;False;False;False;False;False;False;False;False;False;1;True
fa01cb3e41fcdf8cf3c55e01a5477d46;lag_despacho_negativo;delivered;True;SP;São Paulo;SP;1e8b33f18b4f7598d87f5cbee2282cc2;101-1000;1d6e9c33f7ee14a1f4e320fc43a2515a;Sertãozinho;SP;SP;14160;2018-07-04 21:28:04;2018-07-05 16:35:04;2018-07-05 14:02:00;2018-07-10 12:11:07;2018-07-23 00:00:00;2018-07-08 22:31:09;3.0;44053ed0088d0655ed338810cd2d4d51;6900.0;6900.0;398.70000000000005;75.03;473.73;credit_card;5.613;-12.492;True;False;False;False;False;False;False;False;False;False;False;True;False;False;False;False;False;True;False;False;False;False;False;False;False;2;True
db090a16182b263b1e896bb26c6f66cf;lag_despacho_negativo;delivered;True;SP;São Paulo;SP;ce27a3cc3c8cc1ea79d11e561e9bebb6;101-1000;b58a35cb4e1a1f9ea74dcf0b2639a9ac;Novo Hamburgo;RS;RS;93510;2018-07-13 16:14:08;2018-07-13 16:44:09;2018-07-13 13:59:00;2018-07-27 11:34:31;2018-08-06 00:00:00;2018-07-18 16:31:30;1.0;4c7d4a2efde21e3bf1660926fabc6a9d;250.0;250.0;31.5;15.32;46.82;credit_card;13.806;-9.518;True;False;False;False;False;False;False;False;False;False;False;True;False;False;False;False;False;False;False;False;False;False;False;False;False;1;True
8fb7d40ee1093b202dec8c0e06e2d21b;lag_despacho_negativo;delivered;True;SP;Piracicaba;SP;da8622b14eb17ae2831f4ac5b9dab84a;>1000;7c31b35bce44552d9bab64daaadc1098;São Paulo;SP;SP;5017;2018-07-03 22:11:32;2018-07-05 16:27:08;2018-07-05 14:47:00;2018-07-06 15:51:58;2018-07-18 00:00:00;2018-07-09 04:34:11;1.0;0a4093a4af429dc0a9334300e5c13ae5;300.0;300.0;29.9;7.79;37.69;boleto;2.736;-11.339;True;False;False;False;False;False;False;False;False;False;False;True;False;False;False;False;False;False;False;False;False;False;False;False;False;1;True
890e7120b669f8e79df87610b80b3b91;lag_despacho_negativo;delivered;True;SP;Piracicaba;SP;da8622b14eb17ae2831f4ac5b9dab84a;>1000;7c3ebdf38a38927b0e184ef86d92ce8e;Limeira;SP;SP;13481;2018-07-03 14:22:35;2018-07-05 16:32:45;2018-07-04 14:55:00;2018-07-05 21:08:58;2018-07-16 00:00:00;2018-07-05 15:31:18;1.0;c211ff3068fcd2f8898192976d8b3a32;200.0;200.0;24.9;7.91;32.81;credit_card;2.282;-10.119;True;False;False;False;False;False;False;False;False;False;False;True;False;False;False;False;False;False;False;False;False;False;False;False;False;1;True
b3298cf726e74882e77238c731e53f30;lag_despacho_negativo;delivered;True;SP;Presidente Prudente;SP;8a432f4e5b471f8da497d7dc517666e2;11-100;b9adab43b46a883bf011344a87ce00c1;Rio de Janeiro;RJ;RJ;22770;2018-07-05 11:10:10;2018-07-05 16:40:33;2018-07-05 13:30:00;2018-07-25 20:26:37;2018-08-08 00:00:00;2018-07-09 12:30:53;1.0;3b10cf7d1e08c598428ad6eb7c59d09c;1550.0;1550.0;89.0;23.42;112.42;credit_card;20.386;-13.148;True;False;False;False;False;False;False;False;False;False;False;True;False;False;False;False;False;False;False;False;False;False;False;False;False;1;True
8c3ef96e828b5894ec632ba10985867d;lag_despacho_negativo;delivered;True;PR;Cascavel;PR;530ec6109d11eaaf87999465c6afee01;11-100;5cc1b597806534b1fd8814a7a9d85230;São Paulo;SP;SP;4029;2018-08-23 15:50:07;2018-08-23 16:05:38;2018-08-23 15:31:00;2018-08-27 19:11:17;2018-09-06 00:00:00;2018-08-27 16:05:38;1.0;91846781ef75057e134949400768e272;1550.0;1550.0;134.99;23.75;158.74;credit_card;4.14;-9.2;True;False;False;False;False;True;False;False;False;False;False;True;False;False;False;False;False;False;False;False;False;False;False;False;False;2;True
1809078b655469f11b429102fb296998;lag_despacho_negativo;delivered;True;SP;Sorocaba;SP;6481e96574816ead57975da2c0f6d80d;11-100;e49cb31672822de07bf6f6b0899ee58f;São Paulo;SP;SP;4044;2018-04-20 20:22:34;2018-04-24 19:10:37;2018-04-23 18:18:27;2018-04-24 18:47:46;2018-05-10 00:00:00;2018-04-26 02:31:45;1.0;f60e19fc3b0ee38735e6a6fefe937bdf;150.0;150.0;7.9;7.87;15.77;boleto;3.934;-15.217;True;False;False;False;False;False;False;False;False;False;False;True;False;False;False;False;False;False;False;False;False;False;False;False;False;1;True
42d23fff3eee93c6c3b0ac65d3ca1e93;lag_despacho_negativo;delivered;True;MG;Araguari;MG;7299e27ed73d2ad986de7f7c77d919fa;101-1000;bc210337f80918ea78f87fa40d7d2507;São Paulo;SP;SP;2235;2018-06-30 09:11:46;2018-06-30 09:30:32;2018-06-30 08:58:00;2018-07-05 22:51:46;2018-07-27 00:00:00;2018-07-05 09:30:24;1.0;be19e1611a6015a66266d199ff3ccce0;150.0;150.0;69.99;18.59;88.58;credit_card;5.569;-21.047;True;False;False;False;False;False;False;False;False;False;False;True;False;False;False;False;False;False;False;False;False;False;False;False;False;1;True
98dbf8445c584d2354afd1a0ad55c033;lag_despacho_negativo;delivered;True;RS;Estância Velha;RS;b16d3dadc47d4eb18be3d88bad0775ce;1-10 pedidos;82532b2c41a2e45166b1e5a01d1df651;Nazaré Paulista;SP;SP;12960;2018-07-05 10:42:33;2018-07-05 16:09:14;2018-07-05 15:49:00;2018-07-10 15:36:32;2018-08-09 00:00:00;2018-07-11 11:31:49;1.0;4dab5b862124c607243bbaebd2684bcd;150.0;150.0;34.9;18.34;53.24;credit_card;5.204;-29.35;True;False;False;False;False;False;False;False;False;False;False;True;False;False;False;False;False;False;False;False;False;False;False;False;False;1;True
0749c820395dd586556efd230c9d1bb9;lag_despacho_negativo;shipped;True;SP;São Paulo;SP;3ab971ce71839580d2ae5b4e40fe8044;11-100;5248d3a86f1b9bfe42ed12027d84b454;Nova Odessa;SP;SP;13387;2018-07-04 13:12:48;2018-07-05 16:25:09;2018-07-05 12:01:00;;2018-07-19 00:00:00;2018-07-09 13:31:01;1.0;01ea398598302b06869909ac5bfa5bcf;5000.0;5000.0;85.9;15.9;101.8;credit_card;;;False;;True;True;False;False;False;False;False;False;False;True;False;False;False;False;False;False;False;False;True;False;False;False;False;2;True
9e0ce3f44bcfc81171be7c5362887b80;lag_despacho_negativo;delivered;True;MG;Belo Horizonte;MG;282f23a9769b2690c5dda22e316f9941;11-100;0940b98f5162963ae1885fcc71f6073c;Bandeira;MG;MG;39917;2018-07-05 08:49:10;2018-07-05 16:33:19;2018-07-05 15:03:00;2018-07-09 19:14:33;2018-07-25 00:00:00;2018-07-10 09:31:45;1.0;e8aa7bbd775831bc6bdc900a9bf5d75a;400.0;400.0;62.21;13.78;75.99;credit_card;4.434;-15.198;True;False;False;False;False;False;False;False;False;False;False;True;False;False;False;False;False;False;False;False;False;False;False;False;False;1;True
3ee6694bb99d5a6db0deceffcd099597;entrega_antes_coleta;delivered;True;SP;São Paulo;SP;1da3aeb70d7989d1e6d9b0e887f97c23;101-1000;127237a4aa0bd9ecc09015f781c9fc27;São Paulo;SP;SP;3693;2017-07-07 11:22:13;2017-07-07 12:25:07;2017-07-11 18:15:40;2017-07-11 17:41:26;2017-07-20 00:00:00;2017-07-13 12:25:07;2.0;3ab4b1931a4bb6cbef302ea76254e850;250.0;250.0;38.87;16.05;54.92;credit_card;4.263;-8.263;True;False;False;False;False;False;False;False;True;False;False;False;False;False;False;False;False;False;False;False;False;False;False;False;False;1;True
580f3268bc2075c5961b2d2929c7a35b;lag_despacho_negativo;delivered;True;SP;Ibitinga;SP;cca3071e3e9bb7d12640c9fbe2301306;101-1000;ce37390d21ccd85e25c90ba634097c29;Brusque;SC;SC;88352;2017-09-01 20:17:09;2017-09-13 22:03:42;2017-09-05 11:58:18;2017-09-18 17:52:20;2017-09-25 00:00:00;2017-09-07 22:34:26;1.0;b06e4ddd013b4a1a81e80fe575d9b762;1500.0;1500.0;87.85;17.86;122.1;credit_card;16.899;-6.255;True;False;False;False;False;False;False;False;False;False;False;True;False;True;False;False;False;False;False;False;False;False;False;False;False;2;True
b843ecf0468cd0f373c436effbd6f37f;lag_despacho_negativo;delivered;True;ES;Serra;ES;544863df86ed3b78a04e0820d41430ee;1-10 pedidos;413b5fb06cdebb89cdce52b030d3861b;São Paulo;SP;SP;8142;2018-07-02 10:21:35;2018-07-05 16:22:37;2018-07-04 10:11:00;2018-07-07 22:22:26;2018-07-25 00:00:00;2018-07-10 08:32:44;1.0;a8e70722df5b3d52489164f391acf5a8;492.0;492.0;23.9;15.27;39.17;boleto;5.501;-17.068;True;False;False;False;False;False;False;False;False;False;False;True;False;False;False;False;False;False;False;False;False;False;False;False;False;1;True
70f357cca87c1162357bf3c0a993cbe5;lag_despacho_negativo;delivered;True;SP;Santo André;SP;cc419e0650a3c5ba77189a1882b7556a;>1000;4ac6bbe5dcaf264863bff08692d00578;Sete Lagoas;MG;MG;35703;2017-09-01 18:40:11;2017-09-13 22:04:49;2017-09-05 12:33:19;2017-09-12 16:53:41;2017-09-22 00:00:00;2017-09-10 22:34:00;1.0;7c1bd920dbdf22470b68bde975dd3ccf;200.0;200.0;58.99;16.66;75.65;credit_card;10.926;-9.296;True;False;False;False;False;False;False;False;False;False;False;True;False;False;False;False;False;False;False;False;False;False;False;False;False;1;True
104cf29a266be8f412ca30ec4cdab145;lag_despacho_negativo;delivered;True;SP;Araçatuba;SP;e83c76265fc54bf41eac728805e4da77;1-10 pedidos;394c4558e06b0c9e8d6673e0d1c75d62;Alumínio;SP;SP;18125;2017-04-25 22:50:48;2017-04-27 13:36:40;2017-04-26 09:47:10;2017-05-08 07:46:56;2017-05-12 00:00:00;2017-05-03 09:32:48;1.0;7594c5fa74bceda1c2540003533a6e02;400.0;400.0;32.9;10.96;43.86;credit_card;12.372;-3.676;True;False;False;False;False;False;False;False;False;False;False;True;False;False;False;False;False;False;False;False;False;False;False;False;False;1;True
a0ddb810bd79dc15910dcc56a1c7f3cb;lag_despacho_negativo;delivered;True;RS;Carazinho;RS;b1a81260566c1bac3114a6d124413f27;11-100;5d582f1e23008801810225562c7cc50c;Uberlândia;MG;MG;38408;2018-04-22 13:16:34;2018-04-24 18:44:28;2018-04-23 19:51:36;2018-04-28 12:06:45;2018-05-25 00:00:00;2018-04-26 13:31:28;1.0;f99e92b9472a8d08d27cfc7e98292b42;900.0;900.0;159.9;24.05;183.95;credit_card;5.952;-26.495;True;False;False;False;False;False;False;False;False;False;False;True;False;False;False;False;False;False;False;False;False;False;False;False;False;1;True
a36a7f2219c828e52cb094ddc8d89b84;lag_despacho_negativo;delivered;True;SP;São Paulo;SP;b4b447d715f9ab302a188fb43d3e96b3;1-10 pedidos;1118a9782ac9c9080b3f6fbdb92be7d8;Brasília;DF;DF;72312;2018-07-03 16:01:57;2018-07-05 16:31:01;2018-07-04 13:38:00;2018-07-09 20:02:59;2018-07-23 00:00:00;2018-07-09 16:31:34;1.0;80096496b2a02d4fff129b5e6a8f047e;5000.0;5000.0;161.99;33.61;195.6;credit_card;6.167;-13.165;True;False;False;False;False;False;False;False;False;False;False;True;False;False;False;False;False;False;False;False;False;False;False;False;False;1;True
3290506deecf9d593a1e7a295fa13dbe;lag_despacho_negativo;delivered;True;SP;São Paulo;SP;e601b04acf48b4576e73ddca9481f0dc;11-100;8d1170b160da623dfa402c737a0ed929;Rio de Janeiro;RJ;RJ;20021;2018-07-21 13:49:03;2018-07-26 23:32:53;2018-07-24 10:20:00;2018-07-30 17:17:06;2018-08-21 00:00:00;2018-07-27 06:05:27;1.0;2de11f4242720888f88ebe396a8332f7;900.0;900.0;54.9;16.57;71.47;boleto;9.144;-21.28;True;False;False;False;False;False;False;False;False;False;False;True;False;False;False;False;False;False;False;False;False;False;False;False;False;1;True
95807754346c1a01b8040f29f42f74d7;lag_despacho_negativo;delivered;True;SC;Camboriú;SC;e0a3c37054ade6478d923a6efc10f308;1-10 pedidos;986984da9f2ee3656b19f0c0bd10f097;Blumenau;SC;SC;89074;2018-07-03 20:23:05;2018-07-05 16:31:46;2018-07-04 12:31:00;2018-07-10 16:52:26;2018-07-24 00:00:00;2018-07-09 21:31:31;1.0;963d31ba36326bbc6c8da3be482de3c6;800.0;800.0;109.9;15.22;125.12;credit_card;6.854;-13.297;True;False;False;False;False;False;False;False;False;False;False;True;False;False;False;False;False;False;False;False;False;False;False;False;False;1;True
fe1a5360c2abc136a4ff63ddb09a33b4;lag_despacho_negativo;delivered;True;RS;Porto Alegre;RS;87142160b41353c4e5fca2360caf6f92;101-1000;878ea9106a20b18fe743a63aabe69853;Hortolândia;SP;SP;13188;2018-07-29 16:19:32;2018-08-01 16:31:44;2018-07-30 15:34:00;2018-08-08 00:42:42;2018-08-08 00:00:00;2018-08-01 10:45:12;1.0;f102842fbe436027eeeb7fc76d3063aa;350.0;350.0;39.9;15.38;55.28;debit_card;9.349;0.03;True;True;False;True;False;False;False;False;False;False;False;True;False;False;False;False;False;False;False;False;False;False;False;False;False;1;True
1362f8eb7b8f4e07b852a57afc251381;lag_despacho_negativo;delivered;True;SP;Americana;SP;5a6a02f419701fc8c605af71d4fc57a4;1-10 pedidos;f5e6adb8cfb566e12ea544f1db2d8568;Vitória;ES;ES;29043;2018-07-23 14:22:06;2018-07-28 23:31:12;2018-07-24 13:17:00;2018-08-03 18:26:48;2018-08-10 00:00:00;2018-07-30 04:05:31;1.0;21b9b9a3c79c6ced9c182a18e95aa159;850.0;850.0;190.0;16.43;206.43;boleto;11.17;-6.231;True;False;False;False;False;False;False;False;False;False;False;True;False;False;False;False;False;False;False;False;False;False;False;False;False;1;True
f53b2ca622ef467612d1f38ba5e6f86f;lag_despacho_negativo;delivered;True;SC;Luiz Alves;SC;455c5640e8c5bd1b2ee85c0158f85727;1-10 pedidos;5980c373bec269238b18136eb1675900;Juíz de Fora;MG;MG;36010;2018-04-21 14:43:26;2018-04-24 18:25:22;2018-04-23 20:07:56;2018-05-03 21:08:38;2018-05-28 00:00:00;2018-05-07 15:30:31;1.0;2ca60755e8412ac0269bc8f7ee7994e9;5900.0;5900.0;219.9;28.27;248.17;credit_card;12.268;-24.119;True;False;False;False;False;False;False;False;False;False;False;True;False;False;False;False;False;False;False;False;False;False;False;False;False;1;True
5fbb36c2e55d34d7799cb74e65d73a62;lag_despacho_negativo;delivered;True;SP;São Paulo;SP;df91910b6a03bb2e3358fa6a35e32f6f;11-100;cba7df91cfb5b29a0e92be5fb93b5e55;Belo Horizonte;MG;MG;30431;2018-07-03 09:09:36;2018-07-05 16:04:47;2018-07-04 10:54:00;2018-07-09 17:12:26;2018-07-20 00:00:00;2018-07-09 10:30:46;1.0;803668f063859a1f96b67b83b71e86ef;1800.0;1800.0;72.0;16.69;88.69;credit_card;6.335;-10.283;True;False;False;False;False;False;False;False;False;False;False;True;False;False;False;False;False;False;False;False;False;False;False;False;False;1;True
7fa75bfce88c324530041cb08a3ea734;lag_despacho_negativo;delivered;True;SP;Hortolândia;SP;c70c1b0d8ca86052f45a432a38b73958;101-1000;5f137a3d1d167ed6fb9e59086c9aea86;Caruaru;PE;PE;55038;2018-04-23 01:35:32;2018-04-24 18:27:33;2018-04-23 22:51:51;2018-05-08 18:42:04;2018-05-17 00:00:00;2018-04-27 02:31:42;2.0;3258acb04d37e2f91f76c9250f3b80a0;200.0;200.0;220.64;74.92;295.56;credit_card;15.713;-8.221;True;False;False;False;False;False;False;False;False;False;False;True;False;False;False;False;False;False;False;False;False;False;False;False;False;1;True
77ff811b9df5550b4691cc8b4bb4902a;lag_despacho_negativo;delivered;True;SP;Santo André;SP;f52c2422904463fdd7741f99045fecb6;11-100;5a071d05721e981ccc98f78ca852502b;Ibirataia;BA;BA;45580;2018-07-03 13:21:12;2018-07-05 16:08:45;2018-07-05 13:03:00;2018-07-12 11:41:27;2018-08-03 00:00:00;2018-07-11 04:34:10;1.0;e25331bf25687974d6fc419b3bd576dd;350.0;350.0;27.9;22.13;50.03;boleto;8.931;-21.513;True;False;False;False;False;False;False;True;False;False;False;True;False;False;False;False;False;False;False;False;False;False;False;False;False;2;True
c01b52b26b2be81e5712a958631d858e;lag_despacho_negativo;delivered;True;MG;Belo Horizonte;MG;080102cd0a76b09e0dcf55fcacc60e05;101-1000;83b1928fbc6df37e7c6e0d47a051cdcd;Serra;ES;ES;29166;2018-04-21 13:54:24;2018-04-24 19:24:56;2018-04-23 17:37:47;2018-05-07 21:34:51;2018-05-16 00:00:00;2018-04-26 14:30:55;1.0;da686d15de3ee88de081bd159b031e47;300.0;300.0;59.99;17.13;77.12;credit_card;16.32;-8.101;True;False;False;False;False;False;False;False;False;False;False;True;False;False;False;False;False;False;False;False;False;False;False;False;False;1;True
6e28c34a895e831db6c3bca247819453;lag_despacho_negativo;delivered;True;SP;Assis;SP;8bb48dc19fccaa8613b6229bf7f452a2;11-100;faa2debf21e388f071f302ef5dc5e1cc;Ouro;SC;SC;89663;2018-02-02 18:03:57;2018-02-06 11:31:23;2018-02-05 23:34:20;2018-02-19 16:17:16;2018-03-07 00:00:00;2018-02-08 18:15:41;2.0;4d5bb93bfa70f67cda10b1428f2a252c;500.0;500.0;278.79;31.46;310.25;credit_card;16.926;-15.321;True;False;False;False;False;False;False;False;False;False;False;True;False;False;False;False;False;False;False;False;False;False;False;False;False;1;True
d26e5113b124c2bf24274139cf339a8b;lag_despacho_negativo;delivered;True;SP;São Paulo;SP;6560211a19b47992c3666cc44a7e94c0;>1000;dcd98ca7612d608435bc8233248e8b4c;Fortaleza;CE;CE;60120;2018-07-03 22:27:31;2018-07-05 16:11:40;2018-07-04 10:44:00;2018-07-13 17:12:44;2018-07-26 00:00:00;2018-07-05 23:30:45;1.0;9c7ce59c96e74dfdfc51f13a4a6c3869;250.0;250.0;29.0;19.11;48.11;credit_card;9.781;-12.283;True;False;False;False;False;False;False;False;False;False;False;True;False;False;False;False;False;False;False;False;False;False;False;False;False;1;True
d0444c65949d9cea920374debbfbd723;lag_despacho_negativo;delivered;True;SP;São Paulo;SP;8a130737016f838139d31878787a39c9;11-100;17fb6d6ad630f465c7a86169d5ce0f4e;Rio de Janeiro;RJ;RJ;21870;2018-07-03 15:08:20;2018-07-05 16:32:37;2018-07-04 13:30:00;2018-07-10 14:18:53;2018-08-03 00:00:00;2018-07-05 15:31:26;1.0;10070e29929f7c7d609ee3201f236b8e;1250.0;1250.0;95.2;18.47;113.67;credit_card;6.966;-23.404;True;False;False;False;False;False;False;False;False;False;False;True;False;False;False;False;False;False;False;False;False;False;False;False;False;1;True
3478b113b28e0c77c5b870f927de40cc;lag_despacho_negativo;delivered;True;PR;Arapongas;PR;5f26c1408a65b42a7224cd463bdf3292;1-10 pedidos;bb5b0eba859f1f33921bd0336173c933;Resplendor;MG;MG;35230;2018-07-05 13:49:49;2018-07-05 16:09:05;2018-07-05 13:55:00;2018-07-10 18:21:24;2018-08-03 00:00:00;2018-07-11 14:31:47;1.0;45a6892a98568b366b52ffeec9a03691;229.0;229.0;29.9;22.14;52.04;credit_card;5.189;-23.235;True;False;False;False;False;False;False;False;False;False;False;True;False;False;False;False;False;False;False;False;False;False;False;False;False;1;True
ddc904ea8bd4313e136beae61948c20d;lag_despacho_negativo;delivered;True;SP;São Paulo;SP;ba143b05f0110f0dc71ad71b4466ce92;11-100;1412be486661c275b82db0ddd740fea9;Vitória;ES;ES;29090;2018-07-03 14:37:25;2018-07-05 16:33:01;2018-07-04 14:39:00;2018-07-12 00:08:40;2018-07-26 00:00:00;2018-07-09 15:31:14;1.0;e59630cdf7c240d11dd424c08aadbc42;1800.0;1800.0;103.99;22.03;126.02;credit_card;8.397;-13.994;True;False;False;False;False;False;False;False;False;False;False;True;False;False;False;False;False;False;False;False;False;False;False;False;False;1;True
77c514940a145ab624fa7ec202ef6dae;lag_despacho_negativo;delivered;True;SP;São Paulo;SP;c2d70ce2c5d0a2eb75e78668236e6dc8;11-100;b672ec4fc48654c733127509c00bcfc3;Curitiba;PR;PR;80410;2018-06-25 21:31:05;2018-06-27 08:30:42;2018-06-27 06:37:00;2018-07-03 19:48:43;2018-07-19 00:00:00;2018-07-03 03:31:55;1.0;e482ad963bfb9a9abc51b9850aca97b7;250.0;250.0;49.0;15.44;64.44;boleto;7.929;-15.175;True;False;False;False;False;False;False;False;False;False;False;True;False;False;False;False;False;False;False;False;False;False;False;False;False;1;True
9292a5004e4adeb999700abae47eb13b;lag_despacho_negativo;delivered;True;PR;Curitiba;PR;adbc26658d6c7b4b6219f9d934598091;11-100;3048281f246c7e5342d10ac837c5c8ee;Herval D'oeste;SC;SC;89610;2018-05-30 14:32:46;2018-05-30 14:57:32;2018-05-30 13:40:00;2018-06-11 18:32:29;2018-07-13 00:00:00;2018-06-07 14:57:32;1.0;c2fb73db15e28aa021dcf7b2856fef27;3600.0;3600.0;109.9;34.31;144.21;credit_card;12.166;-31.227;True;False;False;False;False;False;False;False;False;False;False;True;False;False;False;False;False;False;False;False;False;False;False;False;False;1;True
29bf861fea8df0d2df2b141d46aea6a5;lag_despacho_negativo;delivered;True;SC;Blumenau;SC;8ed8ea9a57c862f2c18c2fe41f601d56;11-100;dc2328555ba9ecbc494b6e4214eefbfa;Guarulhos;SP;SP;7242;2018-04-21 17:06:23;2018-04-24 17:22:30;2018-04-23 18:33:02;2018-04-27 21:48:44;2018-05-11 00:00:00;2018-04-26 17:30:47;1.0;b69eb25e3a4def8e9cddee18712e0c5e;7750.0;7750.0;199.0;42.15;241.15;credit_card;6.196;-13.091;True;False;False;False;False;False;False;False;False;False;False;True;False;False;False;False;False;False;False;False;False;False;False;False;False;1;True
627a881a7d2543a80dc59460ab08eaab;lag_despacho_negativo;delivered;True;SP;São Roque;SP;7c4618c82226628831613e95e9c22f44;11-100;f848d331d15eafe396639c7ee61217fc;Carmópolis de Minas;MG;MG;35534;2018-02-08 17:36:30;2018-02-10 10:18:37;2018-02-09 22:11:55;2018-02-19 23:19:34;2018-03-08 00:00:00;2018-02-15 18:32:18;1.0;09f6dccfebfa0688abfc1af640b69e61;150.0;150.0;29.99;15.1;45.09;credit_card;11.238;-16.028;True;False;False;False;False;False;False;False;False;False;False;True;False;False;False;False;False;False;False;False;False;False;False;False;False;1;True
6e8ff76e6abbdfadc22d6569bf5b1ae8;lag_despacho_negativo;delivered;True;SP;São Paulo;SP;7ddcbb64b5bc1ef36ca8c151f6ec77df;101-1000;89595847e7a6a2bbe729bf9bfaa0ea72;Pelotas;RS;RS;96090;2017-07-26 10:51:20;2017-08-02 11:25:48;2017-08-01 13:29:53;2017-08-11 22:06:21;2017-08-22 00:00:00;2017-08-03 15:34:25;1.0;88dd63919fc9ab693803578a04a20209;217.0;217.0;34.99;15.1;50.09;debit_card;16.469;-10.079;True;False;False;False;False;False;False;False;False;False;False;True;False;False;False;False;False;False;False;False;False;False;False;False;False;1;True
52a547866cd2082c600fb72eced19331;lag_despacho_negativo;delivered;True;SP;Ourinhos;SP;0fe2d9733ed841eb064503920015a8c0;1-10 pedidos;0bf644fc54b89e3ba5b32c2b9e618de6;Itajubá;MG;MG;37502;2018-05-16 15:02:31;2018-05-16 15:19:36;2018-05-16 14:29:00;2018-05-21 16:53:46;2018-06-05 00:00:00;2018-05-22 15:19:36;1.0;6186e311c6a52e7438c538015e82cda4;283.0;283.0;59.88;18.3;78.18;credit_card;5.077;-14.296;True;False;False;False;False;False;False;False;False;False;False;True;False;False;False;False;False;False;False;False;False;False;False;False;False;1;True
3fe0e2ede93f661b59fb83477ac2695b;lag_despacho_negativo;delivered;True;SP;Itatiba;SP;855668e0971d4dfd7bef1b6a4133b41b;101-1000;35c305ab657a51a698c1abd317c59db2;Santo André;SP;SP;9230;2018-07-10 18:10:30;2018-07-13 16:07:22;2018-07-12 10:45:00;2018-07-14 02:10:27;2018-07-25 00:00:00;2018-07-19 20:30:56;1.0;82bf3b832fc83ce67cc295a7a8ab6783;300.0;300.0;16.99;7.39;24.38;credit_card;3.333;-10.909;True;False;False;False;False;False;False;False;False;False;False;True;False;False;False;False;False;False;False;False;False;False;False;False;False;1;True
787bfd3b90a91fda23d2e58665f5e1ac;lag_despacho_negativo;delivered;True;SP;Sorocaba;SP;9d4db00d65d7760644ac0c14edb5fd86;11-100;b6989f57cde250a32b82bddef73c3c84;Matinhos;PR;PR;83260;2018-06-21 13:48:11;2018-06-21 14:22:02;2018-06-21 14:01:00;2018-06-28 22:21:51;2018-07-20 00:00:00;2018-06-25 14:22:02;1.0;dabbb10b2f36548cf2aff2993f4cf5e2;950.0;950.0;105.4;19.93;125.33;credit_card;7.357;-21.068;True;False;False;False;False;False;False;False;False;False;False;True;False;False;False;False;False;False;False;False;False;False;False;False;False;1;True
b360e877916b9d6b03877df56551e4dc;lag_despacho_negativo;delivered;True;SP;Campinas;SP;562fc2f2c2863ab7e79a9e4388a58a14;101-1000;f376d698bdb7db52c83a8aaccf765d87;São Sebastião do Passe;BA;BA;43850;2018-07-03 12:52:33;2018-07-05 16:27:53;2018-07-03 15:44:00;2018-07-11 15:58:43;2018-08-03 00:00:00;2018-07-05 13:31:39;1.0;dab2413ead0edda9967edbc9bda2a64e;250.0;250.0;29.99;22.14;52.13;credit_card;8.129;-22.334;True;False;False;False;False;False;False;False;False;False;False;True;False;False;False;False;False;False;False;False;False;False;False;False;False;1;True
cea25ef7695cbbf27888da010e3ddd2a;lag_despacho_negativo;delivered;True;SP;São Paulo;SP;87d3c3aeb3ead335511b3ce315eb341e;11-100;1551880a021b8cc82b9d9fc4b1991506;Ivaiporã;PR;PR;86870;2018-06-29 14:24:39;2018-07-05 16:06:14;2018-07-03 13:22:00;2018-07-11 23:55:34;2018-07-25 00:00:00;2018-07-09 04:31:27;1.0;e65f24b5001e750649f5fed3a88b9f4a;1250.0;1250.0;46.99;23.13;70.12;boleto;12.396;-13.003;True;False;False;False;False;False;False;False;False;False;False;True;False;False;False;False;False;False;False;False;False;False;False;False;False;1;True
514988a3e142461049264d74b768b365;lag_despacho_negativo;delivered;True;PR;Rolândia;PR;710e3548e02bc1d2831dfc4f1b5b14d4;101-1000;179e92fa909f97c9d77f559cb2f2274c;Cascavel;PR;PR;85819;2018-07-31 16:20:05;2018-07-31 17:31:07;2018-07-31 16:18:00;2018-08-06 17:31:56;2018-08-16 00:00:00;2018-08-06 17:20:22;1.0;f2e024d05f3ba35de72a41c503d819a9;1650.0;1650.0;129.99;15.98;145.97;credit_card;6.05;-9.269;True;False;False;False;False;False;False;False;False;False;False;True;False;False;False;False;False;False;False;False;False;False;False;False;False;1;True
d4a72eff3bfdb6ff7667bef4119283e9;lag_despacho_negativo;delivered;True;SP;Ibitinga;SP;7ad32824caee82087b3e2e5f33b1bf32;101-1000;2200048a1b17ccf0499a93d1e17d7c57;Goiânia;GO;GO;74180;2018-07-04 00:22:00;2018-07-05 16:24:48;2018-07-04 13:09:00;2018-07-11 19:48:05;2018-07-26 00:00:00;2018-07-06 01:31:04;2.0;c0737ec7b87906c79f130f39cec3d3ee;1025.0;1025.0;74.0;38.9;112.9;credit_card;7.81;-14.175;True;False;False;False;False;False;False;False;False;False;False;True;False;False;False;False;False;False;False;False;False;False;False;False;False;1;True
df9a83542974f3a48afb63552d2f4bc5;lag_despacho_negativo;delivered;True;SP;Ibitinga;SP;1835b56ce799e6a4dc4eddc053f04066;101-1000;9d4c52eb6bd4259f6660207254a9d433;Blumenau;SC;SC;89065;2018-08-21 15:19:04;2018-08-21 15:30:38;2018-08-21 14:36:00;2018-08-24 12:03:31;2018-09-06 00:00:00;2018-08-23 15:30:27;1.0;bd6e6fce9ada76ea2db0f1912e8e478f;850.0;850.0;56.99;19.59;76.58;credit_card;2.864;-12.498;True;False;False;False;False;True;False;False;False;False;False;True;False;False;False;False;False;False;False;False;False;False;False;False;False;2;True
f29bcfc9110dfb7b1fc0f77b31b749b8;lag_despacho_negativo;delivered;True;PR;Colombo;PR;744dac408745240a2c2528fb1b6028f3;11-100;f4d5a9f02a2d3ddca3595d199242badd;Aparecida de Goiânia;GO;GO;74922;2018-04-22 12:45:00;2018-04-24 18:09:42;2018-04-23 17:33:11;2018-05-02 19:07:20;2018-05-18 00:00:00;2018-04-26 13:31:26;1.0;108fa3ef6742ead062d9ad59b471ce26;400.0;400.0;139.0;23.47;162.47;credit_card;10.266;-15.203;True;False;False;False;False;False;False;False;False;False;False;True;False;False;False;False;False;False;False;False;False;False;False;False;False;1;True
dbcf58228a08ba02230fb4a888fb988d;lag_despacho_negativo;delivered;True;PR;Curitiba;PR;ce69a8021d18961dd2a40269b7c2c293;11-100;9e6cae17256441213a833b1092984bf3;Guarulhos;SP;SP;7190;2018-04-22 13:14:33;2018-04-24 18:34:08;2018-04-23 19:21:01;2018-04-26 20:26:37;2018-05-11 00:00:00;2018-04-26 13:32:07;1.0;9739d07ec835e1c66eedb9a6df402bd5;900.0;900.0;84.9;16.56;101.46000000000001;credit_card;4.3;-14.148;True;False;False;False;False;False;False;False;False;False;False;True;False;False;False;False;False;False;False;False;False;False;False;False;False;1;True
452659f1bbc22357a8b75386eb2beb34;lag_despacho_negativo;delivered;True;SC;Joinville;SC;a3a38f4affed601eb87a97788c949667;101-1000;c3ed98d5b448548f7d7cbd4571641183;Viçosa;MG;MG;36570;2018-04-23 22:57:12;2018-04-24 19:07:37;2018-04-24 16:52:28;2018-05-04 15:20:51;2018-05-17 00:00:00;2018-04-29 23:31:18;1.0;b18d3e74e5793a823be8acec061a5977;367.0;367.0;229.9;23.32;253.22;credit_card;10.683;-12.361;True;False;False;False;False;False;False;False;False;False;False;True;False;False;False;False;False;False;False;False;False;False;False;False;False;1;True
b681b75880c64cf34a01e503b6c2aafc;lag_despacho_negativo;delivered;True;SP;Porto Ferreira;SP;2a261b5b644fa05f4f2700eb93544f2c;11-100;72af9484e9faa02bf36e2f33e92d918f;Rio Claro;SP;SP;13500;2018-07-04 16:35:07;2018-07-05 16:15:52;2018-07-05 12:03:00;2018-07-11 19:20:47;2018-07-23 00:00:00;2018-07-06 17:31:34;1.0;76b7fa5da50b22fe17d1e7bbde661106;650.0;650.0;45.0;14.63;59.63;credit_card;7.115;-11.194;True;False;False;False;False;False;False;False;False;False;False;True;False;False;False;False;False;False;False;False;False;False;False;False;False;1;True
92fe083783a81f62019d6dcce018a85f;lag_despacho_negativo;delivered;True;SP;Ibitinga;SP;602044f2c16190c2c6e45eb35c2e21cb;11-100;7414f2b75d82b48bc9e568503de1021d;São Paulo;SP;SP;1317;2018-07-22 01:27:12;2018-07-27 23:31:15;2018-07-24 14:42:00;2018-07-28 00:51:54;2018-08-07 00:00:00;2018-07-27 03:50:16;1.0;5dfc5bdca7ee27155face9d4e89201ae;900.0;900.0;97.5;14.99;112.49;boleto;5.975;-9.964;True;False;False;False;False;False;False;False;False;False;False;True;False;False;False;False;False;False;False;False;False;False;False;False;False;1;True
448a4837b41e7f24ad7dabafe574c842;lag_despacho_negativo;delivered;True;SP;Jacareí;SP;4e922959ae960d389249c378d1c939f5;101-1000;85e150f36bbcdbcee982caee4b0238c9;Goiânia;GO;GO;74450;2018-06-14 14:28:01;2018-06-14 14:58:51;2018-06-14 14:20:00;2018-06-25 16:18:43;2018-07-17 00:00:00;2018-06-21 14:58:51;1.0;40f999464ef29d2a07cfaca1eea4c210;125.0;125.0;59.0;18.51;77.51;credit_card;11.077;-21.32;True;False;False;False;False;False;False;False;False;False;False;True;False;False;False;False;False;False;False;False;False;False;False;False;False;1;True
a3270f2613a807c71433dada7bf3876a;lag_despacho_negativo;delivered;True;SP;Suzano;SP;4e17c65a516f69d023a2ae78b84f28d6;11-100;2f3df719b7d2f0ce0eab4926ee355614;São José dos Campos;SP;SP;12242;2018-07-03 17:05:33;2018-07-05 16:16:37;2018-07-04 12:06:00;2018-07-06 17:36:45;2018-07-30 00:00:00;2018-07-19 17:31:32;1.0;c7c44bf04797742e75274c5f288ae737;250.0;250.0;32.9;7.49;40.39;credit_card;3.022;-23.266;True;False;False;False;False;False;False;False;False;False;False;True;False;False;False;False;False;False;False;False;False;False;False;False;False;1;True
f2af7540e2b81731609d138b17191794;lag_despacho_negativo;delivered;True;SP;Rio Claro;SP;eb72802c83dc7547529c9546d1a9b8ef;1-10 pedidos;8b31c427777a285b016a851797b2a21d;Campinas;SP;SP;13088;2018-07-03 12:39:04;2018-07-05 16:32:46;2018-07-04 12:15:00;2018-07-07 12:44:36;2018-07-17 00:00:00;2018-07-10 08:31:41;1.0;15964f2421f68d33a3f74b037ebf8822;286.0;286.0;44.99;9.01;54.0;boleto;4.004;-9.469;True;False;False;False;False;False;False;False;False;False;False;True;False;False;False;False;False;False;False;False;False;False;False;False;False;1;True
737c93fc3e93b56ba3055202da5b219a;lag_despacho_negativo;delivered;True;PR;Foz do Iguaçu;PR;54965bbe3e4f07ae045b90b0b8541f52;11-100;6f28aebfc5ff187df1f021a7379b2dce;Palmas;PR;PR;85555;2018-06-29 00:02:57;2018-07-05 16:08:15;2018-07-04 14:15:00;2018-07-10 17:56:43;2018-07-27 00:00:00;2018-07-13 05:31:44;1.0;3ea344b27741300cc4724d2a5af94460;1500.0;1500.0;111.9;18.83;130.73;boleto;11.746;-16.252;True;False;False;False;False;False;False;False;False;False;False;True;False;False;False;False;False;False;False;False;False;False;False;False;False;1;True
19feb5627c41ea1b36a8e50a469b3644;entrega_antes_coleta;delivered;True;SP;Ibitinga;SP;391fc6631aebcf3004804e51b40bcf1e;101-1000;b8097c8f0c1f58ab56a53812a446a898;Caratinga;MG;MG;35300;2016-10-07 17:09:56;2016-10-07 17:32:09;2016-10-26 11:42:05;2016-10-20 19:07:54;2016-12-01 00:00:00;2016-10-11 17:32:10;1.0;4c72e6d081c8a1b5430351d015eb86ba;2000.0;2000.0;193.8;18.52;212.32;credit_card;13.082;-41.203;True;False;False;False;False;False;False;False;True;False;False;False;False;False;False;False;False;False;False;False;False;False;False;False;False;1;True
85bdbf544abea637f0ed3c856bd0a0ca;lag_despacho_negativo;delivered;True;SP;Mogi Guaçu;SP;c3e1abd72a42fe690fcd89cf5720fe29;11-100;dd87aabcdcbf176a0b83b6c7ea79348d;Rio de Janeiro;RJ;RJ;21610;2018-06-29 19:15:06;2018-07-05 16:02:57;2018-07-03 15:14:00;2018-07-06 11:17:46;2018-08-03 00:00:00;2018-07-09 04:30:57;1.0;10698a66d71ebd12be9e8c39302c74b3;150.0;150.0;129.97;19.01;148.98;boleto;6.669;-27.529;True;False;False;False;False;False;False;False;False;False;False;True;False;False;False;False;False;False;False;False;False;False;False;False;False;1;True
af2adc7e31b52bdfe068cf60426b54b2;lag_despacho_negativo;delivered;True;SP;Ribeirão Preto;SP;abc015ebac1d283a323ca9db35ede4b9;11-100;afd3f4f110c36e0ec5b412f4d30af5fc;Araraquara;SP;SP;14806;2017-04-24 09:14:06;2017-04-27 10:32:39;2017-04-26 18:47:58;2017-05-02 17:24:56;2017-05-11 00:00:00;2017-05-03 02:25:18;1.0;3be495aa2bea5ca3041d723c2db13209;200.0;200.0;89.0;11.23;100.23;boleto;8.341;-8.274;True;False;False;False;False;False;False;False;False;False;False;True;False;False;False;False;False;False;False;False;False;False;False;False;False;1;True
f672640d8f525e7ee9e9662776f4ed0f;lag_despacho_negativo;delivered;True;SC;Bombinhas;SC;04308b1ee57b6625f47df1d56f00eedf;11-100;6b4f0a05f4853abf220b4b251f54c903;Votuporanga;SP;SP;15500;2018-04-20 21:24:30;2018-04-24 18:27:33;2018-04-24 00:06:34;2018-04-30 22:33:16;2018-05-22 00:00:00;2018-04-25 21:30:44;1.0;b0e9f0cc1a936b07b4fc11b3a35ad519;650.0;650.0;529.9;21.59;551.49;credit_card;10.048;-21.06;True;False;False;False;False;False;False;False;False;False;False;True;False;False;False;False;False;False;False;False;False;False;False;False;False;1;True
adad66be45caa015d25e03ed17610197;lag_despacho_negativo;delivered;True;MG;Santa Rita do Sapucaí;MG;cb8bcce248bb1fb274ba762d8b971456;11-100;570a608aee1a7a807a1cad82ee9ba9ad;Mariana;MG;MG;35420;2017-12-03 21:03:58;2017-12-05 10:30:54;2017-12-04 22:53:02;2017-12-10 11:56:50;2017-12-27 00:00:00;2017-12-08 11:15:55;1.0;11fd9d7ba552e1d28872e008acf1e050;10225.0;10225.0;139.9;14.0;153.9;debit_card;6.62;-16.502;True;False;False;False;False;False;False;False;False;False;False;True;False;False;False;False;False;False;False;False;False;False;False;False;False;1;True
5394df5f572a529d916abd5272d0bb13;lag_despacho_negativo;delivered;True;SP;Atibaia;SP;16090f2ca825584b5a147ab24aa30c86;101-1000;7dd5c1566fc89f51e10d018c551e43e8;São Paulo;SP;SP;3370;2018-07-04 17:33:01;2018-07-05 16:24:48;2018-07-05 14:37:00;2018-07-06 12:51:11;2018-07-17 00:00:00;2018-07-06 18:32:11;1.0;89321f94e35fc6d7903d36f74e351d40;150.0;150.0;27.9;7.94;35.84;credit_card;1.804;-10.464;True;False;False;False;False;False;False;False;False;False;False;True;False;False;False;False;False;False;False;False;False;False;False;False;False;1;True
3b2639c14a48df0a716ce3bb0c9c6735;lag_despacho_negativo;delivered;True;SP;São Paulo;SP;5d76d80a2f5f39c891b996a1bf4c9853;1-10 pedidos;81d88de363d7b38da09c6600a7993d7f;Caraúbas;RN;RN;59780;2018-08-13 12:04:39;2018-08-14 12:24:01;2018-08-14 11:51:00;2018-08-24 17:11:58;2018-09-04 00:00:00;2018-08-16 12:04:25;1.0;c98141af5de0ad24a74753a12a9eb40b;350.0;350.0;249.9;52.47;302.37;debit_card;11.213;-10.283;True;False;False;False;False;False;False;False;False;False;False;True;False;False;False;False;False;False;False;False;False;False;False;False;False;1;True
9ab8b682f4ecc3c07216e7376007829e;lag_despacho_negativo;delivered;True;SP;Ibitinga;SP;7ad32824caee82087b3e2e5f33b1bf32;101-1000;7e660d547620c36235229542ae7bdcdf;Rio Grande da Serra;SP;SP;9450;2018-04-21 13:35:57;2018-04-24 18:56:00;2018-04-24 16:46:51;2018-04-27 18:06:34;2018-05-16 00:00:00;2018-04-26 14:30:50;1.0;acd9803fca3010f5ad0f3ebefb53e5e6;5000.0;5000.0;199.0;13.83;212.83;credit_card;6.188;-18.245;True;False;False;False;False;False;False;False;False;False;False;True;False;False;False;False;False;False;False;False;False;False;False;False;False;1;True
123bf681d8f2bbf410339ccef14d9c42;lag_despacho_negativo;delivered;True;SP;Registro;SP;c66dccfb3f109511246da627dd5a2498;11-100;0300bfbf1ddf99a37c01bd52639e40d6;São João do Manteninha;MG;MG;35277;2018-07-04 13:31:42;2018-07-05 16:35:32;2018-07-05 14:01:00;2018-07-24 13:12:38;2018-07-30 00:00:00;2018-07-06 14:31:34;1.0;80fc21f90a43fdcfc623f11f5457db10;267.0;267.0;117.0;18.92;135.92;credit_card;19.987;-5.45;True;False;False;False;False;False;False;False;False;False;False;True;False;False;False;False;False;False;False;False;False;False;False;False;False;1;True
37cacebebb14aa6cdc982d4eb40b9441;lag_despacho_negativo;delivered;True;SP;São Paulo;SP;0bf0150d5b9d60d9cd2906003332f085;11-100;366402da97c45a2f443202af1baff526;Piracicaba;SP;SP;13420;2018-04-21 12:37:03;2018-04-24 19:24:11;2018-04-24 15:49:39;2018-04-25 16:25:48;2018-05-08 00:00:00;2018-04-26 13:31:21;1.0;2629c2e1e3a0b360912763741f1bb7ef;900.0;900.0;64.9;11.15;76.05;credit_card;4.159;-12.315;True;False;False;False;False;False;False;False;False;False;False;True;False;False;False;False;False;False;False;False;False;False;False;False;False;1;True
2bec039adcca39ad3a2d76a949e6c99d;lag_despacho_negativo;delivered;True;MG;Ilicínea;MG;a1043bafd471dff536d0c462352beb48;101-1000;dd06035a7c124081d791d46dea94f128;Bauru;SP;SP;17018;2018-07-26 13:03:46;2018-07-27 13:04:27;2018-07-27 11:55:00;2018-08-03 15:18:37;2018-08-16 00:00:00;2018-07-31 13:04:27;2.0;d1c427060a0f73f6b889a5c7c61f2ac4;6550.0;6550.0;239.98;89.28;329.26;credit_card;8.094;-12.362;True;False;False;False;False;False;False;False;False;False;False;True;False;False;False;False;False;True;False;False;False;False;False;False;False;2;True
97823d6731e59cd6b4f9d3ea113a976e;lag_despacho_negativo;delivered;True;SP;Ibitinga;SP;d2374cbcbb3ca4ab1086534108cc3ab7;101-1000;f73735edd848cf439de47e82b57abce2;Campinas;SP;SP;13015;2018-07-23 11:26:36;2018-07-28 23:30:58;2018-07-24 07:14:00;2018-07-27 12:03:15;2018-08-09 00:00:00;2018-07-30 13:44:43;1.0;cce679660c66e6fbd5c8091dfd29e9cd;250.0;250.0;17.9;12.79;30.69;credit_card;4.025;-12.498;True;False;False;False;False;False;False;False;False;False;False;True;False;False;False;False;False;False;False;False;False;False;False;False;False;1;True
795b392abe9e445552c226621cf9638d;lag_despacho_negativo;delivered;True;SP;Mogi Guaçu;SP;17a053fcb14bd219540cbde0df490be0;101-1000;f7ffda824870ec21df169cb0f7995e92;Ribeirão Preto;SP;SP;14010;2018-04-20 16:08:37;2018-04-24 18:33:53;2018-04-23 20:12:55;2018-04-26 21:29:42;2018-05-16 00:00:00;2018-04-26 02:31:35;1.0;7dda94d5b1861c308661fedb3944df60;9275.0;9275.0;199.9;28.26;228.16;boleto;6.223;-19.104;True;False;False;False;False;False;False;False;False;False;False;True;False;False;False;False;False;False;False;False;False;False;False;False;False;1;True
d62a17b3c34827259aa27647123f551e;lag_despacho_negativo;delivered;True;SP;São Paulo;SP;00ee68308b45bc5e2660cd833c3f81cc;101-1000;42f98a15c32e05ec23c23a927420759a;Pirassununga;SP;SP;13631;2018-04-20 16:31:21;2018-04-24 19:23:56;2018-04-23 19:34:54;2018-04-26 12:29:50;2018-05-16 00:00:00;2018-04-26 16:31:15;2.0;180a3dd286404dc8a9154904eadaec99;13475.0;13475.0;248.9;83.96;332.86;credit_card;5.832;-19.479;True;False;False;False;False;False;False;False;False;False;False;True;False;False;False;False;False;False;False;False;False;False;False;False;False;1;True
d897077d0836ffdc2178d70b3f680baa;lag_despacho_negativo;delivered;True;SP;Ibitinga;SP;8160255418d5aaa7dbdc9f4c64ebda44;101-1000;3d0d83ac2090c8d591dd28ddd943f093;Cotia;SP;SP;6715;2018-07-03 14:22:53;2018-07-05 16:33:07;2018-07-05 07:40:00;2018-07-10 20:38:49;2018-07-20 00:00:00;2018-07-05 15:31:22;1.0;871760e304a33f81d67fc135d2c437ac;1950.0;1950.0;124.9;15.18;140.08;credit_card;7.261;-9.14;True;False;False;False;False;False;False;False;False;False;False;True;False;False;False;False;False;False;False;False;False;False;False;False;False;1;True
a4680fb98fd4f2ef703c815a43e4811f;lag_despacho_negativo;delivered;True;SP;Piracicaba;SP;da8622b14eb17ae2831f4ac5b9dab84a;>1000;637b8737cdd1775414a9749edd44ee7b;Cachoeiro de Itapemirim;ES;ES;29303;2018-07-03 09:38:53;2018-07-05 16:40:16;2018-07-03 15:01:00;2018-07-09 12:28:44;2018-07-24 00:00:00;2018-07-05 10:30:51;1.0;e0cf79767c5b016251fe139915c59a26;250.0;250.0;29.9;18.31;48.21;credit_card;6.118;-14.48;True;False;False;False;False;False;False;False;False;False;False;True;False;False;False;False;False;False;False;False;False;False;False;False;False;1;True
2ca1f43a3b966324bcd1fee4818d01e3;lag_despacho_negativo;delivered;True;SP;São Paulo;SP;4978a02ea9c8be7a9b5480680f40334e;11-100;24cf5c1e126ff78cbb839e0d1566dca0;São Paulo;SP;SP;3616;2018-04-21 15:11:16;2018-04-24 19:02:32;2018-04-23 18:03:45;2018-04-25 19:15:00;2018-05-02 00:00:00;2018-04-26 15:30:48;1.0;c2cc0ecc5738d02d916da7e23d80286c;650.0;650.0;58.99;8.88;67.87;credit_card;4.169;-6.198;True;False;False;False;False;False;False;False;False;False;False;True;False;False;False;False;False;False;False;False;False;False;False;False;False;1;True
5fc25db83662b2660bd61440ba3ec9b8;lag_despacho_negativo;delivered;True;SP;Presidente Prudente;SP;8a432f4e5b471f8da497d7dc517666e2;11-100;42d7132586f6d1b7f7be2f6d9a2a97dd;Porto Alegre;RS;RS;91900;2018-07-31 14:50:52;2018-07-31 15:44:29;2018-07-31 13:43:00;2018-08-06 16:41:40;2018-08-15 00:00:00;2018-08-02 15:44:29;1.0;df2e41520cb6197bd02beaebfa6e788b;6500.0;6500.0;137.0;44.76;181.76;credit_card;6.077;-8.304;True;False;False;False;False;False;False;False;False;False;False;True;False;False;False;False;False;False;False;False;False;False;False;False;False;1;True
c4b40afc3b677501f34190204aea02f1;lag_despacho_negativo;delivered;True;SP;São Paulo;SP;9674754b5a0cb32b638cec001178f799;11-100;6ae0139cfdfd904fc9a6d8aba02a6986;Presidente Prudente;SP;SP;19023;2018-05-10 13:12:46;2018-05-10 13:35:50;2018-05-10 13:19:00;2018-05-15 21:21:27;2018-05-29 00:00:00;2018-05-17 13:31:24;2.0;cb1cbe2b417948bd4a3e3419ca360d47;200.0;200.0;41.18;25.58;66.76;credit_card;5.339;-13.11;True;False;False;False;False;False;False;False;False;False;False;True;False;False;False;False;False;True;False;False;False;False;False;False;False;2;True
876c93b0a50c1fd2ad77f265d32de95e;lag_despacho_negativo;delivered;True;SP;São Bernardo do Campo;SP;f7ba60f8c3f99e7ee4042fdef03b70c4;101-1000;325f5ae6a8e3170a943610ea545ad628;Santana do Acaraú;CE;CE;62150;2018-07-04 17:45:29;2018-07-05 16:11:30;2018-07-05 13:06:00;2018-07-13 20:38:59;2018-08-06 00:00:00;2018-07-10 18:31:38;1.0;bb50f2e236e5eea0100680137654686c;400.0;400.0;330.0;39.22;369.22;credit_card;9.12;-23.14;True;False;False;False;False;False;False;False;False;False;False;True;False;False;False;False;False;False;False;False;False;False;False;False;False;1;True
8e2180a4fcb4cc57d8e0737c95cd4d28;lag_despacho_negativo;delivered;True;SC;Navegantes;SC;8ae520247981aa06bc94abddf5f46d34;11-100;9e69321bb2e7f46db966e815d56ee6e8;Santo Ângelo;RS;RS;98804;2018-07-03 14:21:21;2018-07-05 16:33:00;2018-07-03 13:32:00;2018-07-06 19:06:36;2018-07-27 00:00:00;2018-07-05 15:31:19;1.0;e3425df9bd51be69917273c9dd92ed5e;733.0;733.0;63.98;19.64;83.62;credit_card;3.198;-20.204;True;False;False;False;False;False;False;False;False;False;False;True;False;False;False;False;False;False;False;False;False;False;False;False;False;1;True
8d3cd96a636e59a3a47b52cedd6e9bbd;lag_despacho_negativo;delivered;True;MG;Uberlândia;MG;59b22a78efb79a4797979612b885db36;101-1000;433d2182c7ede2cd82ab34f10ba26e2e;Jordânia;MG;MG;39920;2018-06-20 14:48:16;2018-06-20 15:19:11;2018-06-20 15:18:00;2018-06-26 23:51:00;2018-07-18 00:00:00;2018-06-26 15:19:11;1.0;0e9083f06ff39f2cfe1ba2c8f589f591;7900.0;7900.0;239.0;25.83;264.83;credit_card;6.377;-21.006;True;False;False;False;False;False;False;False;False;False;False;True;False;False;False;False;False;False;False;False;False;False;False;False;False;1;True
36e4e23cd12bdb0504acb89751e85bc8;lag_despacho_negativo;delivered;True;SP;São Paulo;SP;5d76d80a2f5f39c891b996a1bf4c9853;1-10 pedidos;a871b1ff77cfbc257daf33b34db71c76;Grajaú;MA;MA;65940;2018-07-25 13:18:32;2018-07-26 09:15:15;2018-07-26 07:20:00;2018-08-17 19:29:36;2018-08-20 00:00:00;2018-08-01 09:15:15;1.0;d3a745c19c13090b4114427d782f6c52;400.0;400.0;235.9;52.37;288.27;credit_card;23.258;-2.188;True;False;False;False;False;False;False;False;False;False;False;True;False;False;False;False;False;False;False;False;False;False;False;False;False;1;True
3586033d33df96014cf815491f3e287a;lag_despacho_negativo;delivered;True;SP;Campinas;SP;562fc2f2c2863ab7e79a9e4388a58a14;101-1000;3b690e29d184eefe257e78e2b0d70f11;Magé;RJ;RJ;25931;2018-04-20 11:51:49;2018-04-24 17:22:33;2018-04-20 23:03:53;2018-04-26 13:10:54;2018-05-21 00:00:00;2018-04-26 12:31:56;1.0;d58020f0dc3b18e41728f846f5072a6c;150.0;150.0;29.99;15.23;45.22;credit_card;6.055;-24.451;True;False;False;False;False;False;False;False;False;False;False;True;False;False;False;False;False;False;False;False;False;False;False;False;False;1;True
537716eaf03b0a1904be0663cbcdafa9;lag_despacho_negativo;delivered;True;SP;Ibitinga;SP;640e21a7d01df7614a3b4923e990d40c;101-1000;e8a7df4eee97cecb90adaff30ab1774d;Mariluz;PR;PR;87470;2018-08-03 14:16:35;2018-08-03 14:30:19;2018-08-03 14:18:00;2018-08-14 21:51:45;2018-08-20 00:00:00;2018-08-07 14:30:19;1.0;013ee64977aaa6b2b25475095162e0e9;1350.0;1350.0;69.99;23.29;93.28;credit_card;11.316;-5.089;True;False;False;False;False;False;False;False;False;False;False;True;False;False;False;False;False;False;False;False;False;False;False;False;False;1;True
7c03bf6cda48e5312a9e4cfb0002f3b6;lag_despacho_negativo;delivered;True;SP;São Paulo;SP;0bebbb2cea103a4a020c95d43fd7d754;1-10 pedidos;fcb0a07f3175199fbcbc0c2f848c2811;Ubá;MG;MG;36505;2018-07-05 09:43:06;2018-07-05 16:21:12;2018-07-05 12:45:00;2018-07-12 17:22:35;2018-07-30 00:00:00;2018-07-11 14:32:09;1.0;229e0aa8bfc8fc368eab501695dbcef3;400.0;400.0;124.9;18.97;143.87;debit_card;7.319;-17.276;True;False;False;False;False;False;False;False;False;False;False;True;False;False;False;False;False;False;False;False;False;False;False;False;False;1;True
63271c4f926901533f34d374c4126952;lag_despacho_negativo;delivered;True;SP;São Paulo;SP;6560211a19b47992c3666cc44a7e94c0;>1000;1a554527a355fb6472f50446520db582;Passa Quatro;MG;MG;37460;2018-07-22 09:18:49;2018-07-23 11:31:35;2018-07-23 11:27:00;2018-07-27 17:38:44;2018-08-09 00:00:00;2018-07-25 09:18:54;1.0;a92930c327948861c015c919a0bcb4a8;250.0;250.0;78.0;18.65;96.65;credit_card;5.347;-12.265;True;False;False;False;False;False;False;False;False;False;False;True;False;False;False;False;False;False;False;False;False;False;False;False;False;1;True
66d737f81143e3724207d2f2fb457ad9;lag_despacho_negativo;delivered;True;SP;São Paulo;SP;1e8b33f18b4f7598d87f5cbee2282cc2;101-1000;cfbe4d21b471a3da81be31e3377dc857;Rio de Janeiro;RJ;RJ;21012;2018-07-22 14:23:36;2018-07-27 23:31:18;2018-07-24 13:34:00;2018-08-01 18:13:00;2018-08-20 00:00:00;2018-07-26 03:55:21;1.0;03aad9707028422f38b0563410912177;1500.0;1500.0;74.8;18.32;93.12;boleto;10.159;-18.241;True;False;False;False;False;False;False;False;False;False;False;True;False;False;False;False;False;False;False;False;False;False;False;False;False;1;True
2d3b451fae025eca7a05641e05e452bb;lag_despacho_negativo;delivered;True;SP;Ribeirão Pires;SP;411f3b52d857390502ee4e4d5ceabc2d;11-100;d33885da5770ce864e8c39b0e8e5dcd6;Florianópolis;SC;SC;88015;2018-07-23 12:35:34;2018-07-28 23:31:07;2018-07-24 14:47:00;2018-07-31 00:41:32;2018-08-08 00:00:00;2018-07-26 04:15:16;1.0;508f0e9cc116910a45a3d133491a929d;600.0;600.0;26.25;16.37;42.62;boleto;7.504;-7.971;True;False;False;False;False;False;False;False;False;False;False;True;False;False;False;False;False;False;False;False;False;False;False;False;False;1;True
ead00e0026023c03ce71d6d072050bf6;lag_despacho_negativo;delivered;True;RJ;Nova Friburgo;RJ;1464afc72f696af775557a821c2e253f;11-100;85c4d9c7becf2cec8e59df8acb4dcfed;São Paulo;SP;SP;5754;2018-04-20 14:37:08;2018-04-24 19:18:42;2018-04-21 00:12:08;2018-05-01 02:13:35;2018-05-16 00:00:00;2018-04-26 15:31:09;1.0;5dfc84369c7457e1bd188be86a7563f0;150.0;150.0;29.9;18.23;48.13;credit_card;10.484;-14.907;True;False;False;False;False;False;False;False;False;False;False;True;False;False;False;False;False;False;False;False;False;False;False;False;False;1;True
8fde182213914d24ed0bb9d4b02371a0;lag_despacho_negativo;delivered;True;MG;Araguari;MG;7299e27ed73d2ad986de7f7c77d919fa;101-1000;2456f8d019f041c966cd1d26e4759774;Belo Horizonte;MG;MG;31990;2018-05-17 17:56:25;2018-05-18 14:34:53;2018-05-18 14:26:00;2018-06-03 12:58:45;2018-06-01 00:00:00;2018-05-22 14:32:16;2.0;7f72a8900b3d2fc8fa2635b7836d6e6e;147.0;147.0;129.98;27.14;157.12;credit_card;16.793;2.541;True;True;False;True;False;False;False;False;False;False;False;True;False;False;False;False;False;True;False;False;False;False;False;False;False;2;True
ebc45391c3d191ea75a52f6e2201d311;lag_despacho_negativo;delivered;True;SP;Presidente Prudente;SP;8a432f4e5b471f8da497d7dc517666e2;11-100;97be631d09715d48d5fdc90d8bdc8d9f;São Paulo;SP;SP;5589;2018-07-04 13:51:48;2018-07-05 16:25:43;2018-07-05 14:11:00;2018-07-10 17:58:45;2018-07-24 00:00:00;2018-07-09 14:32:09;1.0;261dc97192b478e60fd1318cd0650618;1200.0;1200.0;39.0;14.58;53.58;credit_card;6.171;-13.251;True;False;False;False;False;False;False;False;False;False;False;True;False;False;False;False;False;False;False;False;False;False;False;False;False;1;True
4fe46529fed4601ccb07ba71cc357567;lag_despacho_negativo;delivered;True;SP;Guarulhos;SP;72c5da29406b4234927b81855e7b64f6;11-100;d6c6231fe530ce9dcf146cb013ff74e7;Colniza;MT;MT;78335;2018-07-10 18:55:39;2018-07-13 16:06:57;2018-07-11 12:26:00;2018-07-30 14:07:57;2018-08-07 00:00:00;2018-07-12 20:31:02;1.0;2722b86640ddc24e1374c2df1ac2a230;1700.0;1700.0;299.99;32.97;332.96;credit_card;19.8;-7.411;True;False;False;False;False;False;False;False;False;False;False;True;False;False;False;False;False;False;False;False;False;False;False;False;False;1;True
c700b407cfb9699e423866878835f42b;lag_despacho_negativo;delivered;True;SP;São Paulo;SP;955fee9216a65b617aa5c0531780ce60;>1000;8e35ad059c14e7c2098879b6812fbbe2;Campos dos Goytacazes;RJ;RJ;28085;2018-07-03 18:30:09;2018-07-05 16:12:51;2018-07-04 08:51:00;2018-07-10 18:49:52;2018-07-24 00:00:00;2018-07-05 19:31:08;1.0;928e52a9ad53a294fdcc91bcf59d1751;1600.0;1600.0;130.0;23.71;153.71;credit_card;7.014;-13.215;True;False;False;False;False;False;False;False;False;False;False;True;False;False;False;False;False;False;False;False;False;False;False;False;False;1;True
27bb9f8cf03a1e189a4047a05621074c;lag_despacho_negativo;delivered;True;MG;Belo Horizonte;MG;2a84855fd20af891be03bc5924d2b453;101-1000;7c9c1015111c84b3feff7011e229470d;Osasco;SP;SP;6053;2018-04-23 09:32:25;2018-04-24 17:41:57;2018-04-24 00:14:49;2018-04-28 01:17:57;2018-05-15 00:00:00;2018-04-27 10:31:08;1.0;1becf32f9c527bad8d88e8e6aa99f021;950.0;950.0;89.9;16.6;106.5;credit_card;4.657;-16.946;True;False;False;False;False;False;False;False;False;False;False;True;False;False;False;False;False;False;False;False;False;False;False;False;False;1;True
3a026b1e98a953d5e0e675d1593ad4af;lag_despacho_negativo;delivered;True;SP;Santana de Parnaíba;SP;c522be04e020c1e7b79f3acff36513d5;1-10 pedidos;80e41f2c55ff25bd7a53ce33e5f799da;São Paulo;SP;SP;5875;2018-04-23 01:40:58;2018-04-24 18:29:12;2018-04-23 21:33:24;2018-05-02 21:51:27;2018-05-15 00:00:00;2018-05-03 02:31:52;1.0;b101b46755d3037cfa56b29f72e11a19;500.0;500.0;79.99;8.32;88.31;credit_card;9.841;-12.089;True;False;False;False;False;False;False;False;False;False;False;True;False;False;False;False;False;False;False;False;False;False;False;False;False;1;True
7a23cfcc5fcb50ed8cfd257506a5e84b;lag_despacho_negativo;delivered;True;SP;São Bernardo do Campo;SP;f5a590cf36251cf1162ea35bef76fe84;101-1000;2f2dcb995d3cd4769e53f5db2bf8fb47;Cianorte;PR;PR;87208;2018-05-04 15:07:26;2018-05-04 15:15:23;2018-05-04 13:50:00;2018-05-09 17:58:47;2018-05-25 00:00:00;2018-05-11 15:15:23;1.0;03fbf722447bf7fb4a99aff40b8ede7a;7550.0;7550.0;629.0;60.66;689.66;credit_card;5.119;-15.251;True;False;False;False;False;False;False;False;False;False;False;True;False;False;False;False;False;False;False;False;False;False;False;False;False;1;True
dad0bbde895c4becabe332fcdfd47893;lag_despacho_negativo;delivered;True;SP;Ibitinga;SP;391fc6631aebcf3004804e51b40bcf1e;101-1000;e6f880597699e4ad4e9e3ca72e5ab365;Osasco;SP;SP;6045;2018-04-22 12:48:56;2018-04-24 18:07:47;2018-04-24 15:54:40;2018-04-28 01:22:38;2018-05-16 00:00:00;2018-04-26 13:31:22;1.0;8814a3da37fb9673a5ac06f82a2a00a9;900.0;900.0;59.65;14.51;74.16;credit_card;5.523;-17.943;True;False;False;False;False;False;False;False;False;False;False;True;False;False;False;False;False;False;False;False;False;False;False;False;False;1;True
be555543375e799bd0f439ffc16134ab;lag_despacho_negativo;delivered;True;MG;Belo Horizonte;MG;2a84855fd20af891be03bc5924d2b453;101-1000;ec17a9a3e1a147308f1e70ab736e787b;Além Paraíba;MG;MG;36660;2018-07-03 10:11:40;2018-07-05 16:06:58;2018-07-04 14:44:00;2018-07-05 19:06:43;2018-07-23 00:00:00;2018-07-06 08:32:13;2.0;bdcf6a834e8faa30dac3886c7a58e92e;1614.0;1614.0;71.8;30.64;102.44;boleto;2.372;-17.204;True;False;False;False;False;False;False;False;False;False;False;True;False;False;False;False;False;True;False;False;False;False;False;False;False;2;True
2cfc3681e512e0d12b6fe84b396e3907;lag_despacho_negativo;delivered;True;SP;São Paulo;SP;fd386aa7bed2af3c7035c65506c9b4a3;11-100;6c60b00bcbef919c1697d18c309a99fe;Uberlândia;MG;MG;38401;2018-04-22 20:15:52;2018-04-24 18:46:28;2018-04-24 00:58:19;2018-04-30 20:51:45;2018-05-18 00:00:00;2018-04-26 21:31:05;1.0;1cf657de01c2b973b898ad0ac9073ac7;210.0;210.0;15.99;18.23;34.22;credit_card;8.025;-17.131;True;False;False;False;False;False;False;False;False;False;False;True;False;False;False;False;False;False;False;False;False;False;False;False;False;1;True
d6e3732aea036f7d71b44db75163e2f4;lag_despacho_negativo;delivered;True;SP;São Roque;SP;45ba18c210d42734ec52c0c1c574e9ee;11-100;0e030dda2e8d63beb191f52346ac0fbe;Barueri;SP;SP;6429;2018-07-03 09:45:53;2018-07-05 16:27:57;2018-07-04 14:03:00;2018-07-05 15:21:52;2018-07-20 00:00:00;2018-07-09 10:31:06;1.0;5418df20cd587e12212d54c1d5d990fb;1050.0;1050.0;169.89;12.92;182.81;credit_card;2.233;-14.36;True;False;False;False;False;False;False;False;False;False;False;True;False;False;False;False;False;False;False;False;False;False;False;False;False;1;True
f54b0f9fdbe3e0a69bcc611b4f3de1f4;lag_despacho_negativo;delivered;True;MG;Borda da Mata;MG;dbc22125167c298ef99da25668e1011f;101-1000;7fbb0602aec7b6feb74b89777bc5754a;Paranavaí;PR;PR;87710;2018-01-06 14:50:23;2018-01-10 10:06:32;2018-01-08 22:58:46;2018-01-17 19:26:27;2018-02-07 00:00:00;2018-01-11 15:07:11;1.0;6bd248f93425ceeb625a8a97e2404112;550.0;550.0;59.9;19.66;79.56;credit_card;11.192;-20.19;True;False;False;False;False;False;False;False;False;False;False;True;False;False;False;False;False;False;False;False;False;False;False;False;False;1;True
f5eda04cf77ec4fc17a1c7a4e8984afb;lag_despacho_negativo;delivered;True;SP;Ribeirão Preto;SP;7d13fca15225358621be4086e1eb0964;101-1000;b884d405e354ad1e5213f72883e4e6ee;Campinas;SP;SP;13050;2018-07-02 09:14:07;2018-07-05 16:25:39;2018-07-04 15:16:00;2018-07-14 09:34:39;2018-07-25 00:00:00;2018-07-09 10:30:48;1.0;53b36df67ebb7c41585e8d54d6772e08;584.0;584.0;119.0;13.49;132.49;credit_card;12.014;-10.601;True;False;False;False;False;False;False;False;False;False;False;True;False;False;False;False;False;False;False;False;False;False;False;False;False;1;True
d15a4c4d1426b7275d538063d8fe4c6a;lag_despacho_negativo;delivered;True;SP;Indaiatuba;SP;c510bc1718f0f2961eaa42a23330681a;11-100;5b70139504198431b1a8465887ec205b;Limeira;SP;SP;13480;2018-04-20 15:45:31;2018-04-24 18:44:29;2018-04-23 16:48:48;2018-04-24 17:24:50;2018-04-30 00:00:00;2018-04-26 16:31:25;1.0;a68149d568e07ca72477faf0b10906e1;2804.0;2804.0;299.0;9.28;308.28;credit_card;4.069;-5.274;True;False;False;False;False;False;False;False;False;False;False;True;False;False;False;False;False;False;False;False;False;False;False;False;False;1;True
0700a8e0947d76a90800538ff87da453;lag_despacho_negativo;delivered;True;SP;São Paulo;SP;8b321bb669392f5163d04c59e235e066;101-1000;96a41a2b6f1ce4dbd4f8fecc3fc26489;Aracruz;ES;ES;29194;2018-04-22 11:26:58;2018-04-24 19:10:19;2018-04-24 18:58:03;2018-05-02 21:28:46;2018-05-22 00:00:00;2018-04-30 03:32:28;1.0;44fded21627553d1886d459384bbce06;150.0;150.0;15.0;18.23;33.23;boleto;10.418;-19.105;True;False;False;False;False;False;False;False;False;False;False;True;False;False;False;False;False;False;False;False;False;False;False;False;False;1;True
753a3deab4eed64bb300591cb01874b3;lag_despacho_negativo;delivered;True;SP;Santo André;SP;ff063b022a9a0aab91bad2c9088760b7;11-100;c2707c8fb97cae32e395d91109cf58dd;Rio de Janeiro;RJ;RJ;21350;2018-04-21 19:58:09;2018-04-24 18:58:32;2018-04-23 17:08:51;2018-05-24 21:16:35;2018-05-29 00:00:00;2018-04-26 20:30:46;1.0;a5341e3f8155dbb3e62323d3ea289729;2850.0;2850.0;93.0;21.73;114.73;credit_card;33.054;-4.113;True;False;False;False;False;False;False;False;False;False;False;True;False;False;False;False;False;False;False;False;False;False;False;False;False;1;True
7f01243bfbb619e73796571192245fce;lag_despacho_negativo;delivered;True;SP;Presidente Prudente;SP;8a432f4e5b471f8da497d7dc517666e2;11-100;bf2f941a497aa93ace6c2dc0b55984a7;Águas da Prata;SP;SP;13890;2018-08-23 14:14:37;2018-08-23 14:25:56;2018-08-23 14:10:00;2018-08-24 15:58:33;2018-09-04 00:00:00;2018-08-27 14:25:56;1.0;c3c47cc2c109b294de98015792804e64;1525.0;1525.0;89.0;14.93;103.93;credit_card;1.072;-10.334;True;False;False;False;False;True;False;False;False;False;False;True;False;False;False;False;False;False;False;False;False;False;False;False;False;2;True
71435a06cf53842e055368f881a38b61;lag_despacho_negativo;delivered;True;SP;Santa Bárbara D'oeste;SP;e8dba4d70f7f2b20e775d09cae01142d;1-10 pedidos;90dae71880786651d4e29dd2b56a54e0;Divinópolis;MG;MG;35500;2018-07-25 15:40:26;2018-07-25 15:55:10;2018-07-25 14:38:00;2018-07-28 18:46:39;2018-08-10 00:00:00;2018-07-27 15:53:10;1.0;23905e2fed49239bf63e416ba24bd556;1100.0;1100.0;239.99;20.87;260.86;credit_card;3.129;-12.218;True;False;False;False;False;False;False;False;False;False;False;True;False;False;False;False;False;False;False;False;False;False;False;False;False;1;True
6d1f16f4ed292206fbeedf3b44e0ceb3;lag_despacho_negativo;delivered;True;SP;Piracicaba;SP;da8622b14eb17ae2831f4ac5b9dab84a;>1000;c6e541df5fc7e101c333f2294d63b052;São Paulo;SP;SP;4910;2018-07-01 14:15:20;2018-07-05 16:07:28;2018-07-03 19:26:00;2018-07-04 22:12:51;2018-07-16 00:00:00;2018-07-05 04:31:42;1.0;e0cf79767c5b016251fe139915c59a26;250.0;250.0;29.9;7.79;37.69;boleto;3.332;-11.074;True;False;False;False;False;False;False;False;False;False;False;True;False;False;False;False;False;False;False;False;False;False;False;False;False;1;True
119060af27b04f5fae8b2b0e27eef7f9;lag_despacho_negativo;delivered;True;SP;São Paulo;SP;9f505651f4a6abe901a56cdc21508025;101-1000;00c5b008c1465e327578fdacf185ccfa;Maricá;RJ;RJ;24901;2018-06-11 14:34:47;2018-06-12 09:31:54;2018-06-11 12:45:00;2018-06-14 22:18:58;2018-07-05 00:00:00;2018-06-13 15:01:20;1.0;d04857e7b4b708ee8b8b9921163edba3;450.0;450.0;67.99;16.67;84.66;credit_card;3.322;-20.07;True;False;False;False;False;False;False;False;False;False;False;True;False;False;False;False;False;False;False;False;False;False;False;False;False;1;True
4cdbb26aa0dc8e7179f33edf59722fa8;lag_despacho_negativo;delivered;True;SP;São Paulo;SP;ba143b05f0110f0dc71ad71b4466ce92;11-100;07de064ec1b736d53124c6275c05fee3;São Paulo;SP;SP;2712;2018-07-03 19:29:11;2018-07-05 16:32:16;2018-07-04 14:52:00;2018-07-05 18:21:48;2018-07-20 00:00:00;2018-07-09 20:31:51;1.0;4535b0e1091c278dfd193e5a1d63b39f;850.0;850.0;53.99;9.13;63.12;debit_card;1.953;-14.235;True;False;False;False;False;False;False;False;False;False;False;True;False;False;False;False;False;False;False;False;False;False;False;False;False;1;True
8a9c9e6f36131fb108495efe07936f02;lag_despacho_negativo;delivered;True;SP;Mogi Guaçu;SP;17a053fcb14bd219540cbde0df490be0;101-1000;996043471e5f72df3824858bdc258270;São Paulo;SP;SP;4783;2018-04-21 13:06:48;2018-04-24 18:06:13;2018-04-23 20:12:56;2018-04-24 20:42:03;2018-05-10 00:00:00;2018-04-26 13:31:21;1.0;81ad2aebdd010001ccb2bf579b5ad94c;10850.0;10850.0;179.9;24.55;204.45;credit_card;3.316;-15.137;True;False;False;False;False;False;False;False;False;False;False;True;False;False;False;False;False;False;False;False;False;False;False;False;False;1;True
21df2b96ea32eb3b985c7c87a398b8d0;lag_despacho_negativo;delivered;True;SP;São Paulo;SP;fd386aa7bed2af3c7035c65506c9b4a3;11-100;24566ba6ae931a905a53ddc9fe4cc3ed;Charqueadas;RS;RS;96745;2018-07-03 18:26:24;2018-07-05 16:32:46;2018-07-04 14:44:00;2018-07-12 22:06:55;2018-08-01 00:00:00;2018-07-05 19:31:09;1.0;1f75be631e988bb0ad750e60e18d043b;200.0;200.0;13.99;15.23;29.22;credit_card;9.153;-19.079;True;False;False;False;False;False;False;False;False;False;False;True;False;False;False;False;False;False;False;False;False;False;False;False;False;1;True
d5558a097766363b8e76b38c43332e8a;entrega_antes_coleta;delivered;True;SP;Echaporã;SP;b56906f7fd1696e043f1bcce164c487b;11-100;49a4fe701c3d30eac6c180908e665ebb;São Paulo;SP;SP;4905;2017-02-04 19:01:33;2017-02-04 19:31:12;2017-02-15 08:55:26;2017-02-10 07:58:32;2017-03-01 00:00:00;2017-02-08 19:01:33;2.0;b795524e6ddbae40e910d169242dbcd7;513.0;513.0;108.6;20.509999999999998;129.11;credit_card;5.54;-18.668;True;False;False;False;False;False;False;False;True;False;False;False;False;False;False;False;False;False;False;False;False;False;False;False;False;1;True
719beedd6c2193b3e1e1ea1d2706eaf1;lag_despacho_negativo;delivered;True;SP;São Paulo;SP;99cd94252748d2bdde08e17858233602;1-10 pedidos;0839786620cd7ef6e2da4abca81ac42d;Pindamonhangaba;SP;SP;12403;2018-06-20 14:02:25;2018-06-20 14:18:42;2018-06-20 13:32:00;2018-06-21 15:04:21;2018-07-05 00:00:00;2018-06-26 14:18:42;1.0;fd7d446e2582c5bbc8be63f9179e98ac;150.0;150.0;79.9;8.3;88.2;credit_card;1.043;-13.372;True;False;False;False;False;False;False;False;False;False;False;True;False;False;False;False;False;False;False;False;False;False;False;False;False;1;True
986dfd5411cb5a65f3fe024bdb0d0745;lag_despacho_negativo;shipped;True;PR;Foz do Iguaçu;PR;54965bbe3e4f07ae045b90b0b8541f52;11-100;0d0d6e3ef1bb0fc138cc892552ece941;Rio de Janeiro;RJ;RJ;21240;2018-07-03 19:59:42;2018-07-05 16:05:58;2018-07-04 14:15:00;;2018-08-20 00:00:00;2018-07-13 20:31:46;1.0;78e289a7c7224015c83ae9b7dd4d29c9;2300.0;2300.0;119.9;31.71;151.61;debit_card;;;False;;True;True;False;False;False;False;False;False;False;True;False;False;False;False;False;False;False;False;True;False;False;False;False;2;True
ac05f13680c4e4da78427313ecbe0a6e;lag_despacho_negativo;delivered;True;MG;Contagem;MG;cfd7ddab722b902f7ac5b5f3ba6d723d;11-100;b895d8a9142551ff5d7caad5e3d379b4;Vitória;ES;ES;29045;2018-07-05 11:34:09;2018-07-05 16:30:33;2018-07-05 13:10:00;2018-07-12 21:28:58;2018-07-27 00:00:00;2018-07-11 12:31:26;1.0;f5631d616c09c9460e248cb5d27909b0;3350.0;3350.0;219.0;27.04;246.04;credit_card;7.413;-14.105;True;False;False;False;False;False;False;False;False;False;False;True;False;False;False;False;False;False;False;False;False;False;False;False;False;1;True
a4396e55c140360b67296ee34f56752c;lag_despacho_negativo;delivered;True;SP;São Paulo;SP;1025f0e2d44d7041d6cf58b6550e0bfa;101-1000;3e345e7e395a3ddd11abf786d6d74e3e;Santa Cruz do Sul;RS;RS;96810;2018-07-23 14:13:23;2018-07-28 23:31:03;2018-07-26 10:17:00;2018-07-30 20:43:33;2018-08-17 00:00:00;2018-07-31 03:55:16;3.0;09c3a2ea33f044aebffecd6681e00133;1150.0;1150.0;120.0;69.24;189.24;boleto;7.271;-17.136;True;False;False;False;False;False;False;False;False;False;False;True;False;False;False;False;False;True;False;False;False;False;False;False;False;2;True
ceb435f46d86d2fb2890334c4862315a;lag_despacho_negativo;delivered;True;PR;Curitiba;PR;6b243f80ed07b10f0e8aa0f21a205f3c;11-100;b2e1defadfd7964f26a2f4a449eb6e26;Jacareí;SP;SP;12327;2018-07-03 20:17:01;2018-07-05 16:27:04;2018-07-04 12:19:00;2018-07-12 16:58:36;2018-08-02 00:00:00;2018-07-09 20:31:36;1.0;b1b79859f1babe1145fdd1b24eabb217;100.0;100.0;29.9;18.31;48.21;credit_card;8.862;-20.293;True;False;False;False;False;False;False;False;False;False;False;True;False;False;False;False;False;False;False;False;False;False;False;False;False;1;True
06b709d62777971bc95e6c32886f3ddc;lag_despacho_negativo;delivered;True;SC;Rio do Sul;SC;1b65c144b17e607c0f37f10bb7dfec8d;1-10 pedidos;8709f685a85d5c65fb7e7a9a77e97182;Rio de Janeiro;RJ;RJ;22261;2018-04-20 20:36:31;2018-04-24 19:28:15;2018-04-23 17:49:42;2018-05-04 19:41:48;2018-05-24 00:00:00;2018-04-25 21:30:27;1.0;638a9114d65182d28b1cf8a99e72d90e;2450.0;2450.0;159.9;31.77;191.67;credit_card;13.962;-19.179;True;False;False;False;False;False;False;False;False;False;False;True;False;False;False;False;False;False;False;False;False;False;False;False;False;1;True
dbaabdb0be80480bf6306b5e3c953017;lag_despacho_negativo;delivered;True;MG;Ilicínea;MG;a1043bafd471dff536d0c462352beb48;101-1000;ab4014c73ea5362865a1e91244fa4e31;Birigüi;SP;SP;16204;2018-06-04 13:11:37;2018-06-05 14:31:37;2018-06-05 11:48:00;2018-06-13 16:03:04;2018-07-13 00:00:00;2018-06-13 13:09:36;1.0;d1c427060a0f73f6b889a5c7c61f2ac4;6550.0;6550.0;119.0;57.09;176.09;credit_card;9.119;-29.331;True;False;False;False;False;False;False;False;False;False;False;True;False;False;False;False;False;False;False;False;False;False;False;False;False;1;True
a49dc0169f9bb6d3ac9829bdebd12299;lag_despacho_negativo;delivered;True;SP;São Paulo;SP;9f505651f4a6abe901a56cdc21508025;101-1000;c78088a2467e83cbb726c1283608dca7;Mauá;SP;SP;9371;2018-07-21 11:46:28;2018-07-26 23:31:27;2018-07-24 14:55:00;2018-07-25 18:24:31;2018-07-31 00:00:00;2018-07-26 04:05:38;1.0;d04857e7b4b708ee8b8b9921163edba3;450.0;450.0;69.99;8.65;78.64;boleto;4.276;-5.233;True;False;False;False;False;False;False;False;False;False;False;True;False;False;False;False;False;False;False;False;False;False;False;False;False;1;True
4b6e439f8ebc7348898173190aec97e0;lag_despacho_negativo;delivered;True;SP;Salto;SP;f8db351d8c4c4c22c6835c19a46f01b0;101-1000;aaf20dc67023de7b3972bebe41ee09b7;São Carlos;SP;SP;13575;2018-07-03 13:44:02;2018-07-05 16:33:04;2018-07-04 15:09:00;2018-07-06 12:41:20;2018-07-23 00:00:00;2018-07-06 05:30:44;1.0;ef61eac41af4d480bf8e6c728136397d;1250.0;1250.0;39.9;14.59;54.49;boleto;2.956;-16.471;True;False;False;False;False;False;False;False;False;False;False;True;False;False;False;False;False;False;False;False;False;False;False;False;False;1;True
5bda85803d5b100f4a2c1aea2f89c40d;lag_despacho_negativo;delivered;True;SP;Limeira;SP;4b9750c8ad28220fe6702d4ecb7c898f;101-1000;ad6c8f1dafd59a1fee2c1c82b110a67c;Santo André;SP;SP;9290;2018-07-03 14:45:18;2018-07-05 16:23:41;2018-07-05 15:07:00;2018-07-06 20:58:48;2018-07-19 00:00:00;2018-07-10 04:34:33;1.0;0a5a41c678bcf81e041826bb24eb0b01;750.0;750.0;48.9;9.47;58.37;boleto;3.259;-12.126;True;False;False;False;False;False;False;False;False;False;False;True;False;False;False;False;False;False;False;False;False;False;False;False;False;1;True
210cf7d3028086f57d41f03d2a240390;lag_despacho_negativo;delivered;True;SP;Barueri;SP;7e93a43ef30c4f03f38b393420bc753a;101-1000;f17cb09a8980e4f5a0a6b4df4707c089;Augusto Corrêa;PA;PA;68610;2018-04-20 17:03:32;2018-04-24 19:28:54;2018-04-24 17:04:19;2018-05-10 20:52:14;2018-06-01 00:00:00;2018-04-26 17:30:45;1.0;76047a9f85e0601a31579a9a9e88a0e8;333.0;333.0;159.0;37.8;196.8;credit_card;20.159;-21.13;True;False;False;False;False;False;False;False;False;False;False;True;False;False;False;False;False;False;False;False;False;False;False;False;False;1;True
c809b7fce9716f7f28909c7d5aca9eab;lag_despacho_negativo;delivered;True;SP;Riberao Preto;SP;17e34d8224d27a541263c4c64b11a56b;101-1000;80592dbf71be01f4059123025479d07d;Uberaba;MG;MG;38045;2018-07-03 11:47:53;2018-07-05 16:33:19;2018-07-03 15:23:00;2018-07-09 19:36:31;2018-07-30 00:00:00;2018-07-10 12:31:49;1.0;d103a59e482517dd37f6865b1bf5499d;1650.0;1650.0;97.5;14.99;112.49;credit_card;6.325;-20.183;True;False;False;False;False;False;False;False;False;False;False;True;False;False;False;False;False;False;False;False;False;False;False;False;False;1;True
36ca3c87ca7562cf9be42d80a0abe097;lag_despacho_negativo;delivered;True;SP;Limeira;SP;4b9750c8ad28220fe6702d4ecb7c898f;101-1000;4716ede37d26452c09375d6f80870dc0;Belo Horizonte;MG;MG;31210;2018-02-08 06:19:23;2018-02-10 09:31:27;2018-02-09 22:14:36;2018-02-20 23:25:32;2018-03-07 00:00:00;2018-02-15 13:30:34;1.0;7f4e034245e45549110139d1de248f83;600.0;600.0;48.9;16.11;65.01;boleto;12.713;-14.024;True;False;False;False;False;False;False;False;False;False;False;True;False;False;False;False;False;False;False;False;False;False;False;False;False;1;True
379d35a7f738e53131a68c79b97b005c;lag_despacho_negativo;delivered;True;SP;Piracicaba;SP;da8622b14eb17ae2831f4ac5b9dab84a;>1000;24e36b36ec363994dea55cf1d117b8f2;Brasília;DF;DF;71065;2018-04-19 10:01:01;2018-04-24 18:12:38;2018-04-24 15:51:27;2018-05-07 20:18:36;2018-05-16 00:00:00;2018-04-26 02:32:08;1.0;e0cf79767c5b016251fe139915c59a26;250.0;250.0;29.9;16.95;46.85;boleto;18.429;-8.154;True;False;False;False;False;False;False;False;False;False;False;True;False;False;False;False;False;False;False;False;False;False;False;False;False;1;True
3c93a4cc9ca8a3e1148b82d0425be9c4;lag_despacho_negativo;delivered;True;SC;Lages;SC;eeb6de78f79159600292e314a77cbd18;11-100;fd9762feae4acdbfd1d89012de982916;Piracicaba;SP;SP;13401;2018-08-09 11:20:25;2018-08-09 14:30:16;2018-08-09 13:37:00;2018-08-13 15:36:49;2018-08-17 00:00:00;2018-08-13 14:30:16;1.0;317ac060ed225d07050a819ca208d66e;5500.0;5500.0;529.0;44.68;573.68;credit_card;4.178;-3.349;True;False;False;False;False;False;False;False;False;False;False;True;False;False;False;False;False;False;False;False;False;False;False;False;False;1;True
771c4f1f521f462e4b95619e648aaeab;entrega_antes_coleta;delivered;True;MG;Ubá;MG;1da366cade6d8276e7d8beea7af5d4bf;11-100;d424b3ce4c850247e8c84ff8752de868;Belo Horizonte;MG;MG;30330;2017-03-22 20:15:15;2017-03-22 20:15:15;2017-03-30 13:14:34;2017-03-28 17:28:32;2017-04-12 00:00:00;2017-03-28 20:15:15;2.0;a695ab8413ea83619cde9b18292d6aa1;1700.0;1700.0;89.0;25.07;114.07;credit_card;5.884;-14.272;True;False;False;False;False;False;False;False;True;False;False;False;False;False;False;False;False;False;False;False;False;False;False;False;False;1;True
9fa4fbddf06979761ad62c2cb6fcd315;lag_despacho_negativo;delivered;True;SP;São Caetano do Sul;SP;b839e41795b7f3ad94cc2014a52f6796;11-100;48c10ba322728565bb90db02e2ed0707;Limeira;SP;SP;13480;2018-06-29 18:27:05;2018-07-05 16:11:45;2018-07-03 19:01:00;2018-07-06 11:46:45;2018-07-13 00:00:00;2018-07-05 04:31:28;1.0;4cce3fa9fee9eb2361e0b9bd32516958;1900.0;1900.0;1260.0;21.12;1281.12;boleto;6.722;-6.509;True;False;False;False;False;False;False;False;False;False;False;True;False;False;False;False;False;False;False;False;False;False;False;False;False;1;True
f7f3e95cf456d7a1ebede3e7c3cce324;lag_despacho_negativo;delivered;True;SP;São Bernardo do Campo;SP;b8114f2f589a6804810f04f99b36b498;1-10 pedidos;4dfee415924b098c74710e32070db47a;Campinas;SP;SP;13076;2018-07-02 20:11:18;2018-07-05 16:04:38;2018-07-04 08:02:00;2018-07-05 19:30:53;2018-07-18 00:00:00;2018-07-09 04:30:58;1.0;9db0afe3dcd2942f8bef6f7195b9a2e1;9850.0;9850.0;161.42;38.6;200.02;debit_card;2.972;-12.187;True;False;False;False;False;False;False;False;False;False;False;True;False;False;False;False;False;False;False;False;False;False;False;False;False;1;True
b038f6ae89bdd1fddd3b51ace3ff8b30;lag_despacho_negativo;delivered;True;SP;São Paulo;SP;d9bd94811c3338dceb4181f3dbc0c73e;11-100;6f40052a8d45f8396c7446d4cea1826f;Guarulhos;SP;SP;7081;2018-07-03 15:48:48;2018-07-05 16:13:40;2018-07-04 11:19:00;2018-07-05 14:12:01;2018-07-16 00:00:00;2018-07-09 16:31:02;1.0;990d135e28e075648cb7d83198fdccf4;340.0;340.0;80.38;8.72;89.1;credit_card;1.933;-10.408;True;False;False;False;False;False;False;False;False;False;False;True;False;False;False;False;False;False;False;False;False;False;False;False;False;1;True
c88226c0be178bf303537e6ffddc8dc3;lag_despacho_negativo;delivered;True;RS;Caxias do Sul;RS;5a05a16bb50629ee31afab8a6d4c2674;11-100;144f886ca054309d0501bfe4c12d3174;Cascavel;PR;PR;85816;2018-04-20 12:49:21;2018-04-24 19:21:59;2018-04-23 18:36:56;2018-04-26 20:05:10;2018-05-10 00:00:00;2018-04-26 13:31:44;2.0;483691880798b6f0f657c203494cfe3a;1050.0;1050.0;103.0;38.66;141.66;credit_card;6.303;-13.163;True;False;False;False;False;False;False;False;False;False;False;True;False;False;False;False;False;True;False;False;False;False;False;False;False;2;True
fd52bb09b1cce1fa4ecbb721e934727f;lag_despacho_negativo;delivered;True;MG;Contagem;MG;55029529919c0123526150bd26ca8f20;1-10 pedidos;0c70d21dbd94ee2062ab588e53a9cfd9;São Vicente;SP;SP;11320;2018-07-03 12:42:04;2018-07-05 16:32:45;2018-07-05 14:18:00;2018-07-07 17:32:53;2018-07-23 00:00:00;2018-07-09 13:31:43;1.0;0ef509449287240ee39e57b7eb630202;400.0;400.0;34.0;18.34;52.34;credit_card;4.202;-15.269;True;False;False;False;False;False;False;False;False;False;False;True;False;False;False;False;False;False;False;False;False;False;False;False;False;1;True
35c66e9b12fe72dbb0b8d34af424c3cf;lag_despacho_negativo;delivered;True;SP;São Paulo;SP;9f505651f4a6abe901a56cdc21508025;101-1000;a9e6c48378ae343339cc2c6f85fb6cab;São Paulo;SP;SP;5441;2018-08-01 14:19:23;2018-08-01 14:30:19;2018-08-01 14:09:00;2018-08-02 19:58:20;2018-08-06 00:00:00;2018-08-03 14:30:19;1.0;d04857e7b4b708ee8b8b9921163edba3;450.0;450.0;74.99;8.69;83.68;credit_card;1.235;-3.168;True;False;False;False;False;False;False;False;False;False;False;True;False;False;False;False;False;False;False;False;False;False;False;False;False;1;True
a6b52290e2cab59e8e7c8382eef9e523;lag_despacho_negativo;delivered;True;RS;Carazinho;RS;b1a81260566c1bac3114a6d124413f27;11-100;cbd53fe27a0d896fa630df7abf038203;Rio de Janeiro;RJ;RJ;22031;2018-04-22 13:59:28;2018-04-24 19:04:50;2018-04-23 19:48:19;2018-04-30 17:33:08;2018-06-04 00:00:00;2018-04-26 14:30:53;1.0;7e5fd19172dd777a98503a8fbb66fa04;900.0;900.0;189.9;24.26;214.16;credit_card;8.148;-34.269;True;False;False;False;False;False;False;False;False;False;False;True;False;False;False;False;False;False;False;False;False;False;False;False;False;1;True
9546aa638d07ac340a91c59b0b2dee96;lag_despacho_negativo;delivered;True;SP;Indaiatuba;SP;a11a0e0ca67423425691db355cff69b0;1-10 pedidos;8d0a81505e8e6b660cdb18c8b4c6c2a4;Belo Horizonte;MG;MG;30493;2018-08-10 16:05:40;2018-08-10 16:15:17;2018-08-10 15:18:00;2018-08-15 19:04:02;2018-08-27 00:00:00;2018-08-16 16:15:17;1.0;4732ecf5e4abee8f7ff4d1b8df0f7af5;1100.0;1100.0;189.0;17.51;206.51;credit_card;5.124;-11.206;True;False;False;False;False;False;False;False;False;False;False;True;False;False;False;False;False;False;False;False;False;False;False;False;False;1;True
78b7833f56f2ac54efd0e617ef4d4673;lag_despacho_negativo;delivered;True;SP;São Paulo;SP;f3da5b2ff499efb8d4a6d371d175d7dd;11-100;af07167f572cbc51105852f8cd94b89a;Lagoa Salgada;RN;RN;59247;2018-04-20 07:37:25;2018-04-24 18:05:15;2018-04-23 19:24:45;2018-05-25 22:38:38;2018-05-25 00:00:00;2018-04-26 02:31:52;1.0;0c3e039a06ef40bce9a30c05a247f77e;575.0;575.0;30.24;52.48;82.72;boleto;35.626;0.943;True;True;False;True;False;False;False;False;False;False;False;True;False;False;False;False;False;False;False;False;False;False;False;False;False;1;True
c0d68ca2e27d53c566c02dc89021ee76;lag_despacho_negativo;delivered;True;MG;Betim;MG;17ca9b9e9b9ef8fdb529001b49ebb50f;101-1000;875c37aac6954f27ae519fe04562d0ec;São Paulo;SP;SP;3106;2018-08-03 14:43:51;2018-08-03 15:23:56;2018-08-03 15:04:00;2018-08-10 03:50:46;2018-08-15 00:00:00;2018-08-07 15:23:56;1.0;56a46955ecaf11d037f22e3f11b903d7;5350.0;5350.0;89.97;27.61;117.58;credit_card;6.546;-4.84;True;False;False;False;False;False;False;False;False;False;False;True;False;False;False;False;False;False;False;False;False;False;False;False;False;1;True
8007ea147c63f8912e750ada3665086d;lag_despacho_negativo;delivered;True;MG;Ilicínea;MG;a1043bafd471dff536d0c462352beb48;101-1000;b4b518d9d26948512124bf30d3df9c7f;Campinas;SP;SP;13069;2018-04-23 10:59:50;2018-04-24 18:42:05;2018-04-24 16:08:34;2018-04-27 18:02:19;2018-05-16 00:00:00;2018-04-27 11:31:07;1.0;8c591ab0ca519558779df02023177f44;6050.0;6050.0;110.0;62.44;172.44;credit_card;4.293;-18.248;True;False;False;False;False;False;False;False;False;False;False;True;False;False;False;False;False;False;False;False;False;False;False;False;False;1;True
f08dc1531373f63ea0779a333ae40275;lag_despacho_negativo;delivered;True;SP;São Paulo;SP;9f505651f4a6abe901a56cdc21508025;101-1000;8366bc749e2f3709d2687c1e446d64c6;Rio de Janeiro;RJ;RJ;23015;2018-07-04 12:45:07;2018-07-05 16:27:00;2018-07-04 14:07:00;2018-07-09 18:03:27;2018-08-06 00:00:00;2018-07-06 13:30:39;1.0;41d7e4805e2a22cc8755e50fe37e5c6f;100.0;100.0;13.99;15.23;29.22;credit_card;5.221;-27.248;True;False;False;False;False;False;False;False;False;False;False;True;False;False;False;False;False;False;False;False;False;False;False;False;False;1;True
e15c9f222bbdc4bf1d94606407787134;lag_despacho_negativo;delivered;True;SP;Piracicaba;SP;da8622b14eb17ae2831f4ac5b9dab84a;>1000;9732540e8a264effb27f32523048c3d0;Eldorado do Sul;RS;RS;92990;2018-04-21 14:12:11;2018-04-24 17:42:29;2018-04-24 16:06:54;2018-05-02 17:43:45;2018-05-25 00:00:00;2018-04-26 14:30:40;1.0;372645c7439f9661fbbacfd129aa92ec;1500.0;1500.0;114.9;21.04;135.94;credit_card;11.147;-22.261;True;False;False;False;False;False;False;False;False;False;False;True;False;False;False;False;False;False;False;False;False;False;False;False;False;1;True
04b2afb6447774881079872788d97883;lag_despacho_negativo;delivered;True;SP;São Paulo;SP;f3da5b2ff499efb8d4a6d371d175d7dd;11-100;42bb50515411f1a0d51a700636416201;Elias Fausto;SP;SP;13350;2018-04-21 19:29:14;2018-04-24 18:27:19;2018-04-23 19:11:29;2018-04-26 11:31:45;2018-05-16 00:00:00;2018-04-26 20:30:37;1.0;88ffcf27478318ba55b1f9d22d65ce97;600.0;600.0;40.8;12.79;53.59;credit_card;4.668;-19.52;True;False;False;False;False;False;False;False;False;False;False;True;False;False;False;False;False;False;False;False;False;False;False;False;False;1;True
c43428e158013a24ec4a18007fd99082;lag_despacho_negativo;delivered;True;SP;Jacareí;SP;70a12e78e608ac31179aea7f8422044b;101-1000;d5d9f795f5d1144d8105206c7e73d4ab;Tambaú;SP;SP;13710;2017-07-31 15:37:43;2017-08-02 08:33:11;2017-08-01 20:52:26;2017-08-04 19:09:40;2017-08-18 00:00:00;2017-08-07 04:30:22;1.0;089cc17c8bf2226d13648392e33dabd7;225.0;225.0;49.95;11.85;61.8;boleto;4.147;-13.202;True;False;False;False;False;False;False;False;False;False;False;True;False;False;False;False;False;False;False;False;False;False;False;False;False;1;True
244e8c98d54a7a388245e6b5b85d37ee;lag_despacho_negativo;delivered;True;SP;São Paulo;SP;ba143b05f0110f0dc71ad71b4466ce92;11-100;26ef1573f4d7d4d8ddf8f351200c2068;São Paulo;SP;SP;4822;2018-07-04 21:32:55;2018-07-05 16:35:20;2018-07-05 14:36:00;2018-07-06 18:33:36;2018-07-20 00:00:00;2018-07-10 22:31:32;1.0;173e9fe34bfe97f3a5e6dc57fe897b74;950.0;950.0;57.89;11.43;69.32;credit_card;1.875;-13.227;True;False;False;False;False;False;False;False;False;False;False;True;False;False;False;False;False;False;False;False;False;False;False;False;False;1;True
5fbe0933118a1dec4ac5424ef0ed0686;lag_despacho_negativo;delivered;True;SP;Ibitinga;SP;ea67327e24487bdfac5fbfa37ea124df;11-100;8f69a86b6f73cb1bf07174b4b8a72aa9;Belo Horizonte;MG;MG;30160;2018-07-06 08:48:19;2018-07-06 09:11:19;2018-07-06 08:22:00;2018-07-10 23:31:44;2018-07-27 00:00:00;2018-07-10 09:11:19;1.0;562cdf9387a027681e0a59b4202e9a40;550.0;550.0;89.0;19.81;108.81;credit_card;4.613;-16.02;True;False;False;False;False;False;False;False;False;False;False;True;False;False;False;False;False;False;False;False;False;False;False;False;False;1;True
c7a7c97d430f40628efc0f1e41f723b1;lag_despacho_negativo;delivered;True;SP;Jacareí;SP;4e922959ae960d389249c378d1c939f5;101-1000;829da742aa5592be758793631d4afcf4;Uruaçu;GO;GO;76400;2018-07-05 09:39:44;2018-07-05 16:15:56;2018-07-05 14:58:00;2018-07-11 19:12:24;2018-08-01 00:00:00;2018-07-11 10:31:57;1.0;a2e2851eae0aebb8ee4df32348b42e2b;367.0;367.0;298.0;20.19;318.19;credit_card;6.398;-20.2;True;False;False;False;False;False;False;False;False;False;False;True;False;False;False;False;False;False;False;False;False;False;False;False;False;1;True
44da5f6639e6db4190b643017e264022;lag_despacho_negativo;delivered;True;SP;São Paulo;SP;6560211a19b47992c3666cc44a7e94c0;>1000;a41a44bd65ce55bd82c4c75188916733;Caçador;SC;SC;89511;2018-06-19 10:52:28;2018-06-19 11:18:45;2018-06-19 10:53:00;2018-06-26 19:21:37;2018-07-18 00:00:00;2018-06-21 11:18:45;1.0;97170c28efde1b426f1c52348fe1c086;200.0;200.0;129.0;19.0;148.0;credit_card;7.354;-21.193;True;False;False;False;False;False;False;False;False;False;False;True;False;False;False;False;False;False;False;False;False;False;False;False;False;1;True
0668d086b3ae41adde3aed3dacbc8fae;lag_despacho_negativo;delivered;True;SP;Botucatu;SP;02f623a8eb246f3c5f7c2f96462654e6;11-100;18e56af97c2f24afcfaf7aa97ad2b969;Sucesso;CE;CE;63765;2018-07-03 17:39:14;2018-07-05 16:25:40;2018-07-04 10:59:00;2018-07-26 20:18:53;2018-08-01 00:00:00;2018-07-09 18:31:33;1.0;3d2083882f7be28ab6c8d9c807e3026c;1100.0;1100.0;209.0;43.74;252.74;debit_card;23.111;-5.154;True;False;False;False;False;False;False;False;False;False;False;True;False;False;False;False;False;False;False;False;False;False;False;False;False;1;True
e9cec3364270c67c922b8891465148db;lag_despacho_negativo;delivered;True;SP;São Paulo;SP;d4f117125b59ce73c3302f88ee40c458;11-100;b371ea5550dc0fecc65d67ae999c7131;Cuiabá;MT;MT;78060;2018-04-21 00:43:22;2018-04-24 19:26:12;2018-04-24 02:52:11;2018-05-03 20:08:36;2018-05-17 00:00:00;2018-04-26 01:30:51;1.0;fe7d52482b17e6b3466f4b8f3ce51a9e;250.0;250.0;49.99;17.06;67.05;credit_card;12.809;-13.161;True;False;False;False;False;False;False;False;False;False;False;True;False;False;False;False;False;False;False;False;False;False;False;False;False;1;True
d02d64a92b368e50d9d1dd6093514a5d;lag_despacho_negativo;delivered;True;SP;Mirassol;SP;8e29d051f810eb22959ede205b462b9f;1-10 pedidos;dfe9ac4c1f62211a550f6979937c91e4;Americana;SP;SP;13470;2018-06-19 13:38:23;2018-06-19 13:57:45;2018-06-19 13:48:00;2018-06-22 20:08:38;2018-07-11 00:00:00;2018-06-25 13:57:45;1.0;15994dc9c5505e5feb9780945ed1cc8a;9850.0;9850.0;299.9;67.18;367.08;credit_card;3.271;-18.161;True;False;False;False;False;False;False;False;False;False;False;True;False;False;False;False;False;False;False;False;False;False;False;False;False;1;True
08b9d47b3be61595c61eddc50b42ee02;lag_despacho_negativo;delivered;True;RS;Campina das Missões;RS;66fd84ee7528c0c0de85d0f44a73d5ab;11-100;1453fb48451a18493f27e2e36cfb0962;São Paulo;SP;SP;2911;2017-07-28 10:24:45;2017-08-02 08:35:26;2017-08-01 18:48:48;2017-08-07 13:14:01;2017-08-23 00:00:00;2017-08-07 04:35:24;2.0;71f5013915099a3ab0756dcabfcf12e8;1200.0;1200.0;179.98;39.74;219.72;boleto;10.118;-15.449;True;False;False;False;False;False;False;False;False;False;False;True;False;False;False;False;False;True;False;False;False;False;False;False;False;2;True
ea1dcb4757a844d2642547797bd5feb0;entrega_antes_coleta;delivered;True;SC;Rio do Sul;SC;669ae81880e08f269a64487cfb287169;101-1000;4999e129610251dec1e6fb712dc15171;Porto Alegre;RS;RS;90680;2017-07-18 13:38:29;2017-07-18 13:50:23;2017-07-27 19:21:31;2017-07-25 19:43:10;2017-08-15 00:00:00;2017-07-25 13:50:23;2.0;11875b30b49585209e608f40e8082e65;1032.0;1032.0;157.0;30.589999999999996;187.59;credit_card;7.253;-20.178;True;False;False;False;False;False;False;False;True;False;False;False;False;False;False;False;False;False;False;False;False;False;False;False;False;1;True
f4f6ca3a1a95c3f5db08489c2ec2ef1c;lag_despacho_negativo;delivered;True;PR;Curitiba;PR;f7720c4fa8e3aba4546301ab80ea1f1b;11-100;b3df14e2e91fcad2abfd3854ccb2804e;Montes Claros;MG;MG;39402;2018-07-04 10:38:10;2018-07-05 16:40:42;2018-07-05 15:28:00;2018-07-09 09:31:24;2018-08-01 00:00:00;2018-07-09 11:31:30;1.0;d2f1cd931c7b76fefa93547cc1b4881b;850.0;850.0;17.75;23.28;41.03;credit_card;4.954;-22.603;True;False;False;False;False;False;False;False;False;False;False;True;False;False;False;False;False;False;False;False;False;False;False;False;False;1;True
82d2162edf841b38e563dbf4380daead;lag_despacho_negativo;delivered;True;SP;Mirassol;SP;cda598c48d7c614bc1cad7d8ff6f0010;11-100;345f372c11ec16bd9ebc7e95e935cb5c;Itu;SP;SP;13300;2018-07-02 20:03:31;2018-07-05 16:25:13;2018-07-03 12:59:00;2018-07-06 18:26:43;2018-07-24 00:00:00;2018-07-09 04:30:58;1.0;e8c421a493af37beaefc9092d0798203;250.0;250.0;15.0;12.79;27.79;boleto;3.933;-17.231;True;False;False;False;False;False;False;False;False;False;False;True;False;False;False;False;False;False;False;False;False;False;False;False;False;1;True
9b0f1e1427db19a11c3ab29e6ebf4846;lag_despacho_negativo;delivered;True;SP;Mogi Guaçu;SP;c3e1abd72a42fe690fcd89cf5720fe29;11-100;c353e4d9ce4b56d736c8e8149d106e51;São Paulo;SP;SP;4078;2018-07-29 13:31:50;2018-08-01 16:31:37;2018-07-31 15:04:00;2018-08-01 19:28:56;2018-08-02 00:00:00;2018-08-03 16:55:29;1.0;987a74846f2e12df204ceae9e59953fc;8675.0;8675.0;107.97;25.74;133.71;credit_card;3.248;-0.188;True;False;False;False;False;False;False;False;False;False;False;True;False;False;False;False;False;False;False;False;False;False;False;False;False;1;True
1bd5cd406d71988a9ea81d022fc161ba;lag_despacho_negativo;delivered;True;SP;Itapecerica da Serra;SP;b5d034ac251546e25afe9067f05c1539;1-10 pedidos;42fc8a799c40493b77e9bf7edbcdc286;Rio de Janeiro;RJ;RJ;22250;2018-04-21 05:31:57;2018-04-24 19:20:55;2018-04-24 16:54:35;2018-05-03 19:22:51;2018-05-22 00:00:00;2018-04-26 06:30:30;1.0;7d6508bd347b92e9c5db311f052c525a;2150.0;2150.0;69.9;15.37;85.27;credit_card;12.577;-18.192;True;False;False;False;False;False;False;False;False;False;False;True;False;False;False;False;False;False;False;False;False;False;False;False;False;1;True
3f4cc91bbcf1a05dbef15d8f976588bf;lag_despacho_negativo;delivered;True;SP;Guarulhos;SP;6edacfd9f9074789dad6d62ba7950b9c;101-1000;8c8f5b3c8926c5ea73a5109340b74ea8;São Paulo;SP;SP;3680;2018-07-04 15:17:33;2018-07-05 16:14:24;2018-07-05 14:32:00;2018-07-06 13:24:33;2018-07-17 00:00:00;2018-07-06 15:30:29;1.0;ab41c983278bb09dcaaa91943d3250d7;300.0;300.0;44.9;7.57;52.47;credit_card;1.922;-10.441;True;False;False;False;False;False;False;False;False;False;False;True;False;False;False;False;False;False;False;False;False;False;False;False;False;1;True
9e6928e55ec6948338048d72ebdf2305;lag_despacho_negativo;delivered;True;RS;Porto Alegre;RS;33a17d60c64393351ebf1ef860f4e0f2;11-100;d8f5acb57547935a0768faaefbd2ce58;Cachoeira Paulista;SP;SP;12630;2018-04-27 15:12:36;2018-04-27 15:32:59;2018-04-27 15:08:00;2018-05-07 19:03:52;2018-05-29 00:00:00;2018-05-04 15:31:50;1.0;5994a2fdff4b0f9ca4376c4226adb442;8300.0;8300.0;129.97;29.17;159.14;credit_card;10.161;-21.206;True;False;False;False;False;False;False;False;False;False;False;True;False;False;False;False;False;False;False;False;False;False;False;False;False;1;True
fc395bfc7bc0ca54d0fa3e4cc90d055f;lag_despacho_negativo;delivered;True;SP;Jacareí;SP;4e922959ae960d389249c378d1c939f5;101-1000;1f09c5f1dca56a5017be0bf4642d6c5a;Abatiá;PR;PR;86460;2018-04-21 10:58:18;2018-04-24 19:02:32;2018-04-23 20:52:45;2018-05-10 13:09:44;2018-05-24 00:00:00;2018-04-27 11:30:41;1.0;87e583842cc9122ded9f8eafbf42894c;850.0;850.0;50.0;19.32;69.32;credit_card;19.091;-13.452;True;False;False;False;False;False;False;False;False;False;False;True;False;False;False;False;False;False;False;False;False;False;False;False;False;1;True
7443eeca92daa9ca934f515628610510;lag_despacho_negativo;delivered;True;MG;Formiga;MG;d921b68bf747894be13a97ae52b0f386;11-100;c5e7e155521703e687bc3bbc6ee8c688;Camaçari;BA;BA;42806;2018-08-04 16:50:40;2018-08-06 15:04:51;2018-08-06 14:13:00;2018-08-18 20:54:44;2018-09-13 00:00:00;2018-08-08 15:04:51;1.0;0b8750fa58fefe42cf03a9e2e4b8fce6;350.0;350.0;215.0;23.44;238.44;credit_card;14.169;-25.129;True;False;False;False;False;False;False;False;False;False;False;True;False;False;False;False;False;False;False;False;False;False;False;False;False;1;True
2ac520de90670f0cb695af6630a00c4a;lag_despacho_negativo;delivered;True;SC;Florianópolis;SC;dfa0c4c6229ab200a4a1336b4d7128ff;11-100;66bd9b38f2219cd1108930c3cc1df43b;São Paulo;SP;SP;8340;2018-05-30 15:41:11;2018-05-30 15:55:22;2018-05-30 14:55:00;2018-06-14 17:28:41;2018-07-03 00:00:00;2018-06-05 15:55:22;2.0;9fab8bd1f9c69cf2301b8ad3bec47480;250.0;250.0;78.0;30.46;108.46;credit_card;15.075;-18.272;True;False;False;False;False;False;False;False;False;False;False;True;False;False;False;False;False;True;False;False;False;False;False;False;False;2;True
385de16f1457125fdef85002bdc4f7d4;lag_despacho_negativo;delivered;True;GO;Anápolis;GO;6a38087bc8ad4f89ff453561005f6dea;11-100;99499442bbce6e9b3d7e62603a05b591;Goiânia;GO;GO;74110;2018-08-16 16:45:08;2018-08-16 16:55:29;2018-08-16 15:17:00;2018-08-20 20:42:42;2018-08-23 00:00:00;2018-08-21 16:55:29;1.0;87ea2f45559e10519513a20b24147316;100.0;100.0;158.9;8.69;167.59;credit_card;4.165;-2.137;True;False;False;False;False;False;False;False;False;False;False;True;False;False;False;False;False;False;False;False;False;False;False;False;False;1;True
fea37071a9fe1444fc1ed7f316b68478;lag_despacho_negativo;delivered;True;SP;São Paulo;SP;30a81d8cf85fb2ada1b1b094c9583a95;11-100;260d3578e7364bc239a08277dfec894e;São Paulo;SP;SP;4161;2018-07-04 00:19:09;2018-07-05 16:09:17;2018-07-05 11:08:00;2018-07-06 14:54:46;2018-07-17 00:00:00;2018-07-06 00:30:30;1.0;7dfb24c54964f42db9b9789bdae92cc0;160.0;160.0;34.99;7.51;42.5;credit_card;2.608;-10.379;True;False;False;False;False;False;False;False;False;False;False;True;False;False;False;False;False;False;False;False;False;False;False;False;False;1;True
89d32b64af005178b318f76cd60f2c3c;lag_despacho_negativo;delivered;True;SP;Itirapina;SP;a7a9b880c49781da66651ccf4ba9ac38;1-10 pedidos;41932cfbabbfcfd18e1369ad72baff9c;Orlândia;SP;SP;14620;2018-07-06 11:54:40;2018-07-06 12:11:05;2018-07-06 09:48:00;2018-07-10 11:44:45;2018-07-27 00:00:00;2018-07-12 12:11:05;1.0;aba4ddea6c5ac1d37fd10898ac1e8bf4;1550.0;1550.0;89.9;14.21;104.11;credit_card;3.993;-16.511;True;False;False;False;False;False;False;False;False;False;False;True;False;False;False;False;False;False;False;False;False;False;False;False;False;1;True
df87f618719ef397d4681011b2e2e934;lag_despacho_negativo;delivered;True;PR;Curitiba;PR;e59aa562b9f8076dd550fcddf0e73491;11-100;3df3f882397d3a98d74537af750d175d;Itapema;SC;SC;88220;2018-04-19 18:02:15;2018-04-24 18:14:27;2018-04-23 18:42:12;2018-05-01 00:12:47;2018-05-22 00:00:00;2018-04-27 02:32:00;1.0;16d096faa27582985f849f08370cf1ed;4050.0;4050.0;228.0;19.48;247.48;boleto;11.257;-20.991;True;False;False;False;False;False;False;False;False;False;False;True;False;False;False;False;False;False;False;False;False;False;False;False;False;1;True
b7e1823a1a3137ba666bef3dfbca19dd;lag_despacho_negativo;delivered;True;SP;Piracicaba;SP;da8622b14eb17ae2831f4ac5b9dab84a;>1000;1db1708a6143b3cf20f1dcb77d6aac75;Itupeva;SP;SP;13295;2018-04-23 07:28:21;2018-04-24 18:48:20;2018-04-24 15:48:39;2018-04-27 16:42:21;2018-05-16 00:00:00;2018-04-27 08:31:28;2.0;ddb9028236525b8ab493fc24f99e8d1a;1800.0;1800.0;349.8;33.45;383.25;credit_card;4.385;-18.304;True;False;False;False;False;False;False;False;False;False;False;True;False;False;False;False;False;False;False;False;False;False;False;False;False;1;True
86509c09dbafbcba748558e5f36d1e7c;lag_despacho_negativo;delivered;True;SP;São José do Rio Preto;SP;1f50f920176fa81dab994f9023523100;>1000;9fa7ba9796af82aa03eb8a0c67776bff;Canguçu;RS;RS;96600;2018-04-22 15:34:12;2018-04-24 18:34:54;2018-04-24 00:12:13;2018-05-02 17:22:15;2018-05-28 00:00:00;2018-04-26 16:31:47;1.0;422879e10f46682990de24d770e7f83d;1550.0;1550.0;53.9;0.0;53.9;voucher;10.075;-25.276;True;False;False;False;False;False;False;False;False;False;True;True;False;False;False;False;False;False;False;False;False;False;False;False;False;2;True
8332829ddb8a92e5e730111419b90bc2;lag_despacho_negativo;delivered;True;SP;São Paulo;;2e90cb1677d35cfe24eef47d441b7c87;101-1000;52e3f988105c693d97a459362eb0bdce;Curitiba;PR;PR;80030;2018-07-03 22:19:03;2018-07-05 16:27:04;2018-07-04 11:28:00;2018-07-09 22:51:18;2018-07-23 00:00:00;2018-07-05 22:31:39;1.0;93c902b021a9e594f658ab1b0351602a;1250.0;1250.0;103.9;18.53;122.43;credit_card;6.022;-13.048;True;False;False;False;False;False;False;False;False;False;False;True;False;False;False;False;False;False;False;False;False;False;False;False;False;1;True
0872f22df707596feed1639609f6eba7;lag_despacho_negativo;delivered;True;PR;Maringá;PR;f457c46070d02cadd8a68551231220dd;101-1000;dc837eded61982cd9978632a52e3bbc6;Florianópolis;SC;SC;88010;2018-01-30 09:00:45;2018-02-04 23:31:47;2018-02-01 23:37:21;2018-02-15 22:05:15;2018-02-22 00:00:00;2018-02-06 02:55:43;1.0;3f14d740544f37ece8a9e7bc8349797e;321.0;321.0;84.9;15.34;100.24;boleto;16.545;-6.08;True;False;False;False;False;False;False;False;False;False;False;True;False;False;False;False;False;False;False;False;False;False;False;False;False;1;True
2f64f730b534c45e97b887c36a0ea0fd;lag_despacho_negativo;delivered;True;SP;Mirandópolis;SP;9e6229250fedbe05838fef417b74e7fb;11-100;f9055270b5abc752526d3bb0a5a68cc3;Pindorama;SP;SP;15830;2018-06-29 18:52:27;2018-07-05 16:01:00;2018-07-04 06:49:00;2018-07-10 11:31:55;2018-07-25 00:00:00;2018-07-09 04:31:07;1.0;22d4437444eadc9f1c695f24d3f1aac5;5200.0;5200.0;279.9;19.09;298.99;boleto;10.694;-14.52;True;False;False;False;False;False;False;False;False;False;False;True;False;False;False;False;False;False;False;False;False;False;False;False;False;1;True
421deffec215845f8632fb3543789f86;lag_despacho_negativo;delivered;True;SP;São Paulo;SP;9f505651f4a6abe901a56cdc21508025;101-1000;07d32200708d263fc5006988e4b6eff7;Blumenau;SC;SC;89070;2018-08-24 14:05:59;2018-08-24 14:24:29;2018-08-24 13:46:00;2018-08-30 20:32:08;2018-09-11 00:00:00;2018-08-28 14:24:29;1.0;d04857e7b4b708ee8b8b9921163edba3;450.0;450.0;84.99;18.7;103.69;credit_card;6.268;-11.144;True;False;False;False;False;True;False;False;False;False;False;True;False;False;False;False;False;False;False;False;False;False;False;False;False;2;True
d29a401d12ff3433597a0aa1d17d37ba;lag_despacho_negativo;shipped;True;SP;Jaú;SP;4d6d651bd7684af3fffabd5f08d12e5a;101-1000;4c0e8d666997c501202d811cb61c4ec7;São Paulo;SP;SP;8290;2018-04-20 20:14:41;2018-04-24 18:38:45;2018-04-24 16:42:36;;2018-05-16 00:00:00;2018-04-26 03:30:41;1.0;1a405418406359cc2b8815f93bf359c2;4550.0;4550.0;139.9;20.32;160.22;boleto;;;False;;True;True;False;False;False;False;False;False;False;True;False;False;False;False;False;False;False;False;True;False;False;False;False;2;True
304e8cf62306a897106fd54ccfcc88bc;lag_despacho_negativo;shipped;True;SP;Diadema;SP;966cb4760537b1404caedd472cc610a5;11-100;ac4d5f4e8cecad39a4410adf430bfde1;Santa Juliana;MG;MG;38175;2018-04-20 11:58:38;2018-04-24 17:33:43;2018-04-20 22:28:26;;2018-05-15 00:00:00;2018-04-26 12:31:29;1.0;5237739bb5fee495dbd337755a138660;645.0;645.0;899.0;24.17;923.17;credit_card;;;False;;True;True;False;False;False;False;False;False;False;True;False;False;False;False;False;False;False;False;True;False;False;False;False;2;True
ed1d4b46f3903db668554c9c5b5a1d16;lag_despacho_negativo;delivered;True;SP;Santo André;SP;40d54b51e962dbe09cabbcfd33298dee;11-100;6670268d1bb3bfc53f5c2f34abf56ba3;Nova Iguaçu;RJ;RJ;26261;2018-04-21 08:14:07;2018-04-24 19:01:18;2018-04-23 20:12:54;2018-04-27 12:57:20;2018-05-15 00:00:00;2018-04-26 09:30:36;1.0;06cef71c232a9f86d77f004878df253c;900.0;900.0;219.9;16.42;236.32;credit_card;6.197;-17.46;True;False;False;False;False;False;False;False;False;False;False;True;False;False;False;False;False;False;False;False;False;False;False;False;False;1;True
62f30b2a0b0347a3859e2125b6f504ac;lag_despacho_negativo;delivered;True;PR;Curitiba;PR;ffdd9f82b9a447f6f8d4b91554cc7dd3;11-100;5204cc6cd68828d006ca3bad2a8aca13;Teófilo Otoni;MG;MG;39800;2018-04-22 23:37:08;2018-04-24 18:59:51;2018-04-24 18:03:02;2018-05-02 19:48:45;2018-05-22 00:00:00;2018-04-27 00:31:34;1.0;6cb77fe886eb23d371dcce2d429612a7;1450.0;1450.0;99.0;27.42;126.42;credit_card;9.841;-19.174;True;False;False;False;False;False;False;False;False;False;False;True;False;False;False;False;False;False;False;False;False;False;False;False;False;1;True
339063a819f93e6e25102c3bb66ab667;lag_despacho_negativo;delivered;True;SP;São Paulo;SP;955fee9216a65b617aa5c0531780ce60;>1000;73e1e70b645c6ef82dda64348a5c2391;Itaquaquecetuba;SP;SP;8596;2018-04-20 13:46:38;2018-04-24 19:18:43;2018-04-23 19:26:40;2018-04-24 19:51:47;2018-05-09 00:00:00;2018-04-26 14:32:58;1.0;5dce4ec7e7079a63b3086781d26c2cd8;400.0;400.0;45.0;8.29;53.29;credit_card;4.254;-14.172;True;False;False;False;False;False;False;False;False;False;False;True;False;False;False;False;False;False;False;False;False;False;False;False;False;1;True
71ccac4998b863217b4480c50294b465;lag_despacho_negativo;delivered;True;SP;Amparo;SP;fffd5413c0700ac820c7069d66d98c89;11-100;8a3440e2e5ec49f1c4cc3595d79364e4;São Paulo;SP;SP;2306;2017-07-31 16:38:56;2017-08-02 08:32:55;2017-08-01 19:45:56;2017-08-04 17:32:12;2017-08-18 00:00:00;2017-08-07 04:35:29;1.0;36b9f40522d1eee3f0240111792fac18;650.0;650.0;39.8;12.69;52.49;boleto;4.037;-13.269;True;False;False;False;False;False;False;False;False;False;False;True;False;False;False;False;False;False;False;False;False;False;False;False;False;1;True
34eb84795617859f326a6615f0fff940;lag_despacho_negativo;delivered;True;SP;Lençóis Paulista;SP;ebd2d60905fb58271facef5596b620d3;11-100;1c856348dd9199309cdf983663318660;Paraisópolis;MG;MG;37660;2018-07-02 20:21:20;2018-07-05 16:26:38;2018-07-04 12:25:00;2018-07-10 20:42:26;2018-07-25 00:00:00;2018-07-06 08:32:09;1.0;cd2ea14a901da3b47b33516f3ca6929e;800.0;800.0;69.0;19.67;88.67;boleto;8.015;-14.137;True;False;False;False;False;False;False;False;False;False;False;True;False;False;False;False;False;False;False;False;False;False;False;False;False;1;True
3af06414a3acfc16eadcc64c0b6a8f7c;lag_despacho_negativo;delivered;True;DF;Brasília;DF;bd0389da23d89b726abf911cccc54596;11-100;87a53518635b34bf0dbe32e6a7adfc95;São Paulo;SP;SP;5520;2018-04-20 04:04:50;2018-04-24 18:59:13;2018-04-23 18:08:42;2018-04-30 22:17:32;2018-05-14 00:00:00;2018-04-26 04:31:22;1.0;9c6c775832b5204b41694fcf8ca60aae;200.0;200.0;177.9;17.96;195.86;credit_card;10.759;-13.071;True;False;False;False;False;False;False;False;False;False;False;True;False;False;False;False;False;False;False;False;False;False;False;False;False;1;True
b7d6c506d31d5537a7abea4378a1a7fb;lag_despacho_negativo;delivered;True;MG;Betim;MG;17ca9b9e9b9ef8fdb529001b49ebb50f;101-1000;fa12c84b688d5da6d8fc22fdb9e09899;São Paulo;SP;SP;1307;2018-04-22 14:01:37;2018-04-24 19:24:18;2018-04-23 19:36:27;2018-04-27 21:21:25;2018-05-11 00:00:00;2018-04-26 14:30:53;1.0;d6fad98893f5848590aee04c63832cd0;350.0;350.0;19.97;15.23;35.2;credit_card;5.305;-13.11;True;False;False;False;False;False;False;False;False;False;False;True;False;False;False;False;False;False;False;False;False;False;False;False;False;1;True
5de443f7adc75b72230b61e63ce5007a;lag_despacho_negativo;delivered;True;PR;Curitiba;PR;6861de0f40cacb0602e473c51639f980;1-10 pedidos;7ec72d9b883d87aef5ee43beb65deb06;Rio de Janeiro;RJ;RJ;22640;2018-06-29 08:12:42;2018-07-05 16:02:24;2018-07-04 12:57:00;2018-07-12 18:16:44;2018-08-08 00:00:00;2018-07-10 08:32:02;4.0;f8a7665279f140d238371c8e7604c204;650.0;650.0;100.0;73.32;173.32;boleto;13.419;-26.238;True;False;False;False;False;False;False;False;False;False;False;True;False;False;False;False;False;True;False;False;False;False;False;False;False;2;True
a9850ce15ae344ed38a260105a67e118;lag_despacho_negativo;delivered;True;PR;Curitiba;PR;0241d4d5d36f10f80c644447315af0bd;101-1000;f9ea6c1cf8a5cd9460daa137454b73b4;São José do Rio Preto;SP;SP;15015;2018-04-22 20:43:00;2018-04-24 18:58:44;2018-04-24 18:47:49;2018-04-30 14:41:40;2018-05-18 00:00:00;2018-04-26 21:30:48;2.0;78efe838c04bbc568be034082200ac20;2500.0;2500.0;199.8;53.56;253.36;credit_card;7.749;-17.388;True;False;False;False;False;False;False;False;False;False;False;True;False;False;False;False;False;True;False;False;False;False;False;False;False;2;True
559f0bbfa2518e102877dcb7f65735ef;lag_despacho_negativo;delivered;True;SP;Osasco;SP;6879c4d287a8dd06b11f54ea8f78e4da;1-10 pedidos;330441c65d1a98dd6e2055bef56cb55b;Mauá;SP;SP;9310;2018-07-04 11:27:47;2018-07-05 16:22:11;2018-07-05 10:46:00;2018-07-06 19:53:44;2018-07-17 00:00:00;2018-07-10 12:30:50;1.0;0d2865788d929343bde828269ea3dd8e;1925.0;1925.0;39.99;11.3;51.29;credit_card;2.351;-10.171;True;False;False;False;False;False;False;False;False;False;False;True;False;False;False;False;False;False;False;False;False;False;False;False;False;1;True
f0fc730a1254996668db8e9161446323;lag_despacho_negativo;delivered;True;SP;São Paulo;SP;955fee9216a65b617aa5c0531780ce60;>1000;f6b82c70d5bffbe90643a4e4b3ec2c39;Araçoiaba da Serra;SP;SP;18190;2018-04-22 17:08:49;2018-04-24 18:07:30;2018-04-23 18:21:06;2018-04-30 15:48:34;2018-05-16 00:00:00;2018-04-26 17:30:49;1.0;aca2eb7d00ea1a7b8ebd4e68314663af;2600.0;2600.0;69.9;0.0;69.9;credit_card;7.944;-15.341;True;False;False;False;False;False;False;False;False;False;True;True;False;False;False;False;False;False;False;False;False;False;False;False;False;2;True
a602aea3a8a3551032ed0214a2006707;lag_despacho_negativo;delivered;True;SP;Piracicaba;SP;da8622b14eb17ae2831f4ac5b9dab84a;>1000;20f6412d54cfb920a23581910fc6aa09;Curitiba;PR;PR;82220;2018-07-03 23:31:48;2018-07-05 16:32:40;2018-07-05 14:47:00;2018-07-10 22:09:49;2018-07-25 00:00:00;2018-07-06 00:30:39;1.0;81b6c7c058add831803fcbba6dcc1df2;1400.0;1400.0;114.9;23.6;138.5;credit_card;6.943;-14.077;True;False;False;False;False;False;False;False;False;False;False;True;False;False;False;False;False;False;False;False;False;False;False;False;False;1;True
972976cb62fb977bfbc253219799e486;lag_despacho_negativo;delivered;True;SP;Bebedouro;SP;6a8b085f816a1f75f92dbac6eb545f8f;101-1000;1472468d6d56167600d5b11dfc70f7b1;São Paulo;SP;SP;5763;2018-07-20 11:15:51;2018-07-20 11:25:13;2018-07-20 10:27:00;2018-08-08 20:46:24;2018-08-07 00:00:00;2018-07-26 11:25:13;1.0;d2efc686acbf02ce6200ee423516f0d0;100.0;100.0;26.9;12.85;39.75;credit_card;19.396;1.866;True;True;False;True;False;False;False;False;False;False;False;True;False;False;False;False;False;False;False;False;False;False;False;False;False;1;True
6fa0c125ee7d870f6602c97e33d87bc5;lag_despacho_negativo;delivered;True;SP;São Paulo;SP;ce27a3cc3c8cc1ea79d11e561e9bebb6;101-1000;fcb4cecebc159e210cd769d5b767d113;Rio de Janeiro;RJ;RJ;22230;2018-08-09 19:32:42;2018-08-20 15:59:54;2018-08-14 15:43:00;2018-08-17 20:51:25;2018-08-23 00:00:00;2018-08-15 16:31:14;1.0;70e0c10acc3dd72e17f2136ddb027317;200.0;200.0;31.99;15.32;45.71;debit_card;8.055;-5.131;True;False;False;False;False;False;False;False;False;False;False;True;False;True;False;False;False;False;False;False;False;False;False;False;False;2;True
6423db30ee1e8cbd5d066f414bde1a0e;lag_despacho_negativo;delivered;True;SP;Cajamar;SP;c003204e1ab016dfa150abc119207b24;101-1000;fd50af22f5637b7daafbab8605f402ef;Criciúma;SC;SC;88815;2018-04-21 22:47:17;2018-04-24 18:06:56;2018-04-24 01:17:48;2018-04-26 09:08:40;2018-05-17 00:00:00;2018-04-25 23:31:01;1.0;d3e1006ba3735c0d44160026b6e0ced3;1850.0;1850.0;109.9;26.85;136.75;credit_card;4.432;-20.619;True;False;False;False;False;False;False;False;False;False;False;True;False;False;False;False;False;False;False;False;False;False;False;False;False;1;True
9ddadedc86122b4be334ddb751017997;lag_despacho_negativo;delivered;True;PR;Curitiba;PR;77530e9772f57a62c906e1c21538ab82;101-1000;9cbb5f5a02653649ba5de6d38e642c9e;Brasília;DF;DF;70363;2018-07-05 16:06:25;2018-07-05 16:35:55;2018-07-05 15:29:00;2018-07-09 15:52:25;2018-07-30 00:00:00;2018-07-09 16:32:31;1.0;a80de388aa0d0380e27081e741f8408f;1350.0;1350.0;119.0;43.11;162.11;credit_card;3.99;-20.339;True;False;False;False;False;False;False;False;False;False;False;True;False;False;False;False;False;False;False;False;False;False;False;False;False;1;True
c0a8ef94e050fd7fb74a3757be5b3da0;lag_despacho_negativo;delivered;True;SP;Ribeirão Preto;SP;7d13fca15225358621be4086e1eb0964;101-1000;9fa4a615d91df368929057d66d942e72;São José do Rio Preto;SP;SP;15015;2018-07-03 19:00:14;2018-07-05 16:27:53;2018-07-04 15:16:00;2018-07-06 15:27:43;2018-07-25 00:00:00;2018-07-09 19:31:08;1.0;53b36df67ebb7c41585e8d54d6772e08;584.0;584.0;119.0;13.49;132.49;credit_card;2.852;-18.356;True;False;False;False;False;False;False;False;False;False;False;True;False;False;False;False;False;False;False;False;False;False;False;False;False;1;True
3f2dd0e27853384475d6ead696ff3fbb;lag_despacho_negativo;delivered;True;SP;São Paulo;SP;6560211a19b47992c3666cc44a7e94c0;>1000;e23b657df455a7833ebe73d997216d93;Divinópolis;MG;MG;35500;2017-04-27 21:21:51;2017-04-28 12:53:52;2017-04-28 10:56:52;2017-05-08 09:37:53;2017-05-29 00:00:00;2017-05-04 21:34:54;1.0;2136c70bbe723d338fab53da3c03e6dc;200.0;200.0;29.0;14.52;43.52;credit_card;10.511;-20.599;True;False;False;False;False;False;False;False;False;False;False;True;False;False;False;False;False;False;False;False;False;False;False;False;False;1;True
9c808eeed3e79336f8e007a7922cf8bc;lag_despacho_negativo;delivered;True;SP;Ibitinga;SP;d20b021d3efdf267a402c402a48ea64b;11-100;e75502fb2f50fa47f9143c0846fa83a2;São Paulo;SP;SP;3325;2018-04-21 15:08:29;2018-04-24 19:00:46;2018-04-24 00:38:37;2018-04-27 18:13:44;2018-05-16 00:00:00;2018-04-26 15:30:36;1.0;320e20e13905991b0d83e8f181fcc196;300.0;300.0;39.99;13.71;53.7;credit_card;6.129;-18.24;True;False;False;False;False;False;False;False;False;False;False;True;False;False;False;False;False;False;False;False;False;False;False;False;False;1;True
15f29653eecf60489d5e04389f448526;lag_despacho_negativo;delivered;True;SP;São Paulo;SP;2b3e4a2a3ea8e01938cabda2a3e5cc79;11-100;7b3d13b56b33781143602d9eaa6c3a19;Niterói;RJ;RJ;24020;2018-04-20 17:54:03;2018-04-24 18:58:58;2018-04-23 23:56:46;2018-04-27 18:24:42;2018-05-10 00:00:00;2018-04-26 18:30:48;1.0;a910254bb741f98d6d98a8286d66d14f;300.0;300.0;120.0;14.15;134.15;debit_card;7.021;-12.233;True;False;False;False;False;False;False;False;False;False;False;True;False;False;False;False;False;False;False;False;False;False;False;False;False;1;True
978314826289d9ec86d6d6a627eaf810;lag_despacho_negativo;delivered;True;SP;Araraquara;SP;974cf2cb8f4b7add98709c30df02fe10;11-100;3343e9bbe2d5affb95e27a0aa9d22405;Coronel Fabriciano;MG;MG;35170;2018-05-05 10:58:56;2018-05-05 11:15:10;2018-05-05 09:38:00;2018-05-10 16:14:39;2018-05-25 00:00:00;2018-05-10 11:15:10;1.0;7501e40e8bc7a7db7c2f4b005e1dddcb;650.0;650.0;79.99;23.14;103.13;credit_card;5.219;-14.323;True;False;False;False;False;False;False;False;False;False;False;True;False;False;False;False;False;False;False;False;False;False;False;False;False;1;True
b600d406784f1f3c7f6129e10cae215b;lag_despacho_negativo;delivered;True;SP;Ribeirão Preto;SP;fcdd820084f17e9982427971e4e9d47f;11-100;16ee66079a8fd76cccfd889f8edea0dc;São José do Rio Preto;SP;SP;15091;2018-04-20 17:21:55;2018-04-24 19:23:20;2018-04-24 02:04:21;2018-04-26 18:18:29;2018-05-15 00:00:00;2018-04-26 18:30:44;1.0;f2a1b32f85cad59ff2a8444154ac25f0;7800.0;7800.0;190.0;18.24;208.24;credit_card;6.039;-18.237;True;False;False;False;False;False;False;False;False;False;False;True;False;False;False;False;False;False;False;False;False;False;False;False;False;1;True
f1947038bdbb0dc6cfbb332abcd60221;lag_despacho_negativo;delivered;True;BA;Guanambi;BA;c72de06d72748d1a0dfb2125be43ba63;11-100;44d1618af102390be343c3c8211bf42f;João Pessoa;PB;PB;58010;2018-07-22 08:51:17;2018-07-23 11:31:52;2018-07-23 11:23:00;2018-08-03 16:47:37;2018-08-14 00:00:00;2018-07-27 09:03:24;1.0;da1ff964ecbb4df51db9322cdf7a4a74;800.0;800.0;349.0;25.59;374.59;credit_card;12.331;-10.3;True;False;False;False;False;False;False;False;False;False;False;True;False;False;False;False;False;False;False;False;False;False;False;False;False;1;True
d5178e0be8a5c76644351dfc6eaddfb2;lag_despacho_negativo;delivered;True;SP;Guariba;SP;4869f7a5dfa277a7dca6462dcf3b52b2;>1000;3d9a21e8e8e7b1840707c7520c023f90;Varginha;MG;MG;37070;2018-04-20 13:29:14;2018-04-24 18:39:38;2018-04-23 19:34:51;2018-04-30 17:22:43;2018-05-18 00:00:00;2018-04-26 14:32:38;1.0;53b36df67ebb7c41585e8d54d6772e08;584.0;584.0;106.9;0.0;106.9;credit_card;10.162;-17.276;True;False;False;False;False;False;False;False;False;False;True;True;False;False;False;False;False;False;False;False;False;False;False;False;False;2;True
66b7e4ff35d62613a10899d4eb442216;lag_despacho_negativo;delivered;True;SP;Santo André;SP;cc419e0650a3c5ba77189a1882b7556a;>1000;4ff641591219dcd73b025f1081674247;Carmo;RJ;RJ;28640;2018-07-23 00:39:48;2018-07-28 23:31:04;2018-07-24 14:38:00;2018-07-31 23:38:35;2018-08-09 00:00:00;2018-07-26 03:45:07;1.0;2028bf1b01cafb2d2b1901fca4083222;250.0;250.0;49.99;18.45;68.44;boleto;8.957;-8.015;True;False;False;False;False;False;False;False;False;False;False;True;False;False;False;False;False;False;False;False;False;False;False;False;False;1;True
4e3cc1c522e0aef1e726d2f9eaeb8807;lag_despacho_negativo;delivered;True;SP;São Paulo;SP;e24d3429d294b2eb200b064ebb035879;11-100;48ffb27b100e6e986744322a54733643;Campos dos Goytacazes;RJ;RJ;28080;2018-07-04 14:47:12;2018-07-05 16:32:54;2018-07-04 14:40:00;2018-07-09 19:46:43;2018-07-25 00:00:00;2018-07-10 15:30:34;1.0;c49bb7184818a1945f531caf0ab8c27c;550.0;550.0;60.0;18.52;78.52;credit_card;5.208;-15.176;True;False;False;False;False;False;False;False;False;False;False;True;False;False;False;False;False;False;False;False;False;False;False;False;False;1;True
95e418ea130a24742051eb864d986af5;lag_despacho_negativo;delivered;True;SP;São Paulo;SP;7ddcbb64b5bc1ef36ca8c151f6ec77df;101-1000;c7af50844dc871ad6300f7d58498df9b;Quatro Barras;PR;PR;83420;2018-04-21 12:11:02;2018-04-24 18:34:12;2018-04-23 18:46:51;2018-04-26 19:25:45;2018-06-06 00:00:00;2018-04-26 12:30:41;2.0;165f86fe8b799a708a20ee4ba125c289;2425.0;2425.0;389.89;26.549999999999997;416.44;credit_card;5.302;-40.19;True;False;False;False;False;False;False;False;False;False;False;True;False;False;False;False;False;False;False;False;False;False;False;False;False;1;True
41fe5122a99e994da33095efeb38f8a6;lag_despacho_negativo;delivered;True;SP;São Paulo;SP;8b321bb669392f5163d04c59e235e066;101-1000;5c155c5095c1d2ac15be7d90282057aa;São Paulo;SP;SP;3371;2018-07-04 00:38:14;2018-07-05 16:26:43;2018-07-04 15:09:00;2018-07-06 01:48:33;2018-07-17 00:00:00;2018-07-06 01:31:14;1.0;a5db7a80a8d9c9d49050360fceb6ffd4;300.0;300.0;9.9;7.39;17.29;credit_card;2.049;-10.925;True;False;False;False;False;False;False;False;False;False;False;True;False;False;False;False;False;False;False;False;False;False;False;False;False;1;True
0f375a22986f5561dd6c2a22c86c6b25;lag_despacho_negativo;delivered;True;MG;Formiga;MG;6824a69c9ea0313eba299dd4a2dba09a;1-10 pedidos;90f15adb98877594fbed555a0622972e;Coronel Fabriciano;MG;MG;35170;2018-07-24 14:23:37;2018-07-25 14:24:32;2018-07-25 14:07:00;2018-07-27 21:36:41;2018-08-07 00:00:00;2018-07-31 14:24:32;1.0;c63f9ad806cc588df99a5f29323335b0;433.0;433.0;89.9;13.97;103.87;credit_card;3.301;-10.1;True;False;False;False;False;False;False;False;False;False;False;True;False;False;False;False;False;False;False;False;False;False;False;False;False;1;True
d21711f4bfc26162d5a8e471d7edb25f;lag_despacho_negativo;delivered;True;SP;Ribeirão Preto;SP;7d13fca15225358621be4086e1eb0964;101-1000;e905991b2a4def2d46132b1101483a44;Brasília;DF;DF;71900;2018-07-22 19:37:18;2018-07-27 23:30:58;2018-07-25 15:09:00;2018-07-31 17:07:39;2018-08-20 00:00:00;2018-08-07 04:05:23;1.0;ba74c6b75d2ad7503175809688d5a03c;292.0;292.0;178.99;19.35;198.34;boleto;8.896;-19.286;True;False;False;False;False;False;False;False;False;False;False;True;False;False;False;False;False;False;False;False;False;False;False;False;False;1;True
7ca78299e5ac08885988b1cc259d16a9;lag_despacho_negativo;delivered;True;SP;Franca;SP;b416191c9813d821a295cfabafff4161;1-10 pedidos;a48212f00f6b51851a14efc283aedc28;Brasília;DF;DF;71691;2017-07-28 14:33:15;2017-08-02 08:34:02;2017-08-01 13:25:56;2017-08-16 22:29:40;2017-08-23 00:00:00;2017-08-07 04:23:52;1.0;7dc0fd89c290eb0b3e5253d19be59f6f;800.0;800.0;58.9;16.17;75.07;boleto;19.331;-6.063;True;False;False;False;False;False;False;False;False;False;False;True;False;False;False;False;False;False;False;False;False;False;False;False;False;1;True
666ede5bf7b6eebd0d2f61795ee14149;lag_despacho_negativo;delivered;True;SP;Salto;SP;213b25e6f54661939f11710a6fddb871;101-1000;abad8dba5de22702ed59246b0f2455b7;Ituverava;SP;SP;14500;2018-07-04 10:06:56;2018-07-05 16:31:46;2018-07-05 14:02:00;2018-07-07 12:38:26;2018-07-31 00:00:00;2018-07-16 10:31:25;1.0;b12dffc208d142a320e92d660485d82f;750.0;750.0;79.9;14.14;94.04;credit_card;3.105;-23.473;True;False;False;False;False;False;False;False;False;False;False;True;False;False;False;False;False;False;False;False;False;False;False;False;False;1;True
8dd925f0031d0e5f405cb0f3ed25edd9;lag_despacho_negativo;delivered;True;SP;São Paulo;SP;830379336fad8c6f3b15a4a3ddb5c66e;1-10 pedidos;c180f565ea0f5d52d645ce90be20821e;São Paulo;SP;SP;1230;2018-04-21 17:34:58;2018-04-24 18:05:40;2018-04-23 18:44:27;2018-04-24 19:24:19;2018-05-02 00:00:00;2018-04-26 18:32:42;2.0;481587fdec29c4d63a801769b4e5c578;9800.0;9800.0;134.0;50.22;184.22;credit_card;3.076;-7.191;True;False;False;False;False;False;False;False;False;False;False;True;False;False;False;False;False;True;False;False;False;False;False;False;False;2;True
f62d2e0e462fb59c81df0b389e883027;lag_despacho_negativo;delivered;True;RJ;Petrópolis;RJ;620c87c171fb2a6dd6e8bb4dec959fc6;101-1000;4aff0525ed33bb9584667eec7efa6d90;Jundiaí;SP;SP;13205;2018-04-20 12:59:47;2018-04-24 19:06:19;2018-04-20 22:48:39;2018-04-25 14:34:52;2018-05-17 00:00:00;2018-04-26 13:31:45;1.0;98ec655119c24de03b804696821f3955;200.0;200.0;49.9;18.23;68.13;credit_card;5.066;-21.392;True;False;False;False;False;False;False;False;False;False;False;True;False;False;False;False;False;False;False;False;False;False;False;False;False;1;True
0fcebef7529661e5353748c86a31d90e;lag_despacho_negativo;delivered;True;SP;Barueri;SP;8f119a0aee85c0c8fc534629734e94fd;11-100;90687faca5a0ee41c930155f05b000d6;São Roque;SP;SP;18135;2018-05-21 10:14:31;2018-05-24 17:35:05;2018-05-22 06:53:00;2018-05-25 17:45:44;2018-06-05 00:00:00;2018-05-28 13:00:57;1.0;e54464e95c9fb80e4edefa0ba49133c1;800.0;800.0;60.0;8.88;68.88;credit_card;4.313;-10.26;True;False;False;False;False;False;False;False;False;False;False;True;False;False;False;False;False;False;False;False;False;False;False;False;False;1;True
56989126486c2d5a8797256f0011753f;lag_despacho_negativo;delivered;True;SP;Piracicaba;SP;da8622b14eb17ae2831f4ac5b9dab84a;>1000;b01a86cc8bea6de88bf7d427477c303c;Osasco;SP;SP;6050;2018-07-04 18:13:28;2018-07-05 16:33:01;2018-07-05 14:47:00;2018-07-06 15:46:29;2018-07-18 00:00:00;2018-07-09 04:31:51;1.0;e0cf79767c5b016251fe139915c59a26;250.0;250.0;29.9;7.79;37.69;boleto;1.898;-11.343;True;False;False;False;False;False;False;False;False;False;False;True;False;False;False;False;False;False;False;False;False;False;False;False;False;1;True
4021cd7611d6d9ce5ffcd24817fc374f;lag_despacho_negativo;delivered;True;SP;São Paulo;SP;4a23adac87cf538689fa600d976f78b2;1-10 pedidos;ac27243bffbc9c58eb62adfb58c71488;Indaiatuba;SP;SP;13337;2018-08-18 11:49:40;2018-08-18 12:10:30;2018-08-14 06:22:00;2018-08-29 04:41:53;2018-08-30 00:00:00;2018-08-23 12:10:30;1.0;98e55bdc6487be7b8c32b0eb689dcb8a;200.0;200.0;135.0;8.21;143.21;credit_card;10.703;-0.804;True;False;False;False;False;False;False;False;False;False;False;True;False;False;False;False;False;False;False;False;False;False;False;False;False;1;True
3ae7f9146be3fb4fed651a66c7650b19;lag_despacho_negativo;delivered;True;SP;São Paulo;SP;0be8ff43f22e456b4e0371b2245e4d01;101-1000;1adf21f3b030df03819530024c21c2ca;Campinas;SP;SP;13052;2018-07-03 21:56:54;2018-07-05 16:33:16;2018-07-05 16:13:00;2018-07-12 14:18:30;2018-07-18 00:00:00;2018-07-09 22:31:20;1.0;13b25797ad1e6d6c7cd3cbeb35f8ee7a;18250.0;18250.0;129.9;11.93;141.83;credit_card;8.682;-5.404;True;False;False;False;False;False;False;False;False;False;False;True;False;False;False;False;False;False;False;False;False;False;False;False;False;1;True
8bfa83be33530ae82398716e67a2943f;lag_despacho_negativo;delivered;True;SP;São Paulo;SP;6560211a19b47992c3666cc44a7e94c0;>1000;6452d9268964d65bab708657e21be42a;Fortaleza;CE;CE;60526;2018-04-20 15:41:54;2018-04-24 18:44:54;2018-04-23 18:00:19;2018-05-08 13:08:24;2018-05-21 00:00:00;2018-04-26 16:31:45;2.0;91442659f31ec0f0fc73215e77854fac;300.0;300.0;110.0;38.16;148.16;credit_card;17.893;-12.452;True;False;False;False;False;False;False;False;False;False;False;True;False;False;False;False;False;True;False;False;False;False;False;False;False;2;True
948d4a2cd33aa0d29d03495de3b86f9f;lag_despacho_negativo;delivered;True;SP;São Paulo;SP;d4f117125b59ce73c3302f88ee40c458;11-100;e14c2ef3e65d7a7e969506ddaeaef140;Belo Horizonte;MG;MG;31130;2018-07-04 20:23:36;2018-07-05 16:23:34;2018-07-05 14:11:00;2018-07-11 00:21:06;2018-07-24 00:00:00;2018-07-09 21:31:51;1.0;fe7d52482b17e6b3466f4b8f3ce51a9e;250.0;250.0;49.99;15.45;65.44;credit_card;6.165;-12.985;True;False;False;False;False;False;False;False;False;False;False;True;False;False;False;False;False;False;False;False;False;False;False;False;False;1;True
2e404f3ac4dd39d7054b4cbb88ce2c35;lag_despacho_negativo;delivered;True;SP;Ribeirão Pires;SP;411f3b52d857390502ee4e4d5ceabc2d;11-100;85ebbb19844b7b14f228ad32727d272b;Ourinhos;SP;SP;19912;2018-05-04 09:49:02;2018-05-04 10:11:27;2018-05-04 09:41:00;2018-05-09 12:08:37;2018-05-24 00:00:00;2018-05-10 10:11:27;2.0;e0f55a53bebaae74a51a8fb9639681d6;75.0;75.0;36.8;25.58;62.38;credit_card;5.097;-14.494;True;False;False;False;False;False;False;False;False;False;False;True;False;False;False;False;False;True;False;False;False;False;False;False;False;2;True
bcd3f0c10ca729cd572b499317d287d8;lag_despacho_negativo;delivered;True;SP;Guarulhos;SP;0dd184061fb0eaa7ca37932c68ab91c5;101-1000;5a158dfc1554dd2b4fe7f3c2581993bd;Curitiba;PR;PR;82960;2018-04-21 20:54:40;2018-04-24 18:06:13;2018-04-23 21:57:48;2018-04-25 23:04:31;2018-05-17 00:00:00;2018-04-25 21:30:46;1.0;593236d0ff46b4299b4787fb8d43f7f0;7225.0;7225.0;79.0;23.09;102.09;credit_card;4.09;-21.039;True;False;False;False;False;False;False;False;False;False;False;True;False;False;False;False;False;False;False;False;False;False;False;False;False;1;True
5d30afe97f086b0a5cd532422514c3b1;lag_despacho_negativo;delivered;True;SP;São Paulo;SP;6560211a19b47992c3666cc44a7e94c0;>1000;82723e224e9ab5346fcbcb7ffa88c8f5;Valinhos;SP;SP;13270;2018-07-04 14:20:40;2018-07-05 16:31:20;2018-07-05 13:14:00;2018-07-06 17:04:12;2018-07-18 00:00:00;2018-07-09 04:33:36;1.0;1600dcf1cea8c0c83702e07b577ab231;250.0;250.0;44.0;7.57;51.57;boleto;2.114;-11.289;True;False;False;False;False;False;False;False;False;False;False;True;False;False;False;False;False;False;False;False;False;False;False;False;False;1;True
9d1780c1dba60f1e3fc99e1072979110;lag_despacho_negativo;delivered;True;SP;São Paulo;SP;955fee9216a65b617aa5c0531780ce60;>1000;6a432a8586bbd8cf62f617ff14fd64e5;Campinas;SP;SP;13069;2018-03-17 16:04:08;2018-03-26 09:10:13;2018-03-19 23:31:20;2018-03-28 19:21:54;2018-03-29 00:00:00;2018-03-22 16:16:51;1.0;54d9ac713e253fa1fae9c8003b011c2a;1867.0;1867.0;35.0;12.43;47.43;credit_card;11.137;-0.193;True;False;False;False;False;False;False;False;False;False;False;True;False;False;False;False;False;False;False;False;False;False;False;False;False;1;True
6260b8b7e35f7b2163df6a9eb133a072;lag_despacho_negativo;delivered;True;SP;São Paulo;SP;8fb791022c1fc8909664f48ab7dc636d;1-10 pedidos;91263ec82ca46a8d1ef6d2f0e07cbc46;Rio de Janeiro;RJ;RJ;22620;2018-07-04 13:44:57;2018-07-05 16:01:39;2018-07-05 13:46:00;2018-07-13 18:42:49;2018-08-09 00:00:00;2018-07-11 10:32:07;1.0;bbff7e0ea95dd990ce461d8104ee9173;15300.0;15300.0;1999.99;82.37;2082.36;credit_card;9.207;-26.22;True;False;False;False;False;False;False;False;False;False;False;True;False;False;False;False;False;False;False;False;False;False;False;False;False;1;True
eae696a5d4f36a048c3c1e78d611253d;lag_despacho_negativo;delivered;True;SP;Salto;SP;f8db351d8c4c4c22c6835c19a46f01b0;101-1000;d7f9b99fdd55914fdfeeb0d1992e5a2e;Guanambi;BA;BA;46430;2018-07-03 15:23:01;2018-07-05 16:30:42;2018-07-05 12:30:00;2018-07-12 17:33:40;2018-07-31 00:00:00;2018-07-06 08:31:36;1.0;61eee7a9f1884caed59c316047c5832f;1200.0;1200.0;109.9;27.72;137.62;boleto;9.091;-18.268;True;False;False;False;False;False;False;False;False;False;False;True;False;False;False;False;False;False;False;False;False;False;False;False;False;1;True
ba992a67b91b76a97c227e1ad48658f5;lag_despacho_negativo;delivered;True;MA;São Luís;MA;06a2c3af7b3aee5d69171b0e14f0ee87;101-1000;f10d33418980c7f04fe434a6d6c85c5e;Fortaleza;CE;CE;60870;2018-08-03 14:48:15;2018-08-03 15:04:13;2018-08-03 13:58:00;2018-08-14 20:32:31;2018-08-30 00:00:00;2018-08-17 15:04:13;1.0;02d53241d2a3c4b1d65f21028e15fde8;400.0;400.0;64.99;15.56;80.55;credit_card;11.239;-15.144;True;False;False;False;False;False;False;False;False;False;False;True;False;False;False;False;False;False;False;False;False;False;False;False;False;1;True
15e67a6eec264915cd81f8f57dbacd81;lag_despacho_negativo;delivered;True;SP;São Paulo;SP;ee2fbacc2fc3794e656cc4d933d59ce7;1-10 pedidos;9dbba2fa3f3df7cc62a6ced880ea920e;Rio de Janeiro;RJ;RJ;20260;2018-08-07 14:05:50;2018-08-07 14:15:17;2018-08-07 12:39:00;2018-08-13 13:58:45;2018-08-21 00:00:00;2018-08-09 14:15:17;2.0;e9f31c92ab2b5fb1c5835ba61f39edd3;600.0;600.0;299.98;32.3;332.28;credit_card;5.995;-7.418;True;False;False;False;False;False;False;False;False;False;False;True;False;False;False;False;False;True;False;False;False;False;False;False;False;2;True
9a0ea28810c690ef91b1a70c0ed9703e;lag_despacho_negativo;delivered;True;SP;Vicente de Carvalho;SP;9b013e03b2ab786505a1d3b5c0756754;101-1000;48b7b0d91f71342eb16eb2598fbec30d;Brasília;DF;DF;72251;2018-07-03 07:07:56;2018-07-05 16:21:59;2018-07-04 14:02:00;2018-07-10 11:28:34;2018-07-26 00:00:00;2018-07-10 08:31:47;1.0;c50ca07e9e4db9ea5011f06802c0aea0;125.0;125.0;15.49;18.23;33.72;boleto;7.181;-15.522;True;False;False;False;False;False;False;False;False;False;False;True;False;False;False;False;False;False;False;False;False;False;False;False;False;1;True
e4c540c341b9a50b1a1b28e71867eb5b;lag_despacho_negativo;delivered;True;SP;São José do Rio Preto;SP;fdaaf5bfda82b7b80535610c831b8d09;1-10 pedidos;5c351d3b7eb465775ce1405dbe49cb23;São José do Rio Preto;SP;SP;15093;2018-04-26 15:55:42;2018-04-26 16:11:01;2018-04-26 14:55:00;2018-04-27 17:24:52;2018-05-09 00:00:00;2018-05-03 16:11:01;3.0;309418595516e14bc2e98487ee4267d1;200.0;200.0;534.8;25.77;560.57;credit_card;1.062;-11.274;True;False;False;False;False;False;False;False;False;False;False;True;False;False;False;False;False;False;False;False;False;False;False;False;False;1;True
3be02448faefd4cf9a63648ccf10c1e1;lag_despacho_negativo;delivered;True;SP;Presidente Prudente;SP;5b85809efd0d0e4dea1a9544e1280ed9;11-100;2060973f15beb0d3d9be56ab5b49d2b9;Teresina;PI;PI;64049;2018-07-29 14:41:38;2018-07-30 16:25:26;2018-07-30 14:38:00;2018-08-10 15:15:02;2018-08-17 00:00:00;2018-08-01 16:25:26;1.0;44c7b1d3b75cc4a14d4eba0f83f19e77;850.0;850.0;209.9;84.39;294.29;credit_card;12.023;-6.365;True;False;False;False;False;False;False;False;False;False;False;True;False;False;False;False;False;False;False;False;False;False;False;False;False;1;True
f7cb1a22366eb2e46a22d3626871d1d5;lag_despacho_negativo;delivered;True;SP;São Paulo;SP;1a932caad4f9d804097d7f8e615baed1;11-100;b4cfb1e6c0a0632e1d5dbe3ccfb18ef1;Salvador;BA;BA;40430;2018-05-02 15:14:09;2018-05-03 15:10:27;2018-05-03 13:02:00;2018-05-30 20:41:15;2018-05-23 00:00:00;2018-05-09 15:10:27;1.0;779dd392d4fbe5ca656bf3ceabecbf0b;5450.0;5450.0;115.0;27.88;142.88;credit_card;28.227;7.862;True;True;False;True;False;False;False;False;False;False;False;True;False;False;False;False;False;False;False;False;False;False;False;False;False;1;True
649fbfef8ead059794ca4dff975904d0;lag_despacho_negativo;delivered;True;MG;Belo Horizonte;MG;276677b5d08786d5dce7c2149dcce48b;11-100;4a4a9d30308a7275440ff5514f22d367;Guarulhos;SP;SP;7179;2018-04-23 16:20:13;2018-04-24 17:43:52;2018-04-24 02:17:23;2018-05-03 19:51:27;2018-05-11 00:00:00;2018-04-27 16:31:17;2.0;0d9374142ba86a7c22357ea192bcfde6;1275.0;1275.0;127.8;22.98;150.78;credit_card;10.147;-7.173;True;False;False;False;False;False;False;False;False;False;False;True;False;False;False;False;False;True;False;False;False;False;False;False;False;2;True
40de47dfa620d667117e4a6067b6e1ec;lag_despacho_negativo;delivered;True;SP;São Paulo;SP;1025f0e2d44d7041d6cf58b6550e0bfa;101-1000;9f64391c68c234a7264087c2d0c1ac76;Uberlândia;MG;MG;38406;2017-09-01 20:05:55;2017-09-13 21:58:38;2017-09-04 20:36:58;2017-09-08 20:41:16;2017-09-22 00:00:00;2017-09-10 22:33:43;3.0;d678178aa4291cd25a755a90188375c8;950.0;950.0;115.19999999999999;45.3;160.5;credit_card;7.025;-13.138;True;False;False;False;False;False;False;False;False;False;False;True;False;False;False;False;False;True;False;False;False;False;False;False;False;2;True
cab5ff5f1347330a7576a8aa80bd1774;lag_despacho_negativo;delivered;True;MG;Borda da Mata;MG;dbc22125167c298ef99da25668e1011f;101-1000;1a5dca881b4fc9ed776930b3dc9ccfe0;Contagem;MG;MG;32146;2018-06-27 11:57:41;2018-06-27 12:10:12;2018-06-27 11:10:00;2018-07-02 15:03:45;2018-07-18 00:00:00;2018-06-29 12:10:12;1.0;2b939dc9b176d7fa21594d588815d4a4;1300.0;1300.0;77.5;15.61;93.11;credit_card;5.129;-15.372;True;False;False;False;False;False;False;False;False;False;False;True;False;False;False;False;False;False;False;False;False;False;False;False;False;1;True
acc128e9293460781736208a647dd87c;lag_despacho_negativo;delivered;True;PR;Cascavel;PR;79ebd9a61bac3eaf882805ed4ecfa12a;101-1000;a1e7727063333b459f6851aeafe375c9;Recife;PE;PE;50860;2018-01-30 01:00:05;2018-02-04 23:31:38;2018-02-02 00:42:59;2018-02-14 16:23:34;2018-03-01 00:00:00;2018-02-06 02:55:49;1.0;6b04a3268d84351b65aeba3f1fbc2a25;950.0;950.0;69.9;44.34;114.24;boleto;15.641;-14.317;True;False;False;False;False;False;False;False;False;False;False;True;False;False;False;False;False;False;False;False;False;False;False;False;False;1;True
44997fe5448fcd26b6c093cd6efda36b;lag_despacho_negativo;delivered;True;PR;Curitiba;PR;0241d4d5d36f10f80c644447315af0bd;101-1000;d7f396c0e3a3b362895f12f2163fe4a8;São Bernardo do Campo;SP;SP;9751;2018-07-30 16:24:44;2018-08-02 13:43:29;2018-07-31 12:50:00;2018-08-03 19:31:55;2018-08-08 00:00:00;2018-08-01 19:32:10;1.0;c3a954d7be97f5818bf83f743a17863a;3050.0;3050.0;139.0;22.27;161.27;credit_card;4.13;-4.186;True;False;False;False;False;False;False;False;False;False;False;True;False;False;False;False;False;False;False;False;False;False;False;False;False;1;True
60e8b42fc95ec83d1e3bc2c7f7b4350d;lag_despacho_negativo;delivered;True;SP;Itajai;SC;0bae85eb84b9fb3bd773911e89288d54;101-1000;0a7aa99ac73533c0ba784bcc47b1c5e3;São Paulo;SP;SP;5334;2017-07-28 18:33:50;2017-08-02 08:33:20;2017-08-01 19:19:44;2017-08-07 18:23:53;2017-08-21 00:00:00;2017-08-07 04:24:00;1.0;ea17b2137544a3b0a3eaf107887472d9;1500.0;1500.0;129.9;18.16;148.06;boleto;9.993;-13.233;True;False;False;False;False;False;False;False;False;False;False;True;False;False;False;False;False;False;False;False;False;False;False;False;True;2;True
23b1eb268049c1d2a04b22784867e75b;lag_despacho_negativo;delivered;True;SP;São Paulo;SP;8090490573c6c0aa343a7231ebcb8c86;11-100;64d38c0ab6c52f6cb38f3f3db627ff8c;Belo Horizonte;MG;MG;30190;2018-07-01 21:19:33;2018-07-05 16:15:48;2018-07-03 12:06:00;2018-07-05 21:04:11;2018-07-30 00:00:00;2018-07-09 04:30:42;1.0;bf359473d58e90d8fc29bf8f3d282ea9;350.0;350.0;45.08;15.42;60.5;boleto;3.989;-24.122;True;False;False;False;False;False;False;True;False;False;False;True;False;False;False;False;False;False;False;False;False;False;False;False;False;2;True
9c595e16a30ed3d4190c5d512eb1ad17;lag_despacho_negativo;delivered;True;SP;São Paulo;SP;6560211a19b47992c3666cc44a7e94c0;>1000;9c966ae5331919d6657daa55149999a9;Volta Redonda;RJ;RJ;27258;2018-04-21 15:50:54;2018-04-24 18:04:02;2018-04-23 22:51:11;2018-05-19 00:56:43;2018-05-17 00:00:00;2018-04-26 16:30:49;1.0;7703b8cb5b77fbb36518ea91e2ca734f;250.0;250.0;39.0;18.23;57.23;credit_card;27.379;2.039;True;True;False;True;False;False;False;False;False;False;False;True;False;False;False;False;False;False;False;False;False;False;False;False;False;1;True
839b7051ec3965f51479de677b695b59;lag_despacho_negativo;delivered;True;SP;Salto;SP;213b25e6f54661939f11710a6fddb871;101-1000;d84969f52347f5ec46c190faf18437b3;Sorocaba;SP;SP;18031;2018-04-21 16:00:29;2018-04-24 17:56:09;2018-04-23 23:32:59;2018-04-24 23:48:51;2018-05-10 00:00:00;2018-04-26 16:30:57;2.0;2f199414628d54a778b360b5c758b78b;650.0;650.0;99.9;23.72;123.62;credit_card;3.325;-15.008;True;False;False;False;False;False;False;False;False;False;False;True;False;False;False;False;False;True;False;False;False;False;False;False;False;2;True
ba7517020cc8cdda51bffbd30bb1b781;lag_despacho_negativo;delivered;True;SP;Jaú;SP;4d6d651bd7684af3fffabd5f08d12e5a;101-1000;ff9fb29b08ea8f4564e23dac02a225fa;Santa Bárbara D'oeste;SP;SP;13455;2018-07-03 12:58:14;2018-07-05 16:21:27;2018-07-04 14:50:00;2018-07-07 14:51:01;2018-07-25 00:00:00;2018-07-09 13:31:47;1.0;0bc4d2de176747bbc8b5e680bfdb66b6;4750.0;4750.0;139.9;20.54;160.44;credit_card;4.078;-17.381;True;False;False;False;False;False;False;False;False;False;False;True;False;False;False;False;False;False;False;False;False;False;False;False;False;1;True
12e4fbad3ebed6412967a3fd5818c456;lag_despacho_negativo;delivered;True;SC;São José;SC;5c030029b5916fed0986310385ec9009;1-10 pedidos;351cc738149ae51cf174497c31325788;Salvador;BA;BA;41650;2018-06-13 11:43:43;2018-06-13 12:32:39;2018-06-13 11:43:00;2018-06-22 21:32:34;2018-07-18 00:00:00;2018-06-20 11:56:23;1.0;9fd2d186bbd4017f2d86295f69334cfc;9100.0;9100.0;259.0;59.14;318.14;credit_card;9.409;-25.102;True;False;False;False;False;False;False;False;False;False;False;True;False;False;False;False;False;False;False;False;False;False;False;False;False;1;True
f79be098ac7bd8ee0c272aa8f6b61d50;lag_despacho_negativo;delivered;True;MG;Borda da Mata;MG;dbc22125167c298ef99da25668e1011f;101-1000;c043dc0a96a5b7025d902c6766d70aa1;Pompéu;MG;MG;35640;2018-07-10 15:33:31;2018-07-10 15:46:42;2018-07-10 14:35:00;2018-07-13 18:57:41;2018-07-25 00:00:00;2018-07-12 15:46:42;1.0;5c2bb11cf2149bd4d9fffcc1246458c3;2283.0;2283.0;98.9;14.99;113.89;credit_card;3.142;-11.21;True;False;False;False;False;False;False;False;False;False;False;True;False;False;False;False;False;False;False;False;False;False;False;False;False;1;True
004345d16a1ab2c21962992c721c8643;lag_despacho_negativo;delivered;True;SP;São Paulo;SP;0be8ff43f22e456b4e0371b2245e4d01;101-1000;3b723b649feb48f3cfbb9c728efb3d7d;Águas Lindas de Goiás;GO;GO;72914;2018-07-04 06:45:05;2018-07-05 16:09:18;2018-07-05 14:08:00;2018-07-11 17:26:37;2018-07-30 00:00:00;2018-07-10 07:31:33;1.0;d0fb1e667e989933a80444f93da833c0;525.0;525.0;37.9;15.37;53.27;voucher;7.446;-18.273;True;False;False;False;False;False;False;False;False;False;False;True;False;False;False;False;False;False;False;False;False;False;False;False;False;1;True
9ac6af8b99d3bac9717dfb60bfdaed60;lag_despacho_negativo;delivered;True;MG;Belo Horizonte;MG;2a84855fd20af891be03bc5924d2b453;101-1000;929ee05b81b47fa8730456de87216ab2;Salvador;BA;BA;41905;2018-07-22 13:04:52;2018-07-23 11:31:23;2018-07-23 08:46:00;2018-07-26 17:21:37;2018-08-09 00:00:00;2018-07-25 09:19:07;1.0;bdcf6a834e8faa30dac3886c7a58e92e;1614.0;1614.0;43.9;20.26;64.16;credit_card;4.178;-13.277;True;False;False;False;False;False;False;False;False;False;False;True;False;False;False;False;False;False;False;False;False;False;False;False;False;1;True
a7cc09fb58107d971a9b1f94e176a910;lag_despacho_negativo;delivered;True;SP;São Paulo;SP;25e6ffe976bd75618accfe16cefcbd0d;101-1000;5e3946a8c130e68f45ccced8781e419e;Florianópolis;SC;SC;88063;2018-04-21 20:55:09;2018-04-24 18:09:42;2018-04-23 20:30:52;2018-05-03 21:46:26;2018-05-15 00:00:00;2018-04-25 21:31:01;1.0;fb988b242cef4ef4694a39fd9eed5e46;1100.0;1100.0;120.0;15.72;135.72;credit_card;12.036;-11.093;True;False;False;False;False;False;False;False;False;False;False;True;False;False;False;False;False;False;False;False;False;False;False;False;False;1;True
ac284fb15053d666dfb6128354f0e662;lag_despacho_negativo;delivered;True;SP;São Paulo;SP;b19c48688808720822399ffa9f2dbe2f;1-10 pedidos;7a4e42927347804cbbc5b584d003bef6;São Mateus;ES;ES;29936;2018-08-22 14:14:50;2018-08-22 14:25:19;2018-08-22 13:46:00;2018-08-28 21:32:27;2018-09-14 00:00:00;2018-08-28 14:25:19;1.0;cde7eb02af6868b9904f1ea2c7fdfdc3;500.0;500.0;959.99;24.82;984.81;credit_card;6.304;-16.102;True;False;False;False;False;True;False;False;False;False;False;True;False;False;False;False;False;False;False;False;False;False;False;False;False;2;True
faa068942b581bc31538abdea52e6f35;lag_despacho_negativo;delivered;True;PR;Campo Mourão;PR;a5cba26a62b8b4d0145b68b841e62e7f;11-100;ea413fb6be454c30f1bc38aa40fc0476;São Paulo;SP;SP;8270;2018-04-23 12:19:15;2018-04-24 17:19:16;2018-04-24 17:06:55;2018-05-07 21:47:29;2018-05-17 00:00:00;2018-04-27 12:30:36;1.0;016711f78a6a87696645db0a6a834826;1150.0;1150.0;99.0;12.85;111.85;credit_card;14.395;-9.092;True;False;False;False;False;False;False;False;False;False;False;True;False;False;False;False;False;False;False;False;False;False;False;False;False;1;True
d836abb4444d8594455e9766104e958c;lag_despacho_negativo;delivered;True;SP;Itapecerica da Serra;SP;c9c7905cffc4ef9ff9f113554423e671;101-1000;16b084ebbbdd6de39ed8789dbdb79792;Jundiaí;SP;SP;13208;2018-07-22 17:23:48;2018-07-27 23:31:14;2018-07-24 15:11:00;2018-07-25 18:09:23;2018-07-31 00:00:00;2018-07-26 04:05:28;1.0;8d139b1550c8cc91a3babc9cfe9fc147;500.0;500.0;55.0;8.55;63.55;boleto;3.032;-5.243;True;False;False;False;False;False;False;False;False;False;False;True;False;False;False;False;False;False;False;False;False;False;False;False;False;1;True
0b2e6b4673da2264a5318ef4abe1fd44;lag_despacho_negativo;delivered;True;MA;São Luís;MA;06a2c3af7b3aee5d69171b0e14f0ee87;101-1000;572e91607e3ec9c563b322b8e5c9dfcc;São Luís;MA;MA;65051;2018-07-03 18:09:03;2018-07-05 16:18:53;2018-07-04 11:07:00;2018-07-06 19:59:49;2018-07-23 00:00:00;2018-07-09 18:31:26;1.0;3fbc0ef745950c7932d5f2a446189725;350.0;350.0;66.99;9.16;76.15;credit_card;3.077;-16.167;True;False;False;False;False;False;False;False;False;False;False;True;False;False;False;False;False;False;False;False;False;False;False;False;False;1;True
ce387eba3b0e5a8145a79db39394f728;lag_despacho_negativo;delivered;True;SP;São Paulo;SP;6560211a19b47992c3666cc44a7e94c0;>1000;b1cf15b2a25c647c2de2ff757c033b94;Rio de Janeiro;RJ;RJ;20081;2018-06-27 07:11:00;2018-06-27 10:51:45;2018-06-27 10:16:00;2018-07-03 08:45:54;2018-08-01 00:00:00;2018-06-29 07:30:59;1.0;a92930c327948861c015c919a0bcb4a8;250.0;250.0;78.0;15.65;93.65;credit_card;6.066;-28.635;True;False;False;False;False;False;False;False;False;False;False;True;False;False;False;False;False;False;False;False;False;False;False;False;False;1;True
8f1a2266f747c7d0e62d992a6b411c60;lag_despacho_negativo;delivered;True;SP;Ibitinga;SP;640e21a7d01df7614a3b4923e990d40c;101-1000;c36dcac28596ab129461788cf382fdd4;Araras;SP;SP;13607;2018-06-19 13:00:38;2018-06-20 14:38:47;2018-06-20 13:43:00;2018-06-28 20:08:52;2018-07-16 00:00:00;2018-06-26 14:31:48;1.0;703d742887bb9267f89b675608ba7aa0;950.0;950.0;56.1;13.97;70.07;debit_card;9.297;-17.161;True;False;False;False;False;False;False;False;False;False;False;True;False;False;False;False;False;False;False;False;False;False;False;False;False;1;True
a0c98bdda8405aeaa4b87bdcdd25da22;lag_despacho_negativo;delivered;True;SP;São Paulo;SP;955fee9216a65b617aa5c0531780ce60;>1000;79dd597ff7e371b512f0a22caf4a08dd;Goiânia;GO;GO;74433;2018-08-17 12:39:50;2018-08-17 12:55:22;2018-08-17 12:37:00;2018-08-27 23:08:26;2018-08-30 00:00:00;2018-08-21 12:55:22;1.0;6c8b2975a4a05d1f36948b20753b29ca;1500.0;1500.0;50.0;18.15;68.15;credit_card;10.437;-2.036;True;False;False;False;False;False;False;False;False;False;False;True;False;False;False;False;False;False;False;False;False;False;False;False;False;1;True
852d591ac66808ba170d243164600420;lag_despacho_negativo;delivered;True;SP;Franca;SP;34a557286ead8fe75c989e0afcf7d98c;1-10 pedidos;20eab7f90e4ca36457cb0e4ba3cf2ccb;Marília;SP;SP;17510;2018-06-01 13:48:45;2018-06-01 14:11:51;2018-06-01 13:28:00;2018-06-06 17:26:41;2018-06-26 00:00:00;2018-06-07 14:11:51;1.0;781a5256893d06b9526750ff0b5f50e4;225.0;225.0;75.0;12.97;87.97;credit_card;5.151;-19.273;True;False;False;False;False;False;False;False;False;False;False;True;False;False;False;False;False;False;False;False;False;False;False;False;False;1;True
e8d5ac327490a6d1580be779a264c2fb;lag_despacho_negativo;delivered;True;MG;Borda da Mata;MG;dbc22125167c298ef99da25668e1011f;101-1000;80c6469c7aec5761a0a4805b335c321b;Contagem;MG;MG;32013;2018-04-23 09:02:49;2018-04-24 17:13:21;2018-04-23 23:51:12;2018-04-27 00:21:48;2018-05-11 00:00:00;2018-04-27 09:32:01;1.0;1d3ecbda18167c766a3381fd16108e4a;1700.0;1700.0;88.9;18.45;107.35;credit_card;3.638;-13.985;True;False;False;False;False;False;False;False;False;False;False;True;False;False;False;False;False;False;False;False;False;False;False;False;False;1;True
191fad9a46d531249b20f63ff199efe2;lag_despacho_negativo;delivered;True;SP;Garça;SP;527801b552d0077ffd170872eb49683b;11-100;8890d07ab4c442d0dc26624f6b4b9d08;Curitiba;PR;PR;81860;2018-07-05 00:46:29;2018-07-05 16:33:12;2018-07-05 15:19:00;2018-07-09 19:40:54;2018-07-27 00:00:00;2018-07-09 01:31:34;1.0;b9ca577f48894c59a9677f895f9a44bc;1350.0;1350.0;334.9;25.14;360.04;credit_card;4.788;-17.18;True;False;False;False;False;False;False;False;False;False;False;True;False;False;False;False;False;False;False;False;False;False;False;False;False;1;True
c8e75378d45ac6daae73b7ff2d236798;lag_despacho_negativo;delivered;True;SP;São Paulo;SP;9f505651f4a6abe901a56cdc21508025;101-1000;ff99ec31eacd560b39d8ac9bc9b3e79d;São Paulo;SP;SP;5410;2018-07-04 16:57:26;2018-07-05 16:10:05;2018-07-05 14:58:00;2018-07-06 15:22:02;2018-07-17 00:00:00;2018-07-06 17:31:33;1.0;a1ead9010030ade9a219495543cd5c48;1500.0;1500.0;60.0;11.44;71.44;credit_card;1.934;-10.36;True;False;False;False;False;False;False;False;False;False;False;True;False;False;False;False;False;False;False;False;False;False;False;False;False;1;True
746e0019b6fc6170534f81e45e8d55ec;lag_despacho_negativo;delivered;True;SP;Guarulhos;SP;6edacfd9f9074789dad6d62ba7950b9c;101-1000;d5485a1a47978e2963a3479a5bef5155;Santo André;SP;SP;9060;2018-04-22 22:48:12;2018-04-24 18:30:09;2018-04-24 01:06:34;2018-04-24 17:06:38;2018-05-10 00:00:00;2018-04-26 23:30:51;1.0;8e761c0d91fd28b0937e63238852f2f8;550.0;550.0;65.9;8.88;74.78;credit_card;1.763;-15.287;True;False;False;False;False;False;False;False;False;False;False;True;False;False;False;False;False;False;False;False;False;False;False;False;False;1;True
ce82f937c1c716589386a8d4d0cb6747;lag_despacho_negativo;delivered;True;RJ;Nova Friburgo;RJ;1464afc72f696af775557a821c2e253f;11-100;7349346f299c03c2d2f3e13a2d1f8944;Goiânia;GO;GO;74255;2018-07-23 14:29:11;2018-07-28 23:31:03;2018-07-24 13:19:00;2018-08-02 18:20:22;2018-08-13 00:00:00;2018-07-26 04:05:31;1.0;7bcf2266b78ccc737b8f26f925d3c5d4;135.0;135.0;46.9;22.26;69.16;boleto;10.161;-10.236;True;False;False;False;False;False;False;False;False;False;False;True;False;False;False;False;False;False;False;False;False;False;False;False;False;1;True
52a96c4082dfe660d01acfdc740c4f61;lag_despacho_negativo;delivered;True;MG;Ilicínea;MG;a1043bafd471dff536d0c462352beb48;101-1000;6dbc1688502d1c05c3022748d524d8e0;Guaçuí;ES;ES;29560;2018-04-24 01:00:28;2018-04-24 18:11:13;2018-04-24 17:51:06;2018-05-09 20:56:37;2018-05-23 00:00:00;2018-04-30 01:31:27;1.0;d1c427060a0f73f6b889a5c7c61f2ac4;6550.0;6550.0;119.0;46.08;165.08;credit_card;15.831;-13.127;True;False;False;False;False;False;False;False;False;False;False;True;False;False;False;False;False;False;False;False;False;False;False;False;False;1;True
9e1b037882254a396408181e76546b01;lag_despacho_negativo;delivered;True;SP;São Paulo;SP;ea8482cd71df3c1969d7b9473ff13abc;>1000;f5a615f0b025dc0ce07ed1f331e87b75;Assis Chateaubriand;PR;PR;85935;2018-07-23 17:26:47;2018-07-28 23:31:07;2018-07-24 15:55:00;2018-07-30 17:11:31;2018-08-13 00:00:00;2018-07-26 17:35:16;1.0;89c759803e084e177bd98baad6fe67fb;200.0;200.0;27.99;18.3;46.29;credit_card;6.989;-13.284;True;False;False;False;False;False;False;False;False;False;False;True;False;False;False;False;False;False;False;False;False;False;False;False;False;1;True
112b993827414a482ef6534e251fad3a;lag_despacho_negativo;delivered;True;SP;Santa Bárbara D'oeste;SP;30a2f535bb48308f991d0b9ad4a8c4bb;11-100;88eddac47472e08eb17d96a25969a655;Guarulhos;SP;SP;7196;2018-01-29 17:26:51;2018-02-03 23:31:58;2018-02-01 18:48:38;2018-02-02 19:52:43;2018-02-14 00:00:00;2018-02-06 02:35:41;2.0;3ceb44c75e6981ff0987bb90c95694c0;450.0;450.0;99.8;18.06;117.86;boleto;4.101;-11.172;True;False;False;False;False;False;False;False;False;False;False;True;False;False;False;False;False;False;False;False;False;False;False;False;False;1;True
45060534aef780077c10103b60fe71c4;lag_despacho_negativo;delivered;True;SP;Ibitinga;SP;602044f2c16190c2c6e45eb35c2e21cb;11-100;a34cb9acedf3c08390532e4df4f38ac7;Passo Fundo;RS;RS;99074;2018-07-03 15:40:07;2018-07-05 16:12:38;2018-07-05 14:12:00;2018-07-10 20:08:37;2018-08-03 00:00:00;2018-07-09 16:31:28;2.0;525cb8d7fb28b9615a1cf6dd55074865;450.0;450.0;82.49;36.78;119.27;credit_card;7.186;-23.161;True;False;False;False;False;False;False;False;False;False;False;True;False;False;False;False;False;False;False;False;False;False;False;False;False;1;True
3f6bb104a95e5d4476c4f49d96951475;lag_despacho_negativo;delivered;True;SP;São Paulo;SP;ea8482cd71df3c1969d7b9473ff13abc;>1000;dc85ba03d8f3d7b2f51666a6f849641a;São Paulo;SP;SP;4814;2018-04-21 16:29:44;2018-04-24 18:46:53;2018-04-23 22:12:55;2018-05-03 23:41:58;2018-05-10 00:00:00;2018-04-26 17:30:53;1.0;f0b543161e745b6c80a79c368db167a5;300.0;300.0;21.99;7.39;29.38;credit_card;12.3;-6.013;True;False;False;False;False;False;False;False;False;False;False;True;False;False;False;False;False;False;False;False;False;False;False;False;False;1;True
d46dac528dbfb09fdfc6a62c82d18694;lag_despacho_negativo;delivered;True;RJ;Rio de Janeiro;RJ;516e7738bd8f735ac19a010ee5450d8d;11-100;2f3982443d47c0cdbfb4d2a1bb6198bb;Betim;MG;MG;32673;2018-07-04 12:27:07;2018-07-05 16:21:24;2018-07-05 13:27:00;2018-07-10 21:23:38;2018-07-25 00:00:00;2018-07-09 13:31:02;1.0;9853476587e82bdf31cd50479173e1c3;675.0;675.0;79.0;16.74;95.74;credit_card;6.373;-14.109;True;False;False;False;False;False;False;False;False;False;False;True;False;False;False;False;False;False;False;False;False;False;False;False;False;1;True
bc1b85147b5edbb7cbefcf5c1bd5ded9;lag_despacho_negativo;delivered;True;SP;São Paulo;SP;bd4889b5e9133b35b66e42a8665cea5c;11-100;6a14261933e6337fd29022acdd3a26cc;São Paulo;SP;SP;5409;2018-07-24 11:50:06;2018-07-29 23:30:54;2018-07-24 15:16:00;2018-07-25 20:56:35;2018-08-01 00:00:00;2018-07-26 12:04:44;1.0;37afa38a724c6ab9b04b797901d821c7;10400.0;10400.0;152.9;23.78;176.68;credit_card;1.38;-6.127;True;False;False;False;False;False;False;False;False;False;False;True;False;False;False;False;False;False;False;False;False;False;False;False;False;1;True
a87d8e4358ec8697c2eb5dbcc42f8330;lag_despacho_negativo;delivered;True;SP;Guarulhos;SP;5b07547f10dd980738a1a27f685af669;11-100;7fb60bfe0fc82857d599d184dcbb92e5;Formiga;MG;MG;35570;2018-08-01 18:27:35;2018-08-06 23:31:34;2018-08-02 11:54:00;2018-08-07 17:41:32;2018-08-16 00:00:00;2018-08-07 18:35:17;1.0;4ff38de0673d41a0da1499e300720ef6;125.0;125.0;69.9;18.59;88.49;credit_card;5.968;-8.263;True;False;False;False;False;False;False;False;False;False;False;True;False;False;False;False;False;False;False;False;False;False;False;False;False;1;True
b8d5fe8c7958a04cf0e4977be468e370;lag_despacho_negativo;delivered;True;SP;Sorocaba;SP;9d4db00d65d7760644ac0c14edb5fd86;11-100;94ab314d7057c05608e4c809844204d8;Votorantim;SP;SP;18119;2018-07-05 09:00:13;2018-07-05 16:17:01;2018-07-05 14:19:00;2018-07-06 17:48:37;2018-07-18 00:00:00;2018-07-09 09:31:40;1.0;9ddc4249779322828f89d2a9c04f7ee1;1277.0;1277.0;106.99;10.06;117.05;credit_card;1.367;-11.258;True;False;False;False;False;False;False;False;False;False;False;True;False;False;False;False;False;False;False;False;False;False;False;False;False;1;True
f40ef9a47f9670b54b9e350f354795a2;lag_despacho_negativo;delivered;True;SP;Tabatinga;SP;55c26bcb609f480eb7868594245febb5;1-10 pedidos;7f34b9bf56cacd4cb15a9c221c7d31da;Lavras;MG;MG;37200;2018-04-21 14:57:23;2018-04-24 18:51:22;2018-04-23 19:14:20;2018-04-30 23:04:27;2018-05-11 00:00:00;2018-04-26 15:30:43;1.0;dc363002c653f0cdc77f9d0be45fa103;650.0;650.0;84.9;18.47;103.37;credit_card;9.338;-10.039;True;False;False;False;False;False;False;False;False;False;False;True;False;False;False;False;False;False;False;False;False;False;False;False;False;1;True
3c8c8b2ae428da4a2bd9c4547354630c;lag_despacho_negativo;delivered;True;SP;São Roque;SP;45ba18c210d42734ec52c0c1c574e9ee;11-100;bf0a12f5106399cf7fab2db73daab9a0;Santa Rita de Caldas;MG;MG;37775;2018-07-04 17:42:33;2018-07-05 16:33:14;2018-07-05 10:43:00;2018-07-12 16:38:55;2018-08-01 00:00:00;2018-07-10 18:31:47;1.0;475152a7f8c7ddd5457fef29a9d20dd1;950.0;950.0;22.9;18.26;41.160000000000004;credit_card;7.956;-19.306;True;False;False;False;False;False;False;False;False;False;False;True;False;False;False;False;False;False;False;False;False;False;False;False;False;1;True
1bab231e166587a2e6834a89ab97b32d;lag_despacho_negativo;delivered;True;RJ;Petrópolis;RJ;620c87c171fb2a6dd6e8bb4dec959fc6;101-1000;d72b1a778aaf7acc1aa5284566ab3d5c;São Paulo;SP;SP;5704;2018-06-04 10:45:08;2018-06-05 14:32:20;2018-06-05 12:54:00;2018-06-11 16:43:46;2018-07-11 00:00:00;2018-06-13 10:53:34;1.0;b8a0d73b2a06e7910d9864dccdb0cda2;371.0;371.0;69.9;18.37;88.27;credit_card;7.249;-29.303;True;False;False;False;False;False;False;False;False;False;False;True;False;False;False;False;False;False;False;False;False;False;False;False;False;1;True
98b3b28db55c9f6e365c56f05004d3b5;lag_despacho_negativo;delivered;True;PR;Maringá;PR;0b90b6df587eb83608a64ea8b390cf07;101-1000;fc2f1cde057c9c2675602bc90d36b54a;Nhandeara;SP;SP;15190;2018-04-20 15:06:49;2018-04-24 18:39:32;2018-04-23 23:38:39;2018-05-15 15:46:32;2018-05-30 00:00:00;2018-05-03 15:31:10;1.0;99f5b2240b82bf9387e5cf2fc0335b08;160.0;160.0;95.0;18.55;113.55;credit_card;25.028;-14.343;True;False;False;False;False;False;False;False;False;False;False;True;False;False;False;False;False;False;False;False;False;False;False;False;False;1;True
e618cc48dc1a9bcbdb3f9743e25a36f1;lag_despacho_negativo;delivered;True;SP;Guarulhos;SP;ed4311e67debd72b8610a5347a743087;11-100;bcf9a8df4d68e15e629cbfb6d57458ac;Itupeva;SP;SP;13295;2018-07-04 17:09:05;2018-07-05 16:25:46;2018-07-05 12:50:00;2018-07-10 21:16:38;2018-07-23 00:00:00;2018-07-06 17:31:41;1.0;1a6c9da4039deae58c2b769f049ae121;2650.0;2650.0;97.0;17.81;114.81;credit_card;6.172;-12.113;True;False;False;False;False;False;False;False;False;False;False;True;False;False;False;False;False;False;False;False;False;False;False;False;False;1;True
d8bd333ce65e76948e3468e2de08cb8a;lag_despacho_negativo;delivered;True;SP;Ibitinga;SP;0176f73cc1195f367f7b32db1e5b3aa8;11-100;f7d23b42541edac2c5ec83a6c7baabf0;Portão;RS;RS;93180;2018-04-22 16:06:51;2018-04-24 19:02:47;2018-04-23 12:42:06;2018-05-01 00:51:28;2018-05-28 00:00:00;2018-04-26 16:32:09;1.0;48fed1b321d23ca8ba0752b138e7fbe5;1275.0;1275.0;79.9;23.14;103.04;credit_card;8.364;-26.964;True;False;False;False;False;False;False;False;False;False;False;True;False;False;False;False;False;False;False;False;False;False;False;False;False;1;True
1b2bb7c2c68e882ede350ac20436790b;lag_despacho_negativo;delivered;True;SP;Ibitinga;SP;1835b56ce799e6a4dc4eddc053f04066;101-1000;ce524b6b5ca2131158ab250cd35fafb2;Anápolis;GO;GO;75074;2018-04-21 14:21:50;2018-04-24 18:06:15;2018-04-24 17:32:14;2018-05-11 20:28:28;2018-05-21 00:00:00;2018-04-26 15:30:43;1.0;f4041d76285c2a34ad5013e8d287a400;800.0;800.0;39.99;18.23;58.22;credit_card;20.255;-9.147;True;False;False;False;False;False;False;False;False;False;False;True;False;False;False;False;False;False;False;False;False;False;False;False;False;1;True
9a84ad63a942918f330f5009401daed0;lag_despacho_negativo;delivered;True;SP;Salto;SP;f8db351d8c4c4c22c6835c19a46f01b0;101-1000;bbe15d08a1a1f8283a2278dfcbe85148;Santa Maria;RS;RS;97050;2017-05-21 07:57:56;2017-05-22 10:41:39;2017-05-22 09:41:01;2017-05-29 09:09:59;2017-06-16 00:00:00;2017-05-25 09:31:40;1.0;13e0e6adec3689a4206c6e9385a29003;800.0;800.0;72.9;16.27;89.17;credit_card;8.05;-17.618;True;False;False;False;False;False;False;False;False;False;False;True;False;False;False;False;False;False;False;False;False;False;False;False;False;1;True
e55507dc5f963fbdb8ae1c47181974b5;lag_despacho_negativo;delivered;True;SP;São Paulo;SP;7ddcbb64b5bc1ef36ca8c151f6ec77df;101-1000;eb9f81343ccb0361b66606660a0941c2;Camaragibe;PE;PE;54753;2018-04-22 12:36:57;2018-04-24 18:48:15;2018-04-23 18:46:53;2018-05-05 15:38:46;2018-05-25 00:00:00;2018-04-27 08:31:36;1.0;4413a608a42bd21bbf9d5abbd58c249a;2350.0;2350.0;169.99;25.69;195.68;credit_card;13.126;-19.348;True;False;False;False;False;False;False;False;False;False;False;True;False;False;False;False;False;False;False;False;False;False;False;False;False;1;True
ea7dfe9f928b33cb2e9d8bc99dd7e0f3;lag_despacho_negativo;delivered;True;SP;Sorocaba;SP;9d4db00d65d7760644ac0c14edb5fd86;11-100;1f4245dc6f80d6abb777130b11e18d05;Ipatinga;MG;MG;35162;2018-07-04 12:28:32;2018-07-05 16:21:06;2018-07-05 14:19:00;2018-07-11 00:31:54;2018-07-26 00:00:00;2018-07-09 12:30:46;1.0;dabbb10b2f36548cf2aff2993f4cf5e2;950.0;950.0;105.4;19.93;125.33;credit_card;6.502;-14.978;True;False;False;False;False;False;False;False;False;False;False;True;False;False;False;False;False;False;False;False;False;False;False;False;False;1;True
b446a93ccd5bf1a2c97c4fe3cdfe2707;lag_despacho_negativo;delivered;True;SP;Guarulhos;SP;7ff588a03c2aeae4fbd23f9ae64b760d;11-100;68eb20944e41567dd783b2d43dd89af1;Osasco;SP;SP;6145;2018-07-05 10:02:18;2018-07-05 16:08:09;2018-07-05 13:58:00;2018-07-13 14:36:47;2018-07-18 00:00:00;2018-07-11 10:31:48;2.0;fef4145d5309c82cd34bdfe608dd323c;250.0;250.0;58.019999999999996;14.93;72.95;credit_card;8.191;-4.391;True;False;False;False;False;False;False;False;False;False;False;True;False;False;False;False;False;False;False;False;False;False;False;False;False;1;True
ad65db823bb3d24954abfc66ee67b165;lag_despacho_negativo;delivered;True;RJ;Niterói;RJ;6b536a23086fba0d58c08d68814397f6;11-100;b988047badca8720f31e6643508d0500;Jundiaí;SP;SP;13219;2018-07-01 17:41:47;2018-07-05 16:10:37;2018-07-05 11:11:00;2018-07-11 13:12:08;2018-07-23 00:00:00;2018-07-05 04:31:16;1.0;e8ca1ff2d0a28edb5be8bfbf2964dc3a;450.0;450.0;45.9;15.42;61.32;boleto;9.813;-11.45;True;False;False;False;False;False;False;False;False;False;False;True;False;False;False;False;False;False;False;False;False;False;False;False;False;1;True
3843764d4f30d3653388f1b55c3a9ac5;lag_despacho_negativo;delivered;True;RS;Novo Hamburgo;RS;52d76513f0c4d97f3b99570e2c94ee31;11-100;6f47bf761ea5cbc060f0ac4b4fce666e;Francisco Beltrão;PR;PR;85602;2018-07-03 11:40:00;2018-07-05 16:09:12;2018-07-03 15:47:00;2018-07-06 12:14:57;2018-07-25 00:00:00;2018-07-05 12:31:49;1.0;bf04528618b481f107b7ea5747432102;300.0;300.0;109.9;18.87;128.77;credit_card;3.024;-18.49;True;False;False;False;False;False;False;False;False;False;False;True;False;False;False;False;False;False;False;False;False;False;False;False;False;1;True
fab28f3d1cfbe171566884703d82682e;lag_despacho_negativo;delivered;True;SP;Santos;SP;36a968b544695394e4e9d7572688598f;101-1000;87bd31960d1a15744a96ea9fc9a95b8c;São Paulo;SP;SP;5805;2018-04-21 09:18:13;2018-04-24 18:25:30;2018-04-23 23:35:37;2018-04-24 15:28:41;2018-05-04 00:00:00;2018-04-26 09:30:40;1.0;d2f5484cbffe4ca766301b21ab9246dd;180.0;180.0;12.88;7.87;20.75;credit_card;3.257;-9.355;True;False;False;False;False;False;False;False;False;False;False;True;False;False;False;False;False;False;False;False;False;False;False;False;False;1;True
35ae091cd580f7c6dbb7f8c1552740fd;lag_despacho_negativo;delivered;True;SP;São Paulo;SP;4830e40640734fc1c52cd21127c341d4;101-1000;9f5248d1ba1badb231a1da9217f77f78;Curitiba;PR;PR;82630;2018-08-15 14:04:47;2018-08-15 14:44:03;2018-08-15 13:46:00;2018-08-20 18:28:24;2018-08-24 00:00:00;2018-08-17 14:44:03;1.0;0505f239830b15ffbd923b4113a96855;250.0;250.0;19.9;15.24;35.14;credit_card;5.183;-3.23;True;False;False;False;False;False;False;False;False;False;False;True;False;False;False;False;False;False;False;False;False;False;False;False;False;1;True
b2c1d65b858a8658622354076fafbd0c;lag_despacho_negativo;delivered;True;MA;São Luís;MA;06a2c3af7b3aee5d69171b0e14f0ee87;101-1000;2cb79aea06667972ae3cacb4fef8cb08;Santa Fé do Sul;SP;SP;15775;2018-08-09 12:50:30;2018-08-09 14:30:16;2018-08-09 13:57:00;2018-08-20 20:03:02;2018-09-03 00:00:00;2018-08-23 14:30:16;1.0;19c91ef95d509ea33eda93495c4d3481;700.0;700.0;122.99;63.11;186.1;credit_card;11.3;-13.165;True;False;False;False;False;False;False;False;False;False;False;True;False;False;False;False;False;False;False;False;False;False;False;False;False;1;True
c72e93d7e98b14432271347cec69043b;lag_despacho_negativo;delivered;True;SP;Santo André;SP;cc419e0650a3c5ba77189a1882b7556a;>1000;e19b49a1c05d6f9016f3cabab37fb45a;Antonina;PR;PR;83370;2017-04-25 22:48:07;2017-04-27 13:32:48;2017-04-27 08:04:28;2017-05-11 10:32:43;2017-05-19 00:00:00;2017-05-08 09:32:19;1.0;154e7e31ebfa092203795c972e5804a6;100.0;100.0;19.99;14.52;34.51;credit_card;15.489;-7.561;True;False;False;False;False;False;False;False;False;False;False;True;False;False;False;False;False;False;False;False;False;False;False;False;False;1;True
2efd11439a203a20e9a473a10a2c18f1;lag_despacho_negativo;delivered;True;SC;Luiz Alves;SC;455c5640e8c5bd1b2ee85c0158f85727;1-10 pedidos;89cb8fae9cb1735dc8a51c2b6ef5c80b;Florianópolis;SC;SC;88025;2018-04-22 09:56:24;2018-04-24 17:16:59;2018-04-23 20:07:54;2018-04-25 12:28:05;2018-05-18 00:00:00;2018-05-07 10:31:32;1.0;c4332b2ff3cde1b0c62f5b9c8ae84bdc;1650.0;1650.0;749.9;18.51;768.41;credit_card;3.105;-22.48;True;False;False;False;False;False;False;False;False;False;False;True;False;False;False;False;False;False;False;False;False;False;False;False;False;1;True
06c0d448cbbe294852cab1310c63ab3b;lag_despacho_negativo;delivered;True;SP;Ferraz de Vasconcelos;SP;0885aaf116795758dfeb5f1032487bcd;11-100;d854153b7476df74f10bda5c56d37413;São José dos Pinhais;PR;PR;83025;2018-04-22 20:19:12;2018-04-24 18:48:32;2018-04-23 23:04:46;2018-04-25 19:52:40;2018-05-14 00:00:00;2018-04-27 08:31:29;2.0;f5878588566e438fc92fbe0cc38d4cac;5850.0;5850.0;339.8;44.54;384.34;credit_card;2.982;-18.172;True;False;False;False;False;False;False;False;False;False;False;True;False;False;False;False;False;False;False;False;False;False;False;False;False;1;True
34280c3bc1c50403f0f1d4b272565256;lag_despacho_negativo;delivered;True;SP;Belo Horizonte;MG;289cdb325fb7e7f891c38608bf9e0962;101-1000;5404fb64ba67daea8fbe839265bbca6e;Niquelândia;GO;GO;76420;2018-07-04 20:57:27;2018-07-05 16:23:07;2018-07-05 14:45:00;2018-07-11 14:54:45;2018-07-27 00:00:00;2018-07-08 21:31:47;1.0;0e2d365a247d105fefc31b17ab8706d9;430.0;430.0;132.2;22.86;155.06;credit_card;6.748;-15.379;True;False;False;False;False;False;False;False;False;False;False;True;False;False;False;False;False;False;False;False;False;False;False;False;True;2;True
53555a45da468a1ae66bd1572a7002e6;lag_despacho_negativo;delivered;True;SP;Campinas;SP;fe2032dab1a61af8794248c8196565c9;101-1000;7ab483b1f17bdd6c1f0707325eebb01a;Caçapava;SP;SP;12281;2018-07-04 19:52:09;2018-07-05 16:11:35;2018-07-05 14:52:00;2018-07-11 18:08:38;2018-07-25 00:00:00;2018-07-10 04:31:51;1.0;90846606739f4063e6092aa0fadd78a9;500.0;500.0;189.0;13.98;202.98;boleto;6.928;-13.244;True;False;False;False;False;False;False;False;False;False;False;True;False;False;False;False;False;False;False;False;False;False;False;False;False;1;True
e02e028e7d2ce34852594cbb87cb7629;lag_despacho_negativo;delivered;True;SP;Praia Grande;SP;d91fb3b7d041e83b64a00a3edfb37e4f;101-1000;443fb38bef9cd479ea0f132d98d6713e;Limeira;SP;SP;13482;2018-07-01 21:45:30;2018-07-05 16:04:53;2018-07-05 14:41:00;2018-07-10 18:51:35;2018-07-18 00:00:00;2018-07-09 05:31:31;1.0;42d1fff9f30ad3e2fada37eb95868fe6;1100.0;1100.0;97.6;12.41;110.01;boleto;8.879;-7.214;True;False;False;False;False;False;False;False;False;False;False;True;False;False;False;False;False;False;False;False;False;False;False;False;False;1;True
f201d0924f68c1eadbe0e527ae947481;lag_despacho_negativo;delivered;True;SP;São Paulo;SP;955fee9216a65b617aa5c0531780ce60;>1000;2c0447ab1223f91bff38da0d34153e1d;Guarulhos;SP;SP;7241;2018-04-21 17:20:44;2018-04-24 17:59:23;2018-04-23 19:14:27;2018-04-24 19:36:32;2018-05-10 00:00:00;2018-04-26 18:31:34;1.0;aca2eb7d00ea1a7b8ebd4e68314663af;2600.0;2600.0;69.9;12.43;82.33;credit_card;3.094;-15.183;True;False;False;False;False;False;False;False;False;False;False;True;False;False;False;False;False;False;False;False;False;False;False;False;False;1;True
68c266b203d2b5b9e4f724d2b0bf532f;lag_despacho_negativo;delivered;True;RJ;Rio de Janeiro;RJ;d66c11a9572221d92fbb8c4897db5f9b;11-100;56a399b7bf72b40c77f30f3d9f474611;Nova Iguaçu;RJ;RJ;26088;2018-07-03 23:08:45;2018-07-05 16:27:08;2018-07-05 14:28:00;2018-07-09 20:36:45;2018-07-19 00:00:00;2018-07-09 23:30:44;1.0;5ab535a49436f1b34f5b83ca7375c4ef;1400.0;1400.0;24.12;11.43;35.55;credit_card;5.894;-9.141;True;False;False;False;False;False;False;False;False;False;False;True;False;False;False;False;False;False;False;False;False;False;False;False;False;1;True
f222fcfc65ff1398b47dc51ab30d8d60;lag_despacho_negativo;delivered;True;SP;Garça;SP;527801b552d0077ffd170872eb49683b;11-100;1698d043cea87957997792254a01fd62;Vera Cruz;SP;SP;17560;2018-07-03 21:35:48;2018-07-05 16:40:55;2018-07-04 15:03:00;2018-07-06 10:42:12;2018-07-20 00:00:00;2018-07-05 22:31:20;1.0;310b40ec41fbfc061e5309006482e68a;500.0;500.0;514.9;16.26;531.16;credit_card;2.546;-13.554;True;False;False;False;False;False;False;False;False;False;False;True;False;False;False;False;False;False;False;False;False;False;False;False;False;1;True
b271c938db8f7fbc62ab95a19eb2becb;lag_despacho_negativo;delivered;True;SP;Santo André;SP;334cab711dee080b079fa5779b584783;11-100;5ed6898bd3fdc2ab89d77d5581a8671e;Canoas;RS;RS;92110;2018-07-02 20:03:25;2018-07-05 16:10:47;2018-07-04 13:53:00;2018-07-12 20:08:32;2018-07-27 00:00:00;2018-07-05 20:32:12;5.0;b3b26495345ede7a44d86de9a32221b5;550.0;550.0;249.5;77.25;326.75;credit_card;10.004;-14.161;True;False;False;False;False;False;False;False;False;False;False;True;False;False;False;False;False;True;False;False;False;False;False;False;False;2;True
715c19fb47250380be905cedcd442b5a;lag_despacho_negativo;delivered;True;MG;Belo Horizonte;MG;080102cd0a76b09e0dcf55fcacc60e05;101-1000;c4c6c94008d78e5d4a19b04c411b607f;Águas Lindas de Goiás;GO;GO;72920;2018-07-03 22:21:59;2018-07-05 16:41:11;2018-07-05 15:03:00;2018-07-12 18:36:30;2018-07-26 00:00:00;2018-07-08 22:31:41;1.0;94a6c010ef78e62cab34c6caf0a69b5f;100.0;100.0;14.9;17.06;31.96;credit_card;8.843;-13.225;True;False;False;False;False;False;False;False;False;False;False;True;False;False;False;False;False;False;False;False;False;False;False;False;False;1;True
7889e9a569a5488a0c9d93381a13d5ba;lag_despacho_negativo;delivered;True;RJ;Queimados;RJ;056b4ada5bbc2c50cc7842547dda6b51;11-100;d49398157dec1751afd66073d61c5443;Mococa;SP;SP;13736;2018-07-04 15:19:13;2018-07-05 16:13:18;2018-07-05 13:59:00;2018-07-10 20:28:46;2018-08-01 00:00:00;2018-07-10 15:31:13;1.0;5c3aca5c078a343b3b873362e7ac2fcc;600.0;600.0;175.99;20.42;196.41;credit_card;6.215;-21.147;True;False;False;False;False;False;False;False;False;False;False;True;False;False;False;False;False;False;False;False;False;False;False;False;False;1;True
99d330b158a97e4b525cb725fa9571ec;lag_despacho_negativo;delivered;True;MT;Cuiabá;MT;abcd2cb37d46c2c8fb1bf071c859fc5b;11-100;d8f3e586c5a006d51f26fa3de177ef19;Caxias do Sul;RS;RS;95020;2018-04-22 17:11:43;2018-04-24 19:19:30;2018-04-23 23:54:54;2018-05-04 16:04:41;2018-05-21 00:00:00;2018-04-26 17:30:55;1.0;f10a869cdfe48a282e6dc920da718e9e;700.0;700.0;95.9;52.8;148.7;credit_card;11.953;-16.33;True;False;False;False;False;False;False;False;False;False;False;True;False;False;False;False;False;False;False;False;False;False;False;False;False;1;True
c5bb91ea2129a21a4f424d356a4d28fa;lag_despacho_negativo;delivered;True;SC;Lages;SC;eeb6de78f79159600292e314a77cbd18;11-100;eed2a3b3ef8121235ebbd241866be47d;Caruaru;PE;PE;55004;2018-07-05 13:45:17;2018-07-05 16:03:19;2018-07-05 14:02:00;2018-07-13 15:44:20;2018-08-01 00:00:00;2018-07-09 14:31:39;1.0;c9798643ad1a1a5a02c1bdfbafa78323;2350.0;2350.0;169.0;74.62;243.62;credit_card;8.083;-18.344;True;False;False;False;False;False;False;False;False;False;False;True;False;False;False;False;False;False;False;False;False;False;False;False;False;1;True
f4db4affcb95da2a38c0713f619c8313;lag_despacho_negativo;delivered;True;SP;Piracicaba;SP;f45122a9ab94eb4f3f8953578bc0c560;101-1000;654111c54075858e34bbabeeb1a1273d;Guarulhos;SP;SP;7124;2018-04-20 17:46:12;2018-04-24 18:56:37;2018-04-23 19:38:20;2018-04-24 20:03:22;2018-05-09 00:00:00;2018-04-26 18:30:30;1.0;fd7d2e006bf144655148da8077bd8d4f;200.0;200.0;17.99;8.64;26.63;credit_card;4.095;-14.164;True;False;False;False;False;False;False;False;False;False;False;True;False;False;False;False;False;False;False;False;False;False;False;False;False;1;True
5fdc93e450ccb779c5d594b36f99bc04;lag_despacho_negativo;delivered;True;SC;Brusque;SC;609e1a9a6c2539919b8205cf7c4e6ff0;11-100;4c65339712e4fff612d9affa8b38d647;Barueri;SP;SP;6404;2018-07-04 10:11:00;2018-07-05 16:32:53;2018-07-05 12:42:00;2018-07-10 12:16:03;2018-07-30 00:00:00;2018-07-06 10:31:36;1.0;9b51d6648b91fc80caff5184f2a4e24a;1150.0;1150.0;59.99;19.61;79.6;credit_card;6.087;-19.489;True;False;False;False;False;False;False;False;False;False;False;True;False;False;False;False;False;False;False;False;False;False;False;False;False;1;True
1dfe460e88f7ff1daca47feab6cd614d;lag_despacho_negativo;delivered;True;SP;Campinas;SP;fe2032dab1a61af8794248c8196565c9;101-1000;93c8ed531eb08374808364eede8a94b1;Ipaussu;SP;SP;18950;2018-07-04 12:37:14;2018-07-05 17:02:53;2018-07-04 14:35:00;2018-07-11 21:08:36;2018-07-24 00:00:00;2018-07-09 13:30:54;1.0;90846606739f4063e6092aa0fadd78a9;500.0;500.0;189.0;13.98;202.98;credit_card;7.355;-12.119;True;False;False;False;False;False;False;False;False;False;False;True;False;False;False;False;False;False;False;False;False;False;False;False;False;1;True
aea27cd16b5e532056c2ea57db75b66f;lag_despacho_negativo;delivered;True;SP;São Paulo;SP;4371b634e0efc0e22b09b52907d9d469;101-1000;da79f04efb99e90ce5f0421555ad9982;Embu das Artes;SP;SP;6823;2018-04-21 12:45:42;2018-04-24 18:41:00;2018-04-23 21:11:22;2018-04-24 21:22:03;2018-05-10 00:00:00;2018-04-26 13:31:12;1.0;c98758f52b522bc5fb31ab10715553e2;350.0;350.0;100.0;7.57;107.57;credit_card;3.359;-15.11;True;False;False;False;False;False;False;False;False;False;False;True;False;False;False;False;False;False;False;False;False;False;False;False;False;1;True
33eafd0ea4c37147b521b67b83b6769c;lag_despacho_negativo;delivered;True;MG;Araguari;MG;7299e27ed73d2ad986de7f7c77d919fa;101-1000;3c62fe72dab7e6e7234f406487fb3abb;Belo Horizonte;MG;MG;30320;2018-07-03 22:04:06;2018-07-05 16:32:53;2018-07-04 12:17:00;2018-07-06 20:41:42;2018-07-23 00:00:00;2018-07-06 08:31:23;1.0;19a6ffd4e245a92747a693805163a60f;150.0;150.0;79.99;13.9;93.89;credit_card;2.943;-16.138;True;False;False;False;False;False;False;False;False;False;False;True;False;False;False;False;False;False;False;False;False;False;False;False;False;1;True
85c0ddad95967f361fd9cd9e3d1886b1;lag_despacho_negativo;delivered;True;MG;Betim;MG;4e06067cc08b3f41d837768d392c3ee3;11-100;d73be05e1ad446cd53ee99777c389c59;Belo Horizonte;MG;MG;31530;2018-07-03 14:16:56;2018-07-05 16:40:17;2018-07-05 11:33:00;2018-07-06 15:08:35;2018-07-17 00:00:00;2018-07-06 14:31:30;2.0;9456cf1bbafac590a3b7698a06cb190f;200.0;200.0;14.0;15.42;29.42;credit_card;3.036;-10.369;True;False;False;False;False;False;False;False;False;False;False;True;False;False;False;False;False;False;False;False;False;False;False;False;False;1;True
4f13ee1d03583de54e86a2e4f640d0f2;lag_despacho_negativo;delivered;True;SP;Ibitinga;SP;d20b021d3efdf267a402c402a48ea64b;11-100;dc6bbafb06f7a0beb4595125d0ea75ff;Rio de Janeiro;RJ;RJ;20550;2017-04-26 08:14:58;2017-04-27 13:34:55;2017-04-27 12:55:54;2017-05-12 09:37:43;2017-05-17 00:00:00;2017-05-03 09:33:13;2.0;0d146484c69d613fe015c0229056b065;100.0;100.0;21.8;29.04;50.84;credit_card;16.057;-4.599;True;False;False;False;False;False;False;False;False;False;False;True;False;False;False;False;False;True;False;False;False;False;False;False;False;2;True
8e80c9ae33f2cff714311666eb2e71b1;lag_despacho_negativo;delivered;True;SC;Joinville;SC;1a3df491d1c4f1589fc2b934ada68bf2;101-1000;abb870bab45c948810c0625816e0de41;Brasília;DF;DF;72415;2018-04-27 14:27:13;2018-04-27 14:52:18;2018-04-27 14:35:00;2018-05-07 17:44:47;2018-05-28 00:00:00;2018-05-08 14:52:18;1.0;2a2d22ae30e026f1893083c8405ca522;8350.0;8350.0;148.9;33.23;182.13;credit_card;10.137;-20.261;True;False;False;False;False;False;False;False;False;False;False;True;False;False;False;False;False;False;False;False;False;False;False;False;False;1;True
dd46ac8cf8a385a883f38119228c584e;lag_despacho_negativo;delivered;True;SP;São Paulo;SP;ea8482cd71df3c1969d7b9473ff13abc;>1000;39f7d57021887ffed8775b92df685caf;São Paulo;SP;SP;1529;2018-07-21 15:01:31;2018-07-26 23:32:08;2018-07-24 15:31:00;2018-07-26 16:58:30;2018-08-01 00:00:00;2018-07-27 04:05:26;1.0;04262a7ed71aa34edfde0f8429598505;350.0;350.0;19.9;8.3;28.2;boleto;5.081;-5.293;True;False;False;False;False;False;False;False;False;False;False;True;False;False;False;False;False;False;False;False;False;False;False;False;False;1;True
13707439a728b23bd3033dfab70b9840;lag_despacho_negativo;delivered;True;MG;Sete Lagoas;MG;0ea22c1cfbdc755f86b9b54b39c16043;101-1000;7da55d5c00bf714df311412c19fbab6d;Paulista;PE;PE;53429;2018-01-30 16:12:36;2018-02-04 23:31:38;2018-02-01 01:08:58;2018-02-08 21:08:00;2018-03-15 00:00:00;2018-02-06 02:55:30;1.0;e13f46cf68d356e0ac0f32058af20911;150.0;150.0;24.9;21.15;46.05;boleto;9.205;-34.119;True;False;False;False;False;False;False;False;False;False;False;True;False;False;False;False;False;False;False;False;False;False;False;False;False;1;True
46bdd39417baa706de4e1931fb95b4dd;lag_despacho_negativo;delivered;True;SP;São Paulo;SP;8b321bb669392f5163d04c59e235e066;101-1000;9f775687e1b0ce412df4e527ef81ef5f;Fortaleza;CE;CE;60824;2018-04-22 13:30:20;2018-04-24 18:55:33;2018-04-23 17:56:43;2018-05-14 15:09:02;2018-05-22 00:00:00;2018-04-26 14:30:22;1.0;ff29d8cb1cd0cd5ea37b80dac9939e1c;200.0;200.0;18.9;19.04;37.94;credit_card;22.069;-7.369;True;False;False;False;False;False;False;False;False;False;False;True;False;False;False;False;False;False;False;False;False;False;False;False;False;1;True
fcbf4f4ef049367f9f85af94ed3b6010;lag_despacho_negativo;delivered;True;SP;São Paulo;SP;d566c37fa119d5e66c4e9052e83ee4ea;11-100;814d433efda6ac4b0859b5a71aac64c8;Vinhedo;SP;SP;13285;2018-04-20 15:11:15;2018-04-24 18:41:20;2018-04-23 21:58:45;2018-04-24 14:03:28;2018-04-30 00:00:00;2018-04-26 15:31:04;1.0;cd322544c79e58e64b103bdceccc507e;150.0;150.0;30.9;7.39;38.29;credit_card;3.953;-5.414;True;False;False;False;False;False;False;False;False;False;False;True;False;False;False;False;False;False;False;False;False;False;False;False;False;1;True
1803c7e9eee1785304c1266d06ee1f8f;lag_despacho_negativo;delivered;True;SP;São Paulo;SP;9f505651f4a6abe901a56cdc21508025;101-1000;b0a2d47eaf9986e2c7fd4bcd994dfe4c;Curitiba;PR;PR;80810;2018-07-03 23:20:35;2018-07-05 16:40:17;2018-07-04 14:08:00;2018-07-14 13:06:35;2018-07-23 00:00:00;2018-07-05 23:30:48;2.0;8b50a72d52d7a91fb19d19fbe069e2f2;250.0;250.0;89.98;30.84;120.82;credit_card;10.574;-8.454;True;False;False;False;False;False;False;False;False;False;False;True;False;False;False;False;False;True;False;False;False;False;False;False;False;2;True
17f71a234f74de0e7c52630aa272eb17;lag_despacho_negativo;delivered;True;PR;Curitiba;PR;916c9de0b5ad957346eeeb12f332687e;11-100;1e223c28a57021767dda5694299786b6;Belo Horizonte;MG;MG;30140;2018-07-03 09:51:36;2018-07-05 16:40:35;2018-07-03 14:59:00;2018-07-06 18:52:44;2018-07-31 00:00:00;2018-07-09 10:30:41;4.0;ee5329ffbe604bebcf84b2fd7792024e;250.0;250.0;736.0;72.88;808.88;credit_card;3.376;-24.213;True;False;False;False;False;False;False;False;False;False;False;True;False;False;False;False;False;True;False;False;False;False;False;False;False;2;True
34b7f8ccf3ab2ba8512fa244c3bab225;lag_despacho_negativo;delivered;True;SP;Ibitinga;SP;4a3ca9315b744ce9f8e9374361493884;>1000;cb8adca2a68ffd5c23a6740bccf56ee7;Guarulhos;SP;SP;7072;2018-07-04 22:07:08;2018-07-05 16:32:49;2018-07-05 15:26:00;2018-07-13 01:12:31;2018-07-23 00:00:00;2018-07-08 22:31:22;1.0;c1803577315d1501dae3033b5cfa3993;2200.0;2200.0;119.9;17.97;137.87;credit_card;8.129;-9.95;True;False;False;False;False;False;False;False;False;False;False;True;False;False;False;False;False;False;False;False;False;False;False;False;False;1;True
fb4867639cdcf519269b594d659bf27b;lag_despacho_negativo;delivered;True;PR;Curitiba;PR;26d6bbee02420494d471c9f6436929c0;11-100;a3bbdde95e5fde2e9e01162caf5137e2;Salvador;BA;BA;40425;2018-07-21 13:07:33;2018-07-26 23:32:01;2018-07-24 15:26:00;2018-08-01 19:48:53;2018-08-13 00:00:00;2018-07-30 04:05:26;1.0;e87587976240265f6944e5a019ea704c;700.0;700.0;90.5;23.35;113.85;boleto;11.279;-11.174;True;False;False;False;False;False;False;False;False;False;False;True;False;False;False;False;False;False;False;False;False;False;False;False;False;1;True
6b66feb014823833433d386dad897fcd;lag_despacho_negativo;delivered;True;SP;São Paulo;SP;4bfc7a4a1cf8d4d2121c27422d9e50b5;11-100;57d5846f41d30acf13bb29a957846838;Viçosa;MG;MG;36570;2018-07-03 10:44:45;2018-07-05 16:25:46;2018-07-05 10:23:00;2018-07-09 19:51:36;2018-07-24 00:00:00;2018-07-06 11:31:13;2.0;d4dccae17c83ffbaafc50d763503e9eb;3070.0;3070.0;125.8;46.48;172.28;credit_card;6.38;-14.172;True;False;False;False;False;False;False;False;False;False;False;True;False;False;False;False;False;True;False;False;False;False;False;False;False;2;True
0ecc4db762e9de55ecdc2f22e468cfe9;lag_despacho_negativo;delivered;True;SP;Belo Horizonte;MG;289cdb325fb7e7f891c38608bf9e0962;101-1000;5e1ecc3b5555b47d25e18d3344669ca9;Fortaleza;CE;CE;60834;2018-07-03 15:49:46;2018-07-05 16:08:11;2018-07-04 15:15:00;2018-07-13 17:21:44;2018-07-26 00:00:00;2018-07-05 16:31:42;1.0;50fffe898281813ffdfa38591b0f1927;400.0;400.0;119.0;23.55;142.55;credit_card;10.064;-12.277;True;False;False;False;False;False;False;False;False;False;False;True;False;False;False;False;False;False;False;False;False;False;False;False;True;2;True
ed4116f3f55e67e9a26b9f1891ba2497;lag_despacho_negativo;delivered;True;SP;São Paulo;SP;1025f0e2d44d7041d6cf58b6550e0bfa;101-1000;125cc79e58f69c02004d42cb9d549f4f;Picuí;PB;PB;58187;2018-08-09 13:21:48;2018-08-20 15:55:42;2018-08-17 13:29:00;2018-08-31 00:14:30;2018-08-29 00:00:00;2018-08-17 16:30:58;1.0;810e2944bca9850b934e1570ba372e7d;2200.0;2200.0;78.0;83.47;157.57;debit_card;21.453;2.01;True;True;False;True;False;False;False;False;False;False;False;True;False;True;False;False;False;False;False;False;False;False;False;False;False;2;True
f379762648ae96c1d04844ca3308df86;lag_despacho_negativo;delivered;True;SP;Ibitinga;SP;4a3ca9315b744ce9f8e9374361493884;>1000;f6e6296520027eb656a2c1c4f80bbdd3;Curitiba;PR;PR;80810;2018-08-03 14:09:07;2018-08-03 14:43:51;2018-08-03 13:55:00;2018-08-08 18:51:39;2018-08-21 00:00:00;2018-08-07 14:31:45;1.0;35afc973633aaeb6b877ff57b2793310;1825.0;1825.0;77.9;23.35;101.25;credit_card;5.196;-12.214;True;False;False;False;False;False;False;False;False;False;False;True;False;False;False;False;False;False;False;False;False;False;False;False;False;1;True
5990719adf4d9d93dd602a9e14879bc3;lag_despacho_negativo;delivered;True;SP;Guarulhos;SP;c826c40d7b19f62a09e2d7c5e7295ee2;101-1000;045eecf8b7d258d4ac84816515328236;Belém;PA;PA;66023;2018-01-30 10:50:41;2018-02-04 23:31:36;2018-02-02 18:05:16;2018-02-27 20:55:44;2018-03-08 00:00:00;2018-02-06 02:55:39;1.0;5a848e4ab52fd5445cdc07aab1c40e48;400.0;400.0;122.99;18.14;141.13;boleto;28.42;-8.128;True;False;False;False;False;False;False;False;False;False;False;True;False;False;False;False;False;False;False;False;False;False;False;False;False;1;True
51e0e77bc0b6eb43fc25286a873ceac6;lag_despacho_negativo;delivered;True;MG;Araguari;MG;7299e27ed73d2ad986de7f7c77d919fa;101-1000;c5fad69ac45610b0649c7297f7884cb8;São Paulo;SP;SP;3310;2018-04-30 14:55:34;2018-04-30 16:17:13;2018-04-30 14:41:00;2018-05-07 16:08:49;2018-05-21 00:00:00;2018-05-07 16:17:13;1.0;ceb25e5f3be12c14a1c69bd9e9e0f67f;318.0;318.0;69.99;18.37;88.36;credit_card;7.051;-13.327;True;False;False;False;False;False;False;False;False;False;False;True;False;False;False;False;False;False;False;False;False;False;False;False;False;1;True
93f610a3cfcf2420d96bca828098c8c2;lag_despacho_negativo;delivered;True;SP;Serra Negra;SP;715bbd5ba4e6b74cb0d2f29eb45058b0;11-100;03bf8050d93c13d75b4e5f2bcb6f41f9;São Paulo;SP;SP;5881;2018-07-03 20:40:10;2018-07-05 16:32:10;2018-07-04 10:48:00;2018-07-13 01:41:30;2018-07-23 00:00:00;2018-07-08 21:31:35;1.0;48cce5e4d2191b274474ac6327a3df2d;6850.0;6850.0;139.0;23.91;162.91;credit_card;9.209;-9.93;True;False;False;False;False;False;False;False;False;False;False;True;False;False;False;False;False;False;False;False;False;False;False;False;False;1;True
fbd969aaf28de4524d590d37fd10b894;lag_despacho_negativo;delivered;True;SP;Ibitinga;SP;391fc6631aebcf3004804e51b40bcf1e;101-1000;1b1c230618ded6cb0d687497cbcc3eab;São Paulo;SP;SP;4550;2018-07-03 17:37:23;2018-07-05 16:32:45;2018-07-05 15:02:00;2018-07-10 21:14:45;2018-08-01 00:00:00;2018-07-16 04:34:24;1.0;36f8f85fb4edf9d4e94bf65e8d3298d4;950.0;950.0;78.6;14.13;92.73;boleto;7.151;-21.115;True;False;False;False;False;False;False;False;False;False;False;True;False;False;False;False;False;False;False;False;False;False;False;False;False;1;True
1ade3ab91063ad2d577331b0258b1120;lag_despacho_negativo;delivered;True;RS;Nova Petrópolis;RS;577719699805dd125d5b6fdde5943bba;1-10 pedidos;bbd1bf1c484de6d5996c11f0b44d7723;São José dos Campos;SP;SP;12242;2018-07-03 10:53:44;2018-07-05 16:18:54;2018-07-04 08:43:00;2018-07-10 18:03:55;2018-08-09 00:00:00;2018-07-13 11:31:08;1.0;683f5eb77d76cc28e35f087731199974;1200.0;1200.0;187.85;24.12;211.97;credit_card;7.299;-29.247;True;False;False;False;False;False;False;False;False;False;False;True;False;False;False;False;False;False;False;False;False;False;False;False;False;1;True
99ad48402644a3968f2481defdc57947;entrega_antes_coleta;delivered;True;SP;Osasco;SP;2528513dd95219a6013d4d05176e391a;101-1000;abc709e0756f508111c68314b00cec25;Criciúma;SC;SC;88802;2017-08-07 16:36:51;2017-08-07 17:20:06;2017-08-12 00:03:35;2017-08-10 21:22:31;2017-09-05 00:00:00;2017-08-11 17:20:06;2.0;c80124276571cd4bef53cf35d9b36c5c;5650.0;5650.0;343.9;43.029999999999994;386.93;credit_card;3.198;-25.109;True;False;False;False;False;False;False;False;True;False;False;False;False;False;False;False;False;False;False;False;False;False;False;False;False;1;True
8caa77ff40d44d6d22eb8b3079c3c324;lag_despacho_negativo;delivered;True;SP;Ribeirão Preto;SP;7d13fca15225358621be4086e1eb0964;101-1000;ef3d1f95b166480f4d728f02c1949647;Pato Branco;PR;PR;85501;2018-04-20 19:57:54;2018-04-24 19:24:57;2018-04-23 16:19:08;2018-05-02 18:48:53;2018-05-24 00:00:00;2018-04-26 20:31:40;1.0;13db47eae724e2848e12b71a617a3a41;425.0;425.0;499.99;21.38;521.37;credit_card;11.952;-21.216;True;False;False;False;False;False;False;False;False;False;False;True;False;False;False;False;False;False;False;False;False;False;False;False;False;1;True
bd365efbba0dd1eaba5184a340fb1178;lag_despacho_negativo;delivered;True;SP;São Paulo;SP;ea8482cd71df3c1969d7b9473ff13abc;>1000;4f662c3ff944e3b1db1deb6a260f6952;Toledo;PR;PR;85905;2018-07-03 21:33:39;2018-07-05 16:34:55;2018-07-04 14:34:00;2018-07-10 00:06:48;2018-07-24 00:00:00;2018-07-05 22:31:11;1.0;97017430754804328eb9597b7f85da03;300.0;300.0;29.99;18.31;48.3;credit_card;6.106;-13.995;True;False;False;False;False;False;False;False;False;False;False;True;False;False;False;False;False;False;False;False;False;False;False;False;False;1;True
f22ef2baecb171381117e0ce752cf282;lag_despacho_negativo;delivered;True;SP;São Paulo;SP;6560211a19b47992c3666cc44a7e94c0;>1000;c8c1f0597230ba044bb8cfb67fd31dd0;São Luís;MA;MA;65091;2017-07-28 12:32:59;2017-08-02 08:34:24;2017-08-01 17:47:58;2017-08-28 20:09:04;2017-08-31 00:00:00;2017-08-07 04:35:22;1.0;c708ba7c6269161f89ce0683cdd7c432;300.0;300.0;49.0;21.15;70.15;boleto;31.317;-2.16;True;False;False;False;False;False;False;False;False;False;False;True;False;False;False;False;False;False;False;False;False;False;False;False;False;1;True
2583d08371c2662c10a4db6a9d158826;lag_despacho_negativo;delivered;True;MG;Sete Lagoas;MG;0ea22c1cfbdc755f86b9b54b39c16043;101-1000;a301c3aa2a9c849d317d3d64196edace;Contagem;MG;MG;32073;2018-04-22 11:33:47;2018-04-24 19:04:34;2018-04-23 21:26:37;2018-04-24 21:56:40;2018-05-09 00:00:00;2018-04-26 12:31:05;1.0;71e239fbeffa264767d6a1210b933e02;150.0;150.0;34.9;11.62;46.52;credit_card;2.433;-14.086;True;False;False;False;False;False;False;False;False;False;False;True;False;False;False;False;False;False;False;False;False;False;False;False;False;1;True
8d2d0f8cd26ecbe01fe9b2820bf45836;lag_despacho_negativo;delivered;True;SP;Assis;SP;8bb48dc19fccaa8613b6229bf7f452a2;11-100;dd33e159dda0ff53ee235f422a5db59c;Limeira;SP;SP;13482;2018-06-27 08:12:24;2018-06-27 11:03:24;2018-06-27 09:55:00;2018-07-03 14:28:46;2018-07-18 00:00:00;2018-06-29 08:31:20;1.0;4376da457a3d2de22a9a615196ab5ba4;3275.0;3275.0;31.89;18.52;50.41;credit_card;6.261;-14.397;True;False;False;False;False;False;False;False;False;False;False;True;False;False;False;False;False;False;False;False;False;False;False;False;False;1;True
8ca43faa3b964d5ef9d833123b3b1d2e;lag_despacho_negativo;delivered;True;SP;Atibaia;SP;16090f2ca825584b5a147ab24aa30c86;101-1000;69e996fbf1149668b92cf2a05457dcce;São Paulo;SP;SP;2995;2018-07-03 17:26:19;2018-07-05 16:24:54;2018-07-04 14:56:00;2018-07-06 17:29:31;2018-07-16 00:00:00;2018-07-05 18:31:45;1.0;1613b819ab5dae53aead2dbb4ebdb378;50.0;50.0;27.9;7.94;35.84;credit_card;3.002;-9.271;True;False;False;False;False;False;False;False;False;False;False;True;False;False;False;False;False;False;False;False;False;False;False;False;False;1;True
0337e9398b087d93f41230ceb2410b50;lag_despacho_negativo;delivered;True;SP;Sorocaba;SP;6481e96574816ead57975da2c0f6d80d;11-100;deeec2dbc5ec2ebede3686654f7e82f0;Uruguaiana;RS;RS;97507;2018-04-21 16:51:57;2018-04-24 19:24:47;2018-04-23 18:33:05;2018-04-27 19:26:40;2018-05-24 00:00:00;2018-04-26 17:30:41;1.0;161c9558fccfbf0a9ed72b42285635ec;450.0;450.0;18.5;18.23;36.73;credit_card;6.107;-26.19;True;False;False;False;False;False;False;False;False;False;False;True;False;False;False;False;False;False;False;False;False;False;False;False;False;1;True
cdf44e8d562b9d32c7efe051c5cb71dd;lag_despacho_negativo;delivered;True;MG;Borda da Mata;MG;95f83f51203c626648c875dd41874c7f;11-100;846f377bf3511423958c65903414cb8f;Diadema;SP;SP;9932;2018-04-21 22:29:28;2018-04-24 19:18:12;2018-04-23 19:31:45;2018-04-27 20:48:38;2018-05-15 00:00:00;2018-04-25 23:31:05;1.0;9663cf1ff5c7ff603be0a27b1cf2dde2;600.0;600.0;29.99;14.43;44.42;credit_card;5.93;-17.133;True;False;False;False;False;False;False;False;False;False;False;True;False;False;False;False;False;False;False;False;False;False;False;False;False;1;True
529803de3fafe0402da504545ed10047;lag_despacho_negativo;delivered;True;SP;Capivari;SP;6860153b69cc696d5dcfe1cdaaafcf62;11-100;cae9dc0532352f8b430e3407e1f7413a;Campinas;SP;SP;13105;2018-07-01 19:02:16;2018-07-05 16:05:44;2018-07-05 12:54:00;2018-07-06 14:58:27;2018-07-16 00:00:00;2018-07-06 08:31:59;1.0;7564c1759c04fc0a38f2aa84f7a370ee;1200.0;1200.0;42.97;9.61;52.58;boleto;4.831;-9.376;True;False;False;False;False;False;False;False;False;False;False;True;False;False;False;False;False;False;False;False;False;False;False;False;False;1;True
5f127aff90e6012e2200e03613eb47cd;lag_despacho_negativo;delivered;True;SP;Florianopolis;SC;9d5604a1f112324ad6b2aa552122e0fb;11-100;418912d5f4377f69235629574f9d59c3;São Paulo;SP;SP;4182;2018-04-22 21:13:08;2018-04-24 19:25:35;2018-04-24 16:32:23;2018-04-26 17:11:57;2018-05-18 00:00:00;2018-04-30 04:31:38;2.0;ee15827f0aa0a837f8edc88de60b7850;150.0;150.0;21.0;30.46;51.46;boleto;3.833;-21.283;True;False;False;False;False;False;False;False;False;False;False;True;False;False;False;False;False;True;False;False;False;False;False;False;True;3;True
5b8c38123823347dea1d23abd2635c21;lag_despacho_negativo;delivered;True;RJ;Rio de Janeiro;RJ;f1b854361f4e15d5851b494df66f22b2;1-10 pedidos;db1bc36fe2a1a9eac6ccda33e5fba2a2;Salvador;BA;BA;40330;2018-07-04 18:03:19;2018-07-05 16:31:26;2018-07-05 12:23:00;2018-07-13 13:21:42;2018-07-26 00:00:00;2018-07-10 18:31:47;1.0;26053aaf5e00b608f4c23cb924a284c9;10450.0;10450.0;299.45;48.38;347.83;credit_card;8.804;-12.443;True;False;False;False;False;False;False;False;False;False;False;True;False;False;False;False;False;False;False;False;False;False;False;False;False;1;True
ffc0249fed109d5d056d7c79b7fa7dd9;lag_despacho_negativo;delivered;True;SP;Guarulhos;SP;7ff588a03c2aeae4fbd23f9ae64b760d;11-100;fe259b2c6d1b0081cf8d8c83e83437c8;São Paulo;SP;SP;4112;2018-08-13 14:32:07;2018-08-13 14:45:15;2018-08-13 13:55:00;2018-08-14 23:58:57;2018-08-16 00:00:00;2018-08-15 14:45:15;1.0;a05ed2eb565616b13f6d58a44cf7097a;150.0;150.0;24.99;7.44;32.43;credit_card;1.394;-1.001;True;False;False;False;False;False;False;False;False;False;False;True;False;False;False;False;False;False;False;False;False;False;False;False;False;1;True
4e5d55d40118f10ac43d483e9094246a;lag_despacho_negativo;delivered;True;SP;Guarulhos;SP;6b90f847357d8981edd79a1eb1bf0acb;11-100;f341944fd3b737f82d0cbd439c158da8;Itapecerica da Serra;SP;SP;6851;2018-07-04 16:35:50;2018-07-05 16:15:43;2018-07-05 12:34:00;2018-07-06 22:32:54;2018-07-17 00:00:00;2018-07-10 17:31:33;1.0;121f7f44c9e25be4873ca9296542ebd3;1025.0;1025.0;75.5;11.62;87.12;credit_card;2.248;-10.06;True;False;False;False;False;False;False;False;False;False;False;True;False;False;False;False;False;False;False;False;False;False;False;False;False;1;True
04b7151492b049661380a47e0449f9b6;lag_despacho_negativo;delivered;True;RJ;Barra Mansa;RJ;85cc55e048b6bcc90c75afe7f0e72f72;1-10 pedidos;f71f7e5f75fe51d4524114bc3777db35;Maringá;PR;PR;87045;2018-07-02 20:06:25;2018-07-05 16:03:57;2018-07-04 11:24:00;2018-07-10 14:58:33;2018-07-31 00:00:00;2018-07-10 08:31:50;1.0;576412dcec722c0f1f28ac7ee9acef54;2500.0;2500.0;84.9;26.89;111.79;boleto;7.786;-20.376;True;False;False;False;False;False;False;False;False;False;False;True;False;False;False;False;False;False;False;False;False;False;False;False;False;1;True
d4374a2fe707b60c71f2d8932f8a93d4;lag_despacho_negativo;delivered;True;SC;Palhoça;SC;9261d76c62caaf0b24677c2ceb7f8f20;1-10 pedidos;b41e711f87202c50ba7d98ca8b5a7c84;Venâncio Aires;RS;RS;95800;2018-07-20 14:17:55;2018-07-25 23:32:10;2018-07-24 11:53:00;2018-07-31 14:24:39;2018-08-09 00:00:00;2018-07-30 03:45:21;1.0;6711154203fd685dabc8bf121fb9fde4;2075.0;2075.0;154.98;34.85;189.83;boleto;11.005;-8.4;True;False;False;False;False;False;False;False;False;False;False;True;False;False;False;False;False;False;False;False;False;False;False;False;False;1;True
bf06a474d6806d10fdf9cdc8c428b993;lag_despacho_negativo;delivered;True;RS;Arvorezinha;RS;f0837c8d71434931d9e38e7b79234797;11-100;606ea5fa82d286bfb8df334deddc6c3a;Guarapari;ES;ES;29206;2018-07-02 11:20:59;2018-07-05 16:22:46;2018-07-05 12:27:00;2018-07-12 16:58:27;2018-07-30 00:00:00;2018-07-10 08:32:15;1.0;af71eaa0649e29ecc95cf394f03f76be;1800.0;1800.0;119.0;47.49;166.49;boleto;10.234;-17.293;True;False;False;False;False;False;False;False;False;False;False;True;False;False;False;False;False;False;False;False;False;False;False;False;False;1;True
2e1f6e6e433e40edc3aa9db762193273;lag_despacho_negativo;delivered;True;SP;São Bernardo do Campo;SP;8d956fec2e4337affcb520f56fd8cbfd;101-1000;5f9210f6f1fa4bc4627a5c650b4e4371;Catiguá;SP;SP;15870;2018-01-30 16:47:07;2018-02-04 23:31:31;2018-02-01 15:59:21;2018-02-07 20:29:30;2018-02-23 00:00:00;2018-02-06 02:53:27;1.0;0faa4ca558654b554d4d09abd8fe33d2;150.0;150.0;19.99;11.85;31.84;boleto;8.154;-15.146;True;False;False;False;False;False;False;False;False;False;False;True;False;False;False;False;False;False;False;False;False;False;False;False;False;1;True
cb666a5ed3eec739fae136c3da8552c7;lag_despacho_negativo;delivered;True;RS;Novo Hamburgo;RS;52d76513f0c4d97f3b99570e2c94ee31;11-100;d14f67f2cb2089c372c9f2f0bb7597a9;Teresina;PI;PI;64052;2018-04-23 15:51:01;2018-04-24 17:22:49;2018-04-24 16:42:45;2018-05-08 10:26:27;2018-05-21 00:00:00;2018-04-27 16:31:23;1.0;d4f03ebb492cf8136ab51422b4df8561;350.0;350.0;229.9;34.77;264.67;credit_card;14.775;-12.565;True;False;False;False;False;False;False;False;False;False;False;True;False;False;False;False;False;False;False;False;False;False;False;False;False;1;True
7f579a347e00ac4d36c143a5969e5189;lag_despacho_negativo;delivered;True;SP;São Paulo;SP;2d2322d842118867781fc737e96d59a1;1-10 pedidos;ac5aa5250edd7b1e50d12ec94039db70;Bagé;RS;RS;96407;2018-07-21 17:02:18;2018-07-26 23:31:24;2018-07-24 13:38:00;2018-08-02 21:03:57;2018-08-14 00:00:00;2018-07-30 04:25:26;1.0;3b123ae5d71b7b0d1b2a3f47c00eec8b;338.0;338.0;9.8;18.23;28.03;boleto;12.168;-11.122;True;False;False;False;False;False;False;False;False;False;False;True;False;False;False;False;False;False;False;False;False;False;False;False;False;1;True
94be6b672a642c5c33415e7ccc13c00c;lag_despacho_negativo;delivered;True;MA;São Luís;MA;06a2c3af7b3aee5d69171b0e14f0ee87;101-1000;1e0351073aabf183571573d2c809c4de;Teresina;PI;PI;64062;2018-06-05 11:44:21;2018-06-05 14:31:12;2018-06-05 13:22:00;2018-06-11 16:19:22;2018-07-13 00:00:00;2018-06-13 11:55:16;1.0;19c91ef95d509ea33eda93495c4d3481;700.0;700.0;122.99;16.83;139.82;credit_card;6.191;-31.32;True;False;False;False;False;False;False;False;False;False;False;True;False;False;False;False;False;False;False;False;False;False;False;False;False;1;True
54f3086920092b6c1d80c5db5361e937;lag_despacho_negativo;delivered;True;DF;Brasília;DF;89a51f50b8095ea78d5768f34c13a76f;1-10 pedidos;69c3e5e099f5f6ea81925e12ae4156b1;Rio Verde;GO;GO;75905;2018-04-30 11:07:12;2018-04-30 11:35:24;2018-04-30 11:08:00;2018-05-07 19:37:49;2018-05-18 00:00:00;2018-05-07 11:30:39;1.0;b482227c47a1f1b99911d7760d17d8b8;200.0;200.0;193.5;19.23;212.73;credit_card;7.355;-10.182;True;False;False;False;False;False;False;False;False;False;False;True;False;False;False;False;False;False;False;False;False;False;False;False;False;1;True
998c57ab2d55eb30d6de8d103034384b;lag_despacho_negativo;delivered;True;SP;São Paulo;SP;e9c6969d40e6a3d2d0f90013165c2b98;1-10 pedidos;cc6047333b8307011b59de309487b678;Ceres;GO;GO;76300;2018-04-22 17:07:57;2018-04-24 18:04:56;2018-04-23 23:37:27;2018-05-04 00:38:55;2018-05-18 00:00:00;2018-04-26 17:31:08;1.0;c5d12f312c344b2c60aad2155a3e6890;1750.0;1750.0;1069.0;42.61;1111.61;credit_card;11.313;-13.973;True;False;False;False;False;False;False;False;False;False;False;True;False;False;False;False;False;False;False;False;False;False;False;False;False;1;True
1d400d95c6669247200db54206a74b55;lag_despacho_negativo;delivered;True;SC;Florianópolis;SC;dfa0c4c6229ab200a4a1336b4d7128ff;11-100;bf06c86a8b45ff125329d7fb1e3c2198;Guarulhos;SP;SP;7074;2018-07-04 15:20:14;2018-07-05 16:11:43;2018-07-04 15:17:00;2018-07-09 19:59:31;2018-07-27 00:00:00;2018-07-10 15:30:34;1.0;1cab19d5be9a1286428e85aaebf82906;950.0;950.0;79.0;16.74;95.74;credit_card;5.194;-17.167;True;False;False;False;False;False;False;False;False;False;False;True;False;False;False;False;False;False;False;False;False;False;False;False;False;1;True
b489f7ae130ba3fd26b0a20f8cc81c61;peso_invalido;delivered;True;SP;Ibitinga;SP;b39d7fe263ef469605dbb32608aee0af;11-100;99411e9599f8b7a90f2a362b874b66ca;Pedro Osório;RS;RS;96360;2018-08-18 20:37:22;2018-08-18 20:49:57;2018-08-20 14:20:00;2018-08-27 14:52:02;2018-09-04 00:00:00;2018-08-22 20:49:57;1.0;e673e90efa65a5409ff4196c038bb5af;;0.0;129.9;23.71;153.61;credit_card;8.76;-7.381;True;False;False;False;False;True;False;False;False;False;False;False;False;False;False;False;True;False;False;False;False;False;False;False;False;2;True
55471a53555cb61d9cd2ff895a278033;lag_despacho_negativo;delivered;True;SP;São Paulo;SP;dd7ddc04e1b6c2c614352b383efe2d36;101-1000;e0238838a5325f1c2c2646a66109ff89;São Paulo;SP;SP;5022;2018-07-02 09:34:13;2018-07-05 16:09:39;2018-07-05 14:33:00;2018-07-10 22:22:44;2018-07-23 00:00:00;2018-07-12 07:30:41;1.0;672a21bf17c63f71edbe01ecb9b14814;6800.0;6800.0;35.9;18.02;53.92;boleto;8.534;-12.068;True;False;False;False;False;False;False;False;False;False;False;True;False;False;False;False;False;False;False;False;False;False;False;False;False;1;True
9a6a7ea0e1523950885c7b716b1766cc;lag_despacho_negativo;delivered;True;SP;Indaiatuba;SP;8c5e007d7bd5693fa1386ffefbc99f6c;1-10 pedidos;0af0d84c00114b0c3c81089011657860;Rio de Janeiro;RJ;RJ;21230;2018-07-03 21:44:43;2018-07-05 16:16:42;2018-07-05 07:25:00;2018-07-10 16:53:48;2018-08-06 00:00:00;2018-07-05 22:31:21;1.0;66a7ca628024ae587fe4499b255bc26b;350.0;350.0;65.99;15.56;81.55;credit_card;6.798;-26.296;True;False;False;False;False;False;False;False;False;False;False;True;False;False;False;False;False;False;False;False;False;False;False;False;False;1;True
c4f7d1763350c3f18548294c4beced5c;lag_despacho_negativo;delivered;True;MG;Lambari;MG;1cbdc7cf130a41fd13a3c2a7d2fcfda7;1-10 pedidos;af5c992666616ec17a25e14834d3e1e6;Niterói;RJ;RJ;24120;2018-07-03 10:46:01;2018-07-05 16:40:34;2018-07-04 07:50:00;2018-07-09 14:48:45;2018-07-30 00:00:00;2018-07-09 11:31:17;1.0;739e8ddbbd7a0d61e33949614a14d8cb;1150.0;1150.0;82.9;44.38;127.28;credit_card;6.169;-20.383;True;False;False;False;False;False;False;False;False;False;False;True;False;False;False;False;False;False;False;False;False;False;False;False;False;1;True
4387477eec4b3c89b39f3f454940d059;lag_despacho_negativo;delivered;True;SP;São Paulo;SP;00ee68308b45bc5e2660cd833c3f81cc;101-1000;dbbbdb6ab9a7d8e3fc39a907f456bf19;São Paulo;SP;SP;5412;2018-08-09 20:45:10;2018-08-20 15:56:29;2018-08-14 12:35:00;2018-08-15 14:56:43;2018-08-14 00:00:00;2018-08-15 16:30:53;2.0;818b2f7d6fe6abc4575e94c7dcccfcc4;1200.0;1200.0;198.0;33.92;222.02;debit_card;5.758;1.623;True;True;False;True;False;False;False;False;False;False;False;True;False;True;False;False;False;True;False;False;False;False;False;False;False;3;True
174a7e09ba51eac7b816bf33d20dfe21;lag_despacho_negativo;delivered;True;SP;Mogi das Cruzes;SP;ff1fb4c404b2efe68b03350a8dc24122;11-100;2a0fdf25de2d2485bcc958576f5d48ea;Balneário Rincão;SC;SC;88828;2018-04-20 17:23:30;2018-04-24 19:17:21;2018-04-24 00:26:42;2018-05-11 19:48:53;2018-05-18 00:00:00;2018-04-26 18:30:44;1.0;1958c78374730139360de98514b9a916;2975.0;2975.0;75.0;19.5;94.5;credit_card;21.101;-6.174;True;False;False;False;False;False;False;False;False;False;False;True;False;False;False;False;False;False;False;False;False;False;False;False;False;1;True
a69ca27e5ae20da24dd0b144a6bfe2e9;lag_despacho_negativo;delivered;True;SP;Araçatuba;SP;efcd8d2104f1a05d028af7bad20d974b;11-100;c9cf3112c22ba7fd299c8bc1d99d0980;São Sebastião do Maranhão;MG;MG;39795;2017-05-12 12:05:23;2017-05-12 13:06:48;2017-05-12 12:51:10;2017-05-26 10:22:01;2017-06-01 00:00:00;2017-05-18 12:33:16;1.0;e3a23a99f074226ad690393a840c3244;100.0;100.0;69.99;15.24;85.23;credit_card;13.928;-5.568;True;False;False;False;False;False;False;False;False;False;False;True;False;False;False;False;False;False;False;False;False;False;False;False;False;1;True
2a6c075539c6b091f954bc4af60d1455;lag_despacho_negativo;delivered;True;SP;São Paulo;SP;e5a38146df062edaf55c38afa99e42dc;101-1000;267042dbcf6d3c39dae1d8bbc769629c;Rio de Janeiro;RJ;RJ;21931;2018-04-22 14:56:48;2018-04-24 18:05:07;2018-04-24 00:22:48;2018-05-02 17:28:43;2018-05-30 00:00:00;2018-04-26 15:31:18;1.0;16ed6a6e3fce23b741650437fe58d65b;750.0;750.0;89.18;16.59;105.77;credit_card;10.105;-27.272;True;False;False;False;False;False;False;False;False;False;False;True;False;False;False;False;False;False;False;False;False;False;False;False;False;1;True
13134fe6dc043430a875ece99381223b;lag_despacho_negativo;delivered;True;MG;Araguari;MG;7299e27ed73d2ad986de7f7c77d919fa;101-1000;1e68eb446a32f445dceaf306cdad90b4;São Paulo;SP;SP;3179;2018-06-13 14:48:16;2018-06-13 15:28:57;2018-06-13 13:28:00;2018-06-18 10:21:04;2018-07-04 00:00:00;2018-06-15 15:28:57;1.0;def8b2856a5c8fea8715aa849a198cd4;281.0;281.0;69.99;18.59;88.58;credit_card;4.814;-15.569;True;False;False;False;False;False;False;False;False;False;False;True;False;False;False;False;False;False;False;False;False;False;False;False;False;1;True
c1377e7b1831c006b3739d06c303ea69;lag_despacho_negativo;delivered;True;RS;Venâncio Aires;RS;b5bb2b985208834bd5bd86c7a402bbad;1-10 pedidos;661a16885133c408f70a39abb26123f4;São Paulo;SP;SP;4115;2018-04-21 22:27:34;2018-04-24 19:18:16;2018-04-23 19:11:08;2018-04-27 21:12:21;2018-05-17 00:00:00;2018-04-26 23:31:01;1.0;3c3c58dae0e49e5d2cc6c35680dd347a;2550.0;2550.0;310.53;20.05;330.58;credit_card;5.948;-19.116;True;False;False;False;False;False;False;False;False;False;False;True;False;False;False;False;False;False;False;False;False;False;False;False;False;1;True
36fa9568947553fb83c9ad0726737a12;lag_despacho_negativo;delivered;True;PR;Maringá;PR;88460e8ebdecbfecb5f9601833981930;101-1000;d7b16f675202548a1bb0ec5715f2c175;Blumenau;SC;SC;89012;2018-07-03 18:14:00;2018-07-05 16:32:54;2018-07-04 14:48:00;2018-07-10 22:51:14;2018-08-03 00:00:00;2018-07-13 18:31:45;1.0;b0c8da302d49498d2ce6be8c631e4e20;213.0;213.0;50.9;18.46;69.36;credit_card;7.193;-23.048;True;False;False;False;False;False;False;False;False;False;False;True;False;False;False;False;False;False;False;False;False;False;False;False;False;1;True
d1d599b296d82560e3c783e7b6f93392;lag_despacho_negativo;delivered;True;SC;Jaraguá do Sul;SC;8cbac7e12637ed9cffa18c7875207478;11-100;a35063c389d1745e80d21e961477ba86;Criciúma;SC;SC;88804;2018-04-19 21:02:00;2018-04-24 18:35:57;2018-04-23 19:08:54;2018-04-25 20:33:17;2018-05-15 00:00:00;2018-04-26 02:31:51;1.0;1d4e88bdd37e47a0ae27ad3a95539276;200.0;200.0;20.0;13.61;33.61;boleto;5.98;-19.144;True;False;False;False;False;False;False;False;False;False;False;True;False;False;False;False;False;False;False;False;False;False;False;False;False;1;True
09b6daf7c780e789668ee3b7f4bda1c5;lag_despacho_negativo;delivered;True;SC;Brusque;SC;609e1a9a6c2539919b8205cf7c4e6ff0;11-100;032f5eb3f82038a0490fd6870bf131dd;Restinga Seca;RS;RS;97200;2018-06-29 18:20:57;2018-07-05 16:04:53;2018-07-03 13:08:00;2018-07-09 10:48:30;2018-07-26 00:00:00;2018-07-05 05:31:40;1.0;a9ad8b0011994d657f5398d864999f61;1150.0;1150.0;76.9;19.73;96.63;boleto;9.686;-16.55;True;False;False;False;False;False;False;False;False;False;False;True;False;False;False;False;False;False;False;False;False;False;False;False;False;1;True
a6f2940cae871bfd63ea94dd5c476a62;lag_despacho_negativo;delivered;True;SP;Ibitinga;SP;a3e9a2c700480d9bb01fba070ba80a0e;101-1000;f5bde54c01457a0cc94cb4d893a081c2;São Paulo;SP;SP;4004;2018-08-07 09:53:58;2018-08-07 10:05:19;2018-08-07 09:48:00;2018-08-10 18:26:34;2018-08-17 00:00:00;2018-08-09 10:05:19;1.0;5ee245f4f514e8937aa7a5ef3ec2c8b7;650.0;650.0;45.0;13.9;58.9;debit_card;3.356;-6.232;True;False;False;False;False;False;False;False;False;False;False;True;False;False;False;False;False;False;False;False;False;False;False;False;False;1;True
a250092009e031f3162f9134a40261c2;lag_despacho_negativo;delivered;True;SP;Guarulhos;SP;0dd184061fb0eaa7ca37932c68ab91c5;101-1000;569074f2521cdbba257e9fae5d95d75b;Cariacica;ES;ES;29153;2018-06-25 13:29:12;2018-06-25 13:58:21;2018-06-25 13:07:00;2018-07-03 19:51:41;2018-07-18 00:00:00;2018-06-28 13:58:21;1.0;d04bbac48960ecb7ea311b00ca6e1cb7;11325.0;11325.0;98.0;64.68;162.68;credit_card;8.266;-14.172;True;False;False;False;False;False;False;False;False;False;False;True;False;False;False;False;False;False;False;False;False;False;False;False;False;1;True
d8e436a94b1158d6fff244c9ae75fccb;lag_despacho_negativo;delivered;True;SP;Itapevi;SP;e883aa812c37a7413226856f4579fe91;11-100;bfab5a9ad7cb90be9265fafcd4ef39e8;Porto Alegre;RS;RS;90830;2018-06-30 23:05:48;2018-07-05 16:17:41;2018-07-03 16:21:00;2018-07-09 18:38:39;2018-07-27 00:00:00;2018-07-05 04:31:21;1.0;62b0e890638d64f8e51e7418813fea07;5050.0;5050.0;349.9;26.8;376.7;boleto;8.814;-17.223;True;False;False;False;False;False;False;False;False;False;False;True;False;False;False;False;False;False;False;False;False;False;False;False;False;1;True
a1702545bdfba19345c69fa098b15020;lag_despacho_negativo;delivered;True;SP;São Paulo;SP;955fee9216a65b617aa5c0531780ce60;>1000;cf5562892befb57faf282d09b61f6f9a;Perdões;MG;MG;37260;2018-04-19 10:18:33;2018-04-24 17:43:33;2018-04-23 18:51:59;2018-05-03 11:18:37;2018-05-17 00:00:00;2018-04-26 02:32:14;1.0;aca2eb7d00ea1a7b8ebd4e68314663af;2600.0;2600.0;69.9;0.0;69.9;boleto;14.042;-13.529;True;False;False;False;False;False;False;False;False;False;True;True;False;False;False;False;False;False;False;False;False;False;False;False;False;2;True
cd2a97948b841f4702799b800b8e5b29;lag_despacho_negativo;delivered;True;SC;Palhoça;SC;86ff3eaef0267069cc891a2ed9d10a17;1-10 pedidos;5f33e81a2d06645914734b1be2e05e73;Curitiba;PR;PR;82710;2018-04-19 15:00:32;2018-04-24 18:02:40;2018-04-23 20:18:38;2018-04-28 13:35:51;2018-05-10 00:00:00;2018-04-26 15:31:18;1.0;5ed0b8a887db0f0bf05f56d8923b0e7b;855.0;855.0;82.49;16.55;99.04;credit_card;8.941;-11.433;True;False;False;False;False;False;False;False;False;False;False;True;False;False;False;False;False;False;False;False;False;False;False;False;False;1;True
cea05d3139cd44136f17235b6f42969f;lag_despacho_negativo;delivered;True;RS;Caxias do Sul;RS;82cb9f452fe8334df74b22d37824b431;11-100;d999be4ad55ab611a78cbaffcee30aa9;Francisco Beltrão;PR;PR;85603;2018-07-02 09:13:20;2018-07-05 16:14:44;2018-07-05 14:00:00;2018-07-10 19:03:38;2018-07-27 00:00:00;2018-07-09 04:30:42;1.0;3adf5cedad91de2688486727f5ae4d95;343.0;343.0;37.5;18.36;55.86;boleto;8.41;-16.206;True;False;False;False;False;False;False;False;False;False;False;True;False;False;False;False;False;False;False;False;False;False;False;False;False;1;True
b3c2fc7374cd5dbb27c84f1a0315594d;lag_despacho_negativo;delivered;True;SC;Brusque;SC;c33847515fa6305ce6feb1e818569f13;101-1000;032dc4140d9a51a0febc693a96a44489;Passo Fundo;RS;RS;99060;2018-07-03 21:46:53;2018-07-05 16:32:50;2018-07-04 10:14:00;2018-07-10 18:12:36;2018-07-26 00:00:00;2018-07-09 22:31:13;1.0;66b7fa94628214c463164097cfbadb7c;2250.0;2250.0;79.0;23.35;102.35;credit_card;6.851;-15.241;True;False;False;False;False;False;False;False;False;False;False;True;False;False;False;False;False;False;False;False;False;False;False;False;False;1;True
229f074fb0a6ffde943458174b4ada63;lag_despacho_negativo;delivered;True;SP;Piracicaba;SP;da8622b14eb17ae2831f4ac5b9dab84a;>1000;96906c9816990303121e14fd47e41a57;Curitiba;PR;PR;81850;2018-04-20 14:01:09;2018-04-24 17:26:59;2018-04-23 23:12:05;2018-05-04 22:36:18;2018-05-18 00:00:00;2018-04-26 14:31:41;1.0;4025ee582ef6b8c478af3b44cf89054b;200.0;200.0;24.9;18.23;43.13;credit_card;14.358;-13.058;True;False;False;False;False;False;False;False;False;False;False;True;False;False;False;False;False;False;False;False;False;False;False;False;False;1;True
114a99f9d47f2dae0f5666161cede6a6;lag_despacho_negativo;delivered;True;SP;Guarulhos;SP;6edacfd9f9074789dad6d62ba7950b9c;101-1000;fc908e835a65941f82373dd643e8ef8b;São João da Boa Vista;SP;SP;13870;2018-04-22 13:09:38;2018-04-24 18:34:58;2018-04-24 17:46:31;2018-05-04 16:32:37;2018-05-16 00:00:00;2018-04-26 13:32:03;1.0;0c6ebd37c6842a5adbcd801030ec1c29;400.0;400.0;99.9;13.14;113.04;credit_card;12.141;-11.311;True;False;False;False;False;False;False;False;False;False;False;True;False;False;False;False;False;False;False;False;False;False;False;False;False;1;True
d5e8c3df207679f1ae9da8bcb4a35871;lag_despacho_negativo;delivered;True;PR;Francisco Beltrão;PR;01cf7e3d21494c41fb86034f2e714fa1;11-100;c0c9968b87c9b21b9cc522c898b56f56;Guarulhos;SP;SP;7081;2018-02-14 22:15:18;2018-02-16 14:30:42;2018-02-15 18:43:00;2018-02-24 16:38:59;2018-03-12 00:00:00;2018-02-20 23:30:45;1.0;d221b0b65668b701135753c952b7a5f5;16100.0;16100.0;229.9;66.42;296.32;credit_card;9.766;-15.306;True;False;False;False;False;False;False;False;False;False;False;True;False;False;False;False;False;False;False;False;False;False;False;False;False;1;True
4f3a6e28d764cf896b1fceb0028422c8;lag_despacho_negativo;delivered;True;SP;São Paulo;SP;ba143b05f0110f0dc71ad71b4466ce92;11-100;e24fceba7ac4b1b1cd1884f05ba68e9d;Campinas;SP;SP;13056;2018-07-03 09:34:16;2018-07-05 16:21:50;2018-07-03 16:52:00;2018-07-05 13:32:49;2018-07-20 00:00:00;2018-07-09 10:30:46;1.0;5563f6b699b362e1bd6a2e1e650f52bd;2050.0;2050.0;108.99;13.06;122.05;credit_card;2.166;-14.436;True;False;False;False;False;False;False;False;False;False;False;True;False;False;False;False;False;False;False;False;False;False;False;False;False;1;True
1cf471f71a04b68d1cda071b51d7e391;lag_despacho_negativo;delivered;True;SP;São Paulo;SP;6560211a19b47992c3666cc44a7e94c0;>1000;961071125f29a1927a25ae916455ef78;Aurora do Para;PA;PA;68658;2018-07-21 22:44:57;2018-07-26 23:33:00;2018-07-23 11:26:00;2018-07-31 17:04:59;2018-08-22 00:00:00;2018-07-25 08:25:22;1.0;a92930c327948861c015c919a0bcb4a8;250.0;250.0;78.0;37.46;115.46;credit_card;9.764;-21.288;True;False;False;False;False;False;False;False;False;False;False;True;False;False;False;False;False;False;False;False;False;False;False;False;False;1;True
84b534c4e6899dae169caa25fa2c887c;lag_despacho_negativo;delivered;True;MG;Ilicínea;MG;a1043bafd471dff536d0c462352beb48;101-1000;ee7b717223b68b96062227b4182befc7;São Paulo;SP;SP;4728;2018-04-19 09:14:56;2018-04-24 18:18:18;2018-04-23 22:06:43;2018-04-28 00:49:01;2018-05-14 00:00:00;2018-04-26 02:31:52;1.0;8c591ab0ca519558779df02023177f44;6050.0;6050.0;110.0;62.44;172.44;boleto;8.649;-15.966;True;False;False;False;False;False;False;False;False;False;False;True;False;False;False;False;False;False;False;False;False;False;False;False;False;1;True
6a5843185f8ef3ed2de016f4d88be0ec;lag_despacho_negativo;delivered;True;DF;Brasília;DF;f3b80352b986ab4d1057a4b724be19d0;11-100;c95a657b0a8875f1805ce9368a62fbcf;São Paulo;SP;SP;3421;2018-04-20 11:01:57;2018-04-24 18:44:28;2018-04-23 23:12:32;2018-04-27 16:48:38;2018-05-16 00:00:00;2018-04-30 15:30:53;1.0;7fb04722aba7a2b632bac8f9819796f3;1850.0;1850.0;90.0;20.36;110.36;voucher;7.241;-18.3;True;False;False;False;False;False;False;False;False;False;False;True;False;False;False;False;False;False;False;False;False;False;False;False;False;1;True
cad95e56b8bc5ed2c10ee964ba21ac96;lag_despacho_negativo;shipped;True;SP;São Paulo;SP;f262cbc1c910c83959f849465454ddd3;101-1000;ae13ef7e41b712ff329871b5760be19e;Osasco;SP;SP;6266;2018-01-30 14:44:20;2018-02-04 23:31:32;2018-01-31 21:12:05;;2018-02-15 00:00:00;2018-02-06 02:53:46;1.0;6debe62ce3828652a75c52d11bb012e7;150.0;150.0;19.99;7.78;27.77;boleto;;;False;;True;True;False;False;False;False;False;False;False;True;False;False;False;False;False;False;False;False;True;False;False;False;False;2;True
2c3d5c98d6c8420829506e18388bf118;lag_despacho_negativo;delivered;True;MG;Ipatinga;MG;679769a98cfcc6da877c8486ff1c13f3;11-100;b667e63ff91291e5b53c4690017a016b;São Paulo;SP;SP;4146;2018-04-23 12:04:39;2018-04-24 19:24:14;2018-04-24 03:18:31;2018-04-26 19:58:45;2018-05-15 00:00:00;2018-04-27 12:32:01;1.0;e9c1abcc7126360336d8f56d49041a8c;500.0;500.0;349.0;17.13;366.13;credit_card;3.329;-18.168;True;False;False;False;False;False;False;False;False;False;False;True;False;False;False;False;False;False;False;False;False;False;False;False;False;1;True
9e020562e720fd5b4120ccc4ae0132ef;lag_despacho_negativo;delivered;True;SP;Piracicaba;SP;da8622b14eb17ae2831f4ac5b9dab84a;>1000;b822f0e0b97e90832b5bb6f3acaa018a;São Paulo;SP;SP;5416;2018-07-04 13:57:07;2018-07-05 16:21:59;2018-07-05 14:47:00;2018-07-06 15:46:28;2018-07-17 00:00:00;2018-07-06 14:31:11;2.0;bb42f37fc3d9130e4a4339d24a47dd7c;400.0;400.0;89.8;17.64;107.44;credit_card;2.076;-10.343;True;False;False;False;False;False;False;False;False;False;False;True;False;False;False;False;False;True;False;False;False;False;False;False;False;2;True
2ef2818bc1477c39bc32b093812b85e8;lag_despacho_negativo;delivered;True;MG;Araguari;MG;7299e27ed73d2ad986de7f7c77d919fa;101-1000;1c436aa3c85f978a78df59eaca01ede3;Brasília;DF;DF;71928;2018-05-28 14:33:54;2018-05-28 14:50:31;2018-05-28 14:33:00;2018-06-04 19:33:47;2018-06-29 00:00:00;2018-06-05 14:50:31;1.0;d7423500e1911ba5972c229b2fb974ca;175.0;175.0;90.0;18.51;108.51;credit_card;7.208;-24.185;True;False;False;False;False;False;False;False;False;False;False;True;False;False;False;False;False;False;False;False;False;False;False;False;False;1;True
dc70ac8fe045f98aac3bc1c2797f6788;lag_despacho_negativo;delivered;True;SP;São Paulo;SP;8b321bb669392f5163d04c59e235e066;101-1000;869b5960dd03676a74c661d62d2f4b05;São Paulo;SP;SP;8420;2018-04-23 12:21:20;2018-04-24 17:22:01;2018-04-23 23:51:17;2018-04-25 16:19:27;2018-05-10 00:00:00;2018-04-27 13:31:19;1.0;cadb69af336c16aba5c5223599821245;200.0;200.0;13.65;8.29;21.94;credit_card;2.165;-14.32;True;False;False;False;False;False;False;False;False;False;False;True;False;False;False;False;False;False;False;False;False;False;False;False;False;1;True
c69f7508f4c5846fed84591077e583c1;lag_despacho_negativo;delivered;True;MG;Belo Horizonte;MG;2a84855fd20af891be03bc5924d2b453;101-1000;746b45780778b0a23bd60a088b891959;Belo Horizonte;MG;MG;30330;2018-07-03 19:04:57;2018-07-05 16:32:04;2018-07-04 14:44:00;2018-07-05 19:18:36;2018-07-16 00:00:00;2018-07-05 19:31:17;1.0;bdcf6a834e8faa30dac3886c7a58e92e;1614.0;1614.0;35.9;11.74;47.64;credit_card;2.009;-10.195;True;False;False;False;False;False;False;False;False;False;False;True;False;False;False;False;False;False;False;False;False;False;False;False;False;1;True
62f22bb8b5c6a5beabbbe1582f4b2dfe;lag_despacho_negativo;delivered;True;MG;Araguari;MG;7299e27ed73d2ad986de7f7c77d919fa;101-1000;ee831abdb6ebaba4181ac3e0fa26334b;Votuporanga;SP;SP;15503;2018-05-18 13:59:12;2018-05-18 14:34:55;2018-05-18 14:29:00;2018-06-06 01:36:29;2018-06-04 00:00:00;2018-05-22 14:31:32;1.0;87b77bddc8fa1c1272ec769a5134310c;4384.0;4384.0;699.99;27.48;727.47;credit_card;18.484;2.067;True;True;False;True;False;False;False;False;False;False;False;True;False;False;False;False;False;False;False;False;False;False;False;False;False;1;True
0814daa4d12a646aeb73c429d5852f4d;lag_despacho_negativo;delivered;True;MG;Betim;MG;17ca9b9e9b9ef8fdb529001b49ebb50f;101-1000;b4eb4ca3fef464f5a8778c47da055604;Pirapora;MG;MG;39270;2018-07-28 13:14:37;2018-08-01 16:31:31;2018-07-30 14:58:00;2018-08-02 19:32:21;2018-08-13 00:00:00;2018-08-01 16:45:36;1.0;540a93038cc8b4c42ef0821b2cf067d3;4800.0;4800.0;49.97;23.34;73.31;credit_card;5.262;-10.186;True;False;False;False;False;False;False;False;False;False;False;True;False;False;False;False;False;False;False;False;False;False;False;False;False;1;True
76b25fe0af9b04dfb3c2055e447d4492;lag_despacho_negativo;delivered;True;SP;São Paulo;SP;903037660cf848a717166eb7a06d616e;11-100;a6ce61a0375ec7c47769053b811cd750;São Paulo;SP;SP;8215;2018-04-22 17:34:19;2018-04-24 18:20:23;2018-04-23 19:28:52;2018-04-25 11:41:47;2018-05-04 00:00:00;2018-04-26 18:31:03;1.0;06b3951f1930297079eeae756ce88cf8;500.0;500.0;45.99;8.29;54.28;credit_card;2.755;-8.513;True;False;False;False;False;False;False;False;False;False;False;True;False;False;False;False;False;False;False;False;False;False;False;False;False;1;True
e1bf61ad2edc26abb98c7d7f4a8dc47c;lag_despacho_negativo;delivered;True;PR;Araucária;PR;681fce914360217db47784ae28905a96;11-100;06befe7433b2a159c7fe6d032bd9363d;Brasília;DF;DF;71916;2018-04-20 18:43:13;2018-04-24 19:07:41;2018-04-24 17:05:09;2018-05-03 19:32:53;2018-05-21 00:00:00;2018-04-26 19:30:56;1.0;b9754f9e21b6e6960b37594d4387fb1c;450.0;450.0;385.0;22.74;407.74;credit_card;13.034;-17.185;True;False;False;False;False;False;False;False;False;False;False;True;False;False;False;False;False;False;False;False;False;False;False;False;False;1;True
a12de642288c88d6a5aec20f46a12fa6;lag_despacho_negativo;delivered;True;SC;Florianópolis;SC;5de1c80811ce7007f62f00d971236c09;1-10 pedidos;9264159ca3b86f4cddd5a06929727ca1;Niterói;RJ;RJ;24230;2018-07-03 15:09:35;2018-07-05 16:08:20;2018-07-04 14:05:00;2018-07-12 19:34:27;2018-07-31 00:00:00;2018-07-09 15:31:46;1.0;734a3078bba2d8bf0113b808a86dc7bc;350.0;350.0;39.9;17.21;57.11;credit_card;9.184;-18.184;True;False;False;False;False;False;False;False;False;False;False;True;False;False;False;False;False;False;False;False;False;False;False;False;False;1;True
9c3186381b733d4304e2e416afc6bbc1;lag_despacho_negativo;delivered;True;SP;Amparo;SP;9140bd1d9de28b197dce077bdd687438;1-10 pedidos;a4bd2fc7bf4fc0061011ef71a2208d63;Atibaia;SP;SP;12940;2018-07-28 20:49:05;2018-08-02 23:30:29;2018-07-31 14:09:00;2018-08-01 19:04:37;2018-08-03 00:00:00;2018-08-03 16:10:19;1.0;8d7824fad74013f01b11d646e9b94729;1950.0;1950.0;199.99;10.09;210.08;credit_card;3.927;-1.205;True;False;False;False;False;False;False;False;False;False;False;True;False;False;False;False;False;False;False;False;False;False;False;False;False;1;True
6eace5a496456d346454761a9fc00dd2;lag_despacho_negativo;delivered;True;SP;Garça;SP;c12b92bf1c350f3e6bf88d3596219c86;11-100;ba5642b730704dc0f74b7cf715b41ed5;Içara;SC;SC;88820;2018-08-13 15:17:31;2018-08-20 09:21:49;2018-08-14 14:47:00;2018-08-23 11:03:09;2018-09-10 00:00:00;2018-08-16 15:35:12;1.0;0f820791c5bd8fc3b05f6b897877fb1f;1000.0;1000.0;139.9;44.78;184.68;credit_card;9.823;-17.539;True;False;False;False;False;False;False;False;False;False;False;True;False;False;False;False;False;False;False;False;False;False;False;False;False;1;True
b8a33fa5ef27e365f04703b899401762;lag_despacho_negativo;delivered;True;SP;Salto;SP;2ff97219cb8622eaf3cd89b7d9c09824;11-100;c3129d9aba1476cca86ad20b00080fab;Nova Alvorada;RS;RS;95985;2018-07-03 12:20:30;2018-07-05 16:32:43;2018-07-04 15:09:00;2018-07-13 17:28:43;2018-08-01 00:00:00;2018-07-05 12:31:41;1.0;46eb7181719a3860b32f85e784675390;2725.0;2725.0;87.9;23.42;111.32;credit_card;10.214;-18.272;True;False;False;False;False;False;False;False;False;False;False;True;False;False;False;False;False;False;False;False;False;False;False;False;False;1;True
2d834ec410b63544e1d9bc1461ecf175;lag_despacho_negativo;delivered;True;SP;Sumaré;SP;fa1c13f2614d7b5c4749cbc52fecda94;101-1000;f212aed6927c04fe3d890ef49b288997;Navegantes;SC;SC;88370;2018-01-30 14:18:23;2018-02-04 23:31:46;2018-01-31 19:34:03;2018-02-17 12:16:57;2018-03-02 00:00:00;2018-02-06 10:35:29;1.0;f6c0bce2838cf1bdab4958c4cb8b946e;233.0;233.0;179.9;16.01;195.91;credit_card;17.916;-12.488;True;False;False;False;False;False;False;False;False;False;False;True;False;False;False;False;False;False;False;False;False;False;False;False;False;1;True
ce4ad5f005be92dc5c6931f9929f9f70;lag_despacho_negativo;delivered;True;SP;Bebedouro;SP;6a8b085f816a1f75f92dbac6eb545f8f;101-1000;ec0c29c31c2d4c96e90285ec4f87f86c;Curitiba;PR;PR;80250;2018-04-21 19:15:08;2018-04-24 18:23:27;2018-04-23 14:36:35;2018-04-26 23:36:40;2018-05-21 00:00:00;2018-04-26 19:31:21;1.0;d2efc686acbf02ce6200ee423516f0d0;100.0;100.0;58.5;18.29;76.79;credit_card;5.182;-24.016;True;False;False;False;False;False;False;False;False;False;False;True;False;False;False;False;False;False;False;False;False;False;False;False;False;1;True
d80799e45b1938827bfd57d8ee9b3c50;lag_despacho_negativo;delivered;True;SP;Salto;SP;2ff97219cb8622eaf3cd89b7d9c09824;11-100;4ff608f0d5d0c0c8772eecf178ba2c7f;Cuiabá;MT;MT;78049;2018-04-23 10:53:44;2018-04-24 18:37:33;2018-04-23 20:33:32;2018-05-11 14:54:56;2018-05-24 00:00:00;2018-04-27 11:31:00;1.0;f7c9e1767903086a8dcffb1038b7e5b5;500.0;500.0;39.9;23.28;63.18;credit_card;18.168;-12.379;True;False;False;False;False;False;False;False;False;False;False;True;False;False;False;False;False;False;False;False;False;False;False;False;False;1;True
dd71d407875ef4dd2c29c8eabd2bc56e;lag_despacho_negativo;delivered;True;DF;Brasília;DF;bd0389da23d89b726abf911cccc54596;11-100;9ec775f536e082ba1878c67534556073;Brasília;DF;DF;71929;2018-04-22 12:19:34;2018-04-24 17:41:57;2018-04-23 18:30:52;2018-04-24 19:03:05;2018-05-08 00:00:00;2018-04-26 12:31:21;1.0;9ff8568dfb9041b898e65ff4018c8c57;133.0;133.0;99.9;7.88;107.78;credit_card;2.28;-13.206;True;False;False;False;False;False;False;False;False;False;False;True;False;False;False;False;False;False;False;False;False;False;False;False;False;1;True
5d2360b577af310633223b53506dcfaa;lag_despacho_negativo;delivered;True;SP;São Paulo;SP;6560211a19b47992c3666cc44a7e94c0;>1000;5859cd71917f97747721166e9289fe6e;São Luís;MA;MA;65076;2018-06-13 11:33:10;2018-06-13 11:55:13;2018-06-13 09:52:00;2018-06-29 19:12:05;2018-07-05 00:00:00;2018-06-15 11:55:13;1.0;1600dcf1cea8c0c83702e07b577ab231;250.0;250.0;44.0;23.03;67.03;boleto;16.319;-5.2;True;False;False;False;False;False;False;False;False;False;False;True;False;False;False;False;False;False;False;False;False;False;False;False;False;1;True
c6d80ef64d3bab44528b4f5b30b257fb;lag_despacho_negativo;delivered;True;SP;Pirituba;SP;8f2ce03f928b567e3d56181ae20ae952;101-1000;aa9e7cf1e6114225210fbfd650dc0d3e;Petrolândia;PE;PE;56460;2018-07-03 21:32:18;2018-07-05 16:34:39;2018-07-05 11:41:00;2018-07-12 02:09:39;2018-08-06 00:00:00;2018-07-09 22:31:30;1.0;6802aa790a9a2217f0019b44973c8268;850.0;850.0;99.9;38.97;138.87;credit_card;8.193;-24.91;True;False;False;False;False;False;False;False;False;False;False;True;False;False;False;False;False;False;False;False;False;False;False;False;False;1;True
2d0d4075ded592212bcd5e5bc561b406;lag_despacho_negativo;delivered;True;MG;Ilicínea;MG;a1043bafd471dff536d0c462352beb48;101-1000;ad4fdd8ba1535077790107fc697fbe97;Tibau do Sul;RN;RN;59178;2017-04-26 12:22:32;2017-04-26 13:06:25;2017-04-26 13:01:25;2017-05-15 07:38:03;2017-05-25 00:00:00;2017-05-03 12:36:30;1.0;8c591ab0ca519558779df02023177f44;6050.0;6050.0;99.99;44.8;144.79;voucher;18.802;-9.682;True;False;False;False;False;False;False;False;False;False;False;True;False;False;False;False;False;False;False;False;False;False;False;False;False;1;True
ed2c99c57389c865c573a025e1d6d34c;lag_despacho_negativo;delivered;True;SP;Santo André;SP;f12d3c2a14729ae461b920c11fe20fdc;1-10 pedidos;788cbdfbcd36bc44ed880e34bd010c4e;Campinas;SP;SP;13056;2018-06-30 20:30:35;2018-07-05 16:05:45;2018-07-04 14:40:00;2018-07-13 14:51:05;2018-07-17 00:00:00;2018-07-06 19:31:13;1.0;37bd6327d499dd991f2da7681625bb3c;100.0;100.0;19.5;7.4;26.9;boleto;12.764;-3.381;True;False;False;False;False;False;False;False;False;False;False;True;False;False;False;False;False;False;False;False;False;False;False;False;False;1;True
af989bb9d67386206a89e31d2e402821;lag_despacho_negativo;delivered;True;SP;São Paulo;SP;8b321bb669392f5163d04c59e235e066;101-1000;102b00e791c874402fd1b569ee8b3596;Primavera;SP;SP;19274;2018-04-19 13:07:52;2018-04-24 18:34:53;2018-04-20 23:58:35;2018-04-25 22:08:26;2018-05-14 00:00:00;2018-04-26 13:31:34;1.0;ff29d8cb1cd0cd5ea37b80dac9939e1c;200.0;200.0;18.9;12.79;31.69;credit_card;6.375;-18.077;True;False;False;False;False;False;False;False;False;False;False;True;False;False;False;False;False;False;False;False;False;False;False;False;False;1;True
d6a043b1faaa04d723fbbe8b015f0dd6;lag_despacho_negativo;delivered;True;SP;Americana;SP;02c988090b766852e088c69d7fb3b551;11-100;333d057b8000f250bb2dbf5b6359799a;Jundiaí;SP;SP;13214;2018-07-03 22:53:45;2018-07-05 16:27:05;2018-07-04 12:09:00;2018-07-11 12:54:49;2018-07-18 00:00:00;2018-07-09 23:30:41;1.0;aed4b8c10ee4d129b9db14174ca6f4d9;1350.0;1350.0;180.9;12.29;193.19;credit_card;7.584;-6.462;True;False;False;False;False;False;False;False;False;False;False;True;False;False;False;False;False;False;False;False;False;False;False;False;False;1;True
ed737c73d49d514352d4a57de3ca77c2;lag_despacho_negativo;delivered;True;SP;Ibitinga;SP;391fc6631aebcf3004804e51b40bcf1e;101-1000;d086a279ceb2b9b292aa7532ed22b9d7;Santa Rita do Passa Quatro;SP;SP;13670;2018-04-22 13:00:23;2018-04-24 18:22:44;2018-04-24 11:22:13;2018-04-30 08:52:33;2018-05-21 00:00:00;2018-05-02 13:31:39;1.0;937c825572d26b9e5a723527c6d625c6;300.0;300.0;45.95;12.79;58.74;credit_card;7.828;-20.63;True;False;False;False;False;False;False;False;False;False;False;True;False;False;False;False;False;False;False;False;False;False;False;False;False;1;True
5a339130640419f9e00ab4b6ff61dc22;lag_despacho_negativo;delivered;True;SC;Joinville;SC;1a3df491d1c4f1589fc2b934ada68bf2;101-1000;9bbcc57d44cde58fff7d4871e3c513d1;Balneário Camboriú;SC;SC;88332;2018-04-27 15:59:23;2018-04-27 16:15:25;2018-04-27 14:35:00;2018-05-02 15:32:39;2018-05-16 00:00:00;2018-05-07 16:15:25;1.0;25f86162fee18735fffdb762dcb10d7c;10800.0;10800.0;149.9;13.75;163.65;credit_card;4.981;-13.352;True;False;False;False;False;False;False;False;False;False;False;True;False;False;False;False;False;False;False;False;False;False;False;False;False;1;True
7c15b7f016feebc19af2f23f5f8b9e4a;lag_despacho_negativo;delivered;True;SP;Bauru;SP;817245bcc3badd82bbd222e0366951a6;11-100;51b75181fb27d03715acee2ff779c905;São Paulo;SP;SP;3019;2018-04-23 08:45:56;2018-04-24 19:07:42;2018-04-23 23:58:33;2018-04-30 19:08:36;2018-05-15 00:00:00;2018-04-27 09:31:43;1.0;9a63d4ef456702710823c21b8cca0332;200.0;200.0;169.9;13.63;183.53;credit_card;7.432;-14.202;True;False;False;False;False;False;False;False;False;False;False;True;False;False;False;False;False;False;False;False;False;False;False;False;False;1;True
8c52dfcce0a3724101362890db77eb05;lag_despacho_negativo;delivered;True;PR;Curitiba;PR;0241d4d5d36f10f80c644447315af0bd;101-1000;ea3dcb2137367c05efe6ab5f4bff68f6;Curitiba;PR;PR;81330;2018-07-04 07:49:08;2018-07-05 16:33:16;2018-07-04 11:57:00;2018-07-05 22:38:40;2018-07-17 00:00:00;2018-07-06 08:31:33;1.0;c1fe5eee19b0b5ef9cd3172bbb995bbc;2300.0;2300.0;99.9;13.53;113.43;credit_card;1.618;-11.056;True;False;False;False;False;False;False;False;False;False;False;True;False;False;False;False;False;False;False;False;False;False;False;False;False;1;True
af18c8b9b0890d5387074340f9d39cc7;lag_despacho_negativo;delivered;True;MG;Contagem;MG;594f9aaa48e5bf431f011ddc5669b0d5;11-100;fb003078b5824a2d03f9ec3cb6938b87;Mozarlândia;GO;GO;76700;2018-06-13 09:57:33;2018-06-13 14:31:29;2018-06-13 12:14:00;2018-06-28 17:54:58;2018-07-16 00:00:00;2018-06-19 10:21:21;1.0;82291b3a952e46978d916dc09dfecc2d;850.0;850.0;35.9;23.4;59.3;credit_card;15.332;-17.253;True;False;False;False;False;False;False;False;False;False;False;True;False;False;False;False;False;False;False;False;False;False;False;False;False;1;True
176cf0b19224a77a9fe04e323627fa7e;lag_despacho_negativo;delivered;True;SP;São Paulo;SP;7a67c85e85bb2ce8582c35f2203ad736;>1000;6c5ba608588b5b24652daf167aa141cd;Bertioga;SP;SP;11250;2018-04-22 10:14:25;2018-04-24 18:39:40;2018-04-24 16:58:41;2018-05-03 19:21:32;2018-05-17 00:00:00;2018-04-30 04:30:54;1.0;6413f7a28e149a324c4a914000399fb2;975.0;975.0;131.99;13.51;145.5;boleto;11.38;-13.193;True;False;False;False;False;False;False;False;False;False;False;True;False;False;False;False;False;False;False;False;False;False;False;False;False;1;True
249004c60a9bead3bdc73f4a8d2f0c11;lag_despacho_negativo;delivered;True;RJ;Rio de Janeiro;RJ;537eb890efff034a88679788b647c564;101-1000;b9b285439e0ae073d8700ecdcd4e4bcb;Barretos;SP;SP;14784;2018-07-03 20:07:37;2018-07-05 16:08:58;2018-07-05 10:40:00;2018-07-10 18:14:40;2018-07-25 00:00:00;2018-07-09 04:32:28;1.0;3dd6c9d499e7c311a29e08afe1fd8fc6;250.0;250.0;44.9;18.41;63.31;boleto;6.922;-14.24;True;False;False;False;False;False;False;False;False;False;False;True;False;False;False;False;False;False;False;False;False;False;False;False;False;1;True
f688669f48063536e082bb32d634cd46;entrega_antes_coleta;delivered;True;RJ;Rio de Janeiro;RJ;46dc3b2cc0980fb8ec44634e21d2718e;101-1000;691d28310063e5b36b732b117f2bcfc0;Rio de Janeiro;RJ;RJ;22793;2016-10-07 10:28:56;2016-10-11 04:56:13;2016-10-21 18:02:40;2016-10-20 20:33:27;2016-11-29 00:00:00;2016-10-15 04:56:14;1.0;c66def7098f4d87751f40c3a4855ced1;2100.0;2100.0;99.99;11.23;111.22;boleto;13.42;-39.143;True;False;False;False;False;False;False;False;True;False;False;False;False;False;False;False;False;False;False;False;False;False;False;False;False;1;True
982727416ef47cb3095b02dfccb621bf;lag_despacho_negativo;delivered;True;SP;Ibitinga;SP;1835b56ce799e6a4dc4eddc053f04066;101-1000;8f6849cd321a103102fe1fa422567e9a;Iguaba Grande;RJ;RJ;28960;2018-07-03 12:50:48;2018-07-05 16:21:53;2018-07-05 14:13:00;2018-07-13 23:05:01;2018-07-27 00:00:00;2018-07-09 04:33:11;1.0;bd6e6fce9ada76ea2db0f1912e8e478f;850.0;850.0;56.99;19.59;76.58;boleto;10.427;-13.038;True;False;False;False;False;False;False;False;False;False;False;True;False;False;False;False;False;False;False;False;False;False;False;False;False;1;True
ac4e638ca3146139f9857a73b20f6277;lag_despacho_negativo;delivered;True;SP;Santa Bárbara D'oeste;SP;54a1852d1b8f10312c55e906355666ee;101-1000;a9700175e79675ae3aba81e68f9712cf;Nova Lima;MG;MG;34009;2018-07-04 19:44:24;2018-07-05 16:23:38;2018-07-05 14:32:00;2018-07-09 20:44:27;2018-07-24 00:00:00;2018-07-06 20:31:48;1.0;80a08e4dfa5115b34f674eca035a01dd;3400.0;3400.0;79.99;16.75;96.74;credit_card;5.042;-14.136;True;False;False;False;False;False;False;False;False;False;False;True;False;False;False;False;False;False;False;False;False;False;False;False;False;1;True
c51f25e565a1b4a03be6979f4661a585;lag_despacho_negativo;delivered;True;PR;Curitiba;PR;671585f5a2af58b6e276bc01003c0d2b;11-100;38cac1776e7f4cca67c47a655eca20b0;Rio de Janeiro;RJ;RJ;22640;2018-08-20 11:33:30;2018-08-20 15:15:36;2018-08-20 14:52:00;2018-08-23 20:22:38;2018-09-24 00:00:00;2018-08-22 15:15:36;1.0;19652da3a9b3cf78255f933ad658ed72;400.0;400.0;134.0;17.87;151.87;credit_card;3.367;-31.151;True;False;False;False;False;True;False;False;False;False;False;True;False;False;False;False;False;False;False;False;False;False;False;False;False;2;True
13f726430863cd4a81b6899e25010475;lag_despacho_negativo;delivered;True;SP;Serra Negra;SP;715bbd5ba4e6b74cb0d2f29eb45058b0;11-100;11e9daf0fd784f9c81aa95c868d18bf4;Vera Cruz;SP;SP;17560;2018-07-04 17:30:53;2018-07-05 16:23:38;2018-07-05 13:17:00;2018-07-11 15:28:59;2018-07-25 00:00:00;2018-07-09 18:31:51;1.0;7d160da04c3ede2fe9404d3524acf72b;1150.0;1150.0;55.0;13.97;68.97;credit_card;6.915;-13.355;True;False;False;False;False;False;False;False;False;False;False;True;False;False;False;False;False;False;False;False;False;False;False;False;False;1;True
de6385a70e9d74e2aa426dcf6d21c9e1;lag_despacho_negativo;delivered;True;MG;Belo Horizonte;MG;7ea5bfa6c340f58f8e71fc1f0412b0d6;11-100;5b31ca47a253eec5597a8341522d62ac;Sarzedo;MG;MG;32450;2018-04-22 12:37:46;2018-04-24 19:04:32;2018-04-24 16:38:36;2018-04-26 00:58:43;2018-05-09 00:00:00;2018-04-30 03:32:12;1.0;ce46f159003ee26ba91162851c94d82c;128.0;128.0;22.99;7.71;30.7;boleto;3.515;-12.959;True;False;False;False;False;False;False;False;False;False;False;True;False;False;False;False;False;False;False;False;False;False;False;False;False;1;True
929ccb6e3021ed4afe8860fe50791967;lag_despacho_negativo;delivered;True;SP;Diadema;SP;966cb4760537b1404caedd472cc610a5;11-100;0e37bb448c582d68bb726f589606454e;Nilópolis;RJ;RJ;26545;2018-07-04 00:20:29;2018-07-05 16:32:36;2018-07-04 15:16:00;2018-07-10 21:58:58;2018-07-26 00:00:00;2018-07-10 00:30:33;1.0;b914a18d4547eff292fedeccc82faec6;800.0;800.0;747.0;20.33;767.33;credit_card;6.902;-15.084;True;False;False;False;False;False;False;False;False;False;False;True;False;False;False;False;False;False;False;False;False;False;False;False;False;1;True
b5c4393e0fffc94526b88d47d09dabe3;lag_despacho_negativo;delivered;True;SP;Franca;SP;ececbfcff9804a2d6b40f589df8eef2b;11-100;ce9403cd06a5c60d64f247493d6c1af1;Rio de Janeiro;RJ;RJ;20551;2018-04-22 08:28:28;2018-04-24 18:05:40;2018-04-23 17:41:16;2018-05-07 20:28:46;2018-06-01 00:00:00;2018-04-26 09:31:21;2.0;f14d112d3db74fc2977850a25cab3d5d;150.0;150.0;163.49;36.9;200.39;credit_card;15.5;-24.147;True;False;False;False;False;False;False;False;False;False;False;True;False;False;False;False;False;False;False;False;False;False;False;False;False;1;True
997d3d4e4d633291f515266c98cbda13;lag_despacho_negativo;delivered;True;SP;São Paulo;SP;d566c37fa119d5e66c4e9052e83ee4ea;11-100;a1bfc319b6d6e12dd25484a8ac12251f;Itapetininga;SP;SP;18207;2018-08-25 09:46:04;2018-08-27 13:15:03;2018-08-27 10:43:00;2018-08-30 22:58:26;2018-09-14 00:00:00;2018-08-28 09:55:54;1.0;e30a07181e238b29af319577b9bb22fe;1100.0;1100.0;56.9;14.71;71.61;credit_card;5.55;-14.043;True;False;False;False;False;True;False;False;False;False;False;True;False;False;False;False;False;False;False;False;False;False;False;False;False;2;True
a61b9456778de69d35a9addadfc57ca8;lag_despacho_negativo;delivered;True;PR;Cascavel;PR;530ec6109d11eaaf87999465c6afee01;11-100;fd1ff46cceac2649ca8cc67148803eb7;Rio de Janeiro;RJ;RJ;22725;2018-07-01 15:54:18;2018-07-05 16:17:44;2018-07-04 15:28:00;2018-07-11 20:06:49;2018-08-10 00:00:00;2018-07-06 08:32:27;1.0;93b513d693c7e922381d6aec80dfb639;1550.0;1550.0;135.0;27.9;162.9;boleto;10.175;-29.162;True;False;False;False;False;False;False;False;False;False;False;True;False;False;False;False;False;False;False;False;False;False;False;False;False;1;True
4e5eab0ade6de202ed67104e84e9636d;lag_despacho_negativo;delivered;True;SP;São Paulo;SP;cd06602b43d8800bd0afad514919d35c;11-100;17e3aa4143d3bc3100dd4de9fe5ecf1c;São Paulo;SP;SP;4602;2018-04-20 11:18:27;2018-04-24 18:14:37;2018-04-24 17:32:15;2018-04-25 18:08:31;2018-05-09 00:00:00;2018-04-26 02:32:00;1.0;7fcf94eac206f052689149415c84663e;350.0;350.0;39.52;8.29;47.81;boleto;5.285;-13.244;True;False;False;False;False;False;False;False;False;False;False;True;False;False;False;False;False;False;False;False;False;False;False;False;False;1;True
c7a7200ede6d21b5eac67705000af954;lag_despacho_negativo;delivered;True;SP;Guarulhos;SP;6b90f847357d8981edd79a1eb1bf0acb;11-100;e12bf82749c738ad8e5fb1c11a50ebf6;Salvador;BA;BA;40130;2018-07-05 07:50:34;2018-07-05 16:18:00;2018-07-05 08:02:00;2018-07-11 19:06:57;2018-07-27 00:00:00;2018-07-11 08:30:35;1.0;7e0f1b886ed1dd65930f3b9a30d563d2;900.0;900.0;76.9;111.47;188.37;credit_card;6.47;-15.204;True;False;False;False;False;False;False;False;False;False;False;True;False;False;False;False;False;False;False;False;False;False;False;False;False;1;True
26c2b0e7dd3eb988721bb042f783c80e;lag_despacho_negativo;delivered;True;SC;Brusque;SC;262237171f48e85819065498cac80d7b;1-10 pedidos;a02334ababbac97e012344f330e4fbb0;Rio de Janeiro;RJ;RJ;21555;2017-08-02 08:58:27;2017-08-04 11:33:49;2017-08-02 20:33:04;2017-08-10 18:16:37;2017-08-28 00:00:00;2017-08-08 09:15:10;5.0;de7087431dce1f95bf39105df32825cd;200.0;200.0;299.5;89.94999999999999;389.45;credit_card;8.388;-17.238;True;False;False;False;False;False;False;False;False;False;False;True;False;False;False;False;False;True;False;False;False;False;False;False;False;2;True
5a8a26a982045e5cd9d257b5fdef75c9;lag_despacho_negativo;delivered;True;SP;São Paulo;SP;ce27a3cc3c8cc1ea79d11e561e9bebb6;101-1000;77f128633c92a6243ea55349236b8c23;Guarulhos;SP;SP;7144;2017-04-25 22:17:39;2017-04-27 13:33:28;2017-04-26 21:33:39;2017-05-12 12:17:48;2017-05-17 00:00:00;2017-05-08 09:34:21;1.0;72a137b85d5a1d82cde242493f118f43;600.0;600.0;32.29;10.96;43.25;credit_card;16.583;-4.488;True;False;False;False;False;False;False;False;False;False;False;True;False;False;False;False;False;False;False;False;False;False;False;False;False;1;True
5930304c1503cbf5928b7e38bc52e248;lag_despacho_negativo;delivered;True;SP;Sorocaba;SP;9d4db00d65d7760644ac0c14edb5fd86;11-100;338389b4ce5ff565c680373d416b9a5e;Betim;MG;MG;32641;2018-05-03 14:39:55;2018-05-03 14:55:15;2018-05-03 14:47:00;2018-05-10 01:52:54;2018-05-23 00:00:00;2018-05-09 14:55:15;1.0;acf64dbad65e99f5bb490d85c59b2636;1168.0;1168.0;67.9;19.45;87.35;credit_card;6.467;-12.922;True;False;False;False;False;False;False;False;False;False;False;True;False;False;False;False;False;False;False;False;False;False;False;False;False;1;True
b18cb761efbe70da4838435a349abd07;lag_despacho_negativo;delivered;True;SP;São Paulo;SP;5670f4db5b62c43d542e1b2d56b0cf7c;11-100;9ff6d1a05ecfe2d907adac11a2e2bfe9;Jaguariaíva;PR;PR;84200;2018-07-04 18:39:28;2018-07-05 16:33:14;2018-07-05 13:21:00;2018-07-10 22:34:39;2018-07-27 00:00:00;2018-07-06 19:31:03;1.0;a035b83b3628decee6e3823924e0c10f;1450.0;1450.0;268.38;21.07;289.45;credit_card;6.163;-16.059;True;False;False;False;False;False;False;False;False;False;False;True;False;False;False;False;False;False;False;False;False;False;False;False;False;1;True
6d92b8b8958a7955c3184410f45293f3;lag_despacho_negativo;delivered;True;SP;São Paulo;SP;7ddcbb64b5bc1ef36ca8c151f6ec77df;101-1000;884cb068b728ba5182193c49d631513e;Iconha;ES;ES;29280;2018-04-20 19:15:39;2018-04-24 19:25:36;2018-04-23 18:46:46;2018-05-08 15:21:22;2018-05-18 00:00:00;2018-04-26 19:30:44;1.0;165f86fe8b799a708a20ee4ba125c289;2425.0;2425.0;169.99;14.53;184.52;credit_card;17.837;-9.36;True;False;False;False;False;False;False;False;False;False;False;True;False;False;False;False;False;False;False;False;False;False;False;False;False;1;True
668b09e578d6cdac0eb996a3457d49a5;lag_despacho_negativo;delivered;True;MG;Belo Horizonte;MG;2a84855fd20af891be03bc5924d2b453;101-1000;80d7fa5801ca75a9d403e96d31d634da;Rio de Janeiro;RJ;RJ;22290;2018-07-04 22:57:46;2018-07-05 16:23:38;2018-07-05 12:52:00;2018-07-11 23:34:36;2018-08-06 00:00:00;2018-07-08 23:31:20;1.0;42ec84ace63b58b8c5a7ba7be01d5fb8;2550.0;2550.0;99.9;22.0;121.9;credit_card;7.026;-25.018;True;False;False;False;False;False;False;False;False;False;False;True;False;False;False;False;False;False;False;False;False;False;False;False;False;1;True
2290b45124e2773329685c8dd7458e68;lag_despacho_negativo;delivered;True;SP;Guarulhos;SP;33a6f4b1e7cdc205511e76ba1b6e0186;101-1000;6087008160873cf7d0e58b1de1f5e048;Joinville;SC;SC;89203;2018-07-04 13:43:30;2018-07-05 16:09:14;2018-07-05 09:56:00;2018-07-10 16:08:34;2018-07-26 00:00:00;2018-07-06 14:30:53;1.0;189f163ac190749c553a4835c22aa3a8;257.0;257.0;63.99;19.64;83.63;credit_card;6.101;-15.327;True;False;False;False;False;False;False;False;False;False;False;True;False;False;False;False;False;False;False;False;False;False;False;False;False;1;True
04f5536db820c4ea1450c353f92d5de5;lag_despacho_negativo;delivered;True;SP;Praia Grande;SP;d91fb3b7d041e83b64a00a3edfb37e4f;101-1000;15b56277e99bef5176b7074fbbb818d0;São Paulo;SP;SP;5187;2018-04-22 19:19:45;2018-04-24 17:33:43;2018-04-23 18:03:13;2018-04-24 18:45:00;2018-05-04 00:00:00;2018-04-26 19:31:37;1.0;b2873f8b24fbe611a16afb61dba34edd;150.0;150.0;14.1;7.87;21.97;credit_card;1.976;-9.219;True;False;False;False;False;False;False;False;False;False;False;True;False;False;False;False;False;False;False;False;False;False;False;False;False;1;True
6a7479a3e53e4e29f03b3ae5f83a5498;lag_despacho_negativo;delivered;True;SP;Guariba;SP;4869f7a5dfa277a7dca6462dcf3b52b2;>1000;4de11c85ec374c42817fbe2d1c245fc1;Belo Horizonte;MG;MG;30455;2018-04-22 19:14:39;2018-04-24 17:30:24;2018-04-24 17:17:44;2018-05-02 19:12:27;2018-05-21 00:00:00;2018-04-26 19:31:38;1.0;3225c54bb2785c33f49f50398fcdb88c;269.0;269.0;248.0;19.62;267.62;credit_card;9.998;-18.2;True;False;False;False;False;False;False;False;False;False;False;True;False;False;False;False;False;False;False;False;False;False;False;False;False;1;True
766033ca0a01f26b46dfccd2ee59cf9c;lag_despacho_negativo;delivered;True;PR;Londrina;PR;2bf28e311bba65237358230cabac3f15;1-10 pedidos;2ab63f51ad4630f1a51e066880dbd542;Rio de Janeiro;RJ;RJ;20511;2018-07-03 19:20:59;2018-07-05 16:23:37;2018-07-04 15:49:00;2018-07-10 13:43:49;2018-08-10 00:00:00;2018-07-09 20:31:52;1.0;0fb9aa9a6103872d8f580d721e099f89;3863.0;3863.0;35.0;31.12;66.12;credit_card;6.766;-30.428;True;False;False;False;False;False;False;False;False;False;False;True;False;False;False;False;False;False;False;False;False;False;False;False;False;1;True
b2642502bf8864ede538c80b67275178;lag_despacho_negativo;delivered;True;SP;Taubaté;SP;9f50216bfd01913736a55a11b55ea842;11-100;45417c7ba584e71275cd7f988c71c1ba;Guarulhos;SP;SP;7152;2018-06-30 00:46:29;2018-07-05 16:22:31;2018-07-05 14:30:00;2018-07-12 17:38:22;2018-07-20 00:00:00;2018-07-10 08:32:02;2.0;268a26bc460de02a94ec05d9ebb4c3e7;650.0;650.0;138.0;28.12;166.12;boleto;12.703;-7.265;True;False;False;False;False;False;False;False;False;False;False;True;False;False;False;False;False;True;False;False;False;False;False;False;False;2;True
7c91640daf4cb53f476cd9db5eb0baf5;lag_despacho_negativo;delivered;True;MG;Belo Horizonte;MG;276677b5d08786d5dce7c2149dcce48b;11-100;8ec0e7e091aa0efc08f80527888f7377;São Paulo;SP;SP;1230;2018-05-21 11:07:39;2018-05-24 17:35:04;2018-05-21 15:05:00;2018-06-04 19:29:20;2018-06-06 00:00:00;2018-05-24 13:18:16;2.0;8b0db3fb68c6d4b494281666287e4c72;250.0;250.0;35.8;30.46;66.26;credit_card;14.348;-1.188;True;False;False;False;False;False;False;False;False;False;False;True;False;False;False;False;False;True;False;False;False;False;False;False;False;2;True
0a9a43ac5fe59c6c4bee2a8f9b9fcce8;lag_despacho_negativo;delivered;True;RJ;Rio de Janeiro;RJ;579891617139df7d8671d373f0669622;1-10 pedidos;f11eb8f0b8b87510a93e3e1aa10b0ade;Abadia dos Dourados;MG;MG;38540;2018-07-02 08:00:35;2018-07-05 16:02:18;2018-07-05 11:10:00;2018-07-10 23:12:41;2018-07-27 00:00:00;2018-07-09 07:30:35;1.0;c1aabbb6f4caec9f5bf7cd80519d6cc0;400.0;400.0;39.9;18.38;58.28;boleto;8.633;-16.033;True;False;False;False;False;False;False;False;False;False;False;True;False;False;False;False;False;False;False;False;False;False;False;False;False;1;True
3b40ede283844ba0fbdd110f8a56792f;lag_despacho_negativo;delivered;True;SP;Ibitinga;SP;640e21a7d01df7614a3b4923e990d40c;101-1000;e489861e700dfc79e5347bbf75b472e0;Iracemápolis;SP;SP;13495;2018-07-18 14:35:41;2018-07-18 14:45:20;2018-07-18 13:06:00;2018-07-25 17:27:25;2018-08-01 00:00:00;2018-07-20 14:45:20;1.0;703d742887bb9267f89b675608ba7aa0;950.0;950.0;56.1;13.97;70.07;credit_card;7.119;-6.273;True;False;False;False;False;False;False;False;False;False;False;True;False;False;False;False;False;False;False;False;False;False;False;False;False;1;True
bf63ff8d7ca75098eaba0418489ad64d;lag_despacho_negativo;delivered;True;SP;São Paulo;SP;b494891378bd8f4560abe576c52deacd;11-100;bbb43aad9fde7b0d46df42c694e8458d;Recife;PE;PE;50010;2018-08-17 13:15:40;2018-08-17 14:30:12;2018-08-17 14:13:00;2018-08-27 15:34:57;2018-09-14 00:00:00;2018-08-21 14:30:12;1.0;0ae6a95572c97bf4c2552e0d27762c5b;355.0;355.0;99.9;19.61;119.51;credit_card;10.097;-17.351;True;False;False;False;False;False;False;False;False;False;False;True;False;False;False;False;False;False;False;False;False;False;False;False;False;1;True
2f7629415fce83aab452e69eda981a49;lag_despacho_negativo;delivered;True;SP;São Paulo;SP;6560211a19b47992c3666cc44a7e94c0;>1000;96af3e260a7136cb9913991dddd326aa;Cotia;SP;SP;6710;2017-04-27 23:45:38;2017-04-28 11:43:24;2017-04-28 10:52:58;2017-05-04 15:09:15;2017-05-26 00:00:00;2017-05-05 01:32:36;1.0;423b46d7ff817b1cd19ab195c7b76546;200.0;200.0;45.0;10.96;55.96;credit_card;6.641;-21.369;True;False;False;False;False;False;False;False;False;False;False;True;False;False;False;False;False;False;False;False;False;False;False;False;False;1;True
269ad8edf5c7dd6bfbe01dc68832f6ce;lag_despacho_negativo;delivered;True;SP;Santo André;SP;d13e50eaa47b4cbe9eb81465865d8cfc;11-100;7e99e9b740265fbdbb624fe55328cddd;Rio de Janeiro;RJ;RJ;20550;2018-08-16 15:38:33;2018-08-16 15:50:19;2018-08-16 15:34:00;2018-08-22 22:10:59;2018-08-28 00:00:00;2018-08-20 15:50:19;1.0;73326828aa5efe1ba096223de496f596;330.0;330.0;80.49;15.66;96.15;credit_card;6.273;-5.076;True;False;False;False;False;False;False;False;False;False;False;True;False;False;False;False;False;False;False;False;False;False;False;False;False;1;True
46ac596698e8825788743fef0d54caca;lag_despacho_negativo;delivered;True;SP;Santo André;SP;ff063b022a9a0aab91bad2c9088760b7;11-100;babcd8fa0e2e5bb335b85783a9194ef8;Campo Grande;MS;MS;79070;2018-05-16 15:09:03;2018-05-16 15:34:40;2018-05-16 13:36:00;2018-05-22 21:33:08;2018-06-04 00:00:00;2018-05-18 15:31:00;1.0;a8075470f960215ffb67624782f80fec;2900.0;2900.0;99.0;11.54;110.54;credit_card;6.267;-12.102;True;False;False;False;False;False;False;False;False;False;False;True;False;False;False;False;False;False;False;False;False;False;False;False;False;1;True
06d9e69034388abf6da64378e10737b8;peso_invalido;delivered;True;SP;Ibitinga;SP;b39d7fe263ef469605dbb32608aee0af;11-100;afef0047e43944e8c6630ec0d0f7de2e;Ilhéus;BA;BA;45653;2018-07-30 10:42:40;2018-07-31 09:10:11;2018-07-31 14:24:00;2018-08-09 22:18:29;2018-09-10 00:00:00;2018-08-10 09:10:11;2.0;36ba42dd187055e1fbe943b2d11430ca;;0.0;200.0;47.7;247.7;credit_card;10.483;-31.07;True;False;False;False;False;False;False;False;False;False;False;False;False;False;False;False;True;True;False;False;False;False;False;False;False;2;True
b504b1a3e9c083d7bf927d4b322922eb;lag_despacho_negativo;delivered;True;SP;Ibitinga;SP;8160255418d5aaa7dbdc9f4c64ebda44;101-1000;e6498d00216e88dfb8b0b4621b6da8b9;Curitiba;PR;PR;81480;2018-04-22 23:50:13;2018-04-24 19:10:33;2018-04-24 15:49:11;2018-04-27 17:42:45;2018-05-21 00:00:00;2018-04-27 01:30:54;1.0;8562e2c780a345b609e1b802d7e3e4ae;1100.0;1100.0;79.9;19.53;99.43;credit_card;4.745;-23.262;True;False;False;False;False;False;False;False;False;False;False;True;False;False;False;False;False;False;False;False;False;False;False;False;False;1;True
0eec617eceb2ecbaec84cb904530b048;lag_despacho_negativo;delivered;True;RJ;Rio de Janeiro;RJ;70c27847eca8195c983ed7e798c56743;11-100;a7406a0c444083a00aee5437cccac034;Uberlândia;MG;MG;38408;2018-07-03 14:28:36;2018-07-05 16:11:14;2018-07-04 13:32:00;2018-07-09 23:56:28;2018-07-30 00:00:00;2018-07-11 05:30:47;1.0;c3602326cc2e91dc18ad2ae9a575b5e7;317.0;317.0;110.89;18.88;129.77;boleto;6.394;-20.002;True;False;False;False;False;False;False;False;False;False;False;True;False;False;False;False;False;False;False;False;False;False;False;False;False;1;True
f7780ea2807db31691e83f0013294035;lag_despacho_negativo;delivered;True;SP;São Paulo;SP;f262cbc1c910c83959f849465454ddd3;101-1000;3088cc4bfafe311f1d84830808c2aa6d;Diadema;SP;SP;9991;2018-07-30 15:22:15;2018-07-30 15:35:16;2018-07-30 15:00:00;2018-08-02 18:32:30;2018-08-02 00:00:00;2018-08-01 15:35:16;1.0;904a9e449fbfd90da738ab70ae6ca003;283.0;283.0;59.99;7.68;67.67;credit_card;3.132;0.773;True;True;False;True;False;False;False;False;False;False;False;True;False;False;False;False;False;False;False;False;False;False;False;False;False;1;True
594bf20a8f9e5e9cf267b3ee3260679b;lag_despacho_negativo;delivered;True;SP;Sorocaba;SP;a17f621c590ea0fab3d5d883e1630ec6;11-100;6ee22ada8a9881962afd56d62e17827a;Santo André;SP;SP;9060;2017-05-04 15:27:47;2017-05-09 22:32:38;2017-05-08 15:27:31;2017-05-21 13:32:37;2017-05-25 00:00:00;2017-05-12 09:31:36;1.0;cc68bcd2a2720e95aef8b6cb71f62ed9;154.0;154.0;17.33;10.96;28.29;credit_card;16.92;-3.436;True;False;False;False;False;False;False;False;False;False;False;True;False;False;False;False;False;False;False;False;False;False;False;False;False;1;True
5a41aefdf8010bbd69a5264f69213b73;lag_despacho_negativo;delivered;True;SP;São Paulo;SP;42b729f859728f5079499127a9c2ef37;101-1000;babb58dd58d643c769e12f18288b3214;São Paulo;SP;SP;5181;2018-07-02 16:13:00;2018-07-05 16:17:20;2018-07-03 12:40:00;2018-07-05 12:48:37;2018-07-16 00:00:00;2018-07-05 04:30:38;1.0;3af6d5f9fdb78f106c003ce49d7f0186;100.0;100.0;32.9;7.49;40.39;boleto;2.858;-10.466;True;False;False;False;False;False;False;False;False;False;False;True;False;False;False;False;False;False;False;False;False;False;False;False;False;1;True
c54a7eec3c60268882826057b1f7f31b;lag_despacho_negativo;delivered;True;SP;São Paulo;SP;60562ab00b8054280520d390c8c0045c;11-100;879d78959cd0ccca3dc692f59b9bc7c8;Uberaba;MG;MG;38017;2018-07-03 20:26:13;2018-07-05 16:19:56;2018-07-05 14:09:00;2018-07-09 20:56:40;2018-07-24 00:00:00;2018-07-06 16:31:31;1.0;b812780d29a366e40afd8d49b17b6d01;800.0;800.0;159.0;20.3;179.3;credit_card;6.021;-14.127;True;False;False;False;False;False;False;False;False;False;False;True;False;False;False;False;False;False;False;False;False;False;False;False;False;1;True
d7646ffe8fdd9e7d9557f9f7cbf04530;lag_despacho_negativo;delivered;True;MG;Belo Horizonte;MG;2a84855fd20af891be03bc5924d2b453;101-1000;f896e70d84f6db9a56b86a47dd8718f0;Belo Horizonte;MG;MG;31255;2018-05-04 14:50:37;2018-05-04 15:10:22;2018-05-04 14:48:00;2018-05-08 19:06:42;2018-05-16 00:00:00;2018-05-10 15:10:22;1.0;afb4b687981fad8723f84510c57c84bb;450.0;450.0;69.9;8.64;78.54;credit_card;4.178;-7.204;True;False;False;False;False;False;False;False;False;False;False;True;False;False;False;False;False;False;False;False;False;False;False;False;False;1;True
7d4bbd720f893f2ce3f6e19f95c4249a;lag_despacho_negativo;delivered;True;MA;São Luís;MA;06a2c3af7b3aee5d69171b0e14f0ee87;101-1000;9f9ced8eb6ca98352e7f4851b6890cd4;São Paulo;SP;SP;3174;2018-05-24 11:30:54;2018-05-25 11:37:01;2018-05-25 11:15:00;2018-05-29 15:17:35;2018-06-29 00:00:00;2018-06-06 11:31:15;1.0;8e3a9b154a86602302ce789b9eb8b6c7;700.0;700.0;119.99;29.87;149.86;credit_card;5.157;-30.363;True;False;False;False;False;False;False;False;False;False;False;True;False;False;False;False;False;False;False;False;False;False;False;False;False;1;True
23b6026f4aa837ed95e0941208f31434;lag_despacho_negativo;delivered;True;RJ;Rio de Janeiro;RJ;516e7738bd8f735ac19a010ee5450d8d;11-100;535a1ea70ace4f44f74c6e88c26d2008;São Paulo;SP;SP;3523;2018-07-02 16:53:10;2018-07-05 16:17:36;2018-07-04 13:44:00;2018-07-07 16:31:31;2018-07-30 00:00:00;2018-07-10 04:30:53;2.0;51cb73e9af0e2e23da237bafae0946d2;375.0;375.0;39.8;30.48;70.28;boleto;4.985;-22.311;True;False;False;False;False;False;False;False;False;False;False;True;False;False;False;False;False;True;False;False;False;False;False;False;False;2;True
89ca163ca854eaee18b4ba6110f524fe;lag_despacho_negativo;delivered;True;SP;São Paulo;SP;89757206b887aed36f3e18d858460fea;1-10 pedidos;88dc2fd9f370819ccad550243f836229;Concórdia;SC;SC;89709;2018-07-04 21:45:50;2018-07-05 16:17:49;2018-07-05 14:38:00;2018-07-11 21:03:42;2018-07-26 00:00:00;2018-07-10 22:31:44;1.0;d71ea20de013251a448d2a16b1defa1a;400.0;400.0;39.5;18.38;57.88;credit_card;6.971;-14.122;True;False;False;False;False;False;False;False;False;False;False;True;False;False;False;False;False;False;False;False;False;False;False;False;False;1;True
ed12c1acf2aa565658a1353aa0443768;lag_despacho_negativo;delivered;True;SP;Itaquaquecetuba;SP;f4db9b37944bcb8873e6b456ee190bbf;11-100;6fc5d660962f2e834ec51f31fae707d7;Porto Alegre;RS;RS;91230;2018-04-22 16:03:31;2018-04-24 18:59:40;2018-04-23 19:18:50;2018-05-18 14:32:45;2018-05-23 00:00:00;2018-04-26 16:31:24;1.0;60567eaf5cdf794639e94508ec387a82;3350.0;3350.0;179.99;23.8;203.79;credit_card;25.937;-4.394;True;False;False;False;False;False;False;False;False;False;False;True;False;False;False;False;False;False;False;False;False;False;False;False;False;1;True
773632f583feeda7d9b063496b6526a2;lag_despacho_negativo;delivered;True;SP;Guarulhos;SP;56e361f411e38dcef17cdc2a3d99628b;1-10 pedidos;1c3c91349f4842b772741fee593827e7;Campos de Júlio;MT;MT;78307;2018-07-02 16:39:17;2018-07-05 16:27:42;2018-07-03 12:59:00;2018-07-13 21:18:47;2018-08-02 00:00:00;2018-07-09 05:31:40;1.0;fb7a74777a6afa91445275b19024a722;500.0;500.0;62.0;23.58;85.58;boleto;11.194;-19.112;True;False;False;False;False;False;False;False;False;False;False;True;False;False;False;False;False;False;False;False;False;False;False;False;False;1;True
5ded8a3706eabd813685534724f066de;lag_despacho_negativo;delivered;True;SP;São Paulo;SP;4eb61f060e7dcc1d5a80d806c35cc541;1-10 pedidos;460316e38d4d241fc79d4f6729f8f7f6;Estância Velha;RS;RS;93615;2018-07-18 08:46:52;2018-07-18 09:01:48;2018-07-18 08:44:00;2018-07-25 13:53:17;2018-08-10 00:00:00;2018-07-20 09:01:48;1.0;84952f1f00709e71d58587cb34163e26;2300.0;2300.0;170.0;22.49;192.49;credit_card;7.213;-15.421;True;False;False;False;False;False;False;False;False;False;False;True;False;False;False;False;False;False;False;False;False;False;False;False;False;1;True
1378f9601350615613cc8832d6789c5d;lag_despacho_negativo;delivered;True;SP;Porto Ferreira;SP;f5f2ab9bdb6b30c14c61be68c5ed37da;11-100;988126b4ddf725d9724e4318872ea2ae;Santa Rosa;RS;RS;98900;2017-09-01 20:28:02;2017-09-13 22:03:51;2017-09-04 18:07:55;2017-09-13 22:24:46;2017-09-29 00:00:00;2017-09-07 22:32:05;1.0;7307a453add3ce026e86d325ff2d60cd;2233.0;2233.0;106.9;18.0;124.9;credit_card;12.081;-15.066;True;False;False;False;False;False;False;False;False;False;False;True;False;False;False;False;False;False;False;False;False;False;False;False;False;1;True
b811c8ca07716586e80c0bc4f2a6e39f;lag_despacho_negativo;delivered;True;SP;São Paulo;SP;955fee9216a65b617aa5c0531780ce60;>1000;a7dd8bd4bdbdc55196a8ee7fd336dde7;Belford Roxo;RJ;RJ;26173;2018-04-20 18:29:15;2018-04-24 18:49:01;2018-04-23 18:28:42;2018-05-01 00:32:42;2018-05-21 00:00:00;2018-04-26 19:30:48;1.0;aca2eb7d00ea1a7b8ebd4e68314663af;2600.0;2600.0;69.9;0.0;69.9;credit_card;10.252;-19.977;True;False;False;False;False;False;False;False;False;False;True;True;False;False;False;False;False;False;False;False;False;False;False;False;False;2;True
d10046876c7d9f01613da59ffa6cb07f;lag_despacho_negativo;delivered;True;PR;Curitiba;PR;77530e9772f57a62c906e1c21538ab82;101-1000;6559cb5b365f173915f766fefcd86972;Brasília;DF;DF;71010;2018-07-18 16:14:16;2018-07-18 16:25:17;2018-07-18 15:34:00;2018-07-23 20:46:44;2018-08-07 00:00:00;2018-07-20 16:25:17;1.0;2196812e80b905c7071389c10ad035d3;1500.0;1500.0;99.0;42.97;141.97;credit_card;5.189;-14.134;True;False;False;False;False;False;False;False;False;False;False;True;False;False;False;False;False;False;False;False;False;False;False;False;False;1;True
1ab38815794efa43d269d62b98dae815;lag_despacho_negativo;delivered;True;SP;Porto Ferreira;SP;babcc0ab201e4c60188427cae51a5b8b;1-10 pedidos;a0b67404d84a70ef420a7f99ad6b190a;Ferraz de Vasconcelos;SP;SP;8528;2018-07-01 10:23:10;2018-07-05 16:17:52;2018-07-04 14:34:00;2018-07-09 15:06:57;2018-07-20 00:00:00;2018-07-10 08:32:33;1.0;31ec3a565e06de4bdf9d2a511b822b4d;750.0;750.0;79.0;14.13;93.13;boleto;8.197;-10.37;True;False;False;False;False;False;False;False;False;False;False;True;False;False;False;False;False;False;False;False;False;False;False;False;False;1;True
810b8bba6a2fb6419db87fe22a4299fe;lag_despacho_negativo;delivered;True;GO;Goiânia;GO;b410bdd36d5db7a65dcd42b7ead933b8;11-100;831bc4457a38cb2e1bd53a4f015a0528;Belo Horizonte;MG;MG;30270;2018-05-10 11:54:32;2018-05-10 12:56:20;2018-05-10 12:18:00;2018-05-15 19:54:56;2018-05-29 00:00:00;2018-05-14 12:56:20;1.0;f8b624d4e475bb8d1bddf1b65c6a64f6;2841.0;2841.0;179.0;14.91;193.91;credit_card;5.334;-13.17;True;False;False;False;False;False;False;False;False;False;False;True;False;False;False;False;False;False;False;False;False;False;False;False;False;1;True
67884ec2877808808c25211dce58689b;lag_despacho_negativo;delivered;True;SP;São Paulo;SP;6560211a19b47992c3666cc44a7e94c0;>1000;08ab9916d3e6d664efe2862d1a764d88;Praia Grande;SP;SP;11704;2017-05-07 12:31:08;2017-05-12 21:33:56;2017-05-10 11:43:58;2017-05-16 07:57:33;2017-05-29 00:00:00;2017-05-12 09:32:12;1.0;0ac4b9dc5e23908abf09e13da3ea1bbb;200.0;200.0;49.0;11.85;60.85;credit_card;8.81;-12.668;True;False;False;False;False;False;False;False;False;False;False;True;False;False;False;False;False;False;False;False;False;False;False;False;False;1;True
bfd9e46406df093343381a91996cb660;lag_despacho_negativo;delivered;True;SP;São Paulo;SP;ea8482cd71df3c1969d7b9473ff13abc;>1000;b44a602aaef761328bd8560c2c06aede;Caxias;MA;MA;65604;2018-05-06 09:38:19;2018-05-07 16:12:36;2018-05-07 15:03:00;2018-05-22 23:17:57;2018-06-04 00:00:00;2018-05-11 16:12:36;1.0;044f05bc9de36e8a693a83e4bc79dd0d;300.0;300.0;24.99;50.85;75.84;credit_card;16.569;-12.029;True;False;False;False;False;False;False;False;False;False;False;True;False;False;False;False;False;False;False;False;False;False;False;False;False;1;True
bf0e0772c9e81651f6f0f255ed74bf88;lag_despacho_negativo;delivered;True;SP;Hortolândia;SP;c70c1b0d8ca86052f45a432a38b73958;101-1000;ba796cfb1a430e5d6ceed83cde80ff92;Januária;MG;MG;39480;2018-05-29 13:46:56;2018-05-29 14:11:32;2018-05-29 14:09:00;2018-06-12 12:56:44;2018-07-11 00:00:00;2018-06-06 14:11:32;1.0;d13a4acdb64c202e774e815db547e108;150.0;150.0;110.32;18.65;128.97;credit_card;13.965;-28.461;True;False;False;False;False;False;False;False;False;False;False;True;False;False;False;False;False;False;False;False;False;False;False;False;False;1;True
fba0d18dccd0e4e88943d84a0f5aa448;lag_despacho_negativo;delivered;True;SP;São Paulo;SP;6560211a19b47992c3666cc44a7e94c0;>1000;412737810005be70b7bdfb4e4dc69dd2;São Paulo;SP;SP;5020;2018-04-22 20:23:31;2018-04-24 18:33:58;2018-04-23 23:12:12;2018-04-24 23:22:08;2018-05-10 00:00:00;2018-04-26 21:31:32;2.0;6c50c87e36d8641d67fbcceed5cfec5e;200.0;200.0;110.0;14.78;124.78;credit_card;2.124;-15.026;True;False;False;False;False;False;False;False;False;False;False;True;False;False;False;False;False;True;False;False;False;False;False;False;False;2;True
bb8871a92af73ddadeac0531a0787131;lag_despacho_negativo;delivered;True;SP;São Paulo;SP;1025f0e2d44d7041d6cf58b6550e0bfa;101-1000;ce757220d9f01ba4887f6bf76ced6a1c;Marialva;PR;PR;86990;2018-07-31 09:16:57;2018-08-01 16:31:37;2018-08-01 15:03:00;2018-08-08 01:03:27;2018-08-22 00:00:00;2018-08-07 09:30:11;2.0;09b0d15a8cc9a84e7af7e0225f67dc45;1400.0;1400.0;134.0;39.32;173.32;credit_card;7.657;-13.956;True;False;False;False;False;False;False;False;False;False;False;True;False;False;False;False;False;True;False;False;False;False;False;False;False;2;True
240ead1a7284667e0ec71d01f80e4d5e;lag_despacho_negativo;delivered;True;SP;São Paulo;SP;ca3bd7cd9f149df75950150d010fe4a2;11-100;fcdd7556401aaa1c980f8b67a69f95dc;São Paulo;SP;SP;4719;2018-07-02 16:30:02;2018-07-05 16:17:59;2018-07-05 14:11:00;2018-07-10 23:21:47;2018-07-24 00:00:00;2018-07-16 08:32:19;2.0;32e18e89237933ebdaaebd78a27e7fa1;1400.0;1400.0;52.36;22.4;74.76;boleto;8.286;-13.027;True;False;False;False;False;False;False;False;False;False;False;True;False;False;False;False;False;True;False;False;False;False;False;False;False;2;True
78008d03bd8ef7fcf1568728b316553c;lag_despacho_negativo;delivered;True;SP;São Caetano do Sul;SP;c5f7feb04a6a1fb3596322bfc3cf1917;11-100;043e3254e68daf7256bda1c9c03c2286;Marília;SP;SP;17501;2018-07-03 13:11:13;2018-07-05 16:32:52;2018-07-03 12:57:00;2018-07-10 17:47:39;2018-07-23 00:00:00;2018-07-10 13:31:34;1.0;cfaace0475fb31c60cb29ff8abd131fe;7300.0;7300.0;210.0;23.29;233.29;credit_card;7.192;-12.259;True;False;False;False;False;False;False;False;False;False;False;True;False;False;False;False;False;False;False;False;False;False;False;False;False;1;True
76a948cd55bf22799753720d4545dd2d;lag_despacho_negativo;delivered;True;SP;São Paulo;SP;db4350fd57ae30082dec7acbaacc17f9;101-1000;3f20a07b28aa252d0502fe7f7eb030a9;Maceió;AL;AL;57035;2018-01-30 02:41:30;2018-02-04 23:31:46;2018-01-31 18:11:58;2018-03-18 20:08:50;2018-03-02 00:00:00;2018-02-06 02:55:42;1.0;f81d3acffbaeeafa6f2a1a2f6d4a41ff;200.0;200.0;26.99;21.15;48.14;boleto;47.727;16.839;True;True;False;True;False;False;False;False;False;False;False;True;False;False;False;False;False;False;False;False;False;False;False;False;False;1;True
a6bd1f93b7ff72cc348ca07f38ec4bee;lag_despacho_negativo;delivered;True;SP;Poá;SP;259f7b5e6e482c230e5bfaa670b6bb8f;101-1000;6d63fa86bd2f62908ad328325799152f;São José do Rio Preto;SP;SP;15093;2018-04-20 17:28:40;2018-04-24 19:26:10;2018-04-23 17:18:40;2018-04-28 17:38:42;2018-05-15 00:00:00;2018-04-26 18:30:38;1.0;c045b19fdb30a3035c56d04c6fe2e622;2050.0;2050.0;59.9;17.33;77.23;credit_card;8.007;-16.265;True;False;False;False;False;False;False;False;False;False;False;True;False;False;False;False;False;False;False;False;False;False;False;False;False;1;True
7fd85cb0143de098a4c5ab5a57bfbd91;lag_despacho_negativo;delivered;True;RS;Canoas;RS;b1ac6ea7895bc3dd6f0f6f4abbdd2821;11-100;d32034dfc685b1ae15dd4c78eace868e;São Pedro;SP;SP;13520;2017-05-04 21:05:28;2017-05-09 22:33:28;2017-05-09 17:02:58;2017-05-18 06:34:38;2017-06-01 00:00:00;2017-05-15 09:32:33;1.0;dc0fe1906bacc99199eb46fce442e1de;2200.0;2200.0;59.0;20.73;79.73;credit_card;13.395;-13.726;True;False;False;False;False;False;False;False;False;False;False;True;False;False;False;False;False;False;False;False;False;False;False;False;False;1;True
